name	category	address	phone	email	website	social	card_url	lat	lon	desc
The Bayshore Inn	accommodation-services	Richards Bay, 3901				https://www.facebook.com/premierhotels	https://richards-bay.infoisinfo.co.za/card/the-bayshore-inn/406270	-28.780727	32.038284	The Bayshore Inn caters for the industrial,   corporate and shoe string budget tourism market. STAY at the The Bayshore Inn, surrounded by beautiful gardens, airconditioning and en-suite shower The Bayshore Inn will be your preferred accommodation
ROAD LODGE	accommodation-services	Richards Bay, 3900	035901980		https://www.clhg.com	https://www.facebook.com/City.lodge.hotels.limited	https://richards-bay.infoisinfo.co.za/card/road-lodge/297271	-28.746462	32.059063	To qualify for this Promotion, you need to verify your American Express Card before making a booking. This promotion is not available to Corporate Club members. Secondly, you’ve got to pack half your first aid kit in case of an emergency, like a
Zululand Filters (Pty) Ltd	access-control	Richards Bay, 3900			https://www.zululandfilters.edx.co.za		https://richards-bay.infoisinfo.co.za/card/zululand-filters-pty-ltd/401530	-28.759300	32.042107	Zululand Filters was founded in the KZN East Coast town of Richards Bay in 1991. We will find what you are looking for and maintain standards as well as research new improved products allowing you the advantage to concentrate on core business and in
IMVUBU LODGE	accommodation-services	Richards Bay, 3901	035753412		https://www.imvubulodge.co.za	https://www.facebook.com/Imvubu-Lodge-152475114812282/?fref=ts	https://richards-bay.infoisinfo.co.za/card/imvubu-lodge/265899	-28.790279	32.098480	Our dedication, friendliness and knowledge give you an unforgettable experience, whether you are a regular or first-time visitor, offering you a first class tourism experience. Our team of professional office staff does not mind walking that extra
BAY ALARMS	access-control	Richards Bay, 3900	035798151				https://richards-bay.infoisinfo.co.za/card/bay-alarms/222837	-28.715710	32.042461	
LAKESIDE APARTMENTS	accommodation-services	Richards Bay, 3901	035753443		https://www.richardsbayaccommodation.co.za	https://www.facebook.com/pages/Richards-Bay/Yacht-Sweet-Waters/166836190988?ref=mf	https://richards-bay.infoisinfo.co.za/card/lakeside-apartments/286924	-28.786997	32.102058	Guests are provided with a bed, breakfast, lunch pack and supper. Your comfort is our business: our mission is to provide you, our valued client, with the best possible service and personal attention to detail. Fish and Foxtail Fish and Foxtail is a
PROTEA HOTEL - IMVUBU LODGE AND CONFERENCE CENTRE	accommodation-services	Richards Bay, 3901	035753412		https://www.imvubulodge.co.za	https://www.facebook.com/Imvubu-Lodge-152475114812282/?fref=ts	https://richards-bay.infoisinfo.co.za/card/protea-hotel-imvubu-lodge-and-conference-centre/332899	-28.780903	32.111290	Our dedication, friendliness and knowledge give you an unforgettable experience, whether you are a regular or first-time visitor, offering you a first class tourism experience. Our team of professional office staff does not mind walking that extra
EXCLUSIVE SOUND	access-control	Richards Bay, 3900	035789822				https://richards-bay.infoisinfo.co.za/card/exclusive-sound/252724	-28.750231	32.048191	
Izakhe G-Force Security	access-control	Richards Bay, 3901					https://richards-bay.infoisinfo.co.za/card/izakhe-g-force-security/385602	-28.780727	32.038284	Izakhe G-Force Security provides security solution for Commercial, Industrial & Residential customers.  Izakhe G-Force Security offers profesional service and prides itself to have created nd maintained and excellent relationship with our
THE ELEPHANT HILLS B&B	accommodation-services	Richards Bay, 3901	035753443		https://www.elephanthillsbnb.com		https://richards-bay.infoisinfo.co.za/card/the-elephant-hills-bb/337781	-28.780727	32.038284	The story of The Elephant Hills started in 2005 when we had a vision to turn an ordinary house into a place where people can come to experience true hospitality, relaxation, good food and wonderful surroundings at an affordable price. We’ve come a
DUCK INN	accommodation-services	Richards Bay, 3901	035753414		https://www.duckinn.co.za		https://richards-bay.infoisinfo.co.za/card/duck-inn/247898	-28.788660	32.094971	The Duck Inn was an impromptu sidetrack from our original South African plan. The grounds have a country charm reminiscent of Midwest America. But this is Africa, so you do have wild monkeys rather than squirrels. The bed was very comfy, and the
Norbolt	abrasives	Richards Bay	+27 35 789124		https://www.norbolt.co.za		https://richards-bay.infoisinfo.co.za/card/norbolt/416486	-28.759518	32.041199	For almost 30 years we have been supplying Industry as well as the DIY market in the Richards Bay and Zululand area with fast.  In the almost 30 years that Norbolt has been operating in the region, it has become a household name and grew into the
RICHARDS HOTEL	accommodation-services	Richards Bay, 3901	035753130		https://www.richardshotel.co.za	https://www.facebook.com/zululandtradefair/	https://richards-bay.infoisinfo.co.za/card/richards-hotel/296955	-28.789738	32.093224	Premier accommodation near the unspoilt beaches of Richards Bay. The Premier Hotel The Richards (Richards Bay) has the reputation of being one of the best hotels in Richards Bay and is positioned in the exclusive suburb of Meerensee. Richards Bay is
Group Line Projects	abrasives	Richards Bay	011 397 893				https://richards-bay.infoisinfo.co.za/card/group-line-projects/441498	-28.750608	32.024075	Group Line Projects are industrial lining solutions providers whose core business is vested in the appropriate specification, selection and installation of lining products to solve a variety of materials handling flow and wear problems.
LA RENEE APARTMENTS	accommodation-services	Richards Bay, 3901	035753200		https://www.richardsbayaccommodation.co.za	https://www.facebook.com/pages/Richards-Bay/Yacht-Sweet-Waters/166836190988?ref=mf	https://richards-bay.infoisinfo.co.za/card/la-renee-apartments/262859	-28.792778	32.098881	Guests are provided with a bed, breakfast, lunch pack and supper. Your comfort is our business: our mission is to provide you, our valued client, with the best possible service and personal attention to detail. Fish and Foxtail Fish and Foxtail is a
C I WELDING SUPPLIES   Hardware in Richards Bay	abrasives	27 Ceramic Curve, Unit 12 Bermart Park, Alton. Alton. Richards Bay . Kwazulu Natal . 3901	072584190				https://richards-bay.infoisinfo.co.za/card/c-i-welding-supplies/813696	-28.7488609	32.0331904	
LA MER LODGE	accommodation-services	Richards Bay, 3900	035789713		https://www.lamerlodge.com	https://www.facebook.com/La-Mer-Lodge-Accommodation-Richards-Bay-Kwazulu-Natal-117844841566769/	https://richards-bay.infoisinfo.co.za/card/la-mer-lodge/262818	-28.764265	32.052959	La Mer Lodge provides affordable bed and breakfast accommodation in Richards Bay, as well as family self catering accommodation, for a friendly experience of gracious hospitality and attentive service. The La Mer Lodge offers comfortable rooms, each
HIPPO INN	accommodation-services	Richards Bay, 3901	035753151		https://www.hippoinn.co.za		https://richards-bay.infoisinfo.co.za/card/hippo-inn/268263	-28.777100	32.103790	Situated in the coastal suburb of Meerensee, the Hippo Inn guesthouse is ideally located to explore all that Zululand has to offer. The beaches here are renowned among surfing and kite-surfing adventurers, and the calm waters of the bay ideal for
WOODPECKER INN	accommodation-services	Richards Bay, 3900	035786123		https://www.woodpeckerinn.co.za	https://www.facebook.com/woodpeckerinn.woodpeckerinn	https://richards-bay.infoisinfo.co.za/card/woodpecker-inn/340160	-28.740816	32.080902	Woodpecker Inn offers the comforts of country living, nestled in Birdswood, with superb thatched lodges in a park like setting, whether on business or as a guest in our beautiful country, Woodpecker Inn offers peace and tranquility in a friendly
My Lady Fishing Charters	accommodation-services	. Meer En See. Richards Bay . Kwazulu Natal . 3901	+27 82458705		https://www.mylady.co.za		https://richards-bay.infoisinfo.co.za/card/my-lady-fishing-charters/410052			My. You. to hire the boat includes all tackle & bait. also got self catering accommodation available. The cost. I’ve. bring their own food & drinks for the day. suitable for 16 adults, with complete kitchen facilities and ablution block. We just
LA ROCHELLE INN	accommodation-services	Richards Bay, 3901	035753190		https://www.la-rochelle.co.za	https://www.facebook.com/pages/La-Rochelle-Inn/396547017174395	https://richards-bay.infoisinfo.co.za/card/la-rochelle-inn/284187	-28.786299	32.092239	La Rochelle is a little Paradise which lays nestled close to the main blue flag status swimming beach in Meerensee, the beach and lake suburb of Richards Bay, which has incidentally become one of the most popular holiday destinations in KwaZulu
The Elephant Hills	accommodation-services	Richards Bay, 3900	+2735753443		https://www.elephanthillsbnb.com		https://richards-bay.infoisinfo.co.za/card/the-elephant-hills/388692	-28.780727	32.038284	The Elephant Hills B&B is situated in the upmarket area of Meerensee, Richards Bay on the North Coast of Kwazulu Natal.  The Elephant Hills has become known as the ideal place for business traveller or leisure traveller.  The Elephant Hills
HOTEL FORMULA 1	accommodation-services	Richards Bay, 3900	035789100		https://www.hotelformula1.co.za	https://www.facebook.com/TsogoSun	https://richards-bay.infoisinfo.co.za/card/hotel-formula-1/274573	-28.752247	32.055813	Enjoy your stay in an environment that is clean, comfortable and functional. Modern, user-friendly design, optimum use of space and consideration for the environment are all key elements in our approach to budget friendly hospitality. Our hotel
The Ridge Guesthouse	accommodation-services	. Meer En See. Richards Bay . Kwazulu Natal . 3901	+27 35 753431			https://www.facebook.com/TheRidgeGuesthouse	https://richards-bay.infoisinfo.co.za/card/the-ridge-guesthouse/428678			The Ridge Guesthouse - Jack's Corner in Meerensee, Richards Bay.  Single beds together with option of splitting to accommodate people sharing with either bath or shower. Room service is available until the restaurant closes. Smokers should request a
FISH EAGLE INN B&B	accommodation-services	Richards Bay, 3900	035786089		https://www.fisheagleinn.co.za		https://richards-bay.infoisinfo.co.za/card/fish-eagle-inn-bb/255420	-28.736242	32.089355	The Inn offers five tastefully furnished double rooms under cool thatch, each with en-suite bathroom and private entrance. Every room includes a private bathroom and each room have their own entrance There is free shuttle service is available from
BLUE MARLIN GUEST HOUSE	accommodation-services	Richards Bay, 3901	035753107		https://www.bmgh.co.za		https://richards-bay.infoisinfo.co.za/card/blue-marlin-guest-house/210872	-28.779490	32.102341	Therefore our mission is to provide you, our valued client, with the best possible service and personal attention to detail. The lounge, bar and entertainment area is for the use of all the guests residing at the Blue Marlin. For your convenience
Crayfish Creek Guesthouse and Spa	accommodation-services	Richards Bay, 9300	067331112		https://crayfishcreekguesthouse.co.za		https://richards-bay.infoisinfo.co.za/card/crayfish-creek-guesthouse-and-spa/812930	-28.78785439999999	32.0931298	Crayfish Creek Guest House is in Richards Bay, on the North Coast of KwaZulu Natal, about 200 kilometers from Durban.  It is a well-located guest house near main roads, beaches, shopping centers, the lake, forest, airport, golf course, and country
Fish Eagle Inn	accommodation-services	Richards Bay, 3900	082 572 5083		https://www.fisheagleinn.co.za		https://richards-bay.infoisinfo.co.za/card/fish-eagle-inn/350791	-28.736242	32.089355	The Fish Eagle Inn Bed and Breakfast, Comfortable Accommodation South Africa, Airport Accommodation Richards Bay.
CHALLENOR RIDGE	accommodation-services	Richards Bay	035753267		https://www.challenor.co.za		https://richards-bay.infoisinfo.co.za/card/challenor-ridge/228647	-28.793564	32.098404	Challenor Ridge Richards Bay offer quality Richards Bay accommodtion that caters for Bed & Breakfast and Self Catering guests. We offer accommodation both for Business and Leasure traveller to the Zululand area. Challenor Ridge offers B&B and Semi
PITCHERS INN BED AND BREAKFAST	accommodation-services	Richards Bay, 3900	035789989		https://www.wheretostay.co.za/pitchersinn/	https://facebook.com/wheretostay	https://richards-bay.infoisinfo.co.za/card/pitchers-inn-bed-and-breakfast/321404	-28.759533	32.068077	Twelve ground floor rooms which lead out onto the pool area, and two rooms on the second floor which offer the most breathtaking views. CATz n DADz is a one bedroom cottage with its own private motorised gate entrance. The property is safe and
MVULA HOUSE B & B	accommodation-services	Richards Bay, 3901	035753565				https://richards-bay.infoisinfo.co.za/card/mvula-house-b-b/205266	-28.766863	32.123646	Bed and Breakfast. Mvula House B&B is tastefully decorated in a classic yet contemporary style and offers an inviting ambiance of homeliness, space, light and comfort. Delicious breakfasts are served in the dining area, while lunches and dinners can
Figtree Lane	accommodation-services	. Meer En See. Richards Bay . Kwazulu Natal . 3901			https://www.figtreelane.co.za		https://richards-bay.infoisinfo.co.za/card/figtree-lane/447727			Figtree Lane Lodge Bed and Breakfast, The perfect accommodation for your holiday or business trip to Richards Bay.  Figtree Lane Lodge was established in 2001 and is owned by Alta Malan. This up-market guesthouse is located in the leafy suburb of
where to stay in sa	accommodation-services	Richards Bay, 3900			https://www.wheretostayinsa.co.za		https://richards-bay.infoisinfo.co.za/card/where-to-stay-in-sa/356671	-28.759476	32.043186	Where to Stay in SA is a directory of accommodation venues in South Africa and Africa. Going on safari now for a tour or safari, find the perfect game reserve or game lodge. Find places where to stay or where to travel and stay in South Africa .
NOMUSAS BnB	accommodation-services	Richards Bay, 3900	035 786 153		https://nomusabnb.co.za		https://richards-bay.infoisinfo.co.za/card/nomusas-bnb/404686	-28.736168	32.061367	Nomusa’s Bed and Breakfast is situated at 16 Disa Dives in the leafy suburb of Veld-en-Vlei in Richards Bay.It is a secure tranquil and homely established catering for business and tourist market both local and abroad.The town is serviced by a
USHAKA BED & BREAKFAST	accommodation-services	Richards Bay, 3900	035789838		https://www.ushakabnb.co.za		https://richards-bay.infoisinfo.co.za/card/ushaka-bed-breakfast/331000	-28.741899	32.064209	Centrally located in the suburbs of Richards Bay on the kzn North coast, this immaculate accommodation establishment is close to all major business centres, shopping malls, world class golf courses, sport stadiums and prime beaches. Ideal for both
GECKO INN	accommodation-services	Richards Bay, 3900	035789578		https://www.geckoinn.co.za	https://www.facebook.com/GeckoInn	https://richards-bay.infoisinfo.co.za/card/gecko-inn/260193	-28.734900	32.063858	Gecko Inn is located in the City of Umhlatuze, Richards Bay, in the heart of Kwazulu-Natal. The true gateway to the most prestigious Game Parks, Game Lodges and Sanctuaries in Zululand. The Indian Ocean with its beautiful beaches and the bushland
Hilton Gardens B&B	accommodation-services	Richards Bay, 3900	074022037			https://www.facebook.com/?sk=welcome	https://richards-bay.infoisinfo.co.za/card/hilton-gardens-bb/759341	-28.750175	32.055336	We provide best and cheapest accommodation services in Richards Bay.We have tie ups with tour groups/transport companies to visit local attractions and to get around in the town.
HILLTON MANOR GUEST HOUSE	accommodation-services	Richards Bay, 3901	035753217		https://www.hilltonmanor.co.za		https://richards-bay.infoisinfo.co.za/card/hillton-manor-guest-house/263421	-28.763054	32.119904	Your hosts are Cynthia and Lytton and they look forward to welcoming you into their beautiful and luxurious guesthouse. The Country Club and Golf course, beaches, shops and small crafts harbour, with it's numerous restaurants, are all in close
HOTEL PROTEA RICHARDS BAY	accommodation-services	Richards Bay, 3901	035753135		https://www.proteahotels.com		https://richards-bay.infoisinfo.co.za/card/hotel-protea-richards-bay/258390	-28.792852	32.097363	
Ligtoring	accommodation-services	. Richards Bay . Kwazulu Natal . 3900	035 786 047		https://www.ligtoring.co.za		https://richards-bay.infoisinfo.co.za/card/ligtoring/403613			For only R250 / unit and R50 / person per day, a sleeper couch in the living room for extra sleeping space, DSTV, fully equipped with air conditioning, we offer 1 and 2 bedroom units, wash and ironing facilities as well as secure parking.
DUNESIDE GUEST HOUSE	accommodation-services	Richards Bay, 3901	035753481		https://www.duneside.co.za	https://www.facebook.com/DuneSide	https://richards-bay.infoisinfo.co.za/card/duneside-guest-house/248057	-28.776276	32.119583	DuneSide Guest House is located in the city of uMhlathuze, Richards Bay, in the heart of KwaZulu Natal. The true gateway to the most prestigious game Parks, Beaches, Game Lodges and Sanctuaries in Zululand. In close proximity to shopping centres,
Seagull Lodge	accommodation-services	. Richards Bay . Kwazulu Natal . 3900	035 789 370		https://www.seagulllodge.co.za		https://richards-bay.infoisinfo.co.za/card/seagull-lodge/406267			Nestled in the heart of Richard Bay you will find luxury, yet affordable, neat and clean self catering accommodation that will suite your family or business like a glove. Only 5 minutes drive from Alkantsrand Beach and Richards Bay ski boat
FIGTREE LANE LODGE	accommodation-services	Richards Bay, 3901	035753219		https://www.figtreelane.com		https://richards-bay.infoisinfo.co.za/card/figtree-lane-lodge/254932	-28.794174	32.096153	
Ekor	accommodation-services	. Meer En See. Richards Bay . Kwazulu Natal . 3901	035 751 218		https://www.ekor.co.za		https://richards-bay.infoisinfo.co.za/card/ekor/434296			EKOR is 'n betroubare en gewaardeerde verskaffer en verspreider van kwaliteit korrel kunsmis aan 'n groot verskeidenheid kliente in Suid-Afrika. KUNSMIS | FERTILIZER.
Land Lover Safaris	accommodation-services	. Meer En See. Richards Bay . Kwazulu Natal . 3901	002783414932				https://richards-bay.infoisinfo.co.za/card/land-lover-safaris/356683			Exclusive taylormade Safaris to the lost edens of Africa. Making your dream safari a reality. If it is the wildness of Africa or the mighty Zulu culture that you are looking for, Land Lover Safaris will make sure that you experience Africa at its
SEA GULL LODGE	accommodation-services	Richards Bay, 3900	035789370		https://www.seagulllodge.co.za	https://www.facebook.com/sgl.richardsbay/?fref=ts	https://richards-bay.infoisinfo.co.za/card/sea-gull-lodge/300305	-28.759029	32.053959	Seagull Lodge offers you luxurious, yet affordable, Neat and clean Bed & Breakfast or Self-Catering Accommodation that will suite your family or Business trip like a glove. We are looking forward to see our regular guests back and welcome all new
ARISTO MANOR GUEST HOUSE ****	accommodation-services	Richards Bay, 3900	035786121				https://richards-bay.infoisinfo.co.za/card/aristo-manor-guest-house-/208060	-28.740816	32.080902	
ISIBAYA GUEST HOUSE	accommodation-services	Richards Bay, 3901	035753310		https://www.isibaya.co.za		https://richards-bay.infoisinfo.co.za/card/isibaya-guest-house/277726	-28.782310	32.112801	
BAY VIEW LODGE	accommodation-services	Richards Bay, 3901	035753306		https://www.bayviewlodge.co.za		https://richards-bay.infoisinfo.co.za/card/bay-view-lodge/222849	-28.794718	32.096416	
GRIFFIN GUESTHOUSE	accommodation-services	Richards Bay, 3901	035753235		https://www.griffin.co.za		https://richards-bay.infoisinfo.co.za/card/griffin-guesthouse/267800	-28.776821	32.112148	
UMHAMBI LODGE	accommodation-services	Richards Bay, 3901	035753103		https://www.umhambilodge.co.za		https://richards-bay.infoisinfo.co.za/card/umhambi-lodge/338827	-28.784550	32.093948	
TREETOPS	accommodation-services	Richards Bay, 3901	035753570		https://www.treetopsaccommodation.co.za		https://richards-bay.infoisinfo.co.za/card/treetops/315652	-28.794453	32.097153	
GREENHILLS LODGE	accommodation-services	Richards Bay, 3901	035753109		https://www.greenhillslodge.co.za		https://richards-bay.infoisinfo.co.za/card/greenhills-lodge/264585	-28.776821	32.112148	
SUNBIRD SUITES B & B	accommodation-services	Richards Bay, 3901	035753270		https://www.sunbirdsuites.co.za		https://richards-bay.infoisinfo.co.za/card/sunbird-suites-b-b/305814	-28.782503	32.098095	
LIGTORING GASTEHUIS	accommodation-services	Richards Bay, 3900	035786047		https://www.ligtoring.co.za		https://richards-bay.infoisinfo.co.za/card/ligtoring-gastehuis/283871	-28.734900	32.063858	
MKHULU GUEST HOUSE	accommodation-services	Richards Bay, 3900	035786015		https://www.travel.co.za		https://richards-bay.infoisinfo.co.za/card/mkhulu-guest-house/288667	-28.760553	32.071301	
Pipeline Investments And Publishers	accommodation-services	Richards Bay, 3900	35999217				https://richards-bay.infoisinfo.co.za/card/pipeline-investments-and-publishers/406537	-28.780727	32.038284	
Moncrieff-robinson Entertainment Two	accommodation-services	Richards Bay, 3901	35753173				https://richards-bay.infoisinfo.co.za/card/moncrieff-robinson-entertainment-two/406533	-28.780727	32.038284	
PROTEA HOTEL	accommodation-services	Richards Bay, 3900	035788044		https://www.proteahotels.com		https://richards-bay.infoisinfo.co.za/card/protea-hotel/306083	-28.780727	32.038284	
MZINGAZI WATERFRONT ACCOMMODATION	accommodation-services	Richards Bay, 3900	035788000		https://www.mzingazi.co.za		https://richards-bay.infoisinfo.co.za/card/mzingazi-waterfront-accommodation/326710	-28.780727	32.038284	
THE RIDGE GUEST HOUSE	accommodation-services	Richards Bay, 3901	035753431		https://www.jackscorner.co.za		https://richards-bay.infoisinfo.co.za/card/the-ridge-guest-house/307939	-28.776821	32.112148	
Khayalami Lodge	accommodation-services	Richards Bay, 3900	31261886				https://richards-bay.infoisinfo.co.za/card/khayalami-lodge/406527	-28.780727	32.038284	
MHLATUZE GUEST HOUSE	accommodation-services	Richards Bay, 3901	035753573		https://www.mhlatuzeguesthouse.co.za		https://richards-bay.infoisinfo.co.za/card/mhlatuze-guest-house/318067	-28.780727	32.038284	
Richardsbay Marketing Solutions	accommodation-services	Richards Bay, 3900	35780610				https://richards-bay.infoisinfo.co.za/card/richardsbay-marketing-solutions/406532	-28.745407	31.902889	
Mthantatho Thokozi Catering	accommodation-services	Richards Bay, 3900	35792003				https://richards-bay.infoisinfo.co.za/card/mthantatho-thokozi-catering/406547	-28.712090	32.040699	
Ndlovo Tours And Safaris	accommodation-services	Richards Bay, 3900	35590104				https://richards-bay.infoisinfo.co.za/card/ndlovo-tours-and-safaris/406542	-28.780727	32.038284	
Torpesia Creations	accommodation-services	Richards Bay, 3900	35789010				https://richards-bay.infoisinfo.co.za/card/torpesia-creations/406528	-28.780727	32.038284	
Kalanga Multi-services	accommodation-services	Richards Bay, 3900	35789867				https://richards-bay.infoisinfo.co.za/card/kalanga-multi-services/406553	-28.780727	32.038284	
Ifalethu Catering-supply And General Services	accommodation-services	Richards Bay, 3887	35772510				https://richards-bay.infoisinfo.co.za/card/ifalethu-catering-supply-and-general-services/406722	-28.780727	32.038284	
Umsebe Catering	accommodation-services	Richards Bay, 3887	35796800				https://richards-bay.infoisinfo.co.za/card/umsebe-catering/406728	-28.791370	31.896360	
Dumezweni Village	accommodation-services	Richards Bay, 3900	39977827				https://richards-bay.infoisinfo.co.za/card/dumezweni-village/406548	-28.780727	32.038284	
Kikgotso Projects	accommodation-services	Richards Bay, 3900	35796289				https://richards-bay.infoisinfo.co.za/card/kikgotso-projects/406529	-28.771997	32.022511	
CORAL COAST RESORTS	accommodation-services	Richards Bay, 3900	35571600				https://richards-bay.infoisinfo.co.za/card/coral-coast-resorts/384373	-28.780727	32.038284	
Asibathinte Trading Enterprise	accommodation-services	Richards Bay, 3900	31510353				https://richards-bay.infoisinfo.co.za/card/asibathinte-trading-enterprise/406540	-28.740030	31.893709	
Falcon Crest Bed And Breakfast	accommodation-services	Richards Bay, 3900	11360410				https://richards-bay.infoisinfo.co.za/card/falcon-crest-bed-and-breakfast/406539	-28.780727	32.038284	
Zikhethele Cleaning And Hiring Services	accommodation-services	Richards Bay, 3900	35907911				https://richards-bay.infoisinfo.co.za/card/zikhethele-cleaning-and-hiring-services/406544	-28.737026	32.057526	
Thules Place	accommodation-services	Richards Bay, 3900	35901541				https://richards-bay.infoisinfo.co.za/card/thules-place/406558	-28.780727	32.038284	
Chashaza Trade And Services	accommodation-services	Richards Bay, 3887	31563959				https://richards-bay.infoisinfo.co.za/card/chashaza-trade-and-services/406713	-28.780727	32.038284	
Benguela Bed And Breakfast	accommodation-services	Richards Bay, 3900	35753324				https://richards-bay.infoisinfo.co.za/card/benguela-bed-and-breakfast/406534	-28.780727	32.038284	
Moodleys Take Away	accommodation-services	Richards Bay, 3900	35789516				https://richards-bay.infoisinfo.co.za/card/moodleys-take-away/406541	-28.780727	32.038284	
Umzimhlophe Awards	accommodation-services	Richards Bay, 3887	35773002				https://richards-bay.infoisinfo.co.za/card/umzimhlophe-awards/406714	-28.779976	31.857693	
Southern Africa Makhunga Develpment Projects	accommodation-services	Richards Bay, 3887	35796197				https://richards-bay.infoisinfo.co.za/card/southern-africa-makhunga-develpment-projects/406719	-28.780727	32.038284	
Bay Inn Staffing t/a Omarison	accommodations	Richards Bay, 3900	0735125442; 0822534229				https://richards-bay.infoisinfo.co.za/card/bay-inn-staffing-ta-omarison/502626	-28.780727	32.038284	Bay Inn Staffing t/a Omarison has been established to offer clients peace of mind when coming to staff shortage. Our staff is well trained to meet your business needs and more. We organise temporary and contract waiter, promoters, hostesses,
Protea Hotel by Marriott Umfolozi River	accommodations	Richards Bay, 3935	035551032		https://www.marriott.com/en-us/hotels/rcbum-protea-hotel-umfolozi-river/overview/?scid=45f93f1b-bd77-45c9-8dab-83b6a417f6fe&y_source=1_NDIyOTUxOC04NTEtbG9jYXRpb24ud2Vic2l0ZQ%3D%3D	https://www.facebook.com/131469887475148	https://richards-bay.infoisinfo.co.za/card/protea-hotel-by-marriott-umfolozi-river/773594	-28.4611531482312	32.14769304662707	Ideally located in the Greater Hluhluwe/Umfolozi Game Reserve area, Protea Htoel Umfolozi River offers conference and banqueting facilities near Greater St. Lucia Wetlands Park, renowned birding spots, golf, fishing, beaches and quad bike trails.
LA Sport Zulu	accommodations	Richards Bay, 3880				https://www.facebook.com/lasportkzn?fref=nf	https://richards-bay.infoisinfo.co.za/card/la-sport-zulu/563735	-28.745260	32.050259	"LA Sport Zulu has been a recognized name in the serious 4x4 enthusiast in Zululand for the past 10 years. LA Sport Zulu is also the agent for Conqueror Off Road trailers and caravans. LA Sport Zulu accessories range includes -""winches"" -""shocks"""
THE BED STORE	accommodations	Richards Bay, 3900	035789385				https://richards-bay.infoisinfo.co.za/card/the-bed-store/328548	-28.760948	32.063858	We also cater for hotels, lodges and B & B's. Stockists of branded beds, solid wood furniture and designer sleeper couches.
FLOWER INN FLORIST & FLORAL WHOLESALERS	accommodations	Richards Bay, 3900	035789444				https://richards-bay.infoisinfo.co.za/card/flower-inn-florist-floral-wholesalers/205186	-28.758953	32.044022	Daily deliveries in Empangeni & Richards Bay. We create church flowers, flowers for weddings & celebrations. We have flowers & gifts for all occasions.
SERENDIPITY GUEST HOUSE	accommodations	Richards Bay, 3900	035786086		https://www.serendipity-za.com		https://richards-bay.infoisinfo.co.za/card/serendipity-guest-house/335593	-28.742292	32.075165	Whether in Richards Bay for business or on holiday with family and friends Serendipity Guesthouse offers a range of flexible accommodation to meet your needs. Serendipity offers a relaxed and comfortable environment with air-conditioned, en-suite
PROTEA HOTEL - THE RICHARDS	accommodations	Richards Bay, 3901	035753111		https://www.proteahotels.com		https://richards-bay.infoisinfo.co.za/card/protea-hotel-the-richards/322184	-28.789738	32.093224	
TUSSEN DIE MAROELAS GUEST HOUSE	accommodations	Richards Bay, 3901	035753469		https://www.maroelas.co.za		https://richards-bay.infoisinfo.co.za/card/tussen-die-maroelas-guest-house/330387	-28.783148	32.097309	
BeeSeeWells Accountants	accountants	Richards Bay, 3900					https://richards-bay.infoisinfo.co.za/card/beeseewells-accountants/476235	-28.746960	32.047161	BeeSeeWells Accountants we are the trusted accountants since 2004, Annual Financial Statements, Business Plans, Business Profiles, Bookkeeping, CIPC registration and Annual Returns, CIDB Registration and WCA Returns, we do BBBEE Certificates, SMME
Proficient Business Services	accountants	Richards Bay, 3900					https://richards-bay.infoisinfo.co.za/card/proficient-business-services/396333	-28.765921	32.058151	Do you need a accountant, bookkeeper or tax help?. Providing Income Tax advice and services, accounting / bookkeeping Services.
FLEUR-DE-LIS	accommodations	Richards Bay, 3901	035753481		https://www.fleurdelisguesthouse.co.za		https://richards-bay.infoisinfo.co.za/card/fleur-de-lis/255933	-28.786261	32.093559	
AccIT - Pastel training Centre	accountants	. Richards Bay . Kwazulu Natal . 3900	035-340190				https://richards-bay.infoisinfo.co.za/card/accit-pastel-training-centre/437649			AccIT is the premier Pastel training centre in Zululand and the North Coast of South Africa. The AccIT head office is situated in Mtunzini which is ideally located in Zululand at just 1hr from Durban (to the South) and 20min from Richards Bay and
W J MITCHELL & ASSOCIATES	accountants	Richards Bay, 3900	035789749		https://www.wjmitchell.co.za		https://richards-bay.infoisinfo.co.za/card/w-j-mitchell-associates/217209	-28.788219	32.093269	Mission Statement. *Foster goodwill as well as a warm and friendly relationship with all clients. *To assist, where possible, all clients with all their needs. *To provide a first class service during normal business hours. *To add value through
Spot On Bookkeeping	accountants	Richards Bay, 3901					https://richards-bay.infoisinfo.co.za/card/spot-on-bookkeeping/522026	-28.782341	32.097244	We have a commitment to our clients and will go the extra mile to exceed those expectations.Please feel free to contact us if you have any queries and to book a free consultation.We look forwa. We are a small & Growing Bookkeeping service In
taurus accounting services	accountants	. Richards Bay . Kwazulu Natal . 3900					https://richards-bay.infoisinfo.co.za/card/taurus-accounting-services/580923			If you looking for someone who knows what they doing  we do tax submissions and tax consultancy sole proprietors  and  cc are my niche market I do the books and submissions including trial balances and financial statements.
INTEGRITAS	accountants	Richards Bay, 3900	035789744				https://richards-bay.infoisinfo.co.za/card/integritas/258906	-28.753141	32.053242	
WALLER GILLIVER AND ASSOCIATES	accountants	Richards Bay, 3900	035789125				https://richards-bay.infoisinfo.co.za/card/waller-gilliver-and-associates/217146	-28.749504	32.050201	Accountants, Tax Consultants, Chartered Accountants and Book-keeping services.
S And R Bookkeeping And Computer Services	accountants	Richards Bay, 3900	35789365				https://richards-bay.infoisinfo.co.za/card/s-and-r-bookkeeping-and-computer-services/607484	-28.780727	32.038284	
Vishens Accounting And Tax Services	accountants	Richards Bay, 3900	35789240				https://richards-bay.infoisinfo.co.za/card/vishens-accounting-and-tax-services/649583	-28.759735	32.060661	
Xcn Bookkeeping	accountants	Richards Bay, 3887	35794158				https://richards-bay.infoisinfo.co.za/card/xcn-bookkeeping/607483	-28.791370	31.896360	
SYMWEST	accountants	Richards Bay, 3900	035789770				https://richards-bay.infoisinfo.co.za/card/symwest/327848	-28.751820	32.054379	
P H J MANAGEMENT	accountants	Richards Bay, 3900	035789744; 0742991348				https://richards-bay.infoisinfo.co.za/card/p-h-j-management/297672	-28.753141	32.053242	
PROTAX SERVICES	accountants	Richards Bay, 3900	035786085				https://richards-bay.infoisinfo.co.za/card/protax-services/294187	-28.734900	32.063858	
PRICEWATERHOUSECOOPERS	accountants	Richards Bay, 3900	035901888				https://richards-bay.infoisinfo.co.za/card/pricewaterhousecoopers/332504	-28.753141	32.053242	
VISHENS ACCOUNTING & TAX SERVICES CC	accounting-services	Richards Bay, 3900	035789240		https://www.vatscc.co.za		https://richards-bay.infoisinfo.co.za/card/vishens-accounting-tax-services-cc/343980	-28.760948	32.063858	Accounting and tax services. Company registrations.Vat, Paye, Uif, Wca, Cidb registrations, tax clearance certificate, BBBEE certificate
TRACKLESS SPARES	actuators	Richards Bay, 3900	35797363				https://richards-bay.infoisinfo.co.za/card/trackless-spares/631162	-28.780727	32.038284	
NEW HOPE ARTS CRAFTS & HOBBIES	administration	Richards Bay, 3900	035789904; 031-9037119		https://www.sothebysrealty.co.za		https://richards-bay.infoisinfo.co.za/card/new-hope-arts-crafts-hobbies/298131	-28.744930	31.903444	
SEEFF PROPERTIES	administration	Richards Bay, 3900	035789049; 031-9037119		https://www.seeff.com		https://richards-bay.infoisinfo.co.za/card/seeff-properties/217201	-28.753141	32.053242	Richards Bay Property - Kwazulu Natal. Seeff Richards Bay can assist you with all types of residential property for sale or rental including houses, land and guesthouses, security villages, cluster developments, apartments, developments. The
HYDRO TRAINING ACADEMY AND PERSONNEL SERVICES	administration	Richards Bay, 3900	035797436		https://www.hydrogroup.co.za		https://richards-bay.infoisinfo.co.za/card/hydro-training-academy-and-personnel-services/205212	-28.752316	32.021622	Payroll Administration, Training & Assessments, Labour Consultants, Suppliers of Cleaning Chemicals & Furniture Manufacturing.
JUST LETTING	administration	Richards Bay, 3900	035789562; 031-9037119		https://www.justletting.co.za		https://richards-bay.infoisinfo.co.za/card/just-letting/276036	-28.749504	32.050201	
S.A. Langauge Excellence	administration	. Meer En See. Richards Bay . Kwazulu Natal . 3901					https://richards-bay.infoisinfo.co.za/card/s-a-langauge-excellence/424165			Corporate Support with regard to all administrative functions. Business & personal profiles. Develop committee, administrative & archive systems. Compilation of protocols, policies, procedures & standard operating procedures. Proofreading &
UTHUNGULU DISTRICT MUNICIPALITY	administration	Richards Bay, 3900	035799250		https://www.uthungulu.co.za		https://richards-bay.infoisinfo.co.za/card/uthungulu-district-municipality/331014	-28.749504	32.050201	
FOSPROPS	administration	Richards Bay, 3900	035789858; 031-9037119				https://richards-bay.infoisinfo.co.za/card/fosprops/259310	-28.749504	32.050201	
Blitzwebz	advertising	Richards Bay	035 789 144		https://www.blitzwebz.co.za		https://richards-bay.infoisinfo.co.za/card/blitzwebz/377265	-28.739967	32.049557	Get your own website from BlitzWebz Web Designs for only R2500-00 Advertise your business online and on wap enabled cell phones Specifically tailored to serve the interests of any businesses Personalised and iterative updates to keep your website
Gecko Corporate Gifts	advertising	Richards Bay, 3901					https://richards-bay.infoisinfo.co.za/card/gecko-corporate-gifts/347370	-28.737600	32.094234	Gecko Corporate Gifts will take your business to new heights. Gecko Corporate Gifts are here to help u. Gecko Corporate Gifts specialise in making your compony name go places where u never imagine your compony can go. Gecko Corporate Gifts will
SFIMDA HUMAN CAPITAL	advertising	Richards Bay, 3900	+27 71 330 804	sfimda@ananzi.co.za			https://richards-bay.infoisinfo.co.za/card/sfimda-human-capital/486565	-28.749659	32.032482	It provides a number of HR services not limited to the following :-(1) Recruitment and Selection (Permanent and Temporal)(2) Executive Search(3) Labour Broking Service(4) Recruitment Advertising Our strenghts lies on our understanding of the needs
EMPILWENI MANAGEMENT SOLUTIONS	advertising	Richards Bay, 3901	035753561		https://www.emsholdings.co.za	https://www.facebook.com/pages/Empilweni-Management-Solutions/729425107146237	https://richards-bay.infoisinfo.co.za/card/empilweni-management-solutions/250815	-28.783133	32.106087	Empilweni Management Solutions have over 15 years of experience in the industry and we comply with all labour legislations. We keep South Africa working, Empilweni Management Solutions has a number of awards as a Black Woman business entity. We
Prosvan Projects (PTY)	advertising	. Richards Bay . Kwazulu Natal . 3900					https://richards-bay.infoisinfo.co.za/card/prosvan-projects-pty/622800			Events Management, Live Recording DVD, Mc's, Motvational Speakers, Artist management, Tv Work, Documentaries, Editing, Catering, Photography, Music Videos, Vip Protection, Events Coverage, Events Organising, Drapping, Decoration, .
Voiceland Business Technologies	advertising	Richards Bay, 3900			https://www.marfa.co.za		https://richards-bay.infoisinfo.co.za/card/voiceland-business-technologies/527399	-28.780727	32.038284	Voiceland Business Technologies is a business & knowledge process outsourcing company that specialises in marketing research transcriptions. Voiceland Business Technologies is a small operation which gives us an advantage to utilise agility and
Dickinson Marketing	advertising	Richards Bay, 3900	35789130				https://richards-bay.infoisinfo.co.za/card/dickinson-marketing/572520	-28.780727	32.038284	
ECONO FLEX RICHARDS BAY	advertising	Richards Bay, 3900	35751115				https://richards-bay.infoisinfo.co.za/card/econo-flex-richards-bay/572484	-28.780727	32.038284	
Infinite	advertising	Richards Bay, 3900			https://www.beinfinite.co.za		https://richards-bay.infoisinfo.co.za/card/infinite/555495	-28.757196	32.042301	MEDIA, MARKETING, BRANDING.
BRIGHT IDEAS 2200 cc t/a FUNCTION FOODS	advertising	Richards Bay, 3900					https://richards-bay.infoisinfo.co.za/card/bright-ideas-2200-cc-ta-function-foods/384645	-28.750608	32.024075	"We offer "" Jack of all Trades "" and would like to show you our dedication in this line of business - customer satisfaction. We strive to impress and to continually provide a professional service to our valued clients, big or small."
Tmansworld Technologies	advertising	Richards Bay, 3900			https://www.ttech.co.za		https://richards-bay.infoisinfo.co.za/card/tmansworld-technologies/555685	-28.753090	32.049686	"Tmansworld Technologies ""ttech"" is a premier provider and integrator of advanced IT Solutions, consulting, network design, Hardware and Software product procurement, IT Asset and Help Desk Solutions, Website Hosting, including Website Design, Online"
Advent Designs, PR and Communications	advertising	. Richards Bay . Kwazulu Natal . 3900			https://adventmedia.wozaonline.co.za		https://richards-bay.infoisinfo.co.za/card/advent-designs-pr-and-communications/364850			Personalised service specialising in all elements of graphic design, communications and public relations. Highly competitive prices. Design/communication includes annual reports, advertising banners etc. No job too big, training manuals, logos,
Laresh Marketing	advertising	Richards Bay, 3900	35870099				https://richards-bay.infoisinfo.co.za/card/laresh-marketing/572465	-28.753168	32.044220	
Gez Marketing Services	advertising	Richards Bay, 3900	35902226				https://richards-bay.infoisinfo.co.za/card/gez-marketing-services/572470	-28.780727	32.038284	
Manqoba Marketing Agency	advertising	Richards Bay, 3887	35340163				https://richards-bay.infoisinfo.co.za/card/manqoba-marketing-agency/572453	-28.780727	32.038284	
Bemze Marketing	advertising	Richards Bay, 3880	35772215				https://richards-bay.infoisinfo.co.za/card/bemze-marketing/572498	-28.775000	31.902712	
Aks Marketing Services	advertising	Richards Bay, 3887	31902121				https://richards-bay.infoisinfo.co.za/card/aks-marketing-services/572509	-28.780727	32.038284	
Port Projects And Marketing	advertising	Richards Bay, 3900	35197490				https://richards-bay.infoisinfo.co.za/card/port-projects-and-marketing/572468	-28.762751	32.005810	
Anand And Son Marketing	advertising	Richards Bay, 3900	35772284				https://richards-bay.infoisinfo.co.za/card/anand-and-son-marketing/581053	-28.780727	32.038284	
Adkraal Advertising And Design	advertising	Richards Bay, 3900	31309263				https://richards-bay.infoisinfo.co.za/card/adkraal-advertising-and-design/705591	-28.780727	32.038284	
Multy Man Marketing	advertising	Richards Bay, 3900	35789174				https://richards-bay.infoisinfo.co.za/card/multy-man-marketing/572463	-28.734436	32.058975	
CAMP NEILSON SIGNS	advertising	Richards Bay, 3900	35789723				https://richards-bay.infoisinfo.co.za/card/camp-neilson-signs/716966	-28.745127	32.050652	
Patterson-Ferraris Photography	advertising-and-event-organization	Richards Bay, 3900			https://pattersonferraris.weebly.com		https://richards-bay.infoisinfo.co.za/card/patterson-ferraris-photography/384190	-28.735670	32.076031	Our goal is to create a truly unique session customized to your personal objectives. Part of what makes us such an efficient photographic team is our male/female dynamic - we compliment each other and together, and most importantly, and are
Theonay	advertising-and-event-organization	Richards Bay, 3900			https://www.theonay.co.za		https://richards-bay.infoisinfo.co.za/card/theonay/444423	-28.760948	32.063858	No party, function, event is to small for us to handle.  We care for your budget, and therefore we strive to give our customers the best service and attention to meet their budget.  We are flexible to our clients needs and demands.  We believe
Zululand Signs	advertising	Richards Bay, 3900	35751188				https://richards-bay.infoisinfo.co.za/card/zululand-signs/665837	-28.780727	32.038284	
ZULULAND ADVERTISING AGENCIES	advertising	Richards Bay, 3900	35151160				https://richards-bay.infoisinfo.co.za/card/zululand-advertising-agencies/729427	-28.751455	32.031490	
GR Photography	advertising-and-event-organization	Richards Bay, 3900	083 637 710		https://www.grphotography.co.za		https://richards-bay.infoisinfo.co.za/card/gr-photography/369597	-28.780727	32.038284	GR Photography is owned and runned by Glen & Rentia Davidson, a husband & wife team who are both passionate about photography and compliment each other with different styles and artistic flair.Dealing with them guarantees professional photography /
InfoAvenue   Computer Training in Richards Bay	advertising-and-event-organization	Unit 18, Bellingham Park. Arboretum. Richards Bay . Kwazulu Natal . 3900	035789813				https://richards-bay.infoisinfo.co.za/card/infoavenue/804882	-28.75326119999999	32.0493698	
Ethan Marketing And Signs	advertising	Richards Bay, 3900	35751188				https://richards-bay.infoisinfo.co.za/card/ethan-marketing-and-signs/572475	-28.724314	32.040981	
Thembela Boutique Hotel and Venue	advertising-and-event-organization	Richards Bay, 3900	082804544		https://www.thembela-venue.com		https://richards-bay.infoisinfo.co.za/card/thembela-boutique-hotel-and-venue/813456	-28.7516515	32.0197821	Thembela Boutique hotel and venue is a refined wedding, event, and boutique hospitality destination set between Richardsbay and Empangeni, where natural beauty meets curated luxury. it is designed not simply as a venue - but a place where moments
Dance with Me... Social Ballroom/Latin Dance	advertising-and-event-organization	Richards Bay, 3900	083 508 5555				https://richards-bay.infoisinfo.co.za/card/dance-with-me-social-ballroomlatin-dance/419202	-28.746462	32.059063	Most classes are encouraged as group classes where couples, on appointment.  (Mostly enjoyed by engaged couples, to learn to dance for SOCIAL reasons.    Private classes are available as well,  join as beginners, with friends, getting ready for
Photos by Tracy	advertising-and-event-organization	Richards Bay, 3900					https://richards-bay.infoisinfo.co.za/card/photos-by-tracy/369776	-28.744314	32.062447	Photos by Tracy is a Richards Bay based photographer, who services the Zululand area. She is not just a photographer but. passionate about photography and the people that use her services, you won't be disappointed. Wildlife to action photography.
Blitz Events and Entertainment	advertising-and-event-organization	Richards Bay, 3900					https://richards-bay.infoisinfo.co.za/card/blitz-events-and-entertainment/443749	-28.780727	32.038284	Blitz Events and Entertainment is dedicated to creating and delivering quality events on time and on budget. We never rest on our laurels, and as a result build partnerships with our clients that last – because they understand and appreciate the
World Links Express	advertising-and-event-organization	Richards Bay, 3900	+2782226110				https://richards-bay.infoisinfo.co.za/card/world-links-express/661561	-28.728079	32.037922	Specify whether you would like white or black when ordering!!!WE OFFERING END OF YEAR PROMOTION BUY ANY 3 OF OUR PRODUCT GET 1 FREE + FREE SHIPPING. World Links- Express Mobile Phone Center, established in 2000, has quickly become the Cambodia's
K&R entertainment	advertising-and-event-organization	Richards Bay, 3900					https://richards-bay.infoisinfo.co.za/card/kr-entertainment/367638	-28.740816	32.080902	"Specialising mainly in sporting events K&R entertainment is capable of handling any event from parties to product launches. Our clients have always been extremely satisfied e.g as one athlete stated ""THE MAN YOU HAD ON THE MIC MADE ME FEEL LIKE A"
Red Lens Media	advertising-and-event-organization	Richards Bay, 3900			https://www.redlensmedia.co.za		https://richards-bay.infoisinfo.co.za/card/red-lens-media/479029	-28.780727	32.038284	Your video is our passion. Our video production company will cater for any video field requirement, be it either a wedding, corporate dvd profile, music video, event, live coverage or even just a tape to video transfer we can do it for you. With our
Theanay Projects	advertising-and-event-organization	Richards Bay, 3900	083940646		https://www.theonay.co.za		https://richards-bay.infoisinfo.co.za/card/theanay-projects/792998	-28.74341	32.0813599	We do décor, hiring, planning, set up, catering of weddings, parties, functions and events.
MZWAI4LIFE PRODUCTIONS	advertising-and-event-organization	Richards Bay, 3900	0768231205				https://richards-bay.infoisinfo.co.za/card/mzwai4life-productions/393415	-28.780727	32.038284	We specialize in high quality music recording,video shooting in events like weddings.We also specialize in music video shooting and editing to a high standard which is recomanded by brodcasting industries.contact us at 0768231205/email us at
zush suppliers	advertising-and-event-organization	. Esikhaleni. Richards Bay . Kwazulu Natal . 3887					https://richards-bay.infoisinfo.co.za/card/zush-suppliers/488186			we act as an agent in recycling industry, plastic recycling, bottle recycling, we represent and negotiate and we interested in paper recycling, cans recycling.
Wodli Construction and Supplier Services	advertising-and-event-organization	Richards Bay, 3900					https://richards-bay.infoisinfo.co.za/card/wodli-construction-and-supplier-services/658717	-28.710510	32.039848	Suppliers of all office material and promotional gifts.
ILANGA YOUTH & COMMUNITY DEVELOPMENT UPLIFTMENT PROJECT	advertising-and-event-organization	Richards Bay, 3900	035789230				https://richards-bay.infoisinfo.co.za/card/ilanga-youth-community-development-upliftment-project/276032	-28.780727	32.038284	
PS Designs and Photography	advertising-and-event-organization	. Richards Bay . Kwazulu Natal . 3900	071 561 743				https://richards-bay.infoisinfo.co.za/card/ps-designs-and-photography/369672			PS Designs and Photography has been in the Richards Bay and Empangeni area for the past 3 years. From maternity shoots to large weddings, no functions are too big or too small. PS Designs and Photography uses the latest technology to ensure that
Precision Events	advertising-and-event-organization	. Meer En See. Richards Bay . Kwazulu Natal . 3901	+27 83 417134		https://precisionevents.co.za		https://richards-bay.infoisinfo.co.za/card/precision-events/387125			Corporate Events, Functions, Team Building and Fund Raising Events. Precision Events - Transforming event management.
Brogan Marketing And Promotional Services	advertising-and-event-organization	Richards Bay, 3901	35792323				https://richards-bay.infoisinfo.co.za/card/brogan-marketing-and-promotional-services/660964	-28.793518	32.094921	
Ntwenhle Events Management	advertising-and-event-organization	Richards Bay, 3887	35550407				https://richards-bay.infoisinfo.co.za/card/ntwenhle-events-management/503940	-28.780727	32.038284	
Ibhodwe Construction And Events	advertising-and-event-organization	Richards Bay, 3887					https://richards-bay.infoisinfo.co.za/card/ibhodwe-construction-and-events/630018	-28.780727	32.038284	
Bruniquel & Associates (B&A), Richards Bay	advocacy-and-legal-services	. Meer En See. Richards Bay . Kwazulu Natal . 3901			https://www.bruniquel.co.za	https://www.facebook.com/bruniquel.associates	https://richards-bay.infoisinfo.co.za/card/bruniquel-associates-ba-richards-bay/544872			Bruniquel & Associates, one of the pioneers in diversity and labour relations training in South Africa, has been in business nearly 30 years. This may include customising policies and procedures where necessary, conducting assessments, conducting
Connie Marais Attorneys	advocacy-and-legal-services	Richards Bay, 3900	035 789 796		https://www.cmap.co.za		https://richards-bay.infoisinfo.co.za/card/connie-marais-attorneys/385043	-28.959494	31.751291	Connie Marais Attorneys is a firm of Attorneys, Commercial. will offer you superb advice and excellent assistance in all aspects of. Bay in Zululand, Wills and Estates, Trusts, including Conveyancing, Debt Collection. the law, Civil and Criminal
Consumer Dispute Specialist	advocacy-and-legal-services	Richards Bay, 3887	076274151		https://www.consumerdisputes.co.za		https://richards-bay.infoisinfo.co.za/card/consumer-dispute-specialist/803575	-28.8638775	31.9141022	We specialised on assisting people who are unfairly blacklisted or listed under Debt Review without their consent or knowledge . We assist with Legal issues  all civil cases and also people who need RAF claim assistance. We assist community and
Duvenage	advocacy-and-legal-services	Richards Bay, 3900	35780720				https://richards-bay.infoisinfo.co.za/card/duvenage/726358	-28.780727	32.038284	
Serfontein En Richards	advocacy-and-legal-services	Richards Bay, 3901	35753430				https://richards-bay.infoisinfo.co.za/card/serfontein-en-richards/726613	-28.780727	32.038284	
Ziningi Legal Compliance	advocacy-and-legal-services	Richards Bay, 3900	35789200				https://richards-bay.infoisinfo.co.za/card/ziningi-legal-compliance/521086	-28.777075	31.902678	
NKOSI SHOBA INCORPORATED	advocacy-and-legal-services	Richards Bay, 3900	035789141				https://richards-bay.infoisinfo.co.za/card/nkosi-shoba-incorporated/281902	-28.780727	32.038284	
Truter James De Ridder	advocacy-and-legal-services	Richards Bay, 3900	35772191				https://richards-bay.infoisinfo.co.za/card/truter-james-de-ridder/726427	-28.780727	32.038284	
MARSH	agriculture	Richards Bay, 3900	035780642		https://www.marsh-africa.com		https://richards-bay.infoisinfo.co.za/card/marsh/213438	-28.750462	32.054668	A NEW PAN-AFRICAN LEADER. *Business *Liabilities *Marine *Engineering *Transportation *Plant All Risks *Property *Agriculture *Schools *Motor. Servicing all your Risk and Insurance needs.
Vula Ndlela Farming Contractors	agriculture	Richards Bay, 3900	35901880				https://richards-bay.infoisinfo.co.za/card/vula-ndlela-farming-contractors/655491	-28.780727	32.038284	
BOLEMI SEATLA AGRICULTURAL SERVICES	agriculture	Richards Bay, 3900	35772449				https://richards-bay.infoisinfo.co.za/card/bolemi-seatla-agricultural-services/577679	-28.755625	32.045025	
Foskor	agriculture	Richards Bay, 3900	+27 11 347 060				https://richards-bay.infoisinfo.co.za/card/foskor/386371	-28.771997	32.022511	Foskor is a proudly South African producer of phosphates and phosphoric acid with international exposure. income and gains from the disposal of investments, albeit offset by reduced profits from its subsidiaries, mainly Foskor, Qhena reported.
Aww Farming Contractors	agriculture	Richards Bay, 3900	35901861				https://richards-bay.infoisinfo.co.za/card/aww-farming-contractors/655490	-28.780727	32.038284	
J And M Agricultural Industrial And Hardware Supplies	agriculture	Richards Bay, 3900	35787084				https://richards-bay.infoisinfo.co.za/card/j-and-m-agricultural-industrial-and-hardware-supplies/525897	-28.721622	32.045029	
WORKFORCE STAFFING	agriculture	. Richards Bay . Kwazulu Natal . 3900	035789826		https://www.workforce.co.za		https://richards-bay.infoisinfo.co.za/card/workforce-staffing/314388			
Inhlokomo Farming And Construction Works	agriculture	Richards Bay, 3887	35902733				https://richards-bay.infoisinfo.co.za/card/inhlokomo-farming-and-construction-works/391696	-28.780727	32.038284	
Dept Of Agriculture & Envirom	agriculture	Richards Bay, 0000	35789030				https://richards-bay.infoisinfo.co.za/card/dept-of-agriculture-envirom/652536	-28.740030	31.893709	
Benzen Farming Enterprise	agriculture	Richards Bay, 3901	35789414				https://richards-bay.infoisinfo.co.za/card/benzen-farming-enterprise/652835	-28.746067	32.049000	
Ntokozo cooltech and DSTV services    Air Conditioner in Richards Bay	air-conditioner	Mandlankala. Richards Bay . Kwazulu Natal . 3900	079910907				https://richards-bay.infoisinfo.co.za/card/richards-bay-refrigeration/534047	-28.752413	32.045856	
Reco	air-conditioner	Richards Bay	+27 87 000 000				https://richards-bay.infoisinfo.co.za/card/reco/425745	-28.750608	32.024075	Reco, A Division Of African Oxygen Limited. Reco was founded over 60 years ago, boasting 15 branches within South Africa and Namibia.
Extra Dimensions	air-conditioner	Richards Bay, 3900	084 507 216				https://richards-bay.infoisinfo.co.za/card/extra-dimensions/350014	-28.735731	32.076797	Extra Dimensions Air conditioning & refrigeration for all your Air conditioning and refrigeration needs.We do installations,  Maintenance & Repairs of Air conditioners, cold & freezer rooms.
Zululand Service Providers	air-conditioner	Richards Bay, 3900	035 751 218		https://www.zululandserviceproviders.co.za		https://richards-bay.infoisinfo.co.za/card/zululand-service-providers/352942	-28.780727	32.038284	We offer services in all aspects without having to subcontract. We are online and keep records on all work done to insure that standards are maintained and you receive a quality service.We stock all critical parts & components and if breakdowns are
Super Cool Engineering	air-conditioner	Richards Bay, 3900	35789554				https://richards-bay.infoisinfo.co.za/card/super-cool-engineering/534059	-28.747740	32.047588	
FORTER (SOUTH AFRICA)	air-conditioner	Richards Bay, 3900	35797314				https://richards-bay.infoisinfo.co.za/card/forter-south-africa/401939	-28.780727	32.038284	
SUPER COOL ENGINEERING CC	air-conditioner	Richards Bay, 3900	035789554				https://richards-bay.infoisinfo.co.za/card/super-cool-engineering-cc/341799	-28.746264	32.047932	
D C REFRIGERATION DISTRIBUTORS	air-conditioner	Richards Bay, 3900	035789237				https://richards-bay.infoisinfo.co.za/card/d-c-refrigeration-distributors/217157	-28.780727	32.038284	Refrigeration & Airconditioners. Anything you want & more.
M C C AFRICA	air-conditioner	Richards Bay, 3900	035751117				https://richards-bay.infoisinfo.co.za/card/m-c-c-africa/286061	-28.780727	32.038284	
Community Refrigeration Airconditioning And Ventilation	air-conditioner	Richards Bay, 3900					https://richards-bay.infoisinfo.co.za/card/community-refrigeration-airconditioning-and-ventilation/401408	-28.747740	32.047588	
EAST COAST REFRIGERATION AND AIRCONDITIONING	air-conditioner	Richards Bay, 3900	35789610				https://richards-bay.infoisinfo.co.za/card/east-coast-refrigeration-and-airconditioning/401993	-28.780727	32.038284	
RICHARDS BAY REFRIDGERATION & AIRCONDITIONING	air-conditioner	Richards Bay, 3900					https://richards-bay.infoisinfo.co.za/card/richards-bay-refridgeration-airconditioning/477025	-28.780727	32.038284	
EXLAND AIRCONDITIONING	air-conditioner	Richards Bay, 3900	035789866				https://richards-bay.infoisinfo.co.za/card/exland-airconditioning/252958	-28.758486	32.041687	
BIZATHINA TECHNOLOGIES (PTY) LTD	air-conditioner	Richards Bay, 3900	035751138				https://richards-bay.infoisinfo.co.za/card/bizathina-technologies-pty-ltd/210661	-28.780727	32.038284	
Cbd Refrigeration And Airconditioning	air-conditioner	Richards Bay, 3900	35789665				https://richards-bay.infoisinfo.co.za/card/cbd-refrigeration-and-airconditioning/402003	-28.748800	32.063164	
Tau Air Conditioning	air-conditioner	Richards Bay, 3900	31569237				https://richards-bay.infoisinfo.co.za/card/tau-air-conditioning/401778	-28.780727	32.038284	
Rbcaa	air-pollution	. Meer En See. Richards Bay . Kwazulu Natal . 3901	+ 27 35 786 007		https://www.rbcaa.org.za		https://richards-bay.infoisinfo.co.za/card/rbcaa/551054			The RBCAA monitoring network includes five SO2 monitoring stations, eight meteorological stations and a base station.  The Association has established a real time monitoring network to characterize the quality of air. The purpose of this system is
Security 4-U	alarm	Richards Bay, 3900					https://richards-bay.infoisinfo.co.za/card/security-4-u/468433	-28.780727	32.038284	Operations and Trespasser prevention strategies in this sector is thoroughly planned, regular meetings ensures accuracy and consistency in our workforce.  Security-4-U: Maritime Travel & Services takes responsibility for planning, organising and
CAMGATE SERVICES CC	alarm	Richards Bay, 3900	035-789056		https://www.camgateservices.co.za		https://richards-bay.infoisinfo.co.za/card/camgate-services-cc/376997	-28.757818	32.042809	CAMGATE SERVICES started a a gate fabrication and automation company in Richards Bay and started operating in 2009.CAMGATE SERVICES extend its services to Access control,Energy saving Security and Electrical.The owner of CAMGATE SERVICES is a
NRB Steel Pty Ltd   Aluminium in Richards Bay	aluminium	7 Rupee Riff UNIT 11 CBD. Richards Bay . Kwazulu Natal . 3900					https://richards-bay.infoisinfo.co.za/card/nrb-steel-pty-ltd/757679	-28.74736	32.048271	
Security Fencing And Alarms	alarm	Richards Bay, 3900	35751138				https://richards-bay.infoisinfo.co.za/card/security-fencing-and-alarms/468401	-28.749411	32.031921	
A klc plumbing services plumber	aluminium	Richards Bay, 3900	035 751111				https://richards-bay.infoisinfo.co.za/card/a-klc-plumbing-services-plumber/459055	-28.754370	32.028702	klc plumbers have serviced the zululand area for over 20 years, and have grown along with the Umhlatuze Municipality. We at klc plumbers take pride in our workmanship and our reliability, and we value client satisfaction as paramount. Our clients
Spectrum Technical	aluminium	Richards Bay, 3900	+ 27 35 789656		https://www.spectrumtechnical.co.za		https://richards-bay.infoisinfo.co.za/card/spectrum-technical/521527	-28.751928	32.046089	Spectrum Technical has been serving the KZN metallurgical industries since 1994. Spectrum metallurgists work with an unrelenting focus on customer satisfaction and technical excellence. Spectrum has built a reputation for its process knowledge and
Aquarian Glass & Aluminium	aluminium	Richards Bay, 3900	3514388; 031-9037119				https://richards-bay.infoisinfo.co.za/card/aquarian-glass-aluminium/572422	-28.753992	32.043823	
Agm Aluminium Glass Maintenance And Multi Supplies	aluminium	Richards Bay, 3900	35789361				https://richards-bay.infoisinfo.co.za/card/agm-aluminium-glass-maintenance-and-multi-supplies/391775	-28.746290	32.048882	
Hillside Aluminium	aluminium	Richards Bay, 3900	35908811				https://richards-bay.infoisinfo.co.za/card/hillside-aluminium/576116	-28.757578	32.042702	
Bayside Aluminium	aluminium	Richards Bay, 3900	35999211				https://richards-bay.infoisinfo.co.za/card/bayside-aluminium/525193	-28.734045	32.066063	
V And J Glass And Aluminium	aluminium	Richards Bay, 3900	35789806				https://richards-bay.infoisinfo.co.za/card/v-and-j-glass-and-aluminium/576285	-28.752909	32.044319	
BAYSIDE ENGINEERING	aluminium	Richards Bay, 3900	035797452				https://richards-bay.infoisinfo.co.za/card/bayside-engineering/209818	-28.780727	32.038284	
Bhp Billiton Global Aluminium Technology	aluminium	Richards Bay, 3900	35908898				https://richards-bay.infoisinfo.co.za/card/bhp-billiton-global-aluminium-technology/576127	-28.780727	32.038284	
TRIVOS	aluminium	Richards Bay, 3900	079502529				https://richards-bay.infoisinfo.co.za/card/trivos/315726	-28.780727	32.038284	
TRIMID INDUSTRIAL SUPPLIES	aluminium	Richards Bay, 3900	35789949				https://richards-bay.infoisinfo.co.za/card/trimid-industrial-supplies/525192	-28.753305	32.044956	
FAB-REP	aluminium	Richards Bay, 3900	035797403				https://richards-bay.infoisinfo.co.za/card/fab-rep/253778	-28.764391	32.006989	
Alusaf	aluminium	Richards Bay, 3900	27351999211				https://richards-bay.infoisinfo.co.za/card/alusaf/525187	-28.734045	32.066063	
BEARINGS INTERNATIONAL	animals-pets	Richards Bay, 3900	035789014		https://www.bearings.co.za	https://facebook.com/bearings-international	https://richards-bay.infoisinfo.co.za/card/bearings-international/209925	-28.750231	32.048191	Bearings International, incorporating Roller Chain-Opti and Bearings & Transmissions, is a member of the Hudaco Group and is a leading distributor of bearings and power transmission products in Southern Africa. At Bearings International we are
Jomar Pets	animals-pets	Richards Bay, 3900					https://richards-bay.infoisinfo.co.za/card/jomar-pets/672908	-28.781105	32.097557	
Destination Rsa	animals-pets	. Richards Bay . Kwazulu Natal .	+2735 753 367		https://www.destinationrsa.co.za		https://richards-bay.infoisinfo.co.za/card/destination-rsa/430042			Destination RSA offers the finest range of Safaris, tours and experiences in Southern Africa. Southern Africa offers an incredible diversity of wildlife, landscapes and cultures, and we have the experience and knowledge to turn your next holiday
Antioxidants Aromas And Fine Chemicals	animal-food	. Richards Bay . Kwazulu Natal . 3900	+27 35 797 600				https://richards-bay.infoisinfo.co.za/card/antioxidants-aromas-and-fine-chemicals/416894			AAFC is one of the largest manufacturers of premium quality refined antioxidants for the edible oils and food industry including TBHQ, BHA, BHT.
Umhlatuze Seals	animals-pets	Richards Bay, 3900					https://richards-bay.infoisinfo.co.za/card/umhlatuze-seals/516013	-28.755655	32.043839	
Canefields Country House	apartment-hotels	Richards Bay, 3900	35792003				https://richards-bay.infoisinfo.co.za/card/canefields-country-house/406557	-28.780727	32.038284	
MERRIMENT ACCOMMODATION	apartment-hotels	Richards Bay, 3901	35753412				https://richards-bay.infoisinfo.co.za/card/merriment-accommodation/406260	-28.780727	32.038284	
Sikhebe Lodge	apartments	Richards Bay, 3900	12333983				https://richards-bay.infoisinfo.co.za/card/sikhebe-lodge/406552	-28.776714	32.115284	
Sthombe Contracts Supplies And Projects	apartment-hotels	Richards Bay, 3900	11472432				https://richards-bay.infoisinfo.co.za/card/sthombe-contracts-supplies-and-projects/406551	-28.780727	32.038284	
Wild Side Resorts	apartments	Richards Bay, 3900	35789289				https://richards-bay.infoisinfo.co.za/card/wild-side-resorts/406555	-28.780727	32.038284	
AFFIRMED INVESTMENTS	apartments	Richards Bay, 3900	35789100				https://richards-bay.infoisinfo.co.za/card/affirmed-investments/406554	-28.780727	32.038284	
The Richards Hotel	apartment-hotels	Richards Bay, 3900	35753111				https://richards-bay.infoisinfo.co.za/card/the-richards-hotel/598320	-28.789738	32.093224	
LALAPAZI TRUST	apartments	Richards Bay, 3900	35590116				https://richards-bay.infoisinfo.co.za/card/lalapazi-trust/406556	-28.738113	32.078178	
Greenhill Holiday Resort Association	apartments	Richards Bay, 3900					https://richards-bay.infoisinfo.co.za/card/greenhill-holiday-resort-association/428314	-28.750870	32.054729	
Sandies Beach Resort	apartments	Richards Bay, 3901					https://richards-bay.infoisinfo.co.za/card/sandies-beach-resort/596971	-28.775604	32.103275	
TOBAKA PROJECTS & DEVELOPMENT	architect	Richards Bay, 3900	035789077		https://www.tobaka.co.za	https://www.facebook.com/TobakaProjects	https://richards-bay.infoisinfo.co.za/card/tobaka-projects-development/308702	-28.753141	32.053242	To unfold and interpret the future physical state of the project and give client the visual image of the building by showing structural design and integrity through life circle of the project. The entire process necessary for the procurement of the
Bytes Si	architect	Richards Bay			https://www.bytessi.co.za		https://richards-bay.infoisinfo.co.za/card/bytes-si/417325	-28.758804	32.042248	Global best practise and best practise in our industry and Group will determine the most effective strategy in driving carbon emission reductions.
JUBA DESIGNS	architect	Richards Bay, 3900	035751255				https://richards-bay.infoisinfo.co.za/card/juba-designs/260202	-28.780727	32.038284	
T J ARCHITECTS ZULULAND (PTY) LTD	architect	Richards Bay, 3901	035753460		https://www.tja.co.za		https://richards-bay.infoisinfo.co.za/card/t-j-architects-zululand-pty-ltd/341993	-28.785419	32.093525	Since 1971, TJ Architects has offered a service to clients where the aesthetic simplicity of design and functional planning within the researched spatial and financial needs have been repeatedly achieved to the client's satisfaction. The strength of
TJ ARCHITECTS	architect	Richards Bay, 3900	35753460				https://richards-bay.infoisinfo.co.za/card/tj-architects/412403	-28.780727	32.038284	
Thazo Architecture And Construction	architect	Richards Bay, 3900					https://richards-bay.infoisinfo.co.za/card/thazo-architecture-and-construction/525279	-28.959057	31.753044	We provide Sketch Design in 3D, Tender Drawings, Council drawings, Construction Drawings. Architecture and Construction.All Architectural Design and Consultation.
The Glam Partnership Architects And Urban Designers	architect	Richards Bay, 3900	35789650				https://richards-bay.infoisinfo.co.za/card/the-glam-partnership-architects-and-urban-designers/352169	-28.765884	31.902658	
DE MELLO MACHADO ARCHITECTS	architect	Richards Bay, 3900	035788052				https://richards-bay.infoisinfo.co.za/card/de-mello-machado-architects/235138	-28.780727	32.038284	
Tj Architects Zululand	architect	Richards Bay, 3901	35753460				https://richards-bay.infoisinfo.co.za/card/tj-architects-zululand/352178	-28.780727	32.038284	
C S K O ARCHITECTS	architect	Richards Bay, 3900	035786164				https://richards-bay.infoisinfo.co.za/card/c-s-k-o-architects/226369	-28.742792	32.075703	
Injoloba Sign Art And Cleaning Services	art	Richards Bay, 3900	17801206				https://richards-bay.infoisinfo.co.za/card/injoloba-sign-art-and-cleaning-services/359537	-28.780727	32.038284	
ANGELL - SCHAU DESIGN SERVICES	architect	. Richards Bay . Kwazulu Natal . 3900	035772531				https://richards-bay.infoisinfo.co.za/card/angell-schau-design-services/220305			
SIGN ART	art	Richards Bay, 3900	035789989				https://richards-bay.infoisinfo.co.za/card/sign-art/301709	-28.746080	32.048279	
4 D ARCHITECTS	architect	Richards Bay, 3901	035753559				https://richards-bay.infoisinfo.co.za/card/4-d-architects/217335	-28.785904	32.092682	
BAY AUTO DENT	art	Richards Bay, 3900	035 7511 29				https://richards-bay.infoisinfo.co.za/card/bay-auto-dent/358961	-28.780727	32.038284	BAY AUTO DENT WAS ESTABLISHED IN 2007. PDR, IS THE COMMON NAME USED FOR PAINTLESS DENT REMOVAL.BAY  AUTO DENT DOES SMALL DENTS AND DINGS EVEN WHILE YOU WAIT,DEPENDING ON SIZE AND NATURE OF DENTS.FOR AN HONEST OPINION CALL OR COME SEE US. BAY AUTO
ENANELA ARCHITECTS	architect	Richards Bay, 3900	035789473				https://richards-bay.infoisinfo.co.za/card/enanela-architects/250907	-28.749504	32.050201	
Pottery Art	art	Richards Bay, 3900					https://richards-bay.infoisinfo.co.za/card/pottery-art/575172	-28.747360	32.048271	
SHEPSTONE & WYLIE ATTORNEYS	attorneys	Richards Bay, 3900	035780725		https://www.wylie.co.za	https://twitter.com/ShepstoneW	https://richards-bay.infoisinfo.co.za/card/shepstone-wylie-attorneys/301250	-28.753141	32.053242	Shepstone & Wylie Attorneys is a leading South African law firm with a reputation for integrity and excellence. We aim to be the law firm of choice across a wide range of legal matters, ensuring that our team-based approach delivers innovative,
CONNIE MARAIS ATTORNEY	attorneys	Richards Bay, 3900	035789796		https://www.cmap.co.za		https://richards-bay.infoisinfo.co.za/card/connie-marais-attorney/231658	-28.753141	32.053242	
Unwabu Art	art	Richards Bay, 3900	12348080				https://richards-bay.infoisinfo.co.za/card/unwabu-art/575814	-28.780727	32.038284	
BREED & ASSOCIATES	attorneys	Richards Bay, 3901	035753164				https://richards-bay.infoisinfo.co.za/card/breed-associates/225217	-28.766733	32.120678	
BOTHAS INCORPORATED	attorneys	Richards Bay, 3900	035789150				https://richards-bay.infoisinfo.co.za/card/bothas-incorporated/224808	-28.753141	32.053242	
DUVENAGE INCORPORATED / INGELYF	attorneys	Richards Bay, 3900	035780720		https://www.duvenage.co.za		https://richards-bay.infoisinfo.co.za/card/duvenage-incorporated-ingelyf/248409	-28.749504	32.050201	Duvenage Incorporated is a dynamic and innovative firm of attorneys, with offices in the Central Business District of Richards Bay, Empangeni and Hluhluwe. We, at Duvenage Incorporated, take pride in our track record of lasting relationships with
MTHIYANE & PARTNERS	attorneys	Richards Bay, 3900	035789721				https://richards-bay.infoisinfo.co.za/card/mthiyane-partners/291603	-28.753090	32.049686	
CROAK A ROACH	attorneys	Richards Bay, 3900	087802928				https://richards-bay.infoisinfo.co.za/card/croak-a-roach/233058	-28.757042	32.066223	
BUTHELEZI & ASSOCIATES ATTORNEYS / ABAMMELI	attorneys	Richards Bay, 3900	035789237				https://richards-bay.infoisinfo.co.za/card/buthelezi-associates-attorneys-abammeli/212134	-28.780727	32.038284	
ALEX FARRELL & ASSOCIATES	attorneys	. Richards Bay . Kwazulu Natal . 3900	035753203				https://richards-bay.infoisinfo.co.za/card/alex-farrell-associates/219522			
KLOPPERS INC ATTORNEYS	attorneys	Richards Bay, 3900	035780730				https://richards-bay.infoisinfo.co.za/card/kloppers-inc-attorneys/274231	-28.753141	32.053242	
NDLOVU QWABE & PARTNERS	attorneys	Richards Bay, 3900	035789353				https://richards-bay.infoisinfo.co.za/card/ndlovu-qwabe-partners/327218	-28.780727	32.038284	
3-d Car Audio	audio	Richards Bay, 3900	35870030				https://richards-bay.infoisinfo.co.za/card/3-d-car-audio/533913	-28.780727	32.038284	
LAMBERT & ASSOCIATES	attorneys	Richards Bay, 3900	035789932				https://richards-bay.infoisinfo.co.za/card/lambert-associates/284766	-28.753141	32.053242	
AUTOZONE	audio	Richards Bay, 3900	035789520		https://www.autozone.co.za		https://richards-bay.infoisinfo.co.za/card/autozone/208780	-28.747101	32.048401	
AUDIO PEDIGREE (PTY) LTD	audio	Richards Bay, 3900	035789296				https://richards-bay.infoisinfo.co.za/card/audio-pedigree-pty-ltd/208461	-28.759712	32.043091	
North Coast Tyre and Trailer repairs	auto-maintenance	Richards Bay, 3900	0780090755; 0835833579		https://www.ncttr.net		https://richards-bay.infoisinfo.co.za/card/north-coast-tyre-and-trailer-repairs/420748	-28.780727	32.038284	Located in Richards Bay with 24 hr breakdown service on tyres and trailers (mechanical, mkuze, hluhluwe, empangeni, upper kzn n2, stanger, melmoth, pneumatic and hydraulic) on the north coast and upper kzn. Vryhied, electrical, pongola and in
Fence Erect	auto-maintenance	Richards Bay, 3900	079 889 184				https://richards-bay.infoisinfo.co.za/card/fence-erect/418437	-28.740816	32.080902	Fence Rite is a newly established company offering services in all aspects of fencing. Fence Rite prides itself on workmanship, honesty and the highest quality end product.Give us a call today for any fencing / wall requirements. Fence Rite offers
AUDIO COMPUTER WORLD	audio	Richards Bay, 3900	035751150				https://richards-bay.infoisinfo.co.za/card/audio-computer-world/208459	-28.780727	32.038284	
Denoma Trading CC	auto-maintenance	. Richards Bay . Kwazulu Natal . 3900					https://richards-bay.infoisinfo.co.za/card/denoma-trading-cc/481622			We do repairs, services, maintenance and installation of Roller Shutter Doors and automationsRepairs and  services on all make and model vehiclesWe have a catering division : Theonay, which handle events, catering and planing from A-ZWe do buying
Fence Erect (Pty) Ltd	auto-maintenance	. Richards Bay . Kwazulu Natal . 3900	079 889 184				https://richards-bay.infoisinfo.co.za/card/fence-erect-pty-ltd/394541			Fence Erect offers a high quality end product at affordable prices. We specialize in fencing requirements for Domestic, Industrial and Game Farm applications.Fence Erect is also available for repairs to that old or problematic Electric fence.We
PRO LOOM	auto-parts	Richards Bay, 3900	035751134		https://www.proloom.co.za		https://richards-bay.infoisinfo.co.za/card/pro-loom/205308	-28.780727	32.038284	Also stockists of the following components: *Automotive Cables (All sizes) *Plugs, solenoids, fuse & relay holders *Connector interfaces, battery terminals *Fuses, braiding *Terminals - insulated & non-insulated, megamite, fire sleeving, Uitilux and
KL MOORE PROPERTIES	auto-parts	Richards Bay, 3900	35789701; 031-9037119				https://richards-bay.infoisinfo.co.za/card/kl-moore-properties/561353	-28.759449	32.042515	
Umfolozi Air Brakes	auto-parts	Richards Bay, 3900	082 569 7211				https://richards-bay.infoisinfo.co.za/card/umfolozi-air-brakes/357770	-28.754370	32.028702	Umfolozi Super BrakesWe only supply the best air brake repair kits for our reconditioned parts. We keep our customers happy by providing warranty`s/guarantee`s on our reconditioned parts. Nobody can beat our  prices. We give free quotations in
THE SPARES SHOP RICHARDS BAY	auto-parts	Richards Bay, 3900	35789097				https://richards-bay.infoisinfo.co.za/card/the-spares-shop-richards-bay/549901	-28.750231	32.048191	
Roter Exhausts And Tyres	auto-parts	Richards Bay, 3900	35128228				https://richards-bay.infoisinfo.co.za/card/roter-exhausts-and-tyres/386286	-28.780727	32.038284	
Goodwill Auto Spares	auto-parts	Richards Bay, 3887	35796580				https://richards-bay.infoisinfo.co.za/card/goodwill-auto-spares/608828	-28.780727	32.038284	
KELOSA MARKETING	auto-parts	Richards Bay, 3900	35789467; 031-9037119				https://richards-bay.infoisinfo.co.za/card/kelosa-marketing/572408	-28.780727	32.038284	
MOODLEY S	auto-parts	Richards Bay, 3900	35145782				https://richards-bay.infoisinfo.co.za/card/moodley-s/582610	-28.753435	32.046173	
AUTO PAINT SUPPLIERS	auto-parts	Richards Bay, 3900	035789156				https://richards-bay.infoisinfo.co.za/card/auto-paint-suppliers/208597	-28.750231	32.048191	
Zululand Air Brakes And Truck Centre	auto-parts	Richards Bay, 3900	35797334				https://richards-bay.infoisinfo.co.za/card/zululand-air-brakes-and-truck-centre/357783	-28.751562	32.020061	
Bay Spares	auto-parts	Richards Bay, 3900	3514251				https://richards-bay.infoisinfo.co.za/card/bay-spares/608937	-28.748211	32.047859	
DM SERVICES	auto-parts	Richards Bay, 3900	35192145				https://richards-bay.infoisinfo.co.za/card/dm-services/651807	-28.780727	32.038284	
RICHARDS BAY EXHAUST CENTRE	auto-parts	Richards Bay, 3900	35789815; 031 3017786				https://richards-bay.infoisinfo.co.za/card/richards-bay-exhaust-centre/549565	-28.747869	32.048828	
SELVIN PARTS KING	auto-parts	Richards Bay, 3900	35789494				https://richards-bay.infoisinfo.co.za/card/selvin-parts-king/684728	-28.747101	32.048401	
Auto Parts And Accessories Centre	auto-parts	Richards Bay, 3900					https://richards-bay.infoisinfo.co.za/card/auto-parts-and-accessories-centre/458047	-28.753305	32.044956	
Fluid Power Automation	auto-transmission	Richards Bay, 3900	35751174				https://richards-bay.infoisinfo.co.za/card/fluid-power-automation/573714	-28.780727	32.038284	
R B Cooling	auto-parts	Richards Bay	35751149				https://richards-bay.infoisinfo.co.za/card/r-b-cooling/446413	-28.753050	32.031677	
Brilor	automation-systems	Richards Bay	035 789 688; 031 3017786		https://www.brilor.co.za		https://richards-bay.infoisinfo.co.za/card/brilor/545489	-28.759249	32.041325	Brilor strives to concentrate its expertise on providing the maximum value to the end user through a broad offering of products, services, application engineering and our Automated Valve Systems approach.  Installation services available of valves,
Pro Gate Motor Repairs Richards Bay Empangeni   Gates in Richards Bay	automatic-gate	Haiti Park. Brackenham. Richards Bay . Kwazulu Natal . 3900	087 250 226; 087 250 2269		https://www.pinterest.com/ProGateMotorRepairs/	https://www.facebook.com/ProGateMotorRepairs	https://richards-bay.infoisinfo.co.za/card/pro-gate-motor-repairs-richards-bay-empangeni/798065	-28.7501755	32.0553349	
Hotline Auto Electrical And Mechanical Services And Sales	auto-transmission	Richards Bay, 3900	35789188				https://richards-bay.infoisinfo.co.za/card/hotline-auto-electrical-and-mechanical-services-and-sales/441106	-28.760851	32.042133	
Gate Motor Installation And Repairs Richards Bay Empangeni   Maintenance in Richards Bay	automatic-gate	Haiti Park. Brackenham. Richards Bay . Kwazulu Natal . 3900	087 250 226		https://www.pinterest.com/GPGateMotors/	https://www.facebook.com/gpgatemotors	https://richards-bay.infoisinfo.co.za/card/gate-motor-installation-and-repairs-richards-bay-empangeni/798059	-28.7501755	32.0553349	
CN Project, Garage door specialist	automatic-gate	Richards Bay	076710329		https://www.cnprojectskzn.co.za		https://richards-bay.infoisinfo.co.za/card/cn-project-garage-door-specialist/761881	-28.760170	32.040897	We supply and install garage doors, Meranti, FIbre glass, Aluzinc & Aluminium.  Automation, Repairs and Service
EXILARATE AUTOMATION SYSTEMS	automation-systems	Richards Bay, 3900	035789176; 031 3017786				https://richards-bay.infoisinfo.co.za/card/exilarate-automation-systems/252630	-28.745359	32.048729	
HONDA AUTO	automobile	Richards Bay, 3900	035797489		https://www.tangawizi.co.za	https://www.facebook.com/Hondasa/videos/439439176517/	https://richards-bay.infoisinfo.co.za/card/honda-auto/272052	-28.754045	32.025208	The directors are Eddie Reid (Managing), Peter and Cathy Cleary and the shares are held by Peter Cleary who holds the majority, Carocel Trust (a family trust belonging to a former business partner in Inyanga Motors) and Eddie Reid. The company was
East Coast Automation Systems	auto-parts	Richards Bay, 3901	031 3017786				https://richards-bay.infoisinfo.co.za/card/east-coast-automation-systems/722040	-28.767712	32.112881	
SA Buy and Sell	automobile	Richards Bay, 3900			https://www.sa-buyandsell.co.za		https://richards-bay.infoisinfo.co.za/card/sa-buy-and-sell/352379	-28.750231	32.048191	Businesses can promote their products and services via this online buy and sell platform. Buy and Sell anything in South Africa. Once listed we promote your business with targeted marketing campaigns. Your complete online directory for businesses,
Eagle Lifting	automobile	. Richards Bay . Kwazulu Natal . 3900	031 562925		https://www.eaglelifting.co.za		https://richards-bay.infoisinfo.co.za/card/eagle-lifting/381288			Eagle Lifting Equipment was established in June 1993 by its present Director and two junior staff who are still presently employed. We expect our customers & suppliers to receive the same. Our business growth has been exceptional, culminating in the
4 X 4 MEGA WORLD	automobile	Richards Bay, 3900	035789091		https://www.4x4megaworld.co.za	https://www.facebook.com/4x4megaworld	https://richards-bay.infoisinfo.co.za/card/4-x-4-mega-world/205514	-28.750231	32.048191	To cater for the differing lighting requirements of 4WDers all over the world, a broad selection of IPF lights and accessories are available from ARB. The leading brand for the past 50 years, only ENGEL portable fridge-freezers guarantee to go
BLUFF TYRES RICHARDS BAY	automobile	Richards Bay, 3900	0357895003; 031-4615003; 035-789 5003				https://richards-bay.infoisinfo.co.za/card/bluff-tyres-richards-bay/346838	-28.756004	32.044147	DURBAN BRANCH 031-4615003. Bluff Tyres Fit and Go situated on Dollar Drive, Richards bay is a unique tyre fitment centre. This ensures expert fitment on both wheels and under car work Our speciality is on both passenger and truck vehicles. Our staff
Fly High Boating cc.	automobile	. Richards Bay . Kwazulu Natal . 3900	082 785 8269; 031-9037119		https://www.flyhighboating.co.za		https://richards-bay.infoisinfo.co.za/card/fly-high-boating-cc/410058			Fly High Boating cc. is an online boating company selling new boats, safety equipment, outboards motors, used boats, boating accessories.  Fly High Boating cc. also offers fishing charters off Richards Bay.
SMALL DENT MAN	automobile	Richards Bay, 3900					https://richards-bay.infoisinfo.co.za/card/small-dent-man/384628	-28.750608	32.024075	SMALL DENT MAN HAS 20 YEARS EXPERIENCE IN DENT REPAIRS.HAIL DAMAGE, TOUCH UPS TO RESPRAYS, PAINTLESS AND OR PAINTING, ACCIDENT DAMAGE, DINGS, IS ALL WITHIN OUR CAPACITY. HAVING STUDIED IN AUSTRALIA AND WORKED IN NEDERLANDS, GERMANY, AUSTRIA. DENTS
Extreme Products	automobile	. Richards Bay . Kwazulu Natal . 3900	072 499 712; 082 460 5754				https://richards-bay.infoisinfo.co.za/card/extreme-products/393405			Extreme Products, Upholstery and auto detailing. Contact 082 460 5754 or see www.extremeproducts.co.za(Window tint, camping, upholstery, paint protection, canvas seat covers, wash, shine, scratch removal, smash n grab, valet, leather, car wash,
Gt Imports Tradenote	automobile	Richards Bay			https://gt-imports.tradenote.net		https://richards-bay.infoisinfo.co.za/card/gt-imports-tradenote/432080	-28.765039	32.053600	We are a new company specialising in the automotive aftermarket and performance industry. We want to bring the level of automotive competition of our country up to par with. Our main objective is to provide quality and affordable complete
AVIS VAN RENTALS	automobile	Richards Bay, 3900	035789309				https://richards-bay.infoisinfo.co.za/card/avis-van-rentals/208941	-28.758953	32.044022	
Supa Quick Mtuba	automobile	Richards Bay, 3960	35562066				https://richards-bay.infoisinfo.co.za/card/supa-quick-mtuba/528410	-28.780727	32.038284	
Hills Fitment And Motor Repairs	automobile	Richards Bay, 3900	31208916				https://richards-bay.infoisinfo.co.za/card/hills-fitment-and-motor-repairs/649910	-28.780727	32.038284	
SIMUNYE TYRES	automobile	Richards Bay, 3900	35789451				https://richards-bay.infoisinfo.co.za/card/simunye-tyres/528464	-28.780727	32.038284	
R And S Multi Sales And Spares	automobile	Richards Bay, 3900	35789343; 031-9037119				https://richards-bay.infoisinfo.co.za/card/r-and-s-multi-sales-and-spares/572557	-28.780727	32.038284	
Circle Electronics And Auto Part	automobile	Richards Bay, 3901	35753376				https://richards-bay.infoisinfo.co.za/card/circle-electronics-and-auto-part/608410	-28.780727	32.038284	
PRECISION AUTO	automobile	Richards Bay, 3900	035751235				https://richards-bay.infoisinfo.co.za/card/precision-auto/205301	-28.780727	32.038284	Specializing in: German, French, Japanese and Korean vehicles. Services & Maintenance.
HOTLINE AUTO ELECTRICAL & MECHANICAL SERVICES & SALES CC	automobile	Richards Bay, 3900	035789188				https://richards-bay.infoisinfo.co.za/card/hotline-auto-electrical-mechanical-services-sales-cc/264337	-28.753845	32.045162	
N R B AUTO ELECTRICAL (PTY) LTD	automobile	Richards Bay, 3900	072764701				https://richards-bay.infoisinfo.co.za/card/n-r-b-auto-electrical-pty-ltd/279065	-28.760170	32.040897	
MARVIC PANELBEATING AND SPRAY-PAINTING	automobile	Richards Bay, 3900	35789885				https://richards-bay.infoisinfo.co.za/card/marvic-panelbeating-and-spray-painting/441158	-28.753426	32.044098	
N R B Auto Electrical	automobile	Richards Bay, 3900	35751113				https://richards-bay.infoisinfo.co.za/card/n-r-b-auto-electrical/441304	-28.780727	32.038284	
Emprich Mobile Auto Glass	automobile	Richards Bay, 3900	35789110				https://richards-bay.infoisinfo.co.za/card/emprich-mobile-auto-glass/651232	-28.718969	32.044552	
Tradequick 180	automobile	Richards Bay, 3900	351789633				https://richards-bay.infoisinfo.co.za/card/tradequick-180/441749	-28.745243	32.050591	
Nuf Auto Electrical	automobile	Richards Bay, 3900	35789154				https://richards-bay.infoisinfo.co.za/card/nuf-auto-electrical/441126	-28.754015	32.044594	
Asi Pephe Brake And Clutch	automobile	Richards Bay, 3900	35789920				https://richards-bay.infoisinfo.co.za/card/asi-pephe-brake-and-clutch/578144	-28.780727	32.038284	
Battery Centre Richardsbay	automobile	Richards Bay, 3900	35789366				https://richards-bay.infoisinfo.co.za/card/battery-centre-richardsbay/549959	-28.754610	32.045506	
Regional Auto Electrical	automobile	Richards Bay, 3900	31273764				https://richards-bay.infoisinfo.co.za/card/regional-auto-electrical/354650	-28.780727	32.038284	
R E RACING	automobile	Richards Bay, 3900	035751225				https://richards-bay.infoisinfo.co.za/card/r-e-racing/322389	-28.780727	32.038284	
RITCHIE AUTO	automobile	Richards Bay, 3900	035797340				https://richards-bay.infoisinfo.co.za/card/ritchie-auto/305427	-28.780727	32.038284	
PRO - ELECT	automobile	Richards Bay, 3900	035751208				https://richards-bay.infoisinfo.co.za/card/pro-elect/302743	-28.780727	32.038284	
VALUE AUTO CARE	automobile	Richards Bay, 3900	035789038				https://richards-bay.infoisinfo.co.za/card/value-auto-care/331190	-28.752668	32.046501	
N U F AUTO ELECTRICAL CC	automobile	Richards Bay, 3900	035789154				https://richards-bay.infoisinfo.co.za/card/n-u-f-auto-electrical-cc/279097	-28.754015	32.044594	
MOTOLEK	automobile	Richards Bay, 3900	035797462				https://richards-bay.infoisinfo.co.za/card/motolek/325864	-28.780727	32.038284	
BLUE DOT PROPERTIES 335	automobile	Richards Bay, 3900	35797459				https://richards-bay.infoisinfo.co.za/card/blue-dot-properties-335/528411	-28.757000	32.025799	
KWAZULU NATAL AUTO REPAIRS	automobile	Richards Bay, 3900	35198673				https://richards-bay.infoisinfo.co.za/card/kwazulu-natal-auto-repairs/568157	-28.752266	32.045456	
MOODLEY M	automobile	Richards Bay, 3900	35198842				https://richards-bay.infoisinfo.co.za/card/moodley-m/549895	-28.758953	32.044022	
KIMKAM DELTA	automobile	Richards Bay, 3900	35751194				https://richards-bay.infoisinfo.co.za/card/kimkam-delta/544792	-28.753050	32.031677	
NUF AUTO ELECTRICA	automobile	Richards Bay, 3900	035789364				https://richards-bay.infoisinfo.co.za/card/nuf-auto-electrica/282757	-28.754015	32.044594	
Automotive Components Exchange Services	automobile	Richards Bay, 3900	35780893				https://richards-bay.infoisinfo.co.za/card/automotive-components-exchange-services/425815	-28.959967	31.752249	
Bhekani Auto Electrical	automobile	Richards Bay, 3900	35751113				https://richards-bay.infoisinfo.co.za/card/bhekani-auto-electrical/441144	-28.737694	32.064968	
HOTLINE AUTO	automobile	Richards Bay, 3900	35789188				https://richards-bay.infoisinfo.co.za/card/hotline-auto/441227	-28.780727	32.038284	
Bay Auto Glass	automobile	Richards Bay, 3900	35789852				https://richards-bay.infoisinfo.co.za/card/bay-auto-glass/441845	-28.745127	32.050652	
National Airbrakes	automobile	Richards Bay, 3900	35198855				https://richards-bay.infoisinfo.co.za/card/national-airbrakes/651465	-28.780727	32.038284	
E & J Motors	automobile	Richards Bay, 3900	35751112				https://richards-bay.infoisinfo.co.za/card/e-j-motors/652018	-28.733538	32.036125	
ANNROB MOTORS	automobile	Richards Bay, 3900	35797510				https://richards-bay.infoisinfo.co.za/card/annrob-motors/650479	-28.766260	32.016209	
R A F Auto Electrical	automobile	Richards Bay, 3900	35751138				https://richards-bay.infoisinfo.co.za/card/r-a-f-auto-electrical/441256	-28.751455	32.031490	
Bens Spray Painters And Panelbeaters	automobile	Richards Bay, 3900	35789732				https://richards-bay.infoisinfo.co.za/card/bens-spray-painters-and-panelbeaters/732875	-28.780727	32.038284	
MARVIC PANEL BEATERS	automobile	Richards Bay, 3900	35789885				https://richards-bay.infoisinfo.co.za/card/marvic-panel-beaters/587579	-28.753426	32.044098	
MARKS AUTO ELECTRICAL	automobile	Richards Bay, 3900	073375700				https://richards-bay.infoisinfo.co.za/card/marks-auto-electrical/294565	-28.755026	32.045311	
Glass And Glaze	automobile	Richards Bay, 3900	35789790				https://richards-bay.infoisinfo.co.za/card/glass-and-glaze/431916	-28.745359	32.048729	
Mm Auto Electrical	automobile	Richards Bay, 3900	35797438				https://richards-bay.infoisinfo.co.za/card/mm-auto-electrical/441266	-28.780727	32.038284	
REGIONAL AUTO ELECTRICAL & MECHANICAL SERVICES	automobile	Richards Bay, 3900	035797537				https://richards-bay.infoisinfo.co.za/card/regional-auto-electrical-mechanical-services/333985	-28.780727	32.038284	
Bodyshack	automobile	Richards Bay, 3900	35751148				https://richards-bay.infoisinfo.co.za/card/bodyshack/651808	-28.752567	32.030697	
PRECITION PANELBEATERS	automobile	Richards Bay, 3900	35751148				https://richards-bay.infoisinfo.co.za/card/precition-panelbeaters/651835	-28.749981	32.031551	
Richards Bay Panel Beaters	automobile-body-repairs	Richards Bay, 3900	35797350				https://richards-bay.infoisinfo.co.za/card/richards-bay-panel-beaters/587564	-28.758650	32.027248	
AUTO EXCELLENCE AND TURBO	automobile-repair-shops	Richards Bay, 3900	035789996				https://richards-bay.infoisinfo.co.za/card/auto-excellence-and-turbo/221327	-28.755156	32.043270	Vehicle service and performance centre.
MIKIELS AUTO ELECTRICAL MECHANICAL REPAIRS AND PANEL BEATER	automobile	Richards Bay, 3900	35751132				https://richards-bay.infoisinfo.co.za/card/mikiels-auto-electrical-mechanical-repairs-and-panel-beater/441338	-28.745323	32.034882	
Shalom Car Body Specialists	automobile-body-repairs	Richards Bay, 3900	35751217				https://richards-bay.infoisinfo.co.za/card/shalom-car-body-specialists/609996	-28.736654	32.039009	
Ncs Rim And Align	automobile-repair-shops	Richards Bay, 3900	35788031				https://richards-bay.infoisinfo.co.za/card/ncs-rim-and-align/549577	-28.747271	32.048889	
FERREIRAS MECHANICAL WORKSHOP	automobile-repair-shops	Richards Bay, 3900					https://richards-bay.infoisinfo.co.za/card/ferreiras-mechanical-workshop/563289	-28.750608	32.024075	
UMHLATHUZE AUTO CARE & REPAIRS   Engines in Richards Bay	automobile-service	6 Ceramic Curve [Vehicle Test Centre]. Alton. Richards Bay . Kwazulu Natal . 3900	035751117				https://richards-bay.infoisinfo.co.za/card/umhlathuze-auto-care-repairs/205370	-28.780727	32.038284	
Grid Electrical Automation	automobile-service	Richards Bay, 3901	084 8112 51				https://richards-bay.infoisinfo.co.za/card/grid-electrical-automation/511467	-28.780727	32.038284	We as a company have grown from strength to strength in the past years, providing our services to the likes of Bayside Engineering and Fluidtronik.
N R B GROUP	automobile-service	Richards Bay, 3900	035751113				https://richards-bay.infoisinfo.co.za/card/n-r-b-group/292669	-28.780727	32.038284	
N R Gouws Auto Services	automobile-service	Richards Bay, 3900	14755415				https://richards-bay.infoisinfo.co.za/card/n-r-gouws-auto-services/651216	-28.760851	32.042133	
Shawns Auto Electrical	automobile-service	Richards Bay, 3900	35580360				https://richards-bay.infoisinfo.co.za/card/shawns-auto-electrical/441342	-28.780727	32.038284	
Phiwami Upholstery and Cleaning Hygiene   Office Chairs in Richards Bay	automobile-upholstery-and-matting	38 Ceramic Curve. Richards Bay . Kwazulu Natal . 3900	079 273 354				https://richards-bay.infoisinfo.co.za/card/phiwami-upholstery-and-cleaning-hygiene/771985	-28.747904	32.034622	
TotalEnergies Richards Bay	autos	Richards Bay, 3901	+27 35 753 410		https://totalenergies.co.za/	https://www.facebook.com/TotalEnergiesSouthAfrica	https://richards-bay.infoisinfo.co.za/card/totalenergies-richards-bay/812432	-28.78340043	32.10079066	TotalEnergies is a broad energy company that produces and markets oil & biofuels, natural gas & green gases, renewables & electricity.
GAC SHIPPING (SA) (PTY) LTD	autos	Richards Bay, 3900	035789801		https://www.gacworld.com/southafrica		https://richards-bay.infoisinfo.co.za/card/gac-shipping-sa-pty-ltd/266715	-28.751820	32.054379	The GAC Group is committed to ensuring customers’ needs for quality shipping, logistics and marine services are understood and met. And with over 9,000 professionals working around the clock at more than 300 offices in over 50 countries, we
TotalEnergies Esikhawini (LD Motors)	autos	Richards Bay, 3887	+27 35 796 000		https://totalenergies.co.za/	https://www.facebook.com/TotalEnergiesSouthAfrica	https://richards-bay.infoisinfo.co.za/card/totalenergies-esikhawini-ld-motors/812532	-28.8728739	31.9010434	TotalEnergies is a broad energy company that produces and markets oil & biofuels, natural gas & green gases, renewables & electricity.
Auto Pedigree Richards Bay   Used Car in Richards Bay	autos	Dollar Dr, 55. Richards Bay . Kwazulu Natal . 3900	035 789 968		https://plus.google.com/b/115392482125950343969/115392482125950343969/about?gmbpt=true&hl=en		https://richards-bay.infoisinfo.co.za/card/auto-pedigree-richards-bay/764470	-28.759726	32.043205	
CTR TRUCK AND BUS SERVICE	autos	Richards Bay, 3900	035 789 047		https://www.ctrtruckandbus.co.za		https://richards-bay.infoisinfo.co.za/card/ctr-truck-and-bus-service/563348	-28.760170	32.040897	WE ALSO SELL PART FOR TRUCK AND BUSSES. WE DO BRAKE DOWNS ON TRUCK AND BUSSES AND ALSO ONSITE SERVICES.
Ambula Travel & Tours	autos	Richards Bay, 3900	082447418		https://www.ambulatours.co.za		https://richards-bay.infoisinfo.co.za/card/ambula-travel-tours/804730	-28.7335591	32.036121	With more than 21 years of safe &amp; reliable passenger transport services in the Richards Bay and greater KZN region. Ambula Travel &amp; Tours is owner managed and committed to a professional, hands-on, reliable service with a proud and trusted
Greenbay Trading	autos	Richards Bay, 3900	035 789 790		https://ferobrakezululand.co.za		https://richards-bay.infoisinfo.co.za/card/greenbay-trading/454514	-28.754583	32.044346	The Richards Bay Branch was opened in March 2005 when we took over the premise’s and assets of “One Stop Brake & Clutch” at 150 Dollar Drive.
Demag Cranes & Components	autos	Richards Bay	011 898 350		https://www.demagcranes.co.za	https://www.facebook.com/TerexMHPS.SA/	https://richards-bay.infoisinfo.co.za/card/demag-cranes-components/521871	-28.754972	32.044617	Inspections of load handling attachments and lifting assessories. As a global leader in the manufacture of industrial cranes and crane components we offer a wide range of products and services. The high demands of customers for quality, reliability
RB ELECTRONICS	autos	Richards Bay, 3900	035 789545; 035 7895458; 0829409507		https://www.richardsbayelectronics.co.za		https://richards-bay.infoisinfo.co.za/card/rb-electronics/803635	-28.7517076	32.0488929	Specialist in car sound and professional sound equipment.
RIMWORX	autos	Richards Bay, 3900			https://www.rimworx.co.za		https://richards-bay.infoisinfo.co.za/card/rimworx/440067	-28.780727	32.038284	HAVE A PROB-RIM.. OUT US TO WORX!!! Come view our wide variety of rims for sale or exchange or bring in your own for repairs or customization.Best deals in Richards Bay!.
TIGER WHEEL & TYRE	autos	Richards Bay, 3900	035789266; 0740861786; 0333458761		https://www.twt.co.za		https://richards-bay.infoisinfo.co.za/card/tiger-wheel-tyre/338018	-28.746969	32.049049	
STURROCK SHIPPING (PTY) LTD	autos	. Richards Bay . Kwazulu Natal . 3900	035797933		https://www.sturrockshipping.co.za/		https://richards-bay.infoisinfo.co.za/card/sturrock-shipping-pty-ltd/341632			
ASIPEPHE BRAKE & CLUTCH	autos	Richards Bay, 3900	035789920				https://richards-bay.infoisinfo.co.za/card/asipephe-brake-clutch/208205	-28.748211	32.047859	
PHOSFERT MARINE (PTY) LTD	autos	Richards Bay, 3900	035797906				https://richards-bay.infoisinfo.co.za/card/phosfert-marine-pty-ltd/321159	-28.780727	32.038284	
JOLEM SHIPPING SERVICES CC	autos	Richards Bay, 3900	035797999				https://richards-bay.infoisinfo.co.za/card/jolem-shipping-services-cc/280708	-28.780727	32.038284	
Zululand Gearbox And Diff Centre	autos	Richards Bay, 3900	351787079				https://richards-bay.infoisinfo.co.za/card/zululand-gearbox-and-diff-centre/723762	-28.776262	31.898520	
SUZUKI EAST PRE-OWNED	autos	Richards Bay, 3900	035789387				https://richards-bay.infoisinfo.co.za/card/suzuki-east-pre-owned/306385	-28.745243	32.050591	
GREYSTONES CARGO SYSTEMS (PTY) LTD	autos	Richards Bay, 3900	035797942				https://richards-bay.infoisinfo.co.za/card/greystones-cargo-systems-pty-ltd/257462	-28.793268	32.077724	
SUZUKI RICHARDS BAY	autos	Richards Bay, 3900	035789420				https://richards-bay.infoisinfo.co.za/card/suzuki-richards-bay/314002	-28.759775	32.041073	
E & J MOTORS	autos	Richards Bay, 3900	035751112				https://richards-bay.infoisinfo.co.za/card/e-j-motors/248212	-28.780727	32.038284	
T S REPAIRS & EXHAUST	autos	Richards Bay, 3900	035751107				https://richards-bay.infoisinfo.co.za/card/t-s-repairs-exhaust/314247	-28.754629	32.029243	
ISLAND VIEW SHIPPING	autos	Richards Bay, 3900	035797940				https://richards-bay.infoisinfo.co.za/card/island-view-shipping/272481	-28.780727	32.038284	
RICHARDS BAY STEAMSHIPS (PTY) LTD	autos	Richards Bay, 3900	035789512				https://richards-bay.infoisinfo.co.za/card/richards-bay-steamships-pty-ltd/322892	-28.753044	32.045574	
Yanks Truck Parts	autos	Richards Bay, 3900	35789727				https://richards-bay.infoisinfo.co.za/card/yanks-truck-parts/374673	-28.780727	32.038284	
U S TRUCK SALES	autos	. Richards Bay . Kwazulu Natal . 3900	082921477		https://www.ustrucks.co.za		https://richards-bay.infoisinfo.co.za/card/u-s-truck-sales/338744			
MITCHELL COTTS MARITIME	autos	Richards Bay, 3900	035788993				https://richards-bay.infoisinfo.co.za/card/mitchell-cotts-maritime/293612	-28.780727	32.038284	
BAY PLASTIC AND BUMPER REPAIRS	autos	Richards Bay, 3900	35751150				https://richards-bay.infoisinfo.co.za/card/bay-plastic-and-bumper-repairs/421129	-28.780727	32.038284	
Pneudrive	autoservices-and-autoparts	Richards Bay	035 789 989		https://www.pneudrive.co.za		https://richards-bay.infoisinfo.co.za/card/pneudrive/424056	-28.759699	32.042393	A mechatronic engineering student competition for all third and fourth year students currently engaged in engineering studies.
Glasfit Richards Bay	autoservices-and-autoparts	Richards Bay, 3900	+27 35 789 110		https://glasfit.com/find-a-fitment-centre.html	https://www.facebook.com/Glasfit	https://richards-bay.infoisinfo.co.za/card/glasfit-richards-bay/770814	-28.75563938	32.04502994	
FreshStop at Caltex KZN Motors	autoservices-and-autoparts	Richards Bay, 3900	+27 35 789 866		https://freshstop.co.za/	https://www.facebook.com/FreshStop.KZNMotors	https://richards-bay.infoisinfo.co.za/card/freshstop-at-caltex-kzn-motors/769255	-28.748030	32.052582	
Insight Mechanical and Thermal Services	autoservices-and-autoparts	Richards Bay, 3900			https://www.insightmechanical.co.za		https://richards-bay.infoisinfo.co.za/card/insight-mechanical-and-thermal-services/422922	-28.780727	32.038284	We supply a worldclass service in CAD Design, and Thermal Imaging.We also specialise in  Predictive Maintenace, Building Services Design, Programmed Maintenance and Non Destructive Testing.We have International Experiance and deliver the best to
Phumakude Mechanical Enterprise CC ta Marx Mechanical and Panelbeating	autoservices-and-autoparts	Richards Bay, 3900	061418943				https://richards-bay.infoisinfo.co.za/card/phumakude-mechanical-enterprise-cc/804220	-28.7425677	32.035577	Mechanical And Panelling Repairs to major and minor accident damage   Fleet maintenance for private commercial and government vehicles
ALM Field services Pty Ltd   Diesel Service in Richards Bay	autoservices-and-autoparts	Suurvystraat Veld en Vlei 14, Veld En Vlei 14. Richards Bay . Kwazulu Natal . 9300	083567300	andrevanwyngaardt62@gmail.com			https://richards-bay.infoisinfo.co.za/card/alm-field-services-pty-ltd/792918	-26.198491534526536	28.034974358398486	
CORE-IT RADIATORS	autoservices-and-autoparts	Richards Bay, 3900	035 751 291		https://www.coreitradiators.co.za		https://richards-bay.infoisinfo.co.za/card/core-it-radiators/762503	-28.746195	32.035500	Established in 1974, we are still the best when it comes to service excellance.Radiators. Intercoolers. Oil coolers & Aluminium welding.etc  Suppling, Repairing & Fitting.
BOLTMAN	autoservices-and-autoparts	Richards Bay, 3900	35789088				https://richards-bay.infoisinfo.co.za/card/boltman/575372	-28.755026	32.045311	
Pristine Pro Solutions	autoservices-and-autoparts	Richards Bay, 3901	035 753 178				https://richards-bay.infoisinfo.co.za/card/pristine-pro-solutions/591039	-28.780727	32.038284	Pristine Pro Solutions is a new company that opened up recently in the Zululand area. Pristine Pro Solutions product range includes cleaning solutions for the office,  home and car-wash market. Pristine Pro Solutions are agents for Reinol
EDMEC ENGINEERING	autoservices-and-autoparts	Richards Bay, 3900	035751246				https://richards-bay.infoisinfo.co.za/card/edmec-engineering/217161	-28.780727	32.038284	Quality is our Pulse. Pyro Coating, Electrical Instrumentation. Engineering & Fabrication.
INDUSTRIAL SUPPLIES & MAINTENANCE CC	autoservices-and-autoparts	Richards Bay, 3900	035751164				https://richards-bay.infoisinfo.co.za/card/industrial-supplies-maintenance-cc/258810	-28.780727	32.038284	
FRANCO CECCATO	bags	Richards Bay, 3900	035789676		https://www.francoceccato.co.za	https://www.facebook.com/FrancoCeccatoShoes/	https://richards-bay.infoisinfo.co.za/card/franco-ceccato/263555	-28.749069	32.048992	Franco Ceccato is a leading independent footwear retailer operating throughout South Africa. Started in 1996 with just four stores, the company has grown rapidly and now has over 60 stores managed from the regional offices in Cape Town and
FreshStop at Caltex Brackenham	autoservices-and-autoparts	Richards Bay, 3900	+27 35 798 112				https://richards-bay.infoisinfo.co.za/card/freshstop-at-caltex-brackenham/771356	-28.722570	32.040485	
Bare Bags	bags	Richards Bay, 3900	83777141				https://richards-bay.infoisinfo.co.za/card/bare-bags/463746	-28.958080	31.751837	
EKOR FERT CC	bags	Richards Bay, 3901			https://www.ekor.co.za		https://richards-bay.infoisinfo.co.za/card/ekor-fert-cc/474557	-28.780727	32.038284	Ekor Fert bemark en verkoop hul geregistreerde kunsmis teen billike pryse so ook ander produkte aan die boere en versprei / vervoer dit landswyd tot by die boer / verbruiker deur middel van hul eie of gekontrakteerde vervoerkontrakteurs. . Ekor
PHUMAKUDE MECHANICAL ENTERPRISES	autoservices-and-autoparts	Richards Bay, 3900	076182312				https://richards-bay.infoisinfo.co.za/card/phumakude-mechanical-enterprises/303110	-28.780727	32.038284	
Ingwe Bulk Bags And Tarpaulins	bags	Richards Bay, 3900	35789104				https://richards-bay.infoisinfo.co.za/card/ingwe-bulk-bags-and-tarpaulins/526273	-28.780727	32.038284	
Kwamabhiza Bakery	bakery	Richards Bay, 3900	35831018				https://richards-bay.infoisinfo.co.za/card/kwamabhiza-bakery/406543	-28.780727	32.038284	
C M S Bags And Packaging	bags	Richards Bay, 3900					https://richards-bay.infoisinfo.co.za/card/c-m-s-bags-and-packaging/525156	-28.780727	32.038284	
Fanele Sibonge Bakery	bakery	Richards Bay, 3887	35796645				https://richards-bay.infoisinfo.co.za/card/fanele-sibonge-bakery/614364	-28.791370	31.896360	
Isipho Sethu Bakery	bakery	Richards Bay, 3900					https://richards-bay.infoisinfo.co.za/card/isipho-sethu-bakery/626763	-28.758953	32.044022	
SASKO STANGER BAKERY	bakery	Richards Bay, 3900	035797333				https://richards-bay.infoisinfo.co.za/card/sasko-stanger-bakery/310954	-28.780727	32.038284	
R And R Bakeries	bakery	Richards Bay, 3900	35340128				https://richards-bay.infoisinfo.co.za/card/r-and-r-bakeries/504331	-28.780727	32.038284	
PIE CITY	bakery	Richards Bay, 3900	35198863				https://richards-bay.infoisinfo.co.za/card/pie-city/626619	-28.780727	32.038284	
SASKO	bakery	Richards Bay, 3900	035797467				https://richards-bay.infoisinfo.co.za/card/sasko/335251	-28.780727	32.038284	
New Venture Capital Holdings	bank	Richards Bay, 3900	0357982821 - 0722853; 0357982821		https://www.dududunvc.wozaonline.co.za		https://richards-bay.infoisinfo.co.za/card/new-venture-capital-holdings/600788	-28.731474	32.041508	New Venture Capital Holdings is a company aimed at generating finance capital for the young poeple of South Africa who do not qualify for business funding under the genral funding criterion used by commercial banks and finance instituions. We do not
Robberts Bakery	bakery	Richards Bay, 3900					https://richards-bay.infoisinfo.co.za/card/robberts-bakery/626745	-28.780727	32.038284	
FIRST NATIONAL BANK	bank	Richards Bay, 3900	035789125		https://www.fnb.co.za		https://richards-bay.infoisinfo.co.za/card/first-national-bank/255360	-28.780727	32.038284	
AFRICAN BANK	bank	Richards Bay, 3900	035789666		https://www.africanbank.co.za		https://richards-bay.infoisinfo.co.za/card/african-bank/218905	-28.780727	32.038284	
Bondchoice	bank	Richards Bay, 3900	035 789019		https://www.bondchoice.co.za		https://richards-bay.infoisinfo.co.za/card/bondchoice/381015	-28.752922	32.053799	We will find a Home Loan to suit you.We represent you, the buyerWe examine the home loan options available and negotiate with the banks to get the deal that suits you bestWe help you through the home-buying process, giving you the best advice at
CAPITEC BANK	bank	Richards Bay, 3900	086010204		https://www.capitecbank.co.za		https://richards-bay.infoisinfo.co.za/card/capitec-bank/212920	-28.780727	32.038284	
Kruger And De Wet Loans Eshowe	bank	Richards Bay, 3900	34980066				https://richards-bay.infoisinfo.co.za/card/kruger-and-de-wet-loans-eshowe/664370	-28.780727	32.038284	
ITHALA (RICHARDS BAY)	bank	Richards Bay, 3900	035789968		https://www.ithala.co.za		https://richards-bay.infoisinfo.co.za/card/ithala-richards-bay/275732	-28.780727	32.038284	
STANDARD BANK	bank	Richards Bay, 3900	086012300				https://richards-bay.infoisinfo.co.za/card/standard-bank/326413	-28.749069	32.048992	
F N B	bank	Richards Bay, 3900	035789069		https://www.fnb.co.za		https://richards-bay.infoisinfo.co.za/card/f-n-b/253501	-28.780727	32.038284	
CAPITEC BANK	bank	Richards Bay, 3900	035789140		https://www.capitecbank.co.za		https://richards-bay.infoisinfo.co.za/card/capitec-bank/227214	-28.753090	32.049686	
CAPITEC BANK	bank	Richards Bay, 3900	035789700				https://richards-bay.infoisinfo.co.za/card/capitec-bank/227011	-28.749069	32.048992	
AFRICAN BANK	bank	Richards Bay, 3900	035789065				https://richards-bay.infoisinfo.co.za/card/african-bank/218848	-28.749069	32.048992	
NEDBANK	bank	Richards Bay, 3900	035901830				https://richards-bay.infoisinfo.co.za/card/nedbank/319355	-28.780727	32.038284	
NEDBANK	bank	Richards Bay, 3900	035901190				https://richards-bay.infoisinfo.co.za/card/nedbank/280278	-28.751009	32.051826	
NEDBANK	bank	Richards Bay, 3900	035780928				https://richards-bay.infoisinfo.co.za/card/nedbank/293882	-28.749069	32.048992	
ABSA CALL CENTRE	bank	. Richards Bay . Kwazulu Natal . 3900	086000860				https://richards-bay.infoisinfo.co.za/card/absa-call-centre/218164			
STANDARD BANK - RICHARDS BAY	bank	. Richards Bay . Kwazulu Natal . 3900	035799360				https://richards-bay.infoisinfo.co.za/card/standard-bank-richards-bay/312845			
Wild Bean Cafe	banking-and-finances	Richards Bay, 3900	+27 35 789 703		https://www.bp.com/en_za/south-africa/home.html	https://www.facebook.com/BPinSouthAfrica/	https://richards-bay.infoisinfo.co.za/card/wild-bean-cafe/792072	-28.74603277	32.04972777	
Wild Bean Cafe	banking-and-finances	Richards Bay, 3091	+27 35 753 575		https://www.bp.com/en_za/south-africa/home.html	https://www.facebook.com/BPinSouthAfrica/	https://richards-bay.infoisinfo.co.za/card/wild-bean-cafe/792277	-28.7693574	31.8682697	
Wild Bean Cafe	banking-and-finances	Richards Bay, 3900	+27 35 789 901		https://www.bp.com/en_za/south-africa/home.html	https://www.facebook.com/BPinSouthAfrica/	https://richards-bay.infoisinfo.co.za/card/wild-bean-cafe/792152	-28.75907834	32.04336273	
Le Premier Ressources Énergétiques	banking-and-finances	. Richards Bay . Kwazulu Natal . 9301	+27 82 808 135				https://richards-bay.infoisinfo.co.za/card/le-premier-ressources-energetiques/514639			Le Premier Ressources Énergétiques (LPRE) / Prime Energy Resources is a energy resources company trading globally with head offices in South Africa.  Prime Energy Resources is a Level 3 SA BBBEE Mining Company duly owned and controlled by a
BUSINESS PARTNERS	banking-and-finances	Richards Bay, 3900	035789730		https://www.businesspartners.co.za	https://www.facebook.com/Business.Partners.Limited	https://richards-bay.infoisinfo.co.za/card/business-partners/225964	-28.753141	32.053242	We’re a specialist risk finance company that provides customised financial solutions, sectoral knowledge, mentorship, business premises and other value added services for formal small and medium enterprises (SMEs) in South Africa and selected
Andre Visser Business Consultants	banking-and-finances	Richards Bay	035 789 144		https://www.adeptconsult.co.za		https://richards-bay.infoisinfo.co.za/card/andre-visser-business-consultants/432960	-28.739967	32.049557	Member of the Institute of Business Advisors of South Africa Grade 4 (Expert) Member: Membership M0584 Member of the Turnaround Management Association: SA (TMA-SA) and TMA (Global) Registered Business Mentor : Business Partners Ltd  Registered
IEMAS	banking-and-finances	Richards Bay, 3900	035901948		https://www.iemas.co.za	https://www.facebook.com/IemasFinancialServices	https://richards-bay.infoisinfo.co.za/card/iemas/270501	-28.749504	32.050201	Whether you want to improve your lifestyle or you have an expense to pay, Iemas has a variety of loan options to suit any need. The Purchase Card is the only card you need to pay for groceries, shoes, furniture, toys, books and so much more at over
WESTERN UNION	banking-and-finances	Richards Bay, 3900	035789803		https://www.westernunion.com		https://richards-bay.infoisinfo.co.za/card/western-union/344459	-28.749069	32.048992	
Allrisk	banking-and-finances	. Richards Bay . Kwazulu Natal . 3900	035 786 139		https://www.allrisk.co.za		https://richards-bay.infoisinfo.co.za/card/allrisk/609931			Welcome to our online home. Whatever your insurance and investment needs rest assured that we have the solution for you. A significant network of subsidiaries and partners ensures we provide an outstanding level of service to our customers
DZM INVESTMENTS	banking-and-finances	Richards Bay, 3900	035 797309		https://www.dzminvestments.co.za		https://richards-bay.infoisinfo.co.za/card/dzm-investments/603647	-28.780727	32.038284	We specialise in General Building and Civil Engineering. New gravel roads pipe laying, culverts and bridges. New buildings and renovations.
Thembelani Investments	banking-and-finances	Richards Bay, 3900	31301618				https://richards-bay.infoisinfo.co.za/card/thembelani-investments/694022	-28.780727	32.038284	
Zanero Investments	banking-and-finances	Richards Bay, 3900	35753556				https://richards-bay.infoisinfo.co.za/card/zanero-investments/731722	-28.780727	32.038284	
SAIBA PROPERTY INVESTMENTS	banking-and-finances	Richards Bay, 3900	13744701				https://richards-bay.infoisinfo.co.za/card/saiba-property-investments/734759	-28.780727	32.038284	
Cathedral Rock Investments 88	banking-and-finances	Richards Bay, 3900	35902671				https://richards-bay.infoisinfo.co.za/card/cathedral-rock-investments-88/649977	-28.765680	32.064472	
Business Partners	banking-and-finances	Richards Bay	+27 35 789 730; 0313032151		https://www.businesspartners.co.za		https://richards-bay.infoisinfo.co.za/card/business-partners/544926	-28.780727	32.038284	Our goal is to be an internationally respected, successful and profitable business partner for SMEs.
Waterhazard Investments	banking-and-finances	Richards Bay, 3900	35772192				https://richards-bay.infoisinfo.co.za/card/waterhazard-investments/702101	-28.780727	32.038284	
Cancun Investments No 6	banking-and-finances	Richards Bay, 3900	11636020				https://richards-bay.infoisinfo.co.za/card/cancun-investments-no-6/701840	-28.780727	32.038284	
Cavamba Investments	banking-and-finances	Richards Bay, 3900	11605244				https://richards-bay.infoisinfo.co.za/card/cavamba-investments/701848	-28.780727	32.038284	
Partum Investments 118	banking-and-finances	Richards Bay, 3900	31267690				https://richards-bay.infoisinfo.co.za/card/partum-investments-118/674716	-28.780727	32.038284	
Lrp Investments	banking-and-finances	Richards Bay, 3900	11235601				https://richards-bay.infoisinfo.co.za/card/lrp-investments/701857	-28.733295	32.040257	
Sabonna Investments	banking-and-finances	Richards Bay, 3900	35789203				https://richards-bay.infoisinfo.co.za/card/sabonna-investments/701850	-28.780727	32.038284	
Zombonga Investments	banking-and-finances	Richards Bay, 3900	35908847				https://richards-bay.infoisinfo.co.za/card/zombonga-investments/666395	-28.780727	32.038284	
Keineli Investments	banking-and-finances	Richards Bay, 3900	35797406				https://richards-bay.infoisinfo.co.za/card/keineli-investments/490697	-28.780727	32.038284	
GARDWELL CARRIERS	banking-and-finances	Richards Bay, 3900	35151118				https://richards-bay.infoisinfo.co.za/card/gardwell-carriers/477444	-28.780727	32.038284	
Khondlo Powerhouse Motivation And Financial Training	banking-and-finances	Richards Bay, 3887	35772488				https://richards-bay.infoisinfo.co.za/card/khondlo-powerhouse-motivation-and-financial-training/513959	-28.780727	32.038284	
HIGH ADVENTURE INVESTMENTS 77	banking-and-finances	Richards Bay, 3900	35789722				https://richards-bay.infoisinfo.co.za/card/high-adventure-investments-77/624929	-28.780727	32.038284	
Sea Level Investments	banking-and-finances	Richards Bay, 3900	35798128				https://richards-bay.infoisinfo.co.za/card/sea-level-investments/701845	-28.758953	32.044022	
Maltoy Investments	banking-and-finances	Richards Bay, 3900	35792516				https://richards-bay.infoisinfo.co.za/card/maltoy-investments/701841	-28.780727	32.038284	
ISMINE INVESTMENTS	banking-and-finances	Richards Bay, 3900	35789335				https://richards-bay.infoisinfo.co.za/card/ismine-investments/701847	-28.753708	32.045235	
Emq Investments	banking-and-finances	Richards Bay, 3900	35789665				https://richards-bay.infoisinfo.co.za/card/emq-investments/674722	-28.748146	32.048256	
Rumdel Holdings	banking-and-finances	Richards Bay, 3900	35797304				https://richards-bay.infoisinfo.co.za/card/rumdel-holdings/647048	-28.758511	32.025665	
Lilcham Investments	banking-and-finances	Richards Bay, 3901	35788990				https://richards-bay.infoisinfo.co.za/card/lilcham-investments/694037	-28.780727	32.038284	
Red Circle Investments 17	banking-and-finances	Richards Bay, 3900	35789516				https://richards-bay.infoisinfo.co.za/card/red-circle-investments-17/581299	-28.750231	32.048191	
Edofin Investments	banking-and-finances	Richards Bay, 3900	35789896				https://richards-bay.infoisinfo.co.za/card/edofin-investments/490706	-28.780727	32.038284	
ATLAS FINANCE	banking-and-finances	Richards Bay, 3900	087702112				https://richards-bay.infoisinfo.co.za/card/atlas-finance/221129	-28.780727	32.038284	
ATLAS FINANCE	banking-and-finances	Richards Bay, 3900	087702112				https://richards-bay.infoisinfo.co.za/card/atlas-finance/214459	-28.780727	32.038284	
CHRYSTALPINE INVESTMENTS 7	banking-and-finances	Richards Bay, 3900	35753313				https://richards-bay.infoisinfo.co.za/card/chrystalpine-investments-7/672574	-28.780727	32.038284	
Tedjen Commodity Brokers	banking-and-finances	Richards Bay, 3900	35789312				https://richards-bay.infoisinfo.co.za/card/tedjen-commodity-brokers/489426	-28.753689	32.044781	
Andisa Unathi Investments	banking-and-finances	Richards Bay, 3901	35753529				https://richards-bay.infoisinfo.co.za/card/andisa-unathi-investments/694035	-28.780727	32.038284	
Wincey Investments	banking-and-finances	Richards Bay, 3901	35198773				https://richards-bay.infoisinfo.co.za/card/wincey-investments/688669	-28.781862	32.102551	
Valmeg Investments	banking-and-finances	Richards Bay, 3900	35789852				https://richards-bay.infoisinfo.co.za/card/valmeg-investments/702100	-28.766241	31.902365	
Khazimula Investments	banking-and-finances	Richards Bay, 3900	35789230				https://richards-bay.infoisinfo.co.za/card/khazimula-investments/702102	-28.780727	32.038284	
Lokatula Investments	banking-and-finances	Richards Bay, 3901	31201310				https://richards-bay.infoisinfo.co.za/card/lokatula-investments/701884	-28.780727	32.038284	
Saurian Investments	banking-and-finances	Richards Bay, 3900	35789209				https://richards-bay.infoisinfo.co.za/card/saurian-investments/701855	-28.759775	32.041073	
Wedgeprop Investments	banking-and-finances	Richards Bay, 3900	35550022				https://richards-bay.infoisinfo.co.za/card/wedgeprop-investments/701858	-28.730223	32.043762	
Strang Rennies Metal Terminals	banking-and-finances	Richards Bay, 3900	35797605				https://richards-bay.infoisinfo.co.za/card/strang-rennies-metal-terminals/515104	-28.737600	32.094234	
Thaver And Son Properties And Investments	banking-and-finances	Richards Bay, 3900	35751124				https://richards-bay.infoisinfo.co.za/card/thaver-and-son-properties-and-investments/719561	-28.732908	32.041519	
Rl Faulds - Financial And Investment Solutions	banking-and-finances	Richards Bay, 3900	35789283				https://richards-bay.infoisinfo.co.za/card/rl-faulds-financial-and-investment-solutions/476756	-28.958937	31.752691	
VICVA INVESTMENTS AND TRADING THREE	banking-and-finances	Richards Bay, 3900	35797408				https://richards-bay.infoisinfo.co.za/card/vicva-investments-and-trading-three/749878	-28.777927	31.901297	
Misc Commodity Brokers	banking-and-finances	Richards Bay, 3900	12641115				https://richards-bay.infoisinfo.co.za/card/misc-commodity-brokers/516093	-28.736200	32.079117	
LANCEGROVE INVESTMENTS	banking-and-finances	Richards Bay, 3900	35751119				https://richards-bay.infoisinfo.co.za/card/lancegrove-investments/632381	-28.751148	32.022041	
Ematendeni Investments	banking-and-finances	Richards Bay, 3887	35796734				https://richards-bay.infoisinfo.co.za/card/ematendeni-investments/689197	-28.780727	32.038284	
H T M S Investments	banking-and-finances	Richards Bay, 3901	35772202				https://richards-bay.infoisinfo.co.za/card/h-t-m-s-investments/692600	-28.767918	32.112465	
MARSH RISK MANAGEMENT	banking-products	Richards Bay, 3900	035780923		https://www.marsh-africa.com	https://www.facebook.com/MarshGlobal	https://richards-bay.infoisinfo.co.za/card/marsh-risk-management/294646	-28.753141	32.053242	Marsh is a global leader in insurance broking and risk management. Marsh helps clients succeed by defining, designing, and delivering innovative industry-specific solutions that help them effectively manage risk. Marsh’s approximately 30,000
INDWE RISK SERVICES	banking-products	Richards Bay, 3900	035780941		https://www.indwerisk.co.za	https://www.facebook.com/IndweRisk	https://richards-bay.infoisinfo.co.za/card/indwe-risk-services/274478	-28.740030	31.893709	One of the biggest giveaways about the person behind the wheel is the car’s colour. A recent survey has uncovered some interesting attitudes to the most commonly-coloured cars. Owners of black cars love elegance and appreciate all that is classic.
Bma Group	banking-products	Richards Bay, 3900	035 789 341		https://www.bmagroup.co.za		https://richards-bay.infoisinfo.co.za/card/bma-group/364680	-28.780727	32.038284	The company comprises of two successful branches both on the Kwa Dukuza and Umhlathuze regions, boasting a staff compliment of eighteen young dynamic individuals. The BMA Group was established in 1984 and is a name synonymous with the financial
Bigen Africa	banking-products	Richards Bay, 3901			https://www.bigenafrica.com		https://richards-bay.infoisinfo.co.za/card/bigen-africa/481933	-28.780727	32.038284	Bigen Africa wins CESA Mentoring Company of the Year award. Our strategy is clearly focused on contributing to countries' strategies, our intimate understanding of the requirements of governments, amongst others, we provide clients with a complete
African Crafts Market	banking-products	. Richards Bay . Kwazulu Natal . 3900			https://www.africancraftsmarket.com	https://www.facebook.com/pages/African-Crafts-Market/248213930301	https://richards-bay.infoisinfo.co.za/card/african-crafts-market/426382			Anything African we can get it. A collection of African handcrafted crafts and curios carved by respected traditional African artists.  In Stock new stock of African Porcupine Quill in various sizes. Welcome to AFRICAN CRAFTS MARKET extraordinary,
MATTHEW & SON FINANCIAL MANAGEMENT	banking-products	Richards Bay, 3901	035753106		https://www.matthewandson.co.za		https://richards-bay.infoisinfo.co.za/card/matthew-son-financial-management/290113	-28.780727	32.038284	
UMHLATUZE PHARMACY	banking-products	Richards Bay, 3900	035789010				https://richards-bay.infoisinfo.co.za/card/umhlatuze-pharmacy/205372	-28.754009	32.048386	Mr Kriel opened his first pharmacy in Empangeni, KZN. Umhlatuze Pharmacy Group's longevity in the pharmacy industry is one of the many reasons why our customers trust us. Since the opening of Mr Kriel's first pharmacy in 1986 the group has expanded
LUTMOZ ENTERPRISES	banking-products	Richards Bay, 3900	35797385				https://richards-bay.infoisinfo.co.za/card/lutmoz-enterprises/524726	-28.780727	32.038284	
TRUST ME TOURS	banking-products	Richards Bay, 3900	035798163		https://www.trustmetours.co.za		https://richards-bay.infoisinfo.co.za/card/trust-me-tours/338541	-28.716457	32.033119	
MHLABUPHIWE INDUSTRIAL SERVICES	banking-products	. Esikhawini. Richards Bay . Kwazulu Natal . 3887					https://richards-bay.infoisinfo.co.za/card/mhlabuphiwe-industrial-services/656715			Our Vision The values which we want to be known and to operate :Intergrity , Trust , Openness , Passion , Satisfy clients , Sustainable Business , Staff Growth and Team Work.Our Mission To be professional team delivering and creative logistits
Rene Bekker Insurance Brokers	banking-products	Richards Bay, 3900	35789631				https://richards-bay.infoisinfo.co.za/card/rene-bekker-insurance-brokers/701856	-28.738474	32.059521	
Ramsgate Ext3 Property Investment and Plans	banking-products	Richards Bay, 3900	031-9037119				https://richards-bay.infoisinfo.co.za/card/ramsgate-ext3-property-investment-and-plans/490690	-28.740816	32.080902	Residential Plans and Autocad, Inventor 2009 and Pro Engineer lessons.
Resiprop Property Brokers	banking-products	Richards Bay, 3901	35789857; 0742991348				https://richards-bay.infoisinfo.co.za/card/resiprop-property-brokers/489447	-28.758953	32.044022	
SILVEY CHETTY BROKERS	banking-products	Richards Bay, 3900	035789583				https://richards-bay.infoisinfo.co.za/card/silvey-chetty-brokers/324544	-28.755262	32.044014	
P S I BROKERS	banking-products	Richards Bay, 3901	035753244				https://richards-bay.infoisinfo.co.za/card/p-s-i-brokers/329398	-28.780727	32.038284	
SANLAM FINANCIAL ADVISORY SERVICES	banking-products	Richards Bay, 3900	035901836				https://richards-bay.infoisinfo.co.za/card/sanlam-financial-advisory-services/323786	-28.780727	32.038284	
RB BEDHASIE TRUST (IT105/2009)	banking-products	Richards Bay, 3900	35789585				https://richards-bay.infoisinfo.co.za/card/rb-bedhasie-trust-it1052009/731746	-28.747869	32.048828	
ABSA BROKERS	banking-products	Richards Bay, 3900	035780514				https://richards-bay.infoisinfo.co.za/card/absa-brokers/218160	-28.780727	32.038284	
ALEXANDER FORBES INSURANCE	banking-products	Richards Bay, 3900	035780920				https://richards-bay.infoisinfo.co.za/card/alexander-forbes-insurance/219532	-28.753141	32.053242	
OLD MUTUAL	banking-products	Richards Bay, 3900	035780556				https://richards-bay.infoisinfo.co.za/card/old-mutual/296737	-28.749069	32.048992	
PRO-SURE INSURANCE BROKERS	banking-products	Richards Bay, 3900	82450435				https://richards-bay.infoisinfo.co.za/card/pro-sure-insurance-brokers/610424	-28.753407	32.066666	
Kefiloe K K Labour Brokers	banking-products	Richards Bay, 3900	35753271				https://richards-bay.infoisinfo.co.za/card/kefiloe-k-k-labour-brokers/553090	-28.741449	32.076027	
YOLI AND VUYO INVESTMENTS	banking-products	Richards Bay, 3900	82415971				https://richards-bay.infoisinfo.co.za/card/yoli-and-vuyo-investments/701851	-28.725542	32.042446	
ELANI FAULDS	banking-products	Richards Bay, 3901	035753142				https://richards-bay.infoisinfo.co.za/card/elani-faulds/250064	-28.780727	32.038284	
NAIDOO ANITA FINANCIAL CONSULTANTS	banking-products	Richards Bay, 3900	035789431				https://richards-bay.infoisinfo.co.za/card/naidoo-anita-financial-consultants/319137	-28.745955	31.902905	
Mr Sharp Labour Brokers	banking-products	Richards Bay, 3900	35908238				https://richards-bay.infoisinfo.co.za/card/mr-sharp-labour-brokers/724124	-28.750870	32.054729	
Wjm Insurance Brokers	banking-products	Richards Bay, 3900	35789901				https://richards-bay.infoisinfo.co.za/card/wjm-insurance-brokers/610381	-28.780727	32.038284	
Sthembizuzo Investment	banking-products	Richards Bay, 3900	35786160				https://richards-bay.infoisinfo.co.za/card/sthembizuzo-investment/614169	-28.734694	32.091499	
BONNY MARAJ INSURANCE BROKERS AND CONSULTANTS CC	banking-products	Richards Bay, 3900	035789341				https://richards-bay.infoisinfo.co.za/card/bonny-maraj-insurance-brokers-and-consultants-cc/211099	-28.749796	32.054211	
HENK MATHEE INSURANCE BROKERS	banking-products	Richards Bay, 3900	035789041				https://richards-bay.infoisinfo.co.za/card/henk-mathee-insurance-brokers/267304	-28.753407	32.066666	
Mavelas Insurance Brokers	banking-products	Richards Bay, 3887					https://richards-bay.infoisinfo.co.za/card/mavelas-insurance-brokers/674048	-28.791370	31.896360	
Fish Eagle Insurance Brokers	banking-products	Richards Bay, 3901					https://richards-bay.infoisinfo.co.za/card/fish-eagle-insurance-brokers/675789	-28.780727	32.038284	
SANLAM	banking-products	. Richards Bay . Kwazulu Natal . 3900	035789058				https://richards-bay.infoisinfo.co.za/card/sanlam/299615			
Jan De Wet Insurance Brokers	banking-products	Richards Bay, 3900					https://richards-bay.infoisinfo.co.za/card/jan-de-wet-insurance-brokers/702108	-28.780727	32.038284	
Stalion Labour Brokers	banking-products	Richards Bay, 3900	31767006				https://richards-bay.infoisinfo.co.za/card/stalion-labour-brokers/569318	-28.786594	32.094303	
Cash Converters Richards Bay	banking-services	Richards Bay, 3900	035 789 316		https://www.cashconverters.co.za		https://richards-bay.infoisinfo.co.za/card/cash-converters-richards-bay/766341	-28.752068	32.052608	Cash Converters is the world’s largest and trusted specialist in the buying and selling of second-hand goods, offering consumers the ability to buy and sell their items in a cheerful, modern retail environment.   Buying?   Visit Cash Converters
BAYPORT FINANCIAL SERVICES (PTY) LTD	banking-services	Richards Bay, 3900	035789190		https://www.bayport.co.za	https://www.facebook.com/BayportSA	https://richards-bay.infoisinfo.co.za/card/bayport-financial-services-pty-ltd/209820	-28.780727	32.038284	Bayport Financial Services was established in 2004 and has rapidly become one of the largest non-bank providers of unsecured credit and allied products in South Africa. Through our nationwide multifaceted distribution footprint we are able to
ABSA VEHICLE AND ASSET FINANCE	banking-products	. Richards Bay . Kwazulu Natal . 3900	086066966				https://richards-bay.infoisinfo.co.za/card/absa-vehicle-and-asset-finance/218183			
BETTER BOND	banking-services	Richards Bay, 3900	035789019		https://www.betterbond.co.za	https://www.facebook.com/BetterLifeHomeLoans/	https://richards-bay.infoisinfo.co.za/card/better-bond/223599	-28.753141	32.053242	BetterBond is the largest bond originator in South Africa, with more than 15 years’ experience in helping home owners purchase their dream homes. In this time, we have established preferential relationships with the country’s biggest banks, and
Regus - Richards Bay, Lakeview Terraces	banking-services	Richards Bay, 3900	+27 31 003 463		https://www.regus.com/en/za/4872	https://www.facebook.com/RegusGlobal	https://richards-bay.infoisinfo.co.za/card/regus-richards-bay-lakeview-terraces/809736	-28.7527354	32.0491582	Enjoy stunning harbour views as you work from the 4th floor of Lakeview Terraces. Located in the heart of Richards Bay Central&#39;s business district, this highly accessible building is conveniently located just a few minutes walk from the central
BRIDGE LOANS	banking-services	Richards Bay, 3900	035789974				https://richards-bay.infoisinfo.co.za/card/bridge-loans/211605	-28.780727	32.038284	
KZN Debt counsellors	banking-services	Richards Bay, 3901					https://richards-bay.infoisinfo.co.za/card/kzn-debt-counsellors/616133	-28.780727	32.038284	We restructure your debts into one affordable monthly payment and protect your belongings against repossessions. We provide help to people who find themselves in a financial predicament.
Platinum Properties	banking-services	Richards Bay, 3900	031-9037119		https://www.platinum-prop.co.za		https://richards-bay.infoisinfo.co.za/card/platinum-properties/447319	-28.780727	32.038284	The company also boasts a well established Rental Department. Our office is located in CBD, Richards Bay. Contact us now and let us make your dreams come true!!. Platinum Properties is a leading Real Estate Agency in the Richards Bay and Empangeni
BRIDGE LOANS	banking-services	Richards Bay, 3900	035796702		https://www.bridgeloans.co.za		https://richards-bay.infoisinfo.co.za/card/bridge-loans/225315	-28.780727	32.038284	
Marine Services Natal	banking-services	Richards Bay, 3900	35197940				https://richards-bay.infoisinfo.co.za/card/marine-services-natal/622139	-28.793268	32.077724	
J J Moolman Plant Hire	banking-services	Richards Bay, 3900	35751190				https://richards-bay.infoisinfo.co.za/card/j-j-moolman-plant-hire/522457	-28.746309	32.034374	
Richards Bay Crane Hire Services	banking-services	Richards Bay, 3900	35797381				https://richards-bay.infoisinfo.co.za/card/richards-bay-crane-hire-services/522475	-28.780727	32.038284	
Umhlathuzana Financial Services	banking-services	Richards Bay, 3900	35905318				https://richards-bay.infoisinfo.co.za/card/umhlathuzana-financial-services/675924	-28.780727	32.038284	
Partum Investments 137	banking-services	Richards Bay, 3900	35797596				https://richards-bay.infoisinfo.co.za/card/partum-investments-137/552270	-28.780727	32.038284	
L V S FINANCIAL SERVICES	banking-services	Richards Bay, 3900	35789878				https://richards-bay.infoisinfo.co.za/card/l-v-s-financial-services/674721	-28.780727	32.038284	
DAVEGLEN 688 INVESTMENTS	banking-services	Richards Bay, 3900	35789316				https://richards-bay.infoisinfo.co.za/card/daveglen-688-investments/578128	-28.752182	32.052380	
Towbar World	bar	Richards Bay, 3900					https://richards-bay.infoisinfo.co.za/card/towbar-world/440848	-28.780727	32.038284	Manufacturers of. Much more in-store specials. New ford ranger t6/ mazda bt50-combo nudge bar/rollbar mild steel R6500.stainless steel R7500. R2700. Specials- towbars  1ton all makes double tube with step. Products-artav-excalibur. Suppliers of
SPEEDY TYRE & FITMENT CENTRE	bar	Richards Bay, 3900	035789522		https://www.speedy.co.za		https://richards-bay.infoisinfo.co.za/card/speedy-tyre-fitment-centre/205343	-28.752668	32.046501	24 Hours Assistance *Shocks *Exhausts *Tow Bars *Batteries *Balancing *Suspension *Brakes *Rims *Wheel Alignment *Rim Straightening.
Essenwood Bottle Store	bar	Richards Bay, 3900	35789754				https://richards-bay.infoisinfo.co.za/card/essenwood-bottle-store/543773	-28.780727	32.038284	
Status Khumalo Restaurant And Bar	bar	Richards Bay, 3887	72237250				https://richards-bay.infoisinfo.co.za/card/status-khumalo-restaurant-and-bar/454175	-28.780727	32.038284	
Bay Plaza Liquors	bar	Richards Bay, 3900	35789771				https://richards-bay.infoisinfo.co.za/card/bay-plaza-liquors/485041	-28.780727	32.038284	
DU BAR 10	bar	Richards Bay, 3900	35789306; 0793383777				https://richards-bay.infoisinfo.co.za/card/du-bar-10/454269	-28.745600	32.082321	
DOCKSIDE SHACK	bar	Richards Bay, 3900	035788032				https://richards-bay.infoisinfo.co.za/card/dockside-shack/237939	-28.780727	32.038284	
HORSESHOE BAR & TAKE AWAY	bar	Richards Bay, 3900	035789199				https://richards-bay.infoisinfo.co.za/card/horseshoe-bar-take-away/269144	-28.753141	32.053242	
LUSH BOUTIQUE & COFFEE BAR	bar	Richards Bay, 3901	035753513				https://richards-bay.infoisinfo.co.za/card/lush-boutique-coffee-bar/205246	-28.781960	32.100498	
I Y N ENTERTAINMENT	bar	Richards Bay, 3900	35788001; 0793383777				https://richards-bay.infoisinfo.co.za/card/i-y-n-entertainment/368083	-28.780727	32.038284	
Du Bar 15	bar	Richards Bay, 3900	12541312				https://richards-bay.infoisinfo.co.za/card/du-bar-15/454198	-28.780727	32.038284	
Amys Sports Bar	bar	Richards Bay, 3900	12452322				https://richards-bay.infoisinfo.co.za/card/amys-sports-bar/454341	-28.780727	32.038284	
J R K BAR	bar	Richards Bay, 3900	56216340				https://richards-bay.infoisinfo.co.za/card/j-r-k-bar/454297	-28.780727	32.038284	
TRANSVAAL TRAINING	barber	Richards Bay, 3900	035786084; 0742991348		https://www.transvaaltraining.co.za		https://richards-bay.infoisinfo.co.za/card/transvaal-training/329854	-28.780727	32.038284	Transvaal Training brings together a team of dedicated professionals who share the common value of making a difference through people. We pride ourselves in our ability to create measured improvement of performance, productivity and profitability
Sorbet Salon	barber	Richards Bay, 3900	035789121		https://stores.salonssorbet.co.za/kwazulu-natal/richards-bay/boardwalk-inkwazi-shopping-centre-shop-u025?y_source=1_MjUwODg4OTUtODUxLWxvY2F0aW9uLndlYnNpdGU%3D	https://www.facebook.com/401799436955416	https://richards-bay.infoisinfo.co.za/card/sorbet-richards-bay/796401	-28.755287903744673	32.048898564816994	Sorbet Salon Richards Bay has an extensive menu that offers manicures and pedicures, massages, threading, tinting and waxing, finding a Sorbet Salon anywhere in the country should not be a problem. With trained, passionate, and dedicated citizens
Beauty Retreat Richards Bay	barber	Richards Bay, 3900					https://richards-bay.infoisinfo.co.za/card/beauty-retreat-richards-bay/373644	-28.765701	32.069153	Only clients who make bookings will be given first preference. I also offer services to beauty salons that need me for certain days    (eg: when their therapists are sick/on leave etc). I am a freelance/mobile beauty therapist who offer services
Richards bay and Empangeni	barber	Richards Bay, 3901	0785432058		https://sheik-ruj.wozaonline.co.za		https://richards-bay.infoisinfo.co.za/card/richards-bay-and-empangeni/347867	-28.766781	31.906034	“After 8 years of Suffering” we are now happy!. To get solutions. “I was shocked when she showed me accurately all my past problems and revealed that my husband was involved in a relationship with another lady. I highly recommend her to those
Simzhar Material Handling	barber	Richards Bay, 3900	+2781238607				https://richards-bay.infoisinfo.co.za/card/simzhar-material-handling/451058	-28.747320	32.033855	Simzhar Material HandlingSimzhar Material Handling are suppliers of Riggers and rigging equipment  Simzhar Material Handling also supplies crane hire.Simzhar Material Handling provide sales, services and inspections of lifting equipment to the
Cyntique Health And Skin Care Clinic	barber	Richards Bay, 3900	35550033; 0785432058				https://richards-bay.infoisinfo.co.za/card/cyntique-health-and-skin-care-clinic/373695	-28.780727	32.038284	
Lusa Health & Beauty	barber	Richards Bay, 3900	078 672 505				https://richards-bay.infoisinfo.co.za/card/lusa-health-beauty/353545	-28.769417	31.894941	Lusa health and Beauty offers a service of manicures and pedicures of Acrylic, Gel, Silk and fibre as well as eyelash extensions. It helps with rejuvination of the skin and makes it look younger. we also offer paraffin waxes for hand and feet. I
Richardsbay rigging Services	barber	Richards Bay, 3900	083349208				https://richards-bay.infoisinfo.co.za/card/richardsbay-rigging-services/773282	-28.740135	32.038280	Richardsbay rigging services supply qualified riggers and their assistance with tools to assist on rigging activities. We supply Rigging and tools to do the following;    Shutdowns  Breakdoiwns  stand by calls  Planned projects  reliever  Loading
BEAUTIQUE	barber	Richards Bay, 3901	035753116				https://richards-bay.infoisinfo.co.za/card/beautique/209956	-28.781816	32.101799	
Du Bar 16	bar	Richards Bay, 3900	35904422				https://richards-bay.infoisinfo.co.za/card/du-bar-16/454237	-28.780727	32.038284	
Zultrack Distributors	barber	. Richards Bay . Kwazulu Natal . 3900					https://richards-bay.infoisinfo.co.za/card/zultrack-distributors/581605			Suppliers of Lifting equipment and inspection of lifting equipment.
North Coast Cranes & Lifting	barber	. Meer En See. Richards Bay . Kwazulu Natal . 3901	35751186				https://richards-bay.infoisinfo.co.za/card/north-coast-cranes-lifting/615553			
Jcp Workwear And Lifting (durban)	barber	Richards Bay, 3900	35789633				https://richards-bay.infoisinfo.co.za/card/jcp-workwear-and-lifting-durban/658728	-28.780727	32.038284	
Gelmar Richards Bay   Hardware in Richards Bay	bathroom	Town Square Mall, Shop 1 Bullion Blvd Richards Bay Bullion Blvd. Richards Bay . Kwazulu Natal . 3900	035940103		https://www.gelmar.co.za/?utm_source=yext&utm_medium=referral&utm_campaign=Richards_Bay&utm_content=shop+now	https://www.facebook.com/1215372021657160	https://richards-bay.infoisinfo.co.za/card/gelmar-richards-bay/812345	-28.746408348150958	32.05093399699987	
Wellnessforsure.com	barber	Richards Bay, 3900			https://www.wellnessforsure.com		https://richards-bay.infoisinfo.co.za/card/wellnessforsure-com/392255	-28.780727	32.038284	Your Health is your wealth. Our Products - Our commitment to the highest scientific and safety standards in the product development and manufacturing is an integral part of our mission for nutrition. We change people's lives by providing the best
Champion Cosmetics	barber	Richards Bay, 3900	35789644				https://richards-bay.infoisinfo.co.za/card/champion-cosmetics/361223	-28.780727	32.038284	
East Coast Plumbing	bathroom	Richards Bay, 3900					https://richards-bay.infoisinfo.co.za/card/east-coast-plumbing/436250	-28.759775	32.041073	Est. 1996. Qualified, from new houses to alterations, SA. We do most types of plumbing installations, member or Institute of Plumbing, Registered, burst geysers and industrial plumbing.
Sibusiso Trading Enterprise (PTY) LTD	bathroom	Richards Bay, 3900	073 829 049	sibusiso.trading@gmail.com			https://richards-bay.infoisinfo.co.za/card/sibusiso-trading-enterprise-pty-ltd/422844	-28.780727	32.038284	Plumbing maintanance, pipes fixing, drains and building constructions. Call for help and we will fly with low prices.
Pipeline Plumbers	bathroom	Richards Bay, 3900					https://richards-bay.infoisinfo.co.za/card/pipeline-plumbers/352828	-28.737600	32.094234	Pipeline Plumbers has been a recognized name in the Richardsbay/Empangeni plumbing industry for over 20 years. Pipeline Plumbers carry a range of plumbing tools to suit every plumbing task great or small. Pipeline Plumbers are a renowned
Reelin Bearings (richards Bay)	bearing	Richards Bay, 3900	35789065				https://richards-bay.infoisinfo.co.za/card/reelin-bearings-richards-bay/616808	-28.750231	32.048191	
Jeneesh Image & Beauty	beauty	Richards Bay, 3901	082 499 622		https://www.jeneesh.co.za		https://richards-bay.infoisinfo.co.za/card/jeneesh-image-beauty/358672	-28.780727	32.038284	We also do bridal packages and business ettiquette.We can show you what colours and style to wear to suit you best. Wearing the right combinations and colours will make you look younger, vibrant and definitely create room for more complimants to
RB BELTING AND BEARINGS	bearing	Richards Bay, 3900	35789065				https://richards-bay.infoisinfo.co.za/card/rb-belting-and-bearings/581743	-28.780727	32.038284	
Aardvark Plumbing Services	bathroom	. Richards Bay . Kwazulu Natal . 3900	072 123 875; 072 123 8756				https://richards-bay.infoisinfo.co.za/card/aardvark-plumbing-services/346582			We offer Guaranteed Workmanship. We offer the following Excellent Services:. Don't hesitate to Call 072 123 8756. Aardvark Plumbing Services is the best plumbers you will ever use!. We Service areas in Richards Bay, Empangeni, Mtubatuba and
Mpower Bearings	bearing	Richards Bay	+27 35 751118		https://www.mpowerbearings.co.za		https://richards-bay.infoisinfo.co.za/card/mpower-bearings/421400	-28.750608	32.024075	We are responsible for the sales and marketing of the Timken product range, which includes the Torrington and Fafnir range of bearings, Bearing Heaters, Bearing Fitting Tools, Bearing Pullers, Grease Point Lubricators and Grease for various
E & X MAINTENANCE AND RENOVATION	bathroom-remodeller	Richards Bay, 3900	2782572012				https://richards-bay.infoisinfo.co.za/card/e-x-maintenance-and-renovation/800943	-28.7650701	32.0726701	E & X Maintenence and Renovation strives to give the best customer service. At E & X Maintenance and Renovation we offer qualified builderrs, electricians and plumbers to assist in any problem you might face. E & X Maintenance and Renovation also
Solange T Couture	beauty	. Meer En See. Richards Bay . Kwazulu Natal . 3901	0027 71 558 328		https://www.solangetcouture.com		https://richards-bay.infoisinfo.co.za/card/solange-t-couture/415669			We pride ourselves by the quality of our neat work; know which colour, fabric quality and stitch is right for a particular design. We have passion for style and beauty and Solange T Couture is rooted on that to make you look stylish and beautiful
Mosaic Beauty Salon And Distributors	beauty	Richards Bay, 3900	11769130				https://richards-bay.infoisinfo.co.za/card/mosaic-beauty-salon-and-distributors/438817	-28.765970	32.120968	
IMAGES HAIR & BEAUTY SALON	beauty	Richards Bay, 3900	035789804				https://richards-bay.infoisinfo.co.za/card/images-hair-beauty-salon/273850	-28.753141	32.053242	
HEALTH & BEAUTY CENTRE	beauty	Richards Bay, 3900	035789017				https://richards-bay.infoisinfo.co.za/card/health-beauty-centre/257922	-28.749069	32.048992	
EGOLI BEAUTY & DAY SPA	beauty	Richards Bay, 3900	035789790				https://richards-bay.infoisinfo.co.za/card/egoli-beauty-day-spa/249825	-28.753407	32.066666	
RADIANCE HAIR & BEAUTY TEAM	beauty	Richards Bay, 3900	035789303				https://richards-bay.infoisinfo.co.za/card/radiance-hair-beauty-team/295358	-28.734900	32.063858	
SKINCARE INTERNATIONAL	beauty	Richards Bay, 3900	035789577				https://richards-bay.infoisinfo.co.za/card/skincare-international/340550	-28.752506	32.053516	
The Nail And Body Edge	beauty-and-aesthetics	Richards Bay, 3900	34982284				https://richards-bay.infoisinfo.co.za/card/the-nail-and-body-edge/692555	-28.777075	31.902678	
SALON DHUNSAB	beauty	Richards Bay, 3900	035789348				https://richards-bay.infoisinfo.co.za/card/salon-dhunsab/335030	-28.753141	32.053242	
ROYAL PELICAN	bed-and-breakfast	Richards Bay, 3901	035753171		https://www.royalpelican.co.za		https://richards-bay.infoisinfo.co.za/card/royal-pelican/334666	-28.787182	32.092293	Bed & Breakfast Overview Royal Pelican is situated in the main road of Richards Bay. The Bed & Breakfast accommodation is situated in a magnificently graceful garden with braai areas and swimmingpool. Dinners, lunch packs and washing services are
NOMUSAS BED AND BREAKFAST	bed-and-breakfast	Richards Bay, 3900	035786153				https://richards-bay.infoisinfo.co.za/card/nomusas-bed-and-breakfast/282059	-28.736168	32.061367	
RICHARDS BAY LODGE	bed-and-breakfast	Richards Bay, 3900	035789208				https://richards-bay.infoisinfo.co.za/card/richards-bay-lodge/305246	-28.735785	32.058853	
HILTON GARDENS B&B	bed-and-breakfast	. Richards Bay . Kwazulu Natal . 3900	035789086		https://www.hiltongardens.co.za	https://www.facebook.com/pages/Richards-Bay/Yacht-Sweet-Waters/166836190988?ref=mf	https://richards-bay.infoisinfo.co.za/card/hilton-gardens-bb/263444			Your comfort is our business: our mission is to provide you, our valued client, with the best possible service and personal attention to detail. Fish and Foxtail Fish and Foxtail is a lovely double-storey, two bedroom, self catering holiday home and
UMQHELE B & B	bed-and-breakfast	Richards Bay, 3900	035789715				https://richards-bay.infoisinfo.co.za/card/umqhele-b-b/310936	-28.763821	32.065674	
Ushaka Bed And Breakfast	bed-and-breakfast	Richards Bay, 3900	35902249				https://richards-bay.infoisinfo.co.za/card/ushaka-bed-and-breakfast/406550	-28.741899	32.064209	
MZINGAZI LAKE B&B	bed-and-breakfast	. Richards Bay . Kwazulu Natal . 3900	035786179				https://richards-bay.infoisinfo.co.za/card/mzingazi-lake-bb/296767			
Hillton Manor Guesthouse	bed-and-breakfast	. Meer En See. Richards Bay . Kwazulu Natal . 3901			https://www.hilltonmanor.co.za		https://richards-bay.infoisinfo.co.za/card/hillton-manor-guesthouse/428676			Welcome to Hillton Manor guesthouse in the culturally rich area of Richards Bay in Kwazulu natal.
BENGUELA B & B	bed-and-breakfast	Richards Bay, 3901	035753324				https://richards-bay.infoisinfo.co.za/card/benguela-b-b/210178	-28.784149	32.091930	
MARLIN MAGIX FISHING CHARTERS	boat	Richards Bay, 3900		marlinmagix@gmail.com	https://www.marlinmagix.co.za		https://richards-bay.infoisinfo.co.za/card/marlin-magix-fishing-charters/357034	-28.780727	32.038284	We do bottom fishing, harbor sunset cruises corporate team building, birthdays or any specialised function you would like. marlinmagix@gmail.com. We are a family run Fishing Charter Business out of Tuzi Gazi Waterfront Richards Bay. contact us for
Ubuntu Partitions & Ceilings	blinds	Richards Bay, 3900					https://richards-bay.infoisinfo.co.za/card/ubuntu-partitions-ceilings/445061	-28.780727	32.038284	Ubuntu Partitions & Ceilings have the answer to to all your interior, exterior and spatial needs. Ubuntu Partitions & Ceilings operates from Richards Bay providing a service to KZN and beyond. This ensures that Ubuntu Partitions & Ceilings operate
MOSTWANTED FIBERGLASS	boat	Richards Bay, 3901	0357531846				https://richards-bay.infoisinfo.co.za/card/mostwanted-fiberglass/418701	-28.778109	32.119976	I can do anything from fixing up small model type aero plains to some of the biggest boats so far in.
LEZMIN 1842	boat	Richards Bay, 3900	35788034				https://richards-bay.infoisinfo.co.za/card/lezmin-1842/638902	-28.780727	32.038284	
ANGLERS BOATS AND FISHERIES	boat	Richards Bay, 3900	35788097				https://richards-bay.infoisinfo.co.za/card/anglers-boats-and-fisheries/705746	-28.780727	32.038284	
FULL MONTY CHARTERS THE	boat	. Richards Bay . Kwazulu Natal . 3900	083771727		https://www.thefullmontycharters.co.za		https://richards-bay.infoisinfo.co.za/card/full-monty-charters-the/264002			About Us The Full Monty operate from the port of Richards Bay (Richards Bay Ski Boat Club), an area with an unmatched fishing diversity ranging from Bottom fishing and the smaller game fish like Queen Mackerel, King Mackerel and Wahoo to Big Game
Port Sail	boat	. Richards Bay . Kwazulu Natal . 3900			https://www.portsail.co.za		https://richards-bay.infoisinfo.co.za/card/port-sail/428812			
SUPER SPAR LIQUOR STORE	bottles	Richards Bay, 3900	035789639		https://www.spar.co.za		https://richards-bay.infoisinfo.co.za/card/super-spar-liquor-store/337252	-28.753141	32.053242	
TOPS AT SPAR	bottles	Richards Bay, 3900	035789754		https://www.topsatspar.co.za		https://richards-bay.infoisinfo.co.za/card/tops-at-spar/342759	-28.753407	32.066666	
TOPS AT SPAR	bottles	Richards Bay, 3901	035753268		https://www.topsatspar.co.za		https://richards-bay.infoisinfo.co.za/card/tops-at-spar/342762	-28.776821	32.112148	
CHEERS LIQUORS CC	bottles	Richards Bay, 3900	035789366				https://richards-bay.infoisinfo.co.za/card/cheers-liquors-cc/229201	-28.780727	32.038284	
GENUINE LIQUORS	bottles	Richards Bay, 3900	035789204				https://richards-bay.infoisinfo.co.za/card/genuine-liquors/267671	-28.780727	32.038284	
C B D LIQUOR STORE	bottles	Richards Bay, 3900	035789028				https://richards-bay.infoisinfo.co.za/card/c-b-d-liquor-store/317818	-28.745127	32.050652	
Nembula Bottle Store	bottles	Richards Bay, 3887	82370499				https://richards-bay.infoisinfo.co.za/card/nembula-bottle-store/484663	-28.780727	32.038284	
BAY PLAZA LIQUORS	bottles	Richards Bay, 3900	035789771				https://richards-bay.infoisinfo.co.za/card/bay-plaza-liquors/222843	-28.780727	32.038284	
TUZI GAZI LIQUOR STORES	bottles	Richards Bay, 3900	035788011				https://richards-bay.infoisinfo.co.za/card/tuzi-gazi-liquor-stores/330393	-28.780727	32.038284	
PICK AND PAY LIQUOR	bottles	Richards Bay, 3901	035753810				https://richards-bay.infoisinfo.co.za/card/pick-and-pay-liquor/289820	-28.783133	32.106087	
P C LIQUORS	bottles	Richards Bay, 3900	035798296				https://richards-bay.infoisinfo.co.za/card/p-c-liquors/285254	-28.780727	32.038284	
Meerensee Bottle Store	bottles	Richards Bay, 3901	35753268				https://richards-bay.infoisinfo.co.za/card/meerensee-bottle-store/683792	-28.780727	32.038284	
BRAKENHAM PRE-PRIMARY SCHOOL	brakes	Richards Bay, 3900	035798167; 0742991348				https://richards-bay.infoisinfo.co.za/card/brakenham-pre-primary-school/225114	-28.724228	32.041916	
BRAKENHAM PRIMARY SCHOOL	brakes	Richards Bay, 3900	035798120; 0742991348				https://richards-bay.infoisinfo.co.za/card/brakenham-primary-school/211464	-28.723167	32.042362	
SIMPLY SMART	boutique	Richards Bay, 3900	035789816				https://richards-bay.infoisinfo.co.za/card/simply-smart/310276	-28.753141	32.053242	
TOP AT SPAR	bottles	Richards Bay, 3900	035789110				https://richards-bay.infoisinfo.co.za/card/top-at-spar/308861	-28.780727	32.038284	
Elephant and I  Restaurant	breakfast	Richards Bay, 3900					https://richards-bay.infoisinfo.co.za/card/elephant-and-i-restaurant/558782	-28.780727	32.038284	With a passion for food and coffee, a passion for people, a passion for service and a passion for excellence, the Elephant and I Coffee Shop and Restaurant has served the Richards Bay and Zululand community and its visitors since 1994.The Elephant
Ubuciko Builders	builders	Richards Bay, 3900					https://richards-bay.infoisinfo.co.za/card/ubuciko-builders/353102	-28.781500	32.098789	We are a Civil and Building Construction Company. We set out the site, kitchen, including bathrooms, plaster the walls and paint everything once done. We are BEE Registered and do pay our VAT. We do alterations to homes, put up the roof, build on
Skhulanathi Construction And Cleaning Suppliers	builders	Richards Bay, 3900	31569475				https://richards-bay.infoisinfo.co.za/card/skhulanathi-construction-and-cleaning-suppliers/629049	-28.712780	32.038342	
BUILDERS TRADE DEPOT - RICHARDS BAY	builders	Richards Bay, 3900	035789865		https://www.builders.co.za		https://richards-bay.infoisinfo.co.za/card/builders-trade-depot-richards-bay/225765	-28.751387	32.046162	
GRUNTER CONSTRUCTION	builders	Richards Bay, 3901	35753289				https://richards-bay.infoisinfo.co.za/card/grunter-construction/635859	-28.791958	32.093285	
RICHMIX RICHARDS BAY	builders	Richards Bay, 3900	035751230				https://richards-bay.infoisinfo.co.za/card/richmix-richards-bay/213421	-28.740515	32.034351	Richmix is a producer of readymix concrete in Richards Bay. We offer different ranges of concrete mixes which are deemed to be best-cost solutions for specific building uses. Richmix also caters for small quantities for the residential builder. A
Interseal	builders	. Meer En See. Richards Bay . Kwazulu Natal . 3901	083 653 742				https://richards-bay.infoisinfo.co.za/card/interseal/371853			We specialise in roofing, ceilings, small building jobs, tiling, painting, general maintenance, torch on systems, damp proofing, etc.
M T M PLUMBERS	builders	Richards Bay, 3900	35789678				https://richards-bay.infoisinfo.co.za/card/m-t-m-plumbers/631467	-28.753992	32.043823	
Khulamini Engineering And Transport Services	builders	Richards Bay, 3900	35902736				https://richards-bay.infoisinfo.co.za/card/khulamini-engineering-and-transport-services/661801	-28.780727	32.038284	
Umkhumbi Plant Hire	builders	Richards Bay, 3900	35789860				https://richards-bay.infoisinfo.co.za/card/umkhumbi-plant-hire/702344	-28.956558	31.752926	
Etk Construction	builders	Richards Bay, 3900	35797329				https://richards-bay.infoisinfo.co.za/card/etk-construction/730221	-28.763060	32.006569	
Khethuzama Construction And Maintenance Services	builders	Richards Bay, 3887	31765190				https://richards-bay.infoisinfo.co.za/card/khethuzama-construction-and-maintenance-services/584907	-28.780727	32.038284	
Jacohn Building Construction	builders	Richards Bay, 3900	35905325				https://richards-bay.infoisinfo.co.za/card/jacohn-building-construction/589122	-28.750231	32.048191	
Silondiwe Construction And Maintenance Services	builders	Richards Bay, 3900	35798104				https://richards-bay.infoisinfo.co.za/card/silondiwe-construction-and-maintenance-services/584912	-28.716957	32.036171	
R N F Industrial Services	builders	Richards Bay, 3900	35789104				https://richards-bay.infoisinfo.co.za/card/r-n-f-industrial-services/495879	-28.780727	32.038284	
Dladlama Construction And Caterers	builders	Richards Bay, 3887	35772631				https://richards-bay.infoisinfo.co.za/card/dladlama-construction-and-caterers/444440	-28.780727	32.038284	
Ntulini Construction And Project Management	builders	Richards Bay, 3887	35792378				https://richards-bay.infoisinfo.co.za/card/ntulini-construction-and-project-management/607163	-28.780727	32.038284	
Nomazo General Contractor	builders	Richards Bay, 3887	12319100				https://richards-bay.infoisinfo.co.za/card/nomazo-general-contractor/737257	-28.780727	32.038284	
Easter Boy Construction And Cleaning Services	builders	Richards Bay, 3900	35908371				https://richards-bay.infoisinfo.co.za/card/easter-boy-construction-and-cleaning-services/459682	-28.780727	32.038284	
Dej Construction	builders	Richards Bay, 3901	35753570				https://richards-bay.infoisinfo.co.za/card/dej-construction/732505	-28.764881	32.117317	
Dos Designer Building Contractors	builders	Richards Bay, 3900	17616247				https://richards-bay.infoisinfo.co.za/card/dos-designer-building-contractors/647008	-28.742607	32.064152	
Hencor Panelbuilders And Industrial Supplies	builders	Richards Bay, 3900	35999262				https://richards-bay.infoisinfo.co.za/card/hencor-panelbuilders-and-industrial-supplies/696446	-28.780727	32.038284	
Francois Du Plessis Construction Services	builders	Richards Bay, 3900	18297037				https://richards-bay.infoisinfo.co.za/card/francois-du-plessis-construction-services/730224	-28.780727	32.038284	
Danper Construction	builders	Richards Bay, 3900	35789880				https://richards-bay.infoisinfo.co.za/card/danper-construction/635850	-28.780727	32.038284	
Venancia Construction And Cleaning Services	builders	Richards Bay, 3887	35796426				https://richards-bay.infoisinfo.co.za/card/venancia-construction-and-cleaning-services/459708	-28.780727	32.038284	
Biyanathi Fence And Builders Construction	builders	Richards Bay, 3887	35797354				https://richards-bay.infoisinfo.co.za/card/biyanathi-fence-and-builders-construction/757088	-28.780727	32.038284	
Isu Elisha Construction Projects	builders	Richards Bay, 3900	35908926				https://richards-bay.infoisinfo.co.za/card/isu-elisha-construction-projects/686834	-28.780727	32.038284	
Inkentshane Construction And Cleaning Services	builders	Richards Bay, 3887	35796801				https://richards-bay.infoisinfo.co.za/card/inkentshane-construction-and-cleaning-services/459730	-28.780727	32.038284	
Mumu And Dudu Construction Services	builders	Richards Bay, 3887	35796463				https://richards-bay.infoisinfo.co.za/card/mumu-and-dudu-construction-services/757090	-28.780727	32.038284	
Tinini General Engineering Service	builders	Richards Bay, 3887	35797612				https://richards-bay.infoisinfo.co.za/card/tinini-general-engineering-service/566063	-28.780727	32.038284	
Tenj Construction Projects	builders	Richards Bay, 3900	35902330				https://richards-bay.infoisinfo.co.za/card/tenj-construction-projects/686833	-28.780727	32.038284	
Ldg Civils And Building	builders	Richards Bay, 3900	35789831				https://richards-bay.infoisinfo.co.za/card/ldg-civils-and-building/632487	-28.746675	32.063324	
Somngani General Construction	builders	Richards Bay, 3900	35751188				https://richards-bay.infoisinfo.co.za/card/somngani-general-construction/586752	-28.780727	32.038284	
Richardsbay Emergency Electrical Contractors	builders	Richards Bay, 3900	35789843				https://richards-bay.infoisinfo.co.za/card/richardsbay-emergency-electrical-contractors/561774	-28.780727	32.038284	
Ntandoyethu Construction And Maintenance Services	builders	Richards Bay, 3900	35798109				https://richards-bay.infoisinfo.co.za/card/ntandoyethu-construction-and-maintenance-services/584908	-28.750990	32.044830	
Fmc Engineers	builders	Richards Bay, 3901	12440768				https://richards-bay.infoisinfo.co.za/card/fmc-engineers/757305	-28.751566	32.025158	
Izandphla Building And Construction	builders	Richards Bay, 3900	35788017				https://richards-bay.infoisinfo.co.za/card/izandphla-building-and-construction/634919	-28.789654	32.095276	
Coe- Mto Construction	builders	Richards Bay, 3900	82806394				https://richards-bay.infoisinfo.co.za/card/coe-mto-construction/434170	-28.736774	32.061646	
Dumished Specialist Construction And Services	builders	Richards Bay, 3887	35789256				https://richards-bay.infoisinfo.co.za/card/dumished-specialist-construction-and-services/620383	-28.780727	32.038284	
B A Mbatha Construction	builders	Richards Bay, 3887	35796223				https://richards-bay.infoisinfo.co.za/card/b-a-mbatha-construction/636236	-28.780727	32.038284	
Mnjonjo Building Construction	builders	Richards Bay, 3887	35793343				https://richards-bay.infoisinfo.co.za/card/mnjonjo-building-construction/585365	-28.780727	32.038284	
D M E Construction	builders	Richards Bay, 3900	35197411				https://richards-bay.infoisinfo.co.za/card/d-m-e-construction/631375	-28.780727	32.038284	
Tss Engineering	builders	Richards Bay, 3900	16349268				https://richards-bay.infoisinfo.co.za/card/tss-engineering/632572	-28.780727	32.038284	
DOONITA PROPERTIES	builders	Richards Bay, 3900	35789872; 031-9037119				https://richards-bay.infoisinfo.co.za/card/doonita-properties/569410	-28.780727	32.038284	
Linberg Civil Contractors	builders	Richards Bay, 3900	35789045				https://richards-bay.infoisinfo.co.za/card/linberg-civil-contractors/431576	-28.780727	32.038284	
Khanyo And Noku Construction And Cleaning Services	builders	Richards Bay, 3900	35906761				https://richards-bay.infoisinfo.co.za/card/khanyo-and-noku-construction-and-cleaning-services/459706	-28.719776	32.037376	
Eyabesuthu Construction And Cleaning Services	builders	Richards Bay, 3900	35772291				https://richards-bay.infoisinfo.co.za/card/eyabesuthu-construction-and-cleaning-services/459673	-28.780727	32.038284	
Dittrich Building Contractors And Investments	builders	Richards Bay, 3900	35797356				https://richards-bay.infoisinfo.co.za/card/dittrich-building-contractors-and-investments/635555	-28.780727	32.038284	
Njomane Construction	builders	Richards Bay, 3887	35751188				https://richards-bay.infoisinfo.co.za/card/njomane-construction/737256	-28.760574	31.889093	
Sinothile Engineering Services	builders	Richards Bay, 3900	35197351				https://richards-bay.infoisinfo.co.za/card/sinothile-engineering-services/737805	-28.780727	32.038284	
Zikode Cleaning Services	builders	Richards Bay, 3900	35795158				https://richards-bay.infoisinfo.co.za/card/zikode-cleaning-services/459712	-28.791370	31.896360	
Kleyten Enterprises	builders	Richards Bay, 3900	35789359				https://richards-bay.infoisinfo.co.za/card/kleyten-enterprises/730222	-28.764948	32.060326	
VUKANATHI CONSTRUCTION	builders	Richards Bay, 3901	35753570				https://richards-bay.infoisinfo.co.za/card/vukanathi-construction/730219	-28.780727	32.038284	
Indweba Engineering And Civil Works	builders	Richards Bay, 3887	35908808				https://richards-bay.infoisinfo.co.za/card/indweba-engineering-and-civil-works/757101	-28.780727	32.038284	
Thanda Civil Engineering	builders	Richards Bay, 3887	35797940				https://richards-bay.infoisinfo.co.za/card/thanda-civil-engineering/745369	-28.780727	32.038284	
Kuneneson General Construction Projects	builders	Richards Bay, 3900	18381244				https://richards-bay.infoisinfo.co.za/card/kuneneson-general-construction-projects/586564	-28.780727	32.038284	
Friedrich Property	builders	Richards Bay, 3900	35789878				https://richards-bay.infoisinfo.co.za/card/friedrich-property/491035	-28.780727	32.038284	
Black And White Building And Plumbing	builders	Richards Bay, 3900	35198674				https://richards-bay.infoisinfo.co.za/card/black-and-white-building-and-plumbing/567240	-28.751669	32.046211	
Mike And Son Building And Design Development	builders	Richards Bay, 3887	35789637				https://richards-bay.infoisinfo.co.za/card/mike-and-son-building-and-design-development/726686	-28.780727	32.038284	
Mdina Cleaning Services	builders	Richards Bay, 3887	35751135				https://richards-bay.infoisinfo.co.za/card/mdina-cleaning-services/459700	-28.780727	32.038284	
Sifiso Sami Automation And Electrical	builders	Richards Bay, 3887	35772015				https://richards-bay.infoisinfo.co.za/card/sifiso-sami-automation-and-electrical/757089	-28.780727	32.038284	
B B S BUILDERS MERCHANTS	builders	Richards Bay, 3900	035789764				https://richards-bay.infoisinfo.co.za/card/b-b-s-builders-merchants/221894	-28.754166	32.045029	
Nhanombe Construction And Generalsupplier	builders	Richards Bay, 3900	35789537				https://richards-bay.infoisinfo.co.za/card/nhanombe-construction-and-generalsupplier/757302	-28.737446	32.048031	
Emantungweni Construction	builders	Richards Bay, 3887	35796303				https://richards-bay.infoisinfo.co.za/card/emantungweni-construction/757098	-28.860403	31.928823	
Phumasizwe Construction	builders	Richards Bay, 3900	35580132				https://richards-bay.infoisinfo.co.za/card/phumasizwe-construction/757307	-28.780727	32.038284	
Umvuzo Construction	builders	Richards Bay, 3900	35902614				https://richards-bay.infoisinfo.co.za/card/umvuzo-construction/757310	-28.780727	32.038284	
Gwayami Constructions	builders	Richards Bay, 3901	35789135				https://richards-bay.infoisinfo.co.za/card/gwayami-constructions/757314	-28.780727	32.038284	
Thaphiwe Construction And Projects	builders	Richards Bay, 3887	35796412				https://richards-bay.infoisinfo.co.za/card/thaphiwe-construction-and-projects/757092	-28.780727	32.038284	
Sifundani Construction	builders	Richards Bay, 3900	35753568				https://richards-bay.infoisinfo.co.za/card/sifundani-construction/757313	-28.764900	32.115780	
ZIBSTECH GROUP (PTY) Ltd   Plumbing in Richards Bay	building-construction	1699 Qhakaza street. Esikhawini. Richards Bay . Kwazulu Natal . 1699	067131685				https://richards-bay.infoisinfo.co.za/card/zibstech-group-pty-ltd/800734	-26.198491534526536	28.034974358398486	
BV Sheeting t/a BV Projects	building-construction	Richards Bay, 3900			https://www.bvsheeting.co.za		https://richards-bay.infoisinfo.co.za/card/bv-sheeting-ta-bv-projects/371872	-28.732939	32.037487	At BV Projects we specialize in all the roofing services you need to protect your residential, commercial and industrial property investment. We make sure that repairs and coatings are done using materials that are compatible with the existing roof.
Mazizamele Construction	builders	Richards Bay, 3900	35795137				https://richards-bay.infoisinfo.co.za/card/mazizamele-construction/757301	-28.716730	32.036064	
ACBC Painting and Renovations (Pty) Ltd.   Painting in Richards Bay	building-construction	33, Bauxite Bay. Alton. Richards Bay . Kwazulu Natal . 3900	035 797 306			https://www.facebook.com/ACBCpaintingandrenovations1	https://richards-bay.infoisinfo.co.za/card/acbc-painting-and-renovations-pty-ltd/761304	-28.751444	32.016247	
Dubumthunzi Construction And Maintenance	builders	Richards Bay, 3900	35337483				https://richards-bay.infoisinfo.co.za/card/dubumthunzi-construction-and-maintenance/757309	-28.780727	32.038284	
DNA Pools and Projects	building-construction	Richards Bay, 3901	060528044		https://www.facebook.com/536290659910086/posts/1592043194334822/	https://www.facebook.com/536290659910086	https://richards-bay.infoisinfo.co.za/card/dna-pools-and-projects/793078	-28.78090199999999	32.1112899	Swimming pool Construction and Renovations.  Re-Marbelite and Fiberglass surfaces.   Services and Maintenance weekly includes chemicals.   Repairs and Reticulation.   Paving and tiling pool areas.  Pool equipment supplier.
Bingelela Consulting Professionals	building-construction	Richards Bay, 3901	035 753458		https://www.bingelela.com		https://richards-bay.infoisinfo.co.za/card/bingelela-consulting-professionals/545529	-28.780727	32.038284	It is the policy of this Company to ensure that its clients receive the optimum advantage in terms of time and money spent on any of the projects in which this firm is involved.  Direct personal commitment and involvement by all of the firm's
SSE Designs	building-construction	Richards Bay, 3901	035-753 521		https://www.ssedesigns.com		https://richards-bay.infoisinfo.co.za/card/sse-designs/423057	-28.780727	32.038284	COMPANY VISIONTo. engineered to meet performance and implementation criteria.COMPANY MISSIONOur mission is to:    Provide considered, motivated professionals. provide technology appropriate solutions to our industrial customers, using skilled,
TRASNET CAPITAL PROJECTS	building-construction	Richards Bay, 3900	035905356				https://richards-bay.infoisinfo.co.za/card/trasnet-capital-projects/329860	-28.780727	32.038284	
Coalfields Supplies And Service (Pty)Ltd.	building-construction	Richards Bay, 3900					https://richards-bay.infoisinfo.co.za/card/coalfields-supplies-and-service-ptyltd/562105	-28.780727	32.038284	We specialize in, engineering and fabrication of any steel workwe also have electrical company in our groupand industrial supplies company.
IntercivilProjects	building-construction	Richards Bay, 3900	086 558 4926	klwaterproofing@gmail.com			https://richards-bay.infoisinfo.co.za/card/intercivilprojects/385186	-28.737600	32.094234	"INTER CIVIL PROJECTS has carefully selected and screened properly trained and experienced staff and management with experience exceeding 35 years.The company’s vision has always been to be ""THE BEST"" in what we do and NOT just another company"
Brick and Block Xpress	building-construction	Richards Bay, 3900					https://richards-bay.infoisinfo.co.za/card/brick-and-block-xpress/458973	-28.750608	32.024075	Brick and Block Xpress specializes in the manufacture of cement bricks according to SABS standards. Our Company structure enables management to have a complete hands-on role in the manufacturing process, all the way from production to after-sales,
EMPACC South Africa   Fencing in Richards Bay	building-construction	Sole Sands. Meer En See. Richards Bay . Kwazulu Natal . 3901	081081532; 0810815320				https://richards-bay.infoisinfo.co.za/card/empacc-south-africa/770280	-28.767553	32.122822	
THETHA MULTI SERVICES	building-construction	Richards Bay, 3900	035786078				https://richards-bay.infoisinfo.co.za/card/thetha-multi-services/328895	-28.735527	32.076477	
ISIGUBHU CIVILS	building-construction	Richards Bay, 3900	072211132				https://richards-bay.infoisinfo.co.za/card/isigubhu-civils/277748	-28.760948	32.063858	
EXEC CONSTRUCTION (PTY) LTD	building-construction	Richards Bay, 3900	035751232				https://richards-bay.infoisinfo.co.za/card/exec-construction-pty-ltd/252687	-28.780727	32.038284	
AFRICA CIVIL AND BUILDING CONSTRUCTION	building-construction	Richards Bay, 3900	035753570				https://richards-bay.infoisinfo.co.za/card/africa-civil-and-building-construction/218809	-28.751444	32.016247	
KLEYTEN ENTERPRISES	building-construction	Richards Bay, 3900	035786000				https://richards-bay.infoisinfo.co.za/card/kleyten-enterprises/279229	-28.735168	32.083904	
BHEKWELL CONSTRUCTION AND SCAFFOLDING	building-construction	Richards Bay, 3900	035797368				https://richards-bay.infoisinfo.co.za/card/bhekwell-construction-and-scaffolding/223710	-28.750608	32.024075	
I S C COASTAL CONSTRUCTION (PTY) LTD	building-construction	Richards Bay, 3900	035751189				https://richards-bay.infoisinfo.co.za/card/i-s-c-coastal-construction-pty-ltd/273279	-28.780727	32.038284	
L D G CIVILS & BUILDING	building-construction	Richards Bay, 3901	035753324				https://richards-bay.infoisinfo.co.za/card/l-d-g-civils-building/286100	-28.782681	32.095531	
Mgekxolo Building Construction	building-construction	Richards Bay, 3900	35753830				https://richards-bay.infoisinfo.co.za/card/mgekxolo-building-construction/585487	-28.780727	32.038284	
DLABANE CONSTRUCTION	building-construction	Richards Bay, 3900	35798965				https://richards-bay.infoisinfo.co.za/card/dlabane-construction/635244	-28.752934	32.045135	
Maleningis Construction	building-construction	Richards Bay, 3901					https://richards-bay.infoisinfo.co.za/card/maleningis-construction/637259	-28.780727	32.038284	
Sukumani Building Construction	building-construction	Richards Bay, 3900					https://richards-bay.infoisinfo.co.za/card/sukumani-building-construction/587875	-28.780727	32.038284	
D M Nell Construction	building-construction	Richards Bay, 3900					https://richards-bay.infoisinfo.co.za/card/d-m-nell-construction/737252	-28.780727	32.038284	
AMR MAINTENANCE SOLUTIONS	building-maintenance	Richards Bay, 3900	071933022				https://richards-bay.infoisinfo.co.za/card/amr-maintenance-solutions/807691	-28.7321947	32.0421416	We specialize in building maintenance, plumbing, painting, high pressure cleaning, Tiling, CCTV, Garage doors, gate motors and much more.
SMDA Maintenance & Industrial Supplies Pty Ltd	building-maintenance	Richards Bay, 3900	035 772 146; 035 772 1465		https://www.smdamaintenance.com/	https://www.facebook.com/profile.php?id=61563101071452&mibextid=ZbWKwL	https://richards-bay.infoisinfo.co.za/card/smda-maintenance-industrial-supplies-pty-ltd/761804	-28.748768	31.903645	SMDA Maintenance &amp; Industrial Supplies (Pty) Ltd is one of the leading service providers in the Kwa-Zulu Natal region, South Africa.  ​Operating since 2015 and with years of experience in the Waterproofing, Roofing and Building maintenance
ORIZON MAINTENANCE CC	building-maintenance	Richards Bay, 3900	035786160		https://www.orizon.co.za		https://richards-bay.infoisinfo.co.za/card/orizon-maintenance-cc/320242	-28.734900	32.063858	
Industrial Site Cleaning Services	building-maintenance	Richards Bay, 3900	35797714				https://richards-bay.infoisinfo.co.za/card/industrial-site-cleaning-services/459796	-28.818001	32.051998	
Upscale maintenance	building-maintenance	Richards Bay, 3091	068209119				https://richards-bay.infoisinfo.co.za/card/upscale-maintenance/803880	-28.7807276	32.0382856	
Krs Logistics And Marketing	building-maintenance	Richards Bay, 3900	35751198				https://richards-bay.infoisinfo.co.za/card/krs-logistics-and-marketing/729119	-28.744940	32.034409	
Ravs Building Maintenance	building-maintenance	Richards Bay, 3900					https://richards-bay.infoisinfo.co.za/card/ravs-building-maintenance/586518	-28.780727	32.038284	
Build it Richards Bay	building-material-suppliers	Richards Bay, 3900	+27 35 789 257		https://www.buildit.co.za/Stores/View/Build-it-Richards-Bay-KwaZulu-Natal	https://www.facebook.com/BuilditSA	https://richards-bay.infoisinfo.co.za/card/build-it-richards-bay/774131	-28.75072601	32.04532909	
Build it Esikhawini Mall	building-material-suppliers	Richards Bay, 3887	+27 35 769 004		https://www.buildit.co.za/stores/view/build-it-esikhaweni-mall-kwazulu-natal		https://richards-bay.infoisinfo.co.za/card/build-it-esikhawini-mall/795919	-28.86712072	31.90888912	
Td Industrial And Cleaning Services	building-maintenance	Richards Bay, 3900	35751211				https://richards-bay.infoisinfo.co.za/card/td-industrial-and-cleaning-services/459735	-28.780727	32.038284	
Build It Richards Bay	building-material-suppliers	Richards Bay, 3900	2735789257		https://www.buildit.co.za/Stores/View/Build-it-Richards-Bay-KwaZulu-Natal		https://richards-bay.infoisinfo.co.za/card/build-it-richards-bay/774089	32.000000	28.000000	
Cashbuild   Building Material Suppliers in Richards Bay	building-material-suppliers	23 Peseta Parade Service, Ind. Richards Bay Central. Richards Bay . Kwazulu Natal . 3900	035789794			https://www.facebook.com/117193315687650	https://richards-bay.infoisinfo.co.za/card/cashbuild-richards-bay/791200	-28.745025668147118	32.048074242967495	
BBS Mica Build Richards Bay	building-material-suppliers	Richards Bay, 3900	+27 35 789 764		http://www.mica.co.za		https://richards-bay.infoisinfo.co.za/card/bbs-mica-build-richards-bay/769906	-28.75405054	32.0446592	
J S ENTERPRISE	building-paint	Richards Bay, 3900	035789100				https://richards-bay.infoisinfo.co.za/card/j-s-enterprise/278648	-28.751501	32.045010	
NORMAN PILLAY	building-paint	Richards Bay, 3900	35789749				https://richards-bay.infoisinfo.co.za/card/norman-pillay/685924	-28.780727	32.038284	
Justins Handyman Services	building-paint	Richards Bay, 3900	082593643			https://www.facebook.com/Handyman-121883286380750	https://richards-bay.infoisinfo.co.za/card/justins-handyman-services/795769	-28.7419815	32.0612394	We strive to be the best and go the extra mile, Meticulous and service driven. No job too small. There is no better feeling than having your home perfectly painted &amp; having peace of mind that there will be no water leaks.
Richards Bay Burgers	burger	Richards Bay, 3900	35753575				https://richards-bay.infoisinfo.co.za/card/richards-bay-burgers/569172	-28.780727	32.038284	
Regus - Richards Bay, Lakeview Terraces	business-and-corporate-services	Richards Bay, 3900	031003463		https://www.regus.com/en-gb/south-africa/richards-bay/richards-bay-lakeview-terraces-4872?utm_source=yext_places_listings&utm_medium=places&utm_campaign=yext_traffic&utm_content=4872	https://www.facebook.com/1109928319189642	https://richards-bay.infoisinfo.co.za/card/regus-richards-bay-lakeview-terraces/806534	-28.752735429961167	32.04915819417632	Enjoy stunning harbour views as you work from the 4th floor of Lakeview Terraces. Located in the heart of Richards Bay Central’s business district, this highly accessible building is conveniently located just a few minutes walk from the central
Hydro Gem-Care	business-and-corporate-services	Richards Bay, 3900			https://www.hydrogemcare.co.za		https://richards-bay.infoisinfo.co.za/card/hydro-gem-care/466324	-28.752316	32.021622	Hydro Gem-Care forms part of the Hydro Group.  Hydro Gem-Care provides a variety of cleaning solutions.  Hydro Gem-Cares range of products include household cleaning, care care, a wide range of personal care, industrial and cleaning services.
PLATINUM PROPERTIES	business-and-corporate-services	Richards Bay, 3900	035789380; 031-9037119		https://www.platinum-properties.co.za		https://richards-bay.infoisinfo.co.za/card/platinum-properties/205297	-28.753141	32.053242	With our Packages packages you will have your own personalized mailboxes, while you can create and delete them at will. If needed we can connect remotely to your PC to help you when running into problems.
Itcomp	business-and-corporate-services	. Meer En See. Richards Bay . Kwazulu Natal . 3901			https://itcomp.co.za		https://richards-bay.infoisinfo.co.za/card/itcomp/435121			The members and staff of ITComp have been working in the heavy industry designing, developing and supporting MES and MIS systems and boast a collective experience of more than 40 years in these respective fields. ITComp is a company specializing in
Infinite	business-and-corporate-services	Richards Bay, 3900			https://www.beinfinite.co.za		https://richards-bay.infoisinfo.co.za/card/infinite/388785	-28.746639	32.034206	Our mission is to give your brand maximum exposure through every possible medium!. Give your business the edge with branding solutions that leave a mark.
Stirs Print Box	business-and-corporate-services	Richards Bay, 3900	+27 83 465 158				https://richards-bay.infoisinfo.co.za/card/stirs-print-box/536539	-28.715178	32.043198	Stir's Print Box - We are the answer to all your Printing, Binding, Copying, Faxing, Laminating and e-mailing solutions.We also hand write greeting cards and invites for that personal touch.
CANON OFFICE AUTOMATION	business-and-corporate-services	Richards Bay, 3900	035789654		https://www.canon.co.za	https://www.facebook.com/CanonRSA	https://richards-bay.infoisinfo.co.za/card/canon-office-automation/226832	-28.780727	32.038284	Stylish and practical hand held, desktop, scientific and printing ranges. A wealth of expertise and technology to meet your changing photography needs. Specialty & Industrial Flatbed printers for industrial and specialty applications. Whether you
Blackwatch	business-and-corporate-services	. Richards Bay . Kwazulu Natal .	+27 73 261 178				https://richards-bay.infoisinfo.co.za/card/blackwatch/372885			VISION To be a multi faceted organisation providing innovative quality solutions in all security related fields, with continuous development program | Security solutions vip protection undercover investigations anti taxi violence operatives
ZARIS PRESS	business-and-corporate-services	Richards Bay, 3900	035789186		https://www.zarispress.co.za		https://richards-bay.infoisinfo.co.za/card/zaris-press/314767	-28.754089	32.045753	
CARDIES	business-and-corporate-services	Richards Bay, 3900	035789751		https://www.cardies.co.za		https://richards-bay.infoisinfo.co.za/card/cardies/213153	-28.758953	32.044022	
Phiwami Personnel  and Hygiene Services	business-and-corporate-services	. Richards Bay . Kwazulu Natal . 3900					https://richards-bay.infoisinfo.co.za/card/phiwami-personnel-and-hygiene-services/448396			Phiwami Personnel established about 4 years ago with head office in Richards Bay, KZNFocused mainly in manpower resources distribution and managementPhiwami Services has been appreciated around the provinces and would be opening more branches in
LYNETTES PCP	business-and-corporate-services	Richards Bay, 3900	035789367				https://richards-bay.infoisinfo.co.za/card/lynettes-pcp/205247	-28.753141	32.053242	A3 & A4 Laminating, Book Binding, Business Cards/Flyers. Printing & binding of tender documents. Photo printing onto canvas any size. Copies of house plans as well as original. Paper Sales: A4 - A0 Sheets & Rolls.
Nrb Stationery And Office Supplies	business-and-corporate-services	Richards Bay, 3900	35797377				https://richards-bay.infoisinfo.co.za/card/nrb-stationery-and-office-supplies/368742	-28.730692	32.043510	
Khohlisa Polygraph And Investigating Services	business-and-corporate-services	Richards Bay, 3900	35580792				https://richards-bay.infoisinfo.co.za/card/khohlisa-polygraph-and-investigating-services/666399	-28.780727	32.038284	
Richards Bay Private Detective Services	business-and-corporate-services	Richards Bay, 3900	35901246				https://richards-bay.infoisinfo.co.za/card/richards-bay-private-detective-services/503092	-28.780727	32.038284	
Tianet Stationers	business-and-corporate-services	Richards Bay, 3900	35792177				https://richards-bay.infoisinfo.co.za/card/tianet-stationers/544100	-28.750231	32.048191	
Samraj Dukhi Investments	business-and-corporate-services	Richards Bay, 3900	31719067				https://richards-bay.infoisinfo.co.za/card/samraj-dukhi-investments/701843	-28.721352	32.045269	
Binaris Investments	business-and-corporate-services	Richards Bay, 3900	35789804				https://richards-bay.infoisinfo.co.za/card/binaris-investments/702103	-28.756247	32.066948	
Chesterwood Investments 31	business-and-corporate-services	Richards Bay, 3900	35789416				https://richards-bay.infoisinfo.co.za/card/chesterwood-investments-31/701842	-28.764521	31.899879	
New Abode Investments	business-and-corporate-services	Richards Bay, 3900	32945137				https://richards-bay.infoisinfo.co.za/card/new-abode-investments/701844	-28.780727	32.038284	
Nautch Investments	business-and-corporate-services	Richards Bay, 3900	35753111				https://richards-bay.infoisinfo.co.za/card/nautch-investments/701854	-28.746500	32.049541	
Deonie Investments	business-and-corporate-services	Richards Bay, 3900	83294337				https://richards-bay.infoisinfo.co.za/card/deonie-investments/701852	-28.780727	32.038284	
Flatrock Investments	business-and-corporate-services	Richards Bay, 3900	11393502				https://richards-bay.infoisinfo.co.za/card/flatrock-investments/701846	-28.780727	32.038284	
Pip Investments	business-and-corporate-services	Richards Bay, 3900	35772614				https://richards-bay.infoisinfo.co.za/card/pip-investments/701849	-28.958202	31.753719	
Smiso Investments	business-and-corporate-services	Richards Bay, 3900	35789934				https://richards-bay.infoisinfo.co.za/card/smiso-investments/491033	-28.780727	32.038284	
River Rock Investments	business-and-corporate-services	Richards Bay, 3901	35753412				https://richards-bay.infoisinfo.co.za/card/river-rock-investments/694021	-28.764420	32.115509	
Vast Investments	business-and-corporate-services	Richards Bay, 3900	35789361				https://richards-bay.infoisinfo.co.za/card/vast-investments/701853	-28.780727	32.038284	
Vuka-wakhe Trade And Investments	business-and-corporate-services	Richards Bay, 3887	35796023				https://richards-bay.infoisinfo.co.za/card/vuka-wakhe-trade-and-investments/741913	-28.780727	32.038284	
Tidy Sum Investments	business-and-corporate-services	Richards Bay, 3900	35562024				https://richards-bay.infoisinfo.co.za/card/tidy-sum-investments/491040	-28.781630	32.094910	
Landley Investments	business-and-corporate-services	Richards Bay, 3900	35753271				https://richards-bay.infoisinfo.co.za/card/landley-investments/491043	-28.764618	32.117344	
Maweni Investment Holdings (Pty) Ltd	business-and-corporate-services	Richards Bay, 3900					https://richards-bay.infoisinfo.co.za/card/maweni-investment-holdings-pty-ltd/603629	-28.780727	32.038284	Business InvestmentsBusiness ConsultingHR Projects.
Phakama Afrika Community Development Investments	business-and-corporate-services	Richards Bay, 3900					https://richards-bay.infoisinfo.co.za/card/phakama-afrika-community-development-investments/477099	-28.780727	32.038284	
North Coast Office Equipment Zululand	business-and-corporate-services	Richards Bay, 3900	31206088				https://richards-bay.infoisinfo.co.za/card/north-coast-office-equipment-zululand/582286	-28.746260	32.049580	
Kwela Investments	business-and-corporate-services	Richards Bay, 3900					https://richards-bay.infoisinfo.co.za/card/kwela-investments/702106	-28.780727	32.038284	
Z Craft Investments	business-and-corporate-services	Richards Bay, 3901					https://richards-bay.infoisinfo.co.za/card/z-craft-investments/539802	-28.780727	32.038284	
Jimmy Uys Investments	business-and-corporate-services	Richards Bay, 3900					https://richards-bay.infoisinfo.co.za/card/jimmy-uys-investments/702107	-28.767431	32.111916	
Get Ahead Technologies (Pty) Ltd	business-consulting	Richards Bay, 3901	035-773005				https://richards-bay.infoisinfo.co.za/card/get-ahead-technologies-pty-ltd/546216	-28.753298	31.897095	Get Ahead Technologies is a well recognised name in the IT industry. At Get Ahead we grow with our customers.  Shouldn't you be part of our growing team to receive services that are delivered professionally & effeciently.  Being Black Women owned
MDAKANE GROUP(PTY)LTD	business-consulting	Richards Bay, 3901			https://www.mdakane.co.za		https://richards-bay.infoisinfo.co.za/card/mdakane-groupptyltd/370769	-28.749659	32.032482	MDAKANE GROUP(PTY)LTD is a diversified group that focus on the following strategic business segments :-(a) Engineering Services Business(b) Personnel Services Business (c) Supply & Logistics Business(d) Retail Services Business(e) Facilities
Umhlatuze Security Services	business-consulting	Richards Bay, 3900	35798213				https://richards-bay.infoisinfo.co.za/card/umhlatuze-security-services/703820	-28.750231	32.048191	
Chriskal Electronics	business-consulting	Richards Bay, 3901	35798236				https://richards-bay.infoisinfo.co.za/card/chriskal-electronics/633176	-28.714390	32.042831	
Ndawonye Networks	business-consulting	Richards Bay, 3901	35753121				https://richards-bay.infoisinfo.co.za/card/ndawonye-networks/694030	-28.780727	32.038284	
Fisokuhle Security Services	business-consulting	Richards Bay, 3900	31261886				https://richards-bay.infoisinfo.co.za/card/fisokuhle-security-services/703631	-28.780727	32.038284	
Silver Solutions 964	business-consulting	Richards Bay, 3900	35789697				https://richards-bay.infoisinfo.co.za/card/silver-solutions-964/666244	-28.755522	32.067924	
Maziya Electrical Construction Labour Hire	business-consulting	Richards Bay, 3900	35751114				https://richards-bay.infoisinfo.co.za/card/maziya-electrical-construction-labour-hire/553112	-28.749659	32.032482	
Uthungulu Precision Engineering	business-consulting	Richards Bay, 3900	35751112				https://richards-bay.infoisinfo.co.za/card/uthungulu-precision-engineering/515869	-28.754370	32.028702	
International Shipping Manor	business-consulting	Richards Bay, 3900	31202807				https://richards-bay.infoisinfo.co.za/card/international-shipping-manor/550569	-28.780727	32.038284	
ONE FIFTY DOLLAR DRIVE PROPERTIES	business-consulting	Richards Bay, 3900	35789118				https://richards-bay.infoisinfo.co.za/card/one-fifty-dollar-drive-properties/491042	-28.751928	32.046089	
A J Kalidas Sureslim Wellness Clinic	business-consulting	Richards Bay, 3900	35789270				https://richards-bay.infoisinfo.co.za/card/a-j-kalidas-sureslim-wellness-clinic/758147	-28.753141	32.053242	
S G Labour Hire Services	business-consulting	Richards Bay, 3887	35904424				https://richards-bay.infoisinfo.co.za/card/s-g-labour-hire-services/586903	-28.780727	32.038284	
Wanda Construction Cleaning Services And Supplies	business-consulting	Richards Bay, 3900	35901253				https://richards-bay.infoisinfo.co.za/card/wanda-construction-cleaning-services-and-supplies/459670	-28.780727	32.038284	
DUMI LINDIWE SYSTEMS	business-consulting	Richards Bay, 3900	035751151				https://richards-bay.infoisinfo.co.za/card/dumi-lindiwe-systems/247675	-28.780727	32.038284	
Z S Cleaning Services	business-consulting	Richards Bay, 3887	35901132				https://richards-bay.infoisinfo.co.za/card/z-s-cleaning-services/459671	-28.780727	32.038284	
Mtshakela Cleaning Services	business-consulting	Richards Bay, 3900	31777190				https://richards-bay.infoisinfo.co.za/card/mtshakela-cleaning-services/459695	-28.746462	32.059063	
Wright Handyman Services	business-consulting	Richards Bay, 3900	44601284				https://richards-bay.infoisinfo.co.za/card/wright-handyman-services/758149	-28.780727	32.038284	
Fundiswa Sales Marketing And Catering Services	business-consulting	Richards Bay, 3887	35796267				https://richards-bay.infoisinfo.co.za/card/fundiswa-sales-marketing-and-catering-services/444300	-28.780727	32.038284	
Umhlathuze Mobile Cleaners	business-consulting	Richards Bay, 3901	35901155				https://richards-bay.infoisinfo.co.za/card/umhlathuze-mobile-cleaners/694029	-28.959274	31.752796	
Cik Laser	business-consulting	Richards Bay, 3900	35797462				https://richards-bay.infoisinfo.co.za/card/cik-laser/666223	-28.769787	32.014626	
Ben Jen Inspection Services	business-consulting	Richards Bay, 3901	35789143				https://richards-bay.infoisinfo.co.za/card/ben-jen-inspection-services/694031	-28.777363	32.106369	
Thengizwe Construction	business-consulting	Richards Bay, 3900	86197534				https://richards-bay.infoisinfo.co.za/card/thengizwe-construction/666391	-28.754370	32.028702	
Ladic Security Services	business-consulting	Richards Bay, 3887	35905312				https://richards-bay.infoisinfo.co.za/card/ladic-security-services/703649	-28.780727	32.038284	
Bheki Cleaning Services	business-consulting	Richards Bay, 3887	35905202				https://richards-bay.infoisinfo.co.za/card/bheki-cleaning-services/459753	-28.780727	32.038284	
Kealemosa Funeral Services	business-consulting	Richards Bay, 1300	53497565				https://richards-bay.infoisinfo.co.za/card/kealemosa-funeral-services/750259	-28.780727	32.038284	
Lisazi Cleaning And Catering Services	business-consulting	Richards Bay, 3887	35794195				https://richards-bay.infoisinfo.co.za/card/lisazi-cleaning-and-catering-services/443358	-28.780727	32.038284	
Pms Importers	business-consulting	Richards Bay, 3900	35789336				https://richards-bay.infoisinfo.co.za/card/pms-importers/531019	-28.755026	32.045311	
Mcambis Disposable Nappies Manufacture	business-consulting	Richards Bay, 3887	35772446				https://richards-bay.infoisinfo.co.za/card/mcambis-disposable-nappies-manufacture/552906	-28.780727	32.038284	
Global Valves And Automation	business-consulting	Richards Bay, 3900	35789706				https://richards-bay.infoisinfo.co.za/card/global-valves-and-automation/545511	-28.756205	32.044056	
Richards Bay Structural Engineering	business-consulting	Richards Bay, 3900	35751196				https://richards-bay.infoisinfo.co.za/card/richards-bay-structural-engineering/584744	-28.732908	32.041519	
Klm Plant Hire And Sales	business-consulting	Richards Bay, 3900	35789026; 031-9037119				https://richards-bay.infoisinfo.co.za/card/klm-plant-hire-and-sales/583510	-28.759010	32.042816	
Shine The Way 228	business-consulting	Richards Bay, 3880	35751179				https://richards-bay.infoisinfo.co.za/card/shine-the-way-228/605822	-28.780727	32.038284	
Umlozi Sound And Lights	business-consulting	Richards Bay, 3900	35901501				https://richards-bay.infoisinfo.co.za/card/umlozi-sound-and-lights/367799	-28.780727	32.038284	
Ascent Management Services	business-consulting	Richards Bay, 3900	31765199				https://richards-bay.infoisinfo.co.za/card/ascent-management-services/604776	-28.780727	32.038284	
Isandiso Management Services	business-consulting	Richards Bay, 3900	35789886				https://richards-bay.infoisinfo.co.za/card/isandiso-management-services/604723	-28.751928	32.046089	
Idwala Construction And Project Management	business-consulting	Richards Bay, 3900	35550441				https://richards-bay.infoisinfo.co.za/card/idwala-construction-and-project-management/607157	-28.780727	32.038284	
Isihlangu Sethu Management Services	business-consulting	Richards Bay, 3887	35796023				https://richards-bay.infoisinfo.co.za/card/isihlangu-sethu-management-services/604802	-28.780727	32.038284	
Vip Event Management	business-consulting	Richards Bay, 3900	35789606				https://richards-bay.infoisinfo.co.za/card/vip-event-management/758146	-28.780727	32.038284	
Zululand Vending And Amusements	business-consulting	Richards Bay, 3900	35786103				https://richards-bay.infoisinfo.co.za/card/zululand-vending-and-amusements/758152	-28.780727	32.038284	
Kzn Pest Control	business-consulting	Richards Bay, 3900	35786031; 061 442 3178				https://richards-bay.infoisinfo.co.za/card/kzn-pest-control/658033	-28.735987	32.064037	
A C P Nursing And Educational Training College	business-consulting	Richards Bay, 3900	11339897				https://richards-bay.infoisinfo.co.za/card/a-c-p-nursing-and-educational-training-college/643889	-28.780727	32.038284	
Daro Industrial Cleaners	business-consulting	Richards Bay, 3900	35786110				https://richards-bay.infoisinfo.co.za/card/daro-industrial-cleaners/758150	-28.780727	32.038284	
Mmw Human Resources Strategists	business-consulting	Richards Bay, 3900	35780720				https://richards-bay.infoisinfo.co.za/card/mmw-human-resources-strategists/675580	-28.780727	32.038284	
Mpahlemhlophe Cleaning And Garden Services	business-consulting	Richards Bay, 3887	31902439				https://richards-bay.infoisinfo.co.za/card/mpahlemhlophe-cleaning-and-garden-services/475618	-28.791370	31.896360	
Phambile Tool And Bolt Contracts	business-consulting	Richards Bay, 3900	35789124				https://richards-bay.infoisinfo.co.za/card/phambile-tool-and-bolt-contracts/517955	-28.759518	32.041199	
Abba Plumbing Services	business-consulting	Richards Bay, 3901	11685886				https://richards-bay.infoisinfo.co.za/card/abba-plumbing-services/371704	-28.783213	32.094986	
EMDUBANE OFFICE SOLUTIONS RICHARDS BAY	business-consulting	Richards Bay, 3900	35789654				https://richards-bay.infoisinfo.co.za/card/emdubane-office-solutions-richards-bay/617079	-28.780727	32.038284	
Temperature Management Systems	business-consulting	Richards Bay, 3900	35751147				https://richards-bay.infoisinfo.co.za/card/temperature-management-systems/527618	-28.747025	32.035084	
Bastidor Handyman Services	business-consulting	Richards Bay, 3900	11292500				https://richards-bay.infoisinfo.co.za/card/bastidor-handyman-services/758137	-28.755592	32.058838	
Adonai Truck And Plant Hire	business-consulting	Richards Bay, 3900	35789540				https://richards-bay.infoisinfo.co.za/card/adonai-truck-and-plant-hire/615329	-28.753992	32.043823	
Indodha Truck Centre - Zululand	business-consulting	Richards Bay, 3900	35751199				https://richards-bay.infoisinfo.co.za/card/indodha-truck-centre-zululand/758142	-28.749348	32.028099	
Moffs Transport	business-consulting	Richards Bay, 3901	35789800				https://richards-bay.infoisinfo.co.za/card/moffs-transport/758154	-28.760471	32.062981	
Woofies Books	business-consulting	Richards Bay, 3901	21558482				https://richards-bay.infoisinfo.co.za/card/woofies-books/643393	-28.780727	32.038284	
RHEIS SURF STORE T/A NORTHCORE SURF & SKATE	business-management	Richards Bay, 3901	083280051		https://www.northcore.co.za	https://www.facebook.com/northcoresurfandskate	https://richards-bay.infoisinfo.co.za/card/rheis-surf-store-ta-northcore-surf-skate/334255	-28.780727	32.038284	North Core Surf & Skate was established by Richards Bay local Rheinhard du Toit who opened the doors for business in the Meerensee Mall in November 2010. As the store owner and manager, Rheinhard is always on hand to offer you the best advice in
SIYAKHUPHUKA INVESTMENT HOLDINGS	business-investment	Richards Bay, 3900					https://richards-bay.infoisinfo.co.za/card/siyakhuphuka-investment-holdings/713624	-28.780727	32.038284	
Namuhla Marketing And Management	business-management	Richards Bay, 3900	35772294				https://richards-bay.infoisinfo.co.za/card/namuhla-marketing-and-management/513873	-28.753845	32.045563	
North Coast Hazard And Risk Safety Management	business-management	Richards Bay, 3900	11314171				https://richards-bay.infoisinfo.co.za/card/north-coast-hazard-and-risk-safety-management/421768	-28.741291	32.074760	
Zala Malgaju Construction And Project Management	business-management	Richards Bay, 3887	31209947				https://richards-bay.infoisinfo.co.za/card/zala-malgaju-construction-and-project-management/607156	-28.780727	32.038284	
Ulwazi Systems	business-software	Richards Bay, 3900					https://richards-bay.infoisinfo.co.za/card/ulwazi-systems/388109	-28.741398	32.077961	Indlovu Technologies t/a Ulwazi Systems has been a recognized name in IT industry for over 5 years. Ulwazi Systems range includes in Custom payroll systems, website development and design, custom POS, end use support and Software Support to suite
Confident Management Consultants	business-management	Richards Bay, 3887	35787072				https://richards-bay.infoisinfo.co.za/card/confident-management-consultants/720965	-28.780727	32.038284	
Rig It Rigging And Machine Moving	business-consulting	Richards Bay, 3900	83660720				https://richards-bay.infoisinfo.co.za/card/rig-it-rigging-and-machine-moving/534534	-28.780727	32.038284	
LUMBER CITY / GELMAR	cabinets	Richards Bay, 3900	035789499		https://www.gelmar.co.za		https://richards-bay.infoisinfo.co.za/card/lumber-city-gelmar/290950	-28.751352	32.046059	Timber board & hardware merchants. Biggest range of kitchen & furniture fittings and cabinet hardware (Agents for Festool woodworking equipment). Board cut & edged to your specifications.
GELMAR / LUMBER CITY	cabinets	Richards Bay, 3900	035789499		https://www.gelmar.co.za		https://richards-bay.infoisinfo.co.za/card/gelmar-lumber-city/260248	-28.751352	32.046059	Biggest range of kitchen & furniture fittings and cabinet hardware. Board cut & edged to your specification. (Agents for festool woodworking equipment, timber board & hardware merchants.
Wild Bean Cafe	cafe	Richards Bay, 3900	+27 35 789 901		https://www.bp.com/en_za/south-africa/home/products-and-services/convenience-offers/wild-bean-cafe1.html	https://www.facebook.com/BPinSouthAfrica/	https://richards-bay.infoisinfo.co.za/card/wild-bean-cafe/795296	-28.7590588	32.04336502	
Wild Bean Cafe	cafe	Richards Bay, 3900	+27 35 789 703		https://www.bp.com/en_za/south-africa/home/products-and-services/convenience-offers/wild-bean-cafe1.html	https://www.facebook.com/BPinSouthAfrica/	https://richards-bay.infoisinfo.co.za/card/wild-bean-cafe/811722	-28.74658209	32.04923659	
Cable Wise	cable	Richards Bay, 3900	035 751 179				https://richards-bay.infoisinfo.co.za/card/cable-wise/457540	-28.748840	32.032982	Cable Wise has been a recognized name in the Northern KZN networking industry for over 8 years. The Cable Wise range includes industry renowned equipment for fibre optic cable testing and splicing. Cable Wise carry a range of electronic and cable
RICHARDS BAY FOODS T/A ELEPHANT AND I COFFEE SHOP & RESTAURANT	cafe	Richards Bay, 3900	035789726		https://www.elephant-and-i.co.za		https://richards-bay.infoisinfo.co.za/card/richards-bay-foods-ta-elephant-and-i-coffee-shop-restaurant/322890	-28.749069	32.048992	
Tuzi Gazi Internet Cafe	cafe	Richards Bay, 3900					https://richards-bay.infoisinfo.co.za/card/tuzi-gazi-internet-cafe/663140	-28.780727	32.038284	Tuzi Gazi internet cafe offers best communication media, e.g. emailing, telephone to cell phone communication as well as RICA, So Tuzi Gazi targets all customers who would like to go around the World through a single click to explore and to get more
Combi Cafe And Take Away	cafe	Richards Bay, 3900	21558173				https://richards-bay.infoisinfo.co.za/card/combi-cafe-and-take-away/521040	-28.780727	32.038284	
NEWPORT CAFE	cafe	Richards Bay, 3900					https://richards-bay.infoisinfo.co.za/card/newport-cafe/526577	-28.780840	32.098042	
The IT Crowd	camera	. Richards Bay . Kwazulu Natal . 3900	031-9037119				https://richards-bay.infoisinfo.co.za/card/the-it-crowd/695630			The IT Crowd is a company offering a one stop shop solution.  We offer desktop support, network support and sale of hardware and software.  We also maintain and install CCTV equipment.  We mainly service the Richards Bay, Empangeni and
Psitron Electrical cc	camera	Richards Bay, 3901	035 7511109				https://richards-bay.infoisinfo.co.za/card/psitron-electrical-cc/561970	-28.780727	32.038284	Psitron Electrical is a 22 year old Electrical Business in Richards Bay. We presently hold a 5 star safety rating and a level 2 BEE status. We can be contacted 24/7. We have a up to date workshop, from covering HV to LV in all fields of maintenance,
Audi Midbay	car	Richards Bay, 3900	035 789 116		https://www.audimidbay.co.za	https://www.facebook.com/audisouthafrica	https://richards-bay.infoisinfo.co.za/card/audi-midbay/607233	-28.756401	32.043495	Audi Midbay will help you buy the vehicle of your choice.  And is determined not to miss great moments because of parking spaces that are too small. That is, if your daily routine is dynamic, unique, and, most of all: fun. What would it be like if
Candle-de-Light	candle	. Meer En See. Richards Bay . Kwazulu Natal . 3901	+2782 335 447		https://www.candledelight.co.za		https://richards-bay.infoisinfo.co.za/card/candle-de-light/433022			Candle-de-Light is a newly established candle making business in Richards Bay, South Africa. Candle-de-Light use a special formulated blend of waxes and hardners to ensure a quality finish with extended burning time.Candle-de-Light provides a
BATELEUR TRANSFERS & TOURS CC	car	Richards Bay, 3901	035753414		https://www.xclusivetravel.co.za		https://richards-bay.infoisinfo.co.za/card/bateleur-transfers-tours-cc/204806	-28.773369	32.104076	We also offer you the opportunity to book your local and international flights, local and national, available 24/7/365, comfortable, safe, reliable, as well as tourism in one. We are prompt, corporate transfers & deliveries, accommodation and car
RIS VEHICLE HIRE	car	Richards Bay, 3900	035789026		https://www.rishire.co.za		https://richards-bay.infoisinfo.co.za/card/ris-vehicle-hire/205313	-28.759010	32.042816	Private - Company - Corporate Hire / *Cars *S/Cabs & D/Cabs *8 Seater *4X4's.  RIS Vehicle Hire is a Vehicle Hiring Company which was founded in 2000 servicing the needs of corporate and private individuals with short, medium and long term transport
KITS PHOTO	camera	Richards Bay, 3900	35789746				https://richards-bay.infoisinfo.co.za/card/kits-photo/384187	-28.780727	32.038284	
HERTZ CAR RENTAL	car	Richards Bay, 3900	035786120		https://www.hertz.co.za	https://www.facebook.com/hertzrentacar	https://richards-bay.infoisinfo.co.za/card/hertz-car-rental/272895	-28.737600	32.094234	Regular Customer If you are a regular customer we recommend that you log in now so that we can better serve your needs. Search for an address with as much detail as possible. We do not offer deliveries on credit card rentals, but the branch will
AVIS RENT A CAR	car	Richards Bay, 3900	035789654		https://www.avis.co.za		https://richards-bay.infoisinfo.co.za/card/avis-rent-a-car/221729	-28.736504	32.084812	
TANGAWIZI MOTORS	car	Richards Bay, 3900	035797489		https://www.renault.com		https://richards-bay.infoisinfo.co.za/card/tangawizi-motors/314380	-28.752178	32.020302	
FIRST CAR RENTAL	car	Richards Bay, 3900	035786000		https://www.firstcarrental.co.za		https://richards-bay.infoisinfo.co.za/card/first-car-rental/255293	-28.737600	32.094234	
EUROPCARS	car	Richards Bay, 3900	035786089		https://www.europcar.co.za		https://richards-bay.infoisinfo.co.za/card/europcars/252306	-28.737600	32.094234	
TRACKER	car	Richards Bay, 3900	035789743		https://www.tracker.co.za		https://richards-bay.infoisinfo.co.za/card/tracker/329725	-28.753845	32.045162	
EUROPCAR	car	Richards Bay, 3900	035786188		https://www.europcar.co.za		https://richards-bay.infoisinfo.co.za/card/europcar/252261	-28.736504	32.084812	
BUDGET RENT A CAR	car	Richards Bay, 3900	035786098		https://www.budget.co.za		https://richards-bay.infoisinfo.co.za/card/budget-rent-a-car/225629	-28.737600	32.094234	
Viper Motor	car	Richards Bay, 3900	35197420				https://richards-bay.infoisinfo.co.za/card/viper-motor/501713	-28.780727	32.038284	
PAINT A CAR	car	Richards Bay, 3900	035789345				https://richards-bay.infoisinfo.co.za/card/paint-a-car/329485	-28.745781	32.049030	
Re/max Marine	business-management	. Meer En See. Richards Bay . Kwazulu Natal . 3901	+ 27 0 35 789 417		https://www.remax-marine.co.za		https://richards-bay.infoisinfo.co.za/card/remax-marine/554566			Through our associates and network we acquire managing mandates to control the entire spectrum of a development. Established in Richards Bay on 1 June 2003, REMAX Marine is committed to its own future and those employed by them to perform various
R I S Vehicle Hire	car	Richards Bay, 3900	35786127				https://richards-bay.infoisinfo.co.za/card/r-i-s-vehicle-hire/447830	-28.759010	32.042816	
Solartint	car	Richards Bay, 3900					https://richards-bay.infoisinfo.co.za/card/solartint/428718	-28.753992	32.043823	Spcialists in window tinting.
ZULULAND TATA	car	Richards Bay, 3900	035789606				https://richards-bay.infoisinfo.co.za/card/zululand-tata/345442	-28.758463	32.043079	
TANGAWIZI MOTORS	car	Richards Bay, 3900	35797489				https://richards-bay.infoisinfo.co.za/card/tangawizi-motors/649344	-28.754848	32.024830	
Herbalife Independent Distributor	business-management	Richards Bay, 3900			https://www.wellnessforsure.com		https://richards-bay.infoisinfo.co.za/card/herbalife-independent-distributor/438127	-28.739967	32.049557	Herbalife Distributor in Richards BayLose weight and keep it off with Herbalife. With Herbalife's targeted nutrition you can also aim to lift your mood, protect your heart, enhance concentration, de-stress, better sports performance and boost your
PROVINCIAL MOTORS	car	Richards Bay, 3900	035797510				https://richards-bay.infoisinfo.co.za/card/provincial-motors/303203	-28.780727	32.038284	
MIDBAY MOTORS	car	Richards Bay, 3900	035789116				https://richards-bay.infoisinfo.co.za/card/midbay-motors/325297	-28.780727	32.038284	
VOLVO (SOUTHERN AFRICA) (PTY) LTD	car	Richards Bay, 3900	035797423				https://richards-bay.infoisinfo.co.za/card/volvo-southern-africa-pty-ltd/339534	-28.780727	32.038284	
SHALOM CAR BODY SPECIALISTS	car	Richards Bay, 3900	035751217				https://richards-bay.infoisinfo.co.za/card/shalom-car-body-specialists/301045	-28.736654	32.039009	
TATA SA	car	Richards Bay, 3900	035751205				https://richards-bay.infoisinfo.co.za/card/tata-sa/307057	-28.780727	32.038284	
RICHARDS BAY AUTO TUNE-UP CENTRE	car	Richards Bay, 3900	035797553				https://richards-bay.infoisinfo.co.za/card/richards-bay-auto-tune-up-centre/334318	-28.780727	32.038284	
CRUZZE CAR RENTAL	car	Richards Bay, 3900	035795102				https://richards-bay.infoisinfo.co.za/card/cruzze-car-rental/233251	-28.737600	32.094234	
CLIFFS AUTO	car	Richards Bay, 3900	035789160				https://richards-bay.infoisinfo.co.za/card/cliffs-auto/230733	-28.754829	32.044239	
EFFORT CAR RENTAL	car	Richards Bay, 3900	035789734				https://richards-bay.infoisinfo.co.za/card/effort-car-rental/249438	-28.780727	32.038284	
QUALITY CARS	car	Richards Bay, 3900	035789919				https://richards-bay.infoisinfo.co.za/card/quality-cars/306422	-28.756638	32.044613	
Enterprise Rent-A-Car - Richards Bay	car-rental	Richards Bay, 3201	086099950		https://www.enterprise.co.za/?mcid=yext:245709&utm_source=yext&utm_medium=local		https://richards-bay.infoisinfo.co.za/card/enterprise-rent-a-car/806886	-28.757728851390336	32.04411673128424	
Phendukani Security And Services	car-insurance	Richards Bay, 3900	35789343				https://richards-bay.infoisinfo.co.za/card/phendukani-security-and-services/674715	-28.765614	32.060448	
BAY REAL ESTATES	car-insurance	Richards Bay, 3900	35141481				https://richards-bay.infoisinfo.co.za/card/bay-real-estates/674720	-28.780727	32.038284	
Sixt Rent a Car - Richards Bay Airport	car-rental	Richards Bay, 3900	011230999		https://www.sixt.com/car-rental/south-africa/richards-bay/richards-bay-airport		https://richards-bay.infoisinfo.co.za/card/sixt-rent-a-car-richards-bay-airport/773642	-28.750397313666365	32.02967651148986	This branch is permanently closed.
Lelezi Security And Cleaning Services	car-insurance	Richards Bay, 3887	35580422				https://richards-bay.infoisinfo.co.za/card/lelezi-security-and-cleaning-services/459683	-28.780727	32.038284	
EAST TOYOTA	car-dealers	. Richards Bay . Kwazulu Natal . 3900	035474116				https://richards-bay.infoisinfo.co.za/card/east-toyota/248838			
Vision And Mission Investment	car-insurance	Richards Bay, 3900	35798281				https://richards-bay.infoisinfo.co.za/card/vision-and-mission-investment/674724	-28.780727	32.038284	
Dagbreek Grasdakke	carpenter	Richards Bay, 3901	82896498; 079 319 8558	sales@labelcorr.com			https://richards-bay.infoisinfo.co.za/card/dagbreek-grasdakke/468059	-28.780727	32.038284	
Zululand Tools And Carbide	carbide	Richards Bay, 3900	35751123				https://richards-bay.infoisinfo.co.za/card/zululand-tools-and-carbide/566435	-28.750273	32.029579	
Ezamaswati Road Construction And Truck Hire	car-rental	Richards Bay, 3900					https://richards-bay.infoisinfo.co.za/card/ezamaswati-road-construction-and-truck-hire/447818	-28.780727	32.038284	
WOODIES WOODWORKS	carpentry	Richards Bay, 3900	035789841				https://richards-bay.infoisinfo.co.za/card/woodies-woodworks/333446	-28.753992	32.043823	
Aquaria Joinery And Shopfitting	carpentry	Richards Bay, 3201	35789887				https://richards-bay.infoisinfo.co.za/card/aquaria-joinery-and-shopfitting/646237	-28.780727	32.038284	
Ralphs Woodwork	carpentry	Richards Bay, 3900					https://richards-bay.infoisinfo.co.za/card/ralphs-woodwork/726244	-28.755367	32.028160	
Makhanya Upholstery And Carpentry	carpentry	Richards Bay, 3900	72474550				https://richards-bay.infoisinfo.co.za/card/makhanya-upholstery-and-carpentry/646411	-28.751820	32.054379	
BAY WOODWORKS	carpentry	. Richards Bay . Kwazulu Natal . 3900	035786129				https://richards-bay.infoisinfo.co.za/card/bay-woodworks/214887			
Inkanyeziyokusa Building And Carpentry Services	carpentry	Richards Bay, 3900					https://richards-bay.infoisinfo.co.za/card/inkanyeziyokusa-building-and-carpentry-services/618176	-28.780727	32.038284	
Phiwami Upholstery and Cleaners	carpet-cleaning	Richards Bay, 3900	079273354		https://wwww.phiwamiholdings.co.za		https://richards-bay.infoisinfo.co.za/card/phiwami-upholstery-and-cleaners/792888	-28.753688	32.044779	Carpet Cleaning and Office Cleaning  Flats and Offices Once-off Cleaning  Laundry Cleaners  Car Valet Services
Sunshine Carpets and Upholstery Cleaners	carpet-cleaning	Richards Bay, 3901	082444585				https://richards-bay.infoisinfo.co.za/card/sunshine-carpets-and-upholstery-cleaners/768034	-28.769575	32.121189	We specialise in the following cleaning services:  Carpets  Rugs  Persian Carpets  Lounge Suites  Office Chairs  Dining Room Chairs  Wing-backed Chairs  Mattresses  Car Upholstery
Jome Catering Services	catering	Richards Bay, 3900	35573840				https://richards-bay.infoisinfo.co.za/card/jome-catering-services/444364	-28.780727	32.038284	
Stirs Cleaning N Renovations (Pty) Ltd	carpet-cleaning	Richards Bay, 3900	+27 83 465 1588				https://richards-bay.infoisinfo.co.za/card/stirs-cleaning-n-renovations-pty-ltd/401423	-28.715178	32.043198	Stir's Cleaning 'N Renovations offers domestic and industrial cleaning services. We also do minor renovations and general maintaince such as painting and garden services. We do pressure cleaning of walls, roofs, paving and water falls.
Lynns Catering Services	catering	Richards Bay, 3900	35550017				https://richards-bay.infoisinfo.co.za/card/lynns-catering-services/444330	-28.780727	32.038284	
BYDZINE	catering	Richards Bay, 3900			https://www.bydzine.co.za		https://richards-bay.infoisinfo.co.za/card/bydzine/538072	-28.751562	32.020061	wedding specialist with a huge stock and items to choose from to make the your wedding the best.
Cool Awnings Pty Ltd	carport-builder	Richards Bay, 3880	064 206 969				https://richards-bay.infoisinfo.co.za/card/cool-awnings-pty-ltd/811027	-28.74907929999999	31.9060633	Cool Carports & Awnings (Pty) Ltd is a well managed organization with experienced consultants and knowledgeable technical staff. We have a range of awnings in a variety of colours, sizes and styles to suit any home or business application, Our range
Ambrosia Caterers	catering	Richards Bay, 3900	35198812				https://richards-bay.infoisinfo.co.za/card/ambrosia-caterers/444438	-28.747030	31.902937	
BayClix Photographic Studio & Framing	catering	Richards Bay, 3900	082 546 926		https://www.bayclix.co.za		https://richards-bay.infoisinfo.co.za/card/bayclix-photographic-studio-framing/378038	-28.780727	32.038284	Richards Bay 's Photographer , Photographic Studio and FramingBayClix Photographic Studio Offers The Friendliest Service You Will Find In Richards Bay. BayClix Also Offers The Most Unique Photo Frames, Hand Made. We strive to give the utmost level
Levino Supplies Hiring Of Catering Services	catering	Richards Bay, 3887	35796191				https://richards-bay.infoisinfo.co.za/card/levino-supplies-hiring-of-catering-services/444349	-28.780727	32.038284	
Zakhe Catering And Cleaning Services	catering	Richards Bay, 3887	35796451				https://richards-bay.infoisinfo.co.za/card/zakhe-catering-and-cleaning-services/444365	-28.780727	32.038284	
Mahlamba Caterers	catering	Richards Bay, 3887	35550003				https://richards-bay.infoisinfo.co.za/card/mahlamba-caterers/444439	-28.780727	32.038284	
COMPARE UR SELF TRADING AND PROJECT	catering	Richards Bay, 3900					https://richards-bay.infoisinfo.co.za/card/compare-ur-self-trading-and-project/485852	-28.780727	32.038284	TRY AND COMPARE OUR COMPANY WEITH OTHERS WE WILL LEAVE YOU WITH SMILE.
SHALOM CATERING	catering	Richards Bay, 3900	035751149		https://www.shalomcatering.co.za/	https://www.facebook.com/Shalom-Catering-Decor-594450990649280/timeline/	https://richards-bay.infoisinfo.co.za/card/shalom-catering/309312	-28.780727	32.038284	Maliga identified a gap in the market for personal service in the catering industry in Zululand, on the North Coast of Kwa-Zulu Natal. She decided to grab the opportunity to become an entrepreneur, and use her vast experience in the catering
Skylark Caterers	catering	Richards Bay, 3900	35902803				https://richards-bay.infoisinfo.co.za/card/skylark-caterers/406549	-28.780727	32.038284	
Varkies Catering Services	catering	Richards Bay, 3900	35789002				https://richards-bay.infoisinfo.co.za/card/varkies-catering-services/527339	-28.780727	32.038284	
Mabutho Cleaning And Catering Services	catering	Richards Bay, 3900	35902614				https://richards-bay.infoisinfo.co.za/card/mabutho-cleaning-and-catering-services/444307	-28.780727	32.038284	
FAMPAK	catering	Richards Bay, 3900	035789758				https://richards-bay.infoisinfo.co.za/card/fampak/254136	-28.750231	32.048191	
Oops Catering And Cleaning Services	catering	Richards Bay, 3887	35904422				https://richards-bay.infoisinfo.co.za/card/oops-catering-and-cleaning-services/444324	-28.780727	32.038284	
Bay Catering Services	catering	Richards Bay, 3900	35999215				https://richards-bay.infoisinfo.co.za/card/bay-catering-services/444361	-28.780727	32.038284	
T P M S Catering And Cleaning Services	catering	Richards Bay, 3900	35906727				https://richards-bay.infoisinfo.co.za/card/t-p-m-s-catering-and-cleaning-services/406546	-28.780727	32.038284	
Mpangela Catering And Trading	catering	Richards Bay, 3900	35798250				https://richards-bay.infoisinfo.co.za/card/mpangela-catering-and-trading/406538	-28.711130	32.035442	
Allen D Catering And Decorators	catering	Richards Bay, 3900	35796401				https://richards-bay.infoisinfo.co.za/card/allen-d-catering-and-decorators/406545	-28.712946	32.039509	
Lucky Star Fashion Design And Catering	catering	Richards Bay, 3887	35751188				https://richards-bay.infoisinfo.co.za/card/lucky-star-fashion-design-and-catering/444326	-28.780727	32.038284	
SMISO INVESTMENTS	catering	Richards Bay, 3900	035797333				https://richards-bay.infoisinfo.co.za/card/smiso-investments/340613	-28.780727	32.038284	
Thenjwa Catering And Decorating	catering	Richards Bay, 3887	35590146				https://richards-bay.infoisinfo.co.za/card/thenjwa-catering-and-decorating/406723	-28.780727	32.038284	
Zama-mashazi Catering	catering	Richards Bay, 3887	35772300				https://richards-bay.infoisinfo.co.za/card/zama-mashazi-catering/406718	-28.780727	32.038284	
Khulumangizwe Catering And Services	catering	Richards Bay, 3887	31360691				https://richards-bay.infoisinfo.co.za/card/khulumangizwe-catering-and-services/406715	-28.780727	32.038284	
ROYAL SECHABA FOOD SERVICES	catering	Richards Bay, 3900	035999215				https://richards-bay.infoisinfo.co.za/card/royal-sechaba-food-services/309202	-28.811415	32.026272	
Senamile Catering Services	catering	Richards Bay, 3900	35789945				https://richards-bay.infoisinfo.co.za/card/senamile-catering-services/406535	-28.762506	32.061859	
Ubuhle Bamakhathides Catering And Trading	catering	Richards Bay, 3887	35901311				https://richards-bay.infoisinfo.co.za/card/ubuhle-bamakhathides-catering-and-trading/406721	-28.780727	32.038284	
FUNCTION FOODS / INGWE FOOD SERVICES	catering	Richards Bay, 3900	035797419				https://richards-bay.infoisinfo.co.za/card/function-foods-ingwe-food-services/261929	-28.780727	32.038284	
Sithokozile Catering And Decoration	catering	Richards Bay, 3887	35796151				https://richards-bay.infoisinfo.co.za/card/sithokozile-catering-and-decoration/444266	-28.780727	32.038284	
Ilanga Catering	catering	Richards Bay, 3901	35797322				https://richards-bay.infoisinfo.co.za/card/ilanga-catering/444342	-28.734045	32.066063	
Nomlando Catering Services	catering	Richards Bay, 3887	35905217				https://richards-bay.infoisinfo.co.za/card/nomlando-catering-services/444312	-28.780727	32.038284	
Fredas Catering	catering	Richards Bay, 3900	35798146				https://richards-bay.infoisinfo.co.za/card/fredas-catering/444322	-28.733330	32.041653	
Nkonekazi Catering Services	catering	Richards Bay, 3900	35905212				https://richards-bay.infoisinfo.co.za/card/nkonekazi-catering-services/444313	-28.780727	32.038284	
Uthungulu Catering Equipment	catering	Richards Bay, 3900					https://richards-bay.infoisinfo.co.za/card/uthungulu-catering-equipment/400520	-28.780727	32.038284	
Mpilonhle Catering And Cleaning Services	catering	Richards Bay, 3900					https://richards-bay.infoisinfo.co.za/card/mpilonhle-catering-and-cleaning-services/444381	-28.780727	32.038284	
Unyazi Catering Hire	catering	Richards Bay, 3900	35772215				https://richards-bay.infoisinfo.co.za/card/unyazi-catering-hire/442795	-28.780727	32.038284	
Nj Catering Services	catering	Richards Bay, 3900					https://richards-bay.infoisinfo.co.za/card/nj-catering-services/520961	-28.751820	32.054379	
Saligna Leisure Furniture	chair	Richards Bay, 3901			https://www.saligna-furniture.co.za		https://richards-bay.infoisinfo.co.za/card/saligna-leisure-furniture/363507	-28.784584	32.096664	We specialise in patio and deck furniture, ranging from Adirondack Chairs and Pool Loungers to Butcherblocks and Dining table sets. Welcome to Saligna Furniture. We are a growing Patio Furniture manufacturing company,  Richards Bay. We ship
PHESHEYA HIRING	chair	Richards Bay, 3900					https://richards-bay.infoisinfo.co.za/card/phesheya-hiring/645684	-28.780727	32.038284	WE HAVE A MINI TRUCK AND A VAN FOR SMALL LOADS DELEVERY.TWO POLES TENTS, CHAIRS AND TABLES FOR HIRE.
ABOVE ALL Ceiling, Partitioning, Opening & Flooring Systems	ceiling	Richards Bay, 3900	035 751195				https://richards-bay.infoisinfo.co.za/card/above-all-ceiling-partitioning-opening-flooring-systems/355814	-28.748331	32.034405	
Dikwayo Trading cc	catering	. Esikhawini. Richards Bay . Kwazulu Natal . 3887					https://richards-bay.infoisinfo.co.za/card/dikwayo-trading-cc/459909			
Sivelile Catering And Supplies	catering	Richards Bay, 3887					https://richards-bay.infoisinfo.co.za/card/sivelile-catering-and-supplies/520960	-28.780727	32.038284	
Plastic Wood	chair	Richards Bay, 3900	082 856 052				https://richards-bay.infoisinfo.co.za/card/plastic-wood/349345	-28.736242	32.089355	Plastic Wood is 100% recycled plastics used in stead of wood. This is long lasting stuff. 60 years life span.All our products comes as a standard unit or size, but you are more than welcome to come with your own design or even buy the material from
DKM Water Solutions	chemical	Richards Bay, 3900	035 751 202		https://www.dkmwater.co.za		https://richards-bay.infoisinfo.co.za/card/dkm-water-solutions/401521	-28.732939	32.037487	DKM Water Solutions is a company that has been in existence since 2004. DKM Water Solutions has supplied municipalities such as Umkhanyakude, Zululand and Uthungulu. DKM Water Solutions provides training for both water treatment and waster water
SIKA SOUTH AFRICA (PTY) LTD	chemical	Richards Bay, 3900	035797381		https://www.zafsika.com		https://richards-bay.infoisinfo.co.za/card/sika-south-africa-pty-ltd/301806	-28.750608	32.024075	
Zonke Wonke Trading	chemical	Richards Bay, 3900	035 797 485				https://richards-bay.infoisinfo.co.za/card/zonke-wonke-trading/459268	-28.750608	32.024075	We are suppliers of cleaning supplies; mops, brooms, brushware and chemicals.
Conchem Construction Chemicals	chemical	Richards Bay, 3900	35789374				https://richards-bay.infoisinfo.co.za/card/conchem-construction-chemicals/386663	-28.755409	32.043186	
Silchem Industrial Chemical And Cleaning Services	chemical	Richards Bay, 3900	35751168				https://richards-bay.infoisinfo.co.za/card/silchem-industrial-chemical-and-cleaning-services/459687	-28.775000	31.902712	
CONCHEM CONSTRUCTION CHEMICALS CC	chemical	Richards Bay, 3900	035751253				https://richards-bay.infoisinfo.co.za/card/conchem-construction-chemicals-cc/231588	-28.780727	32.038284	
Richbay Chemicals	chemical	Richards Bay, 3900	35751170				https://richards-bay.infoisinfo.co.za/card/richbay-chemicals/535381	-28.741207	32.036991	
Empumelelweni Chicken And Food Supplier	chicken	Richards Bay, 3887	35751180				https://richards-bay.infoisinfo.co.za/card/empumelelweni-chicken-and-food-supplier/406730	-28.780727	32.038284	
MKUZE CHEMIST SHOP	chemist	Richards Bay, 3900	035573111				https://richards-bay.infoisinfo.co.za/card/mkuze-chemist-shop/325489	-28.780727	32.038284	
CHICKEN LICKEN (RICHARDS BAY)	chicken	Richards Bay, 3900	035789851				https://richards-bay.infoisinfo.co.za/card/chicken-licken-richards-bay/229456	-28.780727	32.038284	
Rockcap	chemical	Richards Bay, 3900	35797497				https://richards-bay.infoisinfo.co.za/card/rockcap/522965	-28.780727	32.038284	
S K L COMPUTERS	child-care	Richards Bay, 3900	035789788		https://www.skl.co.za		https://richards-bay.infoisinfo.co.za/card/s-k-l-computers/334869	-28.745127	32.050652	
WIID EN VAN DER WALT	chemist	Richards Bay, 3900	35789744				https://richards-bay.infoisinfo.co.za/card/wiid-en-van-der-walt/596369	-28.780727	32.038284	
Du Bar44	chemical	Richards Bay, 3900	35908848				https://richards-bay.infoisinfo.co.za/card/du-bar44/510887	-28.780727	32.038284	
Antioxidants Aromas And Fine Chemicals	chemical	Richards Bay, 3900	35797600				https://richards-bay.infoisinfo.co.za/card/antioxidants-aromas-and-fine-chemicals/436026	-28.780727	32.038284	
NVC Holdings Medical & Surgical supplies	child-care	Richards Bay, 3900	+2772285311; 0785432058		https://www.nvcholdings.wozaonline.co.za		https://richards-bay.infoisinfo.co.za/card/nvc-holdings-medical-surgical-supplies/400163	-28.716616	32.036011	& Needles, Medical Gloves, Cotton Wool and many more. For Medical Products such as Infusion sets, Adhesive Bandages, Syringes.
INCREDIBLE CONNECTION	child-care	Richards Bay, 3901	035901950		https://www.incredible.co.za		https://richards-bay.infoisinfo.co.za/card/incredible-connection/271148	-28.777367	32.117874	
ONSITE COMPUTERS	child-care	Richards Bay, 3900	035789854				https://richards-bay.infoisinfo.co.za/card/onsite-computers/300078	-28.780727	32.038284	
MICRO WORLD	child-care	Richards Bay, 3900	035430089				https://richards-bay.infoisinfo.co.za/card/micro-world/318109	-28.780727	32.038284	
CAPITAL OFFICE AUTOMATION	child-care	Richards Bay, 3900	035789635				https://richards-bay.infoisinfo.co.za/card/capital-office-automation/212898	-28.750231	32.048191	
DE MUELENAERE DR KARLINE	child-care	Richards Bay, 3901	035753194				https://richards-bay.infoisinfo.co.za/card/de-muelenaere-dr-karline/235219	-28.788549	32.093849	
Ts mediation	children	Richards Bay, 3900					https://richards-bay.infoisinfo.co.za/card/ts-mediation/418442	-28.780727	32.038284	Give your children a say in the outcome of your divorce. Do you really want a judge whom has never met you or your children to make decisions about your future? Mediation puts the power back into your hands and allows disputes to be settled to the
LITTLE PEOPLES CENTRE	children	Richards Bay, 3900	035789604				https://richards-bay.infoisinfo.co.za/card/little-peoples-centre/205249	-28.751888	32.067081	Little People's Centre is an independent preschool, that is affiliated to the Presbyterian Church. We provide a fun, imaginative, loving and safe environment for children to explore the world around them. We are a Christian-based pre-school and also
Lasting Momentos	children	Richards Bay, 3900					https://richards-bay.infoisinfo.co.za/card/lasting-momentos/449889	-28.753407	32.066666	Lasting Momento's is your quality retail Fishing Tackle, Fresh Bait & Gifts store situated at the Essenwood Spar in Arboretum. Besides a wonderful array of fishing tackle we also boast a selection of adult's and children's Gifts and Arts &
shabbi chic designs and manufacturing	children	Richards Bay, 3901					https://richards-bay.infoisinfo.co.za/card/shabbi-chic-designs-and-manufacturing/363452	-28.780727	32.038284	Shabbi Chic designs is an interior design company, specializing in furniture design and manufacturing. We are able to offer  painting of furniture and different paint techniques on walls. We have a childrens range of furniture manufactured  to
Martie Hofmeyr Photography	children	. Richards Bay . Kwazulu Natal . 3900			https://www.martiehofmeyr.co.za		https://richards-bay.infoisinfo.co.za/card/martie-hofmeyr-photography/487510			Martie Hofmeyr is a renowned Wedding Photographer that operates in the Richards Bay and Empangeni area of Kwazulu Natal.Your wedding is a celebration of love, laughter, fun and special moments that mark the beginning of a new life together.Let
JET	children	Richards Bay, 3900	035789714		https://www.jetstores.co.za		https://richards-bay.infoisinfo.co.za/card/jet/279784	-28.749069	32.048992	
The Church of Jesus Christ of Latter-day Saints	church	Richards Bay, 3900	073834555		https://local.churchofjesuschrist.org/en/za/kwa-zulu-natal/richards-bay/27-29-via-cassiandra?utm_source=extnet&utm_medium=yext&y_source=1_MTQ1MTM3NDEtODUxLWxvY2F0aW9uLndlYnNpdGU%3D	https://www.facebook.com/ChurchofJesusChristCassiandraCrescent	https://richards-bay.infoisinfo.co.za/card/the-church-of-jesus-christ-of-latter-day-saints/777548	-28.766317076710408	32.05490835977172	*By Appointment Only Monday through Saturday*  No matter your story, we welcome you to join us as we all try to be a little bit better, a little bit kinder, a little more helpful—because that’s what Jesus taught. We are a diverse community of
That Man Richards Bay	children	Richards Bay, 3900	35752274				https://richards-bay.infoisinfo.co.za/card/that-man-richards-bay/463747	-28.780727	32.038284	
Roadmarkers	civil-construction	. Meer En See. Richards Bay . Kwazulu Natal . 3901	072 191 531		https://www.roadmarkers.co.za		https://richards-bay.infoisinfo.co.za/card/roadmarkers/685223			Civil Engineering Contractror and Road Markers based in KwaZulu-Natal with branches across South Africa.  The company was registered in 1999, but has over 10 years of specialist experience in Road Marking. We have highly trained and skilled road
MIKES CIVIL CONSTRUCTION	civil-construction	Richards Bay, 3901	035773022				https://richards-bay.infoisinfo.co.za/card/mikes-civil-construction/318182	-28.783133	32.106087	
The Church of Jesus Christ of Latter-day Saints	church	Richards Bay, 3887	083281551		https://local.churchofjesuschrist.org/en/za/kwa-zulu-natal/richards-bay/2924-2926-umjikijolo-rd?utm_source=extnet&utm_medium=yext&y_source=1_MTQ1MTM3NTktODUxLWxvY2F0aW9uLndlYnNpdGU%3D	https://www.facebook.com/ChurchofJesusChristUmjikijoloRd	https://richards-bay.infoisinfo.co.za/card/the-church-of-jesus-christ-of-latter-day-saints/777539	-28.865355	31.922778	*By Appointment Only Monday through Saturday*  No matter your story, we welcome you to join us as we all try to be a little bit better, a little bit kinder, a little more helpful—because that’s what Jesus taught. We are a diverse community of
Clemkor	children	Richards Bay, 3900	35198848				https://richards-bay.infoisinfo.co.za/card/clemkor/461718	-28.780727	32.038284	
Thandokwakhe Civil Construction	civil-construction	Richards Bay, 3887					https://richards-bay.infoisinfo.co.za/card/thandokwakhe-civil-construction/637295	-28.780727	32.038284	
Intadoyethu Builders And Civil Engineers	civil-construction	Richards Bay, 3900					https://richards-bay.infoisinfo.co.za/card/intadoyethu-builders-and-civil-engineers/585942	-28.780727	32.038284	
ECL SERVICES AFRICA ENGINEERING	civil-contractor	Richards Bay, 3900	035797383		https://www.ecl.fr	https://www.facebook.com/pages/Fives/278132595611080	https://richards-bay.infoisinfo.co.za/card/ecl-services-africa-engineering/217106	-28.757151	32.026878	Parts maintenance, audit repair modernization and machinery.  Within Fives, the Aluminium business line is specialized in the design and supply of process equipment and the management of complete installations in the three sectors of the aluminium
ZULU CIVILS	civil-contractor	Richards Bay, 3900	035797449				https://richards-bay.infoisinfo.co.za/card/zulu-civils/345431	-28.780727	32.038284	
UMSIMBITI CIVILS (PTY) LTD	civil-contractor	Richards Bay, 3900	035798226				https://richards-bay.infoisinfo.co.za/card/umsimbiti-civils-pty-ltd/330748	-28.780727	32.038284	
S N A CIVIL & STRUCTURAL ENGINEERS	civil-contractor	Richards Bay, 3901	035753134				https://richards-bay.infoisinfo.co.za/card/s-n-a-civil-structural-engineers/306933	-28.782043	32.102516	
HOKMAH (PTY) LTD	civil-engineer	Richards Bay, 3900	035789380		https://www.hokmah.co.za		https://richards-bay.infoisinfo.co.za/card/hokmah-pty-ltd/263779	-28.751820	32.054379	Office buildings, shopping centres, hotels and single storey complexes to multiple storey complexes, conveyor structures, silos, hoppers and reservoirs. Hospitals together with the accompanying services, buildings and housing, Training Colleges and
Vuka Atleha Developments	civil-engineer	Richards Bay, 3900	073825534				https://richards-bay.infoisinfo.co.za/card/vuka-atleha-developments/814050	-28.7501755	32.0553349	At Vuka Atleha Developments, we provide comprehensive construction, engineering, and fabrication services, tailored to meet the unique requirements of each client. Our solutions combine innovation, precision, and safety to deliver value across a
SPACE CONSTRUCTION (PTY) LTD	civil-contractor	. Richards Bay . Kwazulu Natal . 3900	035580136				https://richards-bay.infoisinfo.co.za/card/space-construction-pty-ltd/324980			
SNA CIVIL AND DEVELOPMENT ENGINEERS	civil-engineer	Richards Bay, 3900	12842000				https://richards-bay.infoisinfo.co.za/card/sna-civil-and-development-engineers/628366	-28.780727	32.038284	
G-Tech Richards Bay	cleaners	Richards Bay, 3900					https://richards-bay.infoisinfo.co.za/card/g-tech-richards-bay/645174	-28.745127	32.050652	G-Tech is a distributor of Fuel Saver .Fuel Saver has been tried and tested in many industries , with great success . Its been proven to protect your engine while enjoying reduced fuel consumption and less carbon emissions .Give us a call for a free
Thamis Civil Engineering	civil-engineer	Richards Bay, 3900					https://richards-bay.infoisinfo.co.za/card/thamis-civil-engineering/715569	-28.780727	32.038284	
Not Yet Over Trading	cleaning	Richards Bay, 3900					https://richards-bay.infoisinfo.co.za/card/not-yet-over-trading/349068	-28.753330	31.992220	Not yet over trading is a black owned company, it was found in september 27 , 2007. The owner of Not yet over trading is Euginia Brieget Gumede, Euginia started this company after experiencing  problems of getting a job to feed her family.Not yet
Richards Bay High Pressure Cleaning	cleaning	Richards Bay, 3900					https://richards-bay.infoisinfo.co.za/card/richards-bay-high-pressure-cleaning/459889	-28.762835	32.060707	We specialise in high pressure cleaning.
Sanitech Toilet Hire & Septic Tank Pump-Outs - Richards Bay   Cleaning in Richards Bay	cleaning	106 Alumina Allee. Alton. Richards Bay . Kwazulu Natal . 3900	035751196			https://www.facebook.com/sanitechafrica/?ref=py_c	https://richards-bay.infoisinfo.co.za/card/sanitech-toilet-hire-septic-tank-pump-outs-richards-bay/764275	-28.744940	32.034409	
MINATHI CONSULTING	civil-engineer	Richards Bay, 3901	035753125				https://richards-bay.infoisinfo.co.za/card/minathi-consulting/318240	-28.780727	32.038284	
SIZA KANCANE SERVICES	cleaning	Richards Bay, 3900	035797360				https://richards-bay.infoisinfo.co.za/card/siza-kancane-services/340519	-28.769419	32.008472	
Jobo Construction Cleaning Development	cleaning	Richards Bay, 3887	35796205				https://richards-bay.infoisinfo.co.za/card/jobo-construction-cleaning-development/496395	-28.780727	32.038284	
Danflo Painting And Cleaning Contractors	cleaning	Richards Bay, 3901	12333983				https://richards-bay.infoisinfo.co.za/card/danflo-painting-and-cleaning-contractors/378774	-28.776714	32.115284	
Ashlyns Cleaning Services	cleaning	Richards Bay, 3900	35798194; 0793383777				https://richards-bay.infoisinfo.co.za/card/ashlyns-cleaning-services/459703	-28.723944	32.041168	
Jakes Cleaning Painters And Renovators	cleaning	Richards Bay, 3900	82321100; 0793383777				https://richards-bay.infoisinfo.co.za/card/jakes-cleaning-painters-and-renovators/544745	-28.753860	32.061367	
Once-off Cleaning Services	cleaning	Richards Bay, 3900	35789455				https://richards-bay.infoisinfo.co.za/card/once-off-cleaning-services/459782	-28.780727	32.038284	
Ubumba Industry Cleaning Services	cleaning	Richards Bay, 3900	35797397				https://richards-bay.infoisinfo.co.za/card/ubumba-industry-cleaning-services/459697	-28.780727	32.038284	
J Rajoo Cleaning Services	cleaning	Richards Bay, 3900	35902246				https://richards-bay.infoisinfo.co.za/card/j-rajoo-cleaning-services/459694	-28.730888	32.042931	
Inhlanzeko Industrial Cleaning Services	cleaning	Richards Bay, 3900	35789143				https://richards-bay.infoisinfo.co.za/card/inhlanzeko-industrial-cleaning-services/459674	-28.780727	32.038284	
N R B Cleaning Services	cleaning	Richards Bay, 3900	35751113				https://richards-bay.infoisinfo.co.za/card/n-r-b-cleaning-services/459767	-28.740210	32.035709	
Raylin Cleaning Services	cleaning	Richards Bay, 3900	35797462				https://richards-bay.infoisinfo.co.za/card/raylin-cleaning-services/359536	-28.754473	32.026314	
Inqophamlando Cleaning Services And Clothing Manufacturers C	cleaning	Richards Bay, 3900					https://richards-bay.infoisinfo.co.za/card/inqophamlando-cleaning-services-and-clothing-manufacturers-c/660030	-28.780727	32.038284	
Weslani Cleaning Services	cleaning	Richards Bay, 3900	83661733				https://richards-bay.infoisinfo.co.za/card/weslani-cleaning-services/459669	-28.738272	32.078400	
Jvw Industrial Cleaning Services	cleaning	Richards Bay, 3900					https://richards-bay.infoisinfo.co.za/card/jvw-industrial-cleaning-services/459818	-28.750231	32.048191	
Dare Cleaning Services	cleaning	Richards Bay, 3887	35796456				https://richards-bay.infoisinfo.co.za/card/dare-cleaning-services/459765	-28.780727	32.038284	
Tholumbali Cleaning And Refuse Removal	cleaning	Richards Bay, 3900	35789919				https://richards-bay.infoisinfo.co.za/card/tholumbali-cleaning-and-refuse-removal/672242	-28.733789	32.085064	
G E R Cleaning And Electrical Services	cleaning	Richards Bay, 3900					https://richards-bay.infoisinfo.co.za/card/g-e-r-cleaning-and-electrical-services/459898	-28.780727	32.038284	
Love Brothers Cleaning Products	cleaning	Richards Bay, 3900					https://richards-bay.infoisinfo.co.za/card/love-brothers-cleaning-products/591498	-28.780727	32.038284	
Maritinos	cleaning	. Richards Bay . Kwazulu Natal . 3900	035 788 031				https://richards-bay.infoisinfo.co.za/card/maritinos/378592			MariTino's, KwaZulu-Natal, Richards Bay, Portuguese Restaurant, South Africa.
Ithubalethu Cleaning Services	cleaning	Richards Bay, 3900					https://richards-bay.infoisinfo.co.za/card/ithubalethu-cleaning-services/459886	-28.780727	32.038284	
Velakahle Cleaning Services	cleaning	Richards Bay, 3887					https://richards-bay.infoisinfo.co.za/card/velakahle-cleaning-services/459868	-28.780727	32.038284	
Sbonelo Cleaning Services	cleaning	Richards Bay, 3887					https://richards-bay.infoisinfo.co.za/card/sbonelo-cleaning-services/459829	-28.780727	32.038284	
Gerty Cleaning Services	cleaning	Richards Bay, 3887					https://richards-bay.infoisinfo.co.za/card/gerty-cleaning-services/459838	-28.780727	32.038284	
Starpiece Cleaning Services	cleaning-and-disinfection	Richards Bay, 3887	071333453		https://starpiececleaningservices.blogspot.com	https://www.google.com/url?q=www.facebook.com/Starpiece-cleaning-services-104854502041513/%3Fhc_ref%3DARScf6X2EZJvJcyvpRrpFnRG2kVcCmFWOGV5CP_wnP60_b_FdqPo0vKhBpphlTQjSNw%26fref%3Dnf&sa=U&ved=2ahUKEwitq7D246f3AhWTN8AKHWvnA90QFnoECAgQAg&usg=AOvVaw1VZCH5Cn6NVWFPYZk25erP	https://richards-bay.infoisinfo.co.za/card/starpiece-cleaning-services/798486	-28.891059	31.8884973	Starpiece cleaning services is a company based in Richards Bay, Kwazulu-Natal, South Africa. Our goal is to deliver the most comprehensive cleaning experience possible. We take pride in using only organic cleaning products, as well as eco-friendly
Msimbithwa Cleaning And Refuse Removal	cleaning	Richards Bay, 3900					https://richards-bay.infoisinfo.co.za/card/msimbithwa-cleaning-and-refuse-removal/672246	-28.780727	32.038284	
A & E Recycling cc	cleaning-and-disinfection	Richards Bay, 3900	076 211 311				https://richards-bay.infoisinfo.co.za/card/a-e-recycling-cc/528989	-28.780727	32.038284	We, . PET, HD Products, HD Pipes, . HDPE, PP Products, . PP, medical tubing). LD Clear and colour (must be clean), we sort and bale it for recyclers who then process these materials for manufacturers. PVC Flex (Cable sleeves, receive and recycle
Eco Friendly Toilet Hire	cleaning-and-disinfection	Richards Bay, 3900	14591418				https://richards-bay.infoisinfo.co.za/card/eco-friendly-toilet-hire/613244	-28.764730	32.067650	
BAY CLINIC PHARMACY	clinic	Richards Bay, 3900	035789160				https://richards-bay.infoisinfo.co.za/card/bay-clinic-pharmacy/209786	-28.749399	32.053722	
UMBONAMBI CLINIC	clinic	Richards Bay, 3900	035773045; 0633019595				https://richards-bay.infoisinfo.co.za/card/umbonambi-clinic/330674	-28.780727	32.038284	
MENS CLINIC INTERNATIONAL	clinic	Richards Bay, 3900	035789835; 0633019595		https://www.menshealth.co.za		https://richards-bay.infoisinfo.co.za/card/mens-clinic-international/325088	-28.780727	32.038284	
SERENTE	clinic	Richards Bay, 3900	035789510				https://richards-bay.infoisinfo.co.za/card/serente/300842	-28.749399	32.053722	
RICHARDS BAY FAMILY CARE	clinic	Richards Bay, 3900	035789264; 0633019595				https://richards-bay.infoisinfo.co.za/card/richards-bay-family-care/308168	-28.780727	32.038284	
MONDI CLINIC	clinic	Richards Bay, 3900	035797303; 0633019595				https://richards-bay.infoisinfo.co.za/card/mondi-clinic/275731	-28.734045	32.066063	
Empangeni Diabetic Clinic	clinic	Richards Bay, 3900	0633019595				https://richards-bay.infoisinfo.co.za/card/empangeni-diabetic-clinic/541302	-28.780727	32.038284	
Clothing Meer En See	clothes-in-general	Richards Bay, 3901	+27 34 065 025		http://www.pnp.co.za		https://richards-bay.infoisinfo.co.za/card/clothing-meer-en-see/794296	-28.7819176	32.1002499	
Thegoatafrican clothing SA	clothes-in-general	Richards Bay, 3900	069370184		https://the-goat-clothing.netlify.app/		https://richards-bay.infoisinfo.co.za/card/thegoatafrican-clothing-sa/812978	-28.662546	32.0201381	Thegoatafrican clothing SA   : Is a brand that's taken from culture into the Street with the bold of streetwear. The brand is known as There's no events without a goat     : Go out and trend   :PATCH UP &amp; STAND OUT Akumcimbi imbuzi ingekho
Pick n Pay Clothing Boardwalk	clothes-in-general	Richards Bay, 3900	+27 84 445 566		http://www.pnp.co.za		https://richards-bay.infoisinfo.co.za/card/pick-n-pay-clothing-boardwalk/771478	-28.75275297	32.05058542	
COTTON ON	clothes-in-general	Richards Bay, 3900	035789768		https://www.cottonon.co.za	https://www.facebook.com/cottononclothing	https://richards-bay.infoisinfo.co.za/card/cotton-on/232463	-28.749069	32.048992	From these humble beginnings, we’ve taken our spirit to the globe, making sure Nigel’s vision for what our customers want is delivered every time. In fact, if an idea doesn’t add value to our customers, our people, our brand or the community,
STUDIO 88	clothes-in-general	Richards Bay, 3900	035789596		https://www.studio-88.co.za	https://www.facebook.com/studio88clothing/	https://richards-bay.infoisinfo.co.za/card/studio-88/313433	-28.749069	32.048992	At Studio88 we only supply the best in authentic, quality international & local brands. Check out our latest release below and follow us on our SoundCloud for more mixes. Born and raised in Eldorado Park where the nickname developed. We’re talking
Bellyssimo	clothes-in-general	. Richards Bay . Kwazulu Natal . 3900			https://www.bellyssimo.co.za	https://www.facebook.com/BellyssimoMaternityWear	https://richards-bay.infoisinfo.co.za/card/bellyssimo/387676			that can grow with you. And there is even better news. our garments have been specially designed so that they can be worn after the pregnancy too!. At Bellyssimo you can expect trendy, high quality maternity clothes from a trusted online maternity
CONTEMPO	clothes-in-general	Richards Bay, 3900	035789024		https://www.contemporetail.co.za	https://www.facebook.com/contemporetailsa/	https://richards-bay.infoisinfo.co.za/card/contempo/231883	-28.749069	32.048992	The Contempo concept is renowned for stylish quality fashion at affordable prices. Covering ranges from career wear to casual wear, we focus on the modern day contemporary women, developing colourful, well-co-ordinated product ranges that are
Ridu	clothes-in-general	. Richards Bay . Kwazulu Natal . 3900	+27 82 443 190		https://www.ridu.co.za		https://richards-bay.infoisinfo.co.za/card/ridu/418272			It hugs the body snug in order to pull taught the skin on the decollete area, promoting healthier looking skin. Try the Ridu Chest Bra anti-wrinkle bra for size and you’ll notice that it's manufactured from high quality, imported materials.
PEP STORES	clothes-in-general	Richards Bay, 3900	035789563		https://www.pepstores.co.za		https://richards-bay.infoisinfo.co.za/card/pep-stores/288352	-28.760948	32.063858	
PEP STORES	clothes-in-general	Richards Bay, 3900	035789413		https://www.pepstores.co.za		https://richards-bay.infoisinfo.co.za/card/pep-stores/287881	-28.749069	32.048992	
WOOLWORTHS	clothes-in-general	Richards Bay, 3900	035789319		https://www.woolworths.co.za		https://richards-bay.infoisinfo.co.za/card/woolworths/317473	-28.749069	32.048992	
OLD FASHIONED FISH AND CHIPS	clothes-in-general	Richards Bay, 3900	035789461		https://www.fishandchips.co.za		https://richards-bay.infoisinfo.co.za/card/old-fashioned-fish-and-chips/320050	-28.749069	32.048992	
BEAVER CANOE	clothes-in-general	Richards Bay, 3900	035789234		https://www.beavercanoe.co.za		https://richards-bay.infoisinfo.co.za/card/beaver-canoe/209988	-28.749069	32.048992	
PEP STORES	clothes-in-general	Richards Bay, 3900	035789257		https://www.pepstores.co.za		https://richards-bay.infoisinfo.co.za/card/pep-stores/320860	-28.780727	32.038284	
ACKERMANS	clothes-in-general	Richards Bay, 3900	035789726		https://www.ackermans.co.za		https://richards-bay.infoisinfo.co.za/card/ackermans/206402	-28.749069	32.048992	
Easy Coat	clothes-in-general	Richards Bay, 3900	35789011				https://richards-bay.infoisinfo.co.za/card/easy-coat/731778	-28.758219	32.043095	
Mayihlome African Collections	clothes-in-general	Richards Bay, 3900	35786151				https://richards-bay.infoisinfo.co.za/card/mayihlome-african-collections/463741	-28.736324	32.080349	
Busizipho Fashion And Designing School	clothes-in-general	Richards Bay, 3900	35592005				https://richards-bay.infoisinfo.co.za/card/busizipho-fashion-and-designing-school/470850	-28.780727	32.038284	
Pick n Pay Meer En See	clothes-in-general	Richards Bay, 3901	+27 35 753 810		http://www.pnp.co.za		https://richards-bay.infoisinfo.co.za/card/pick-n-pay/321213	-28.7815604	32.1002161	Pick n Pay is your one stop shop to get everything you need. The best quality at the best prices.
Pick n Pay Richards Bay	clothes-in-general	Richards Bay, 3900	+27 35 789 723		http://www.pnp.co.za		https://richards-bay.infoisinfo.co.za/card/pick-n-pay/330980	-28.75317457	32.0518713	
Dress To Kill Fashion	clothes-in-general	Richards Bay, 3900	35550020				https://richards-bay.infoisinfo.co.za/card/dress-to-kill-fashion/463742	-28.780727	32.038284	
MARIO NEL JEWELLERS	clothes-in-general	Richards Bay, 3900	35789885				https://richards-bay.infoisinfo.co.za/card/mario-nel-jewellers/471620	-28.780727	32.038284	
PEP STORES	clothes-in-general	. Richards Bay . Kwazulu Natal . 3900	035796271		https://www.pepstores.co.za		https://richards-bay.infoisinfo.co.za/card/pep-stores/302199			
Land O Clothing Design	clothes-in-general	Richards Bay, 3887	35795148				https://richards-bay.infoisinfo.co.za/card/land-o-clothing-design/461079	-28.780727	32.038284	
Zululand Sportswear	clothes-in-general	Richards Bay, 3900	35789987				https://richards-bay.infoisinfo.co.za/card/zululand-sportswear/463745	-28.780727	32.038284	
EDGARS	clothes-in-general	Richards Bay, 3900	035789646		https://www.edgars.co.za		https://richards-bay.infoisinfo.co.za/card/edgars/249539	-28.749069	32.048992	
Quantum Sign Sound And Scribe	clothes-in-general	Richards Bay, 3900	35797330				https://richards-bay.infoisinfo.co.za/card/quantum-sign-sound-and-scribe/463743	-28.725824	32.045803	
TRUWORTHS	clothes-in-general	Richards Bay, 3900	035789407		https://www.truworths.co.za		https://richards-bay.infoisinfo.co.za/card/truworths/310028	-28.749069	32.048992	
JAY JAYS	clothes-in-general	Richards Bay, 3900	035789552		https://www.jayjays.co.za		https://richards-bay.infoisinfo.co.za/card/jay-jays/279406	-28.749069	32.048992	
Classic Walling	clothes-in-general	Richards Bay, 3900	35751151				https://richards-bay.infoisinfo.co.za/card/classic-walling/463744	-28.780727	32.038284	
MR PRICE	clothes-in-general	Richards Bay, 3900	035789735		https://www.mrp.com		https://richards-bay.infoisinfo.co.za/card/mr-price/318829	-28.749069	32.048992	
Fokianos P S	clothes-in-general	Richards Bay, 3900	3513279				https://richards-bay.infoisinfo.co.za/card/fokianos-p-s/462480	-28.780727	32.038284	
Richards Bay Customized Sewing	clothes-in-general	Richards Bay, 3900					https://richards-bay.infoisinfo.co.za/card/richards-bay-customized-sewing/462006	-28.780727	32.038284	
PICK N PAY CLOTHING	clothes-in-general	Richards Bay, 3900	035789499				https://richards-bay.infoisinfo.co.za/card/pick-n-pay-clothing/331127	-28.749069	32.048992	
BUY MORE	clothes-in-general	Richards Bay, 3900	035789448				https://richards-bay.infoisinfo.co.za/card/buy-more/226042	-28.750231	32.048191	
IDENTITY	clothes-in-general	Richards Bay, 3900	035789546				https://richards-bay.infoisinfo.co.za/card/identity/273536	-28.749069	32.048992	
HARDEX TRADING 26	clothes-in-general	Richards Bay, 3900	35789504				https://richards-bay.infoisinfo.co.za/card/hardex-trading-26/531434	-28.757723	32.044140	
MARKHAMS	clothes-in-general	Richards Bay, 3900	035901901				https://richards-bay.infoisinfo.co.za/card/markhams/294551	-28.749069	32.048992	
UZZI	clothes-in-general	Richards Bay, 3900	035789465				https://richards-bay.infoisinfo.co.za/card/uzzi/331040	-28.749069	32.048992	
Perfectionist Fashion Design	clothes-in-general	Richards Bay, 3887					https://richards-bay.infoisinfo.co.za/card/perfectionist-fashion-design/551639	-28.780727	32.038284	
QUEENSPARK INKWAZI	clothes-in-general	Richards Bay, 3900	035901106				https://richards-bay.infoisinfo.co.za/card/queenspark-inkwazi/333201	-28.780727	32.038284	
EXACT	clothes-in-general	Richards Bay, 3900	035901904				https://richards-bay.infoisinfo.co.za/card/exact/252433	-28.749069	32.048992	
FUNTOWEAR	clothes-in-general	Richards Bay, 3900	035788004				https://richards-bay.infoisinfo.co.za/card/funtowear/266066	-28.780727	32.038284	
Okwethu Sports Wear	clothes-in-general	Richards Bay, 3900	35789767				https://richards-bay.infoisinfo.co.za/card/okwethu-sports-wear/488106	-28.780727	32.038284	
Express Bullion Boulevard	clothes-in-general	Richards Bay, 3900	+27 35 789 901		http://www.pnp.co.za		https://richards-bay.infoisinfo.co.za/card/bullion-boulevard-express/512627	-28.75903249	32.04335334	
Full Sail 23	clothes-in-general	Richards Bay, 3900	35789830				https://richards-bay.infoisinfo.co.za/card/full-sail-23/376294	-28.745127	32.050652	
FOSCHINI	clothes-in-general	Richards Bay, 3900	035901900				https://richards-bay.infoisinfo.co.za/card/foschini/265098	-28.749069	32.048992	
MARKHAM	clothes-in-general	Richards Bay, 3900	035789734				https://richards-bay.infoisinfo.co.za/card/markham/289235	-28.749069	32.048992	
CLOTHES LINE CC	clothes-in-general	Richards Bay, 3900	035789883				https://richards-bay.infoisinfo.co.za/card/clothes-line-cc/230830	-28.749069	32.048992	
B J OUTFITTERS	clothes-in-general	Richards Bay, 3900	035789878				https://richards-bay.infoisinfo.co.za/card/b-j-outfitters/209103	-28.780727	32.038284	
Printz Fashions	clothes-in-general	Richards Bay, 3900					https://richards-bay.infoisinfo.co.za/card/printz-fashions/753093	-28.780727	32.038284	
Sharobu Clothing	clothes-in-general	Richards Bay, 3900					https://richards-bay.infoisinfo.co.za/card/sharobu-clothing/463740	-28.780727	32.038284	
NetCafé	coffee	Richards Bay, 3900	035780612		https://location.netcaferestaurant.co.za/the-bay		https://richards-bay.infoisinfo.co.za/card/netcafe/790961	-28.75009054609679	32.05326322240467	When you find yourself at a NetCare hospital and need a breather, look no further than NetCafé. This is a warm and welcoming place that offers healthy and traditional hearty meals made with love. For your convenience, we have delicious takeaway
RICHARDS BAY FOODS	coffee	Richards Bay, 3900	35789726				https://richards-bay.infoisinfo.co.za/card/richards-bay-foods/497020	-28.780727	32.038284	
Mugg & Bean	coffee-shop	Richards Bay, 3900	035789968		https://location.muggandbean.co.za/town-square-mall-richards-bay?y_source=1_MTA5MTExMjk2Mi04NTEtbG9jYXRpb24ud2Vic2l0ZQ%3D%3D	https://www.facebook.com/526730853863567	https://richards-bay.infoisinfo.co.za/card/mugg-and-bean/809509	-28.747547467885507	32.050170880142765	Welcome to Mugg & Bean Town Square Mall Richards Bay the place where customers become regulars and regulars become friends. We’re your home away from home, the place where you always get more and more. You taste it in our seasonally inspired
NASA TRAVELLING COACH	coach	Richards Bay, 3900	035789602		https://www.nasatravel.co.za		https://richards-bay.infoisinfo.co.za/card/nasa-travelling-coach/327038	-28.749908	32.059448	
Fego Caffe - Closed   Restaurant in Richards Bay	coffee-shop	Shop G100, Melomed Richards Bay Cnr N2 & MR49 John Ross Highway. Richards Bay . Kwazulu Natal . 3900	035791530			https://www.facebook.com/299885380895707	https://richards-bay.infoisinfo.co.za/card/fego-caffe/799860	-28.7716722	31.9365219	
Mugg & Bean	coffee-shop	Richards Bay, 3900	035789399		https://location.muggandbean.co.za/richards-bay-boardwalk?y_source=1_MTI0NDAzMDItODUxLWxvY2F0aW9uLndlYnNpdGU%3D	https://www.facebook.com/1243067395718793	https://richards-bay.infoisinfo.co.za/card/mugg-and-bean/318924	-28.75217947743087	32.051523911023224	Welcome to Mugg & Bean Richards Bay Boardwalk the place where customers become regulars and regulars become friends. We’re your home away from home, the place where you always get more and more. You taste it in our seasonally inspired menus,
DELCER	coil	Richards Bay, 3900	35789365				https://richards-bay.infoisinfo.co.za/card/delcer/469254	-28.759949	32.042274	
RICHTEK CAMPUS OF UMFOLOZI COLLEGE	college	Richards Bay, 3900	035902950; 0742991348		https://www.richtek.co.za		https://richards-bay.infoisinfo.co.za/card/richtek-campus-of-umfolozi-college/305275	-28.764124	32.077354	
UMFOLOZI COLLEGE	college	Richards Bay, 3900	035902950				https://richards-bay.infoisinfo.co.za/card/umfolozi-college/343382	-28.760948	32.063858	
Intuthuko Training College	college	Richards Bay, 3900					https://richards-bay.infoisinfo.co.za/card/intuthuko-training-college/653648	-28.745359	32.048729	
RICHLEN PROPERTY SERVICES	commercial-activities-and-marketing	Richards Bay, 3900	035751197; 0742991348		https://www.richlenpropertyservices.co.za		https://richards-bay.infoisinfo.co.za/card/richlen-property-services/217126	-28.750273	32.029579	Commercial, warehouse & industrial property. Property sales, leases & property management.
Intuthuko Trade And Services	commercial-activities-and-marketing	Richards Bay, 3900	35789202				https://richards-bay.infoisinfo.co.za/card/intuthuko-trade-and-services/757312	-28.780727	32.038284	Manufactuing, Supply and installation of all Hydraulic pipes and Pneumatic systems
STR Commercial	commercial-activities-and-marketing	Richards Bay, 3900	064580222; 0645802220	strcommercial1@gmail.com			https://richards-bay.infoisinfo.co.za/card/str-commercial/800762	-28.7434217	32.0363053	Our knowledgeable staff will try and repair your truck or trailer as soon as they can, no matter where you are. We can provide roadside assistance for any electrical or mechanical breakdown around Richards bay and surrounding areas.  We can cater
PEST CONTROL SERVICES	commercial-activities-and-marketing	Richards Bay, 3901	061 442 3178		https://www.pestcontrolservicesnc.webs.com		https://richards-bay.infoisinfo.co.za/card/pest-control-services/429768	-28.776003	32.101158	We are a pest control company that's been around for 6 years in KZN, and we concentrate on service, service and service first. Our services range from domestic to commercial pest control as well as pest control for export.Our area ranges throughout
DHL INTERNATIONAL (PTY) LTD	commercial-activities-and-marketing	Richards Bay, 3900	035789524		https://www.dhl.com		https://richards-bay.infoisinfo.co.za/card/dhl-international-pty-ltd/237009	-28.757191	32.043579	
DICKINSON REFRACTORY SERVICES NATAL	commercial-activities-and-marketing	Richards Bay, 3900	16422454				https://richards-bay.infoisinfo.co.za/card/dickinson-refractory-services-natal/618743	-28.739607	32.038883	
ROLLO MAINTENANCE CONTRACTORS	commercial-activities-and-marketing	Richards Bay, 3900	35197447				https://richards-bay.infoisinfo.co.za/card/rollo-maintenance-contractors/632392	-28.780727	32.038284	
Quintac 25	commercial-activities-and-marketing	Richards Bay, 3900	35789897				https://richards-bay.infoisinfo.co.za/card/quintac-25/469221	-28.758280	32.042519	
Drs Nisbet Govender And Associates	commercial-service	Richards Bay, 3900	35780611; 082 854 6627				https://richards-bay.infoisinfo.co.za/card/drs-nisbet-govender-and-associates/714020	-28.957289	31.753990	
Inkosi Marine	commercial-service	. Richards Bay . Kwazulu Natal . 3900			https://www.inkosimarine.co.za		https://richards-bay.infoisinfo.co.za/card/inkosi-marine/406526			We are a diverse South African marine transportation and security services company.
REALTY VALUE PROPERTY SOLUTIONS	commercial-properties	Richards Bay, 3900	035789137; 031-9037119		https://www.realtynorthcoast.co.za		https://richards-bay.infoisinfo.co.za/card/realty-value-property-solutions/304512	-28.753141	32.053242	
NHZ Coal Trading	commodity	. Richards Bay . Kwazulu Natal . 3900			https://www.nhzcommodities.co.za		https://richards-bay.infoisinfo.co.za/card/nhz-coal-trading/584149			
Planet Communications CC	communication	Richards Bay, 3901	035-7899335		https://www.planetcoms.co.za		https://richards-bay.infoisinfo.co.za/card/planet-communications-cc/397317	-28.756611	32.043858	Planet Communications was established in 1976, as a Television sales and service centre. It's computer supply and services is a strong growth  point in the company. It soon changed direction into radio communications.Planet Communications became,
Bees Ink	communication	. Meer En See. Richards Bay . Kwazulu Natal . 3901	035 789 690		https://beesink.co.za	https://www.facebook.com/beesink.sa	https://richards-bay.infoisinfo.co.za/card/bees-ink/425324			Prior to establishing Bees Ink in 2006, both partners garnered extensive experience in the PR/Marketing/Communication functions at various corporate and parastatal enterprises.  Bees Ink: Committed to promoting and enhancing our clients' business
TELKOM 8TA	communication	Richards Bay, 3900	035789806		https://www.telkommobile.co.za		https://richards-bay.infoisinfo.co.za/card/telkom-8ta/337655	-28.749069	32.048992	
GREEN COMMUNICATING SOLUTIONS	communication	Richards Bay, 3900	035789746		https://www.greencomsol.weebly.com		https://richards-bay.infoisinfo.co.za/card/green-communicating-solutions/257411	-28.761789	32.052959	Green Communication Solutions is a small but growing Telecommunications business with a wide range of communication equipment making it easy for you to keep in touch. Green Communication Solutions offers existing Telecommunication services such as,
Planet Communications	communication	Richards Bay, 3900	35789933				https://richards-bay.infoisinfo.co.za/card/planet-communications/694812	-28.756611	32.043858	
AVANTE TECHNOLOGIES CC	communication	Richards Bay, 3900	035789690				https://richards-bay.infoisinfo.co.za/card/avante-technologies-cc/221595	-28.759775	32.041073	
POWER-BRITE	communication	Richards Bay, 3900	35789585				https://richards-bay.infoisinfo.co.za/card/power-brite/581564	-28.747219	32.047039	
NASHUA MOBILE	communication	Richards Bay, 3900	035789572		https://www.nashuamobile.com		https://richards-bay.infoisinfo.co.za/card/nashua-mobile/327064			
Silver Communication Corporation Richards Bay	communication	Richards Bay, 3900	35789050				https://richards-bay.infoisinfo.co.za/card/silver-communication-corporation-richards-bay/670991	-28.780727	32.038284	
Xpress Business Communications	communication	Richards Bay, 3900	33395638				https://richards-bay.infoisinfo.co.za/card/xpress-business-communications/708263	-28.780727	32.038284	
Pseudo Communications	communication	Richards Bay, 3900	35789730				https://richards-bay.infoisinfo.co.za/card/pseudo-communications/581487	-28.755156	32.043270	
Elangeni Electrical Contractors	community-service	Richards Bay, 3900	35789753; 0793383777				https://richards-bay.infoisinfo.co.za/card/elangeni-electrical-contractors/394828	-28.712708	32.040279	
ERICS GARDEN SERVICE	community-service	Richards Bay, 3900	35789461; 0793383777				https://richards-bay.infoisinfo.co.za/card/erics-garden-service/475965	-28.734652	32.063301	
Albion Design Services	community-service	Richards Bay, 3900	35789821; 0793383777				https://richards-bay.infoisinfo.co.za/card/albion-design-services/630792	-28.779409	31.901693	
Nunns And Zimele Funeral Services	community-service	Richards Bay, 3887	35787257				https://richards-bay.infoisinfo.co.za/card/nunns-and-zimele-funeral-services/750258	-28.773268	31.904320	
Corporate Talent Management	community-service	Richards Bay, 3900	35908811; 0793383777				https://richards-bay.infoisinfo.co.za/card/corporate-talent-management/605624	-28.732719	32.074390	
Business 9 To 5	community-service	Richards Bay, 3900	35192339; 0793383777				https://richards-bay.infoisinfo.co.za/card/business-9-to-5/613882	-28.780727	32.038284	
Zululand Occupational Health And Safety	community-service	Richards Bay, 3901	0793383777				https://richards-bay.infoisinfo.co.za/card/zululand-occupational-health-and-safety/557010	-28.777563	32.120731	
Zululand Chamber Of Commerse And Industry	community-service	Richards Bay, 3900	35797180; 0793383777				https://richards-bay.infoisinfo.co.za/card/zululand-chamber-of-commerse-and-industry/613864	-28.780727	32.038284	
MEGAtraining	computer	Richards Bay, 3900	035-789007		https://www.megatraining.co.za	https://www.facebook.com/megatrainingrb	https://richards-bay.infoisinfo.co.za/card/megatraining/619273	-28.750462	32.054668	IT training specialists.  and Community Development Facilitation provider in Kwazulu Natal by continuing our level of excellence in skills training, business and service delivery, with the aim of national expansion. Megatraining strives to provide
ATTEK IT and Stationary   Computer in Richards Bay	computer	22 bullion Boulevard Richards Bay 3900. Richards Bay . Kwazulu Natal . 3900	035940247			https://www.facebook.com/search/top?q=attek%20and%20stationery	https://richards-bay.infoisinfo.co.za/card/attek-it-and-stationary/798798	-28.7451287	32.0504344	
2003 Computers	computer	Richards Bay, 3900	035-786009; 0832267397		https://www.2003computers.co.za	https://www.facebook.com/2003computers	https://richards-bay.infoisinfo.co.za/card/2003-computers/508545	-28.745483	32.080490	With SERVICE EXCELLENCE as our motto and over 15 years experience, look no further than 2003 Computers.  We supply computers, software, networking, general IT hardware and other related services to the home user and the SMME sector as well as do
CYBERZONE	computer	Richards Bay, 3900	0839656212				https://richards-bay.infoisinfo.co.za/card/cyberzone/561046	-28.780727	32.038284	CYBERZONE OFFERS COMPUTER TRAINING AND SALES. CYBERZONE TURNING A BYTE INTO A GIGABYTE. WE BEAT ANY PRICE IN RICHARDS BAY. PLEASE CALL NOW FOR ALL YOUR COMPUTER NEEDS. 0839656212 a/h.
IPI.SA Training,Consulting and I.T Support	computer	Richards Bay, 3900	035 751 202; 035 751 2022; 035 751 2004	sales1@ipisa.co.za	https://www.ipisa.co.za		https://richards-bay.infoisinfo.co.za/card/ipi-sa-trainingconsulting-and-i-t-support/391286	-28.780727	32.038284	IPI.SA Training, Industrial Relation, Lifting EquipmentBusiness Training, I.T, Consulting and I.T Support offers Training in Legal Compliance, Sales and Marketing and also Psychological AssessmentsContact Deena Moodley: 035 751
Pipeline Networks	computer	Richards Bay, 3900			https://www.pipelinenetworks.co.za		https://richards-bay.infoisinfo.co.za/card/pipeline-networks/388359	-28.765310	32.067780	Pipeline Networks aka The IT Guy is a one stop ICT (Information Communication. telecommunications, networking, and deployment of various total. Richards Bay, we have 12 years of experience in the field of. effective solution to all our
Specialist Network Services	computer	Richards Bay, 3900					https://richards-bay.infoisinfo.co.za/card/specialist-network-services/482596	-28.736023	32.088226	We are an ITC support provider specializing in small to medium enterprises. Give us a call if you have any sort of problem with your Computer\Network. We understand the severity of an outage and the financial pressures that comes with a loss of
Exboot	computer	. Richards Bay . Kwazulu Natal . 3900	+27 35 789 124		https://www.exboot.co.za		https://richards-bay.infoisinfo.co.za/card/exboot/466192			On-line shopping for ExBoot data storage and recovery device. Exboot all in one system backup/restore device.
Avante Technologies	computer	Richards Bay, 3900	35751192				https://richards-bay.infoisinfo.co.za/card/avante-technologies/746162	-28.780727	32.038284	
Ometrio Design Studio	computer	Richards Bay, 3900	35789750				https://richards-bay.infoisinfo.co.za/card/ometrio-design-studio/604091	-28.780727	32.038284	
Siyasebenza Computer Centre	computer	Richards Bay, 3900	35902327				https://richards-bay.infoisinfo.co.za/card/siyasebenza-computer-centre/512245	-28.716040	32.037418	
Philco Computing And Automation	computer	Richards Bay, 3900	35151136				https://richards-bay.infoisinfo.co.za/card/philco-computing-and-automation/695688	-28.779409	31.901693	
S A Schools Technology Solutions	computer	Richards Bay, 3887	35572523				https://richards-bay.infoisinfo.co.za/card/s-a-schools-technology-solutions/681928	-28.877781	31.915560	
Philco Systems	computer	Richards Bay, 3900	35751136				https://richards-bay.infoisinfo.co.za/card/philco-systems/693623	-28.749577	32.033718	
Skl Computer Services	computer	Richards Bay, 3900	35789788				https://richards-bay.infoisinfo.co.za/card/skl-computer-services/695684	-28.750231	32.048191	
Ktn Computers	computer	Richards Bay, 3900	35753252				https://richards-bay.infoisinfo.co.za/card/ktn-computers/716757	-28.750231	32.048191	
Third Millennium Computer School	computer	Richards Bay, 3900					https://richards-bay.infoisinfo.co.za/card/third-millennium-computer-school/470872	-28.780727	32.038284	
Impulse Software Services	computer	Richards Bay, 3901	35753317				https://richards-bay.infoisinfo.co.za/card/impulse-software-services/681601	-28.780727	32.038284	
On Site Computer Solutions	computer	Richards Bay, 3900	35798106				https://richards-bay.infoisinfo.co.za/card/on-site-computer-solutions/693639	-28.780727	32.038284	
Maksons Computers	computer	Richards Bay, 3900	35908838				https://richards-bay.infoisinfo.co.za/card/maksons-computers/752405	-28.780727	32.038284	
Slump Computers	computer	Richards Bay, 3900	35772246				https://richards-bay.infoisinfo.co.za/card/slump-computers/664624	-28.740030	31.893709	
Ergovision Computer	computer	Richards Bay, 3900	35789056				https://richards-bay.infoisinfo.co.za/card/ergovision-computer/753229	-28.780727	32.038284	
Siyazama Computer And Consulting Services	computer	Richards Bay, 3900					https://richards-bay.infoisinfo.co.za/card/siyazama-computer-and-consulting-services/712705	-28.780727	32.038284	
BYTES SYSTEM INTEGRATION	computer-services-and-technical-support	Richards Bay, 3900	035789084		https://www.bytessi.co.za	https://www.facebook.com/Bytesgroup?ref=br_tf	https://richards-bay.infoisinfo.co.za/card/bytes-system-integration/215700	-28.758804	32.042248	BYTES SYSTEMS INTEGRATION (Bytes SI) is a specialist Outsource Service Provider that designs, implements, services and manages customised ICT services and solutions. As an end-to-end ICT Solutions Aggregator, Bytes SI maintains extensive leading
GIJIMA	computer-services-and-technical-support	Richards Bay, 3900	035780891		https://www.gijima.com	https://www.facebook.com/pages/Gijima/162227830510649	https://richards-bay.infoisinfo.co.za/card/gijima/263200	-28.757570	32.042931	At Gijima, we have a passion for the public service and a belief in government’s ability to shape our future landscape and accelerate development and growth. We also believe that today’s government has to constantly adapt to an ever changing
BUSINESS CONNEXION (PTY) LTD	computer-services-and-technical-support	Richards Bay, 3900	035788960				https://richards-bay.infoisinfo.co.za/card/business-connexion-pty-ltd/225953	-28.780727	32.038284	
Snarf Computers	computer	Richards Bay, 3900					https://richards-bay.infoisinfo.co.za/card/snarf-computers/716771	-28.780727	32.038284	
AQUATECH AFRICA	computer-services-and-technical-support	Richards Bay, 3900	035789230				https://richards-bay.infoisinfo.co.za/card/aquatech-africa/214308	-28.780727	32.038284	
A N Technical Services And Belting Specialist	computer-services-and-technical-support	Richards Bay, 3887					https://richards-bay.infoisinfo.co.za/card/a-n-technical-services-and-belting-specialist/524094	-28.780727	32.038284	
Jc And La Pro Pave	concrete	Richards Bay, 3900	33788017				https://richards-bay.infoisinfo.co.za/card/jc-and-la-pro-pave/653145	-28.754795	32.026974	
Alton Cement Distributors	concrete	Richards Bay, 3900	35197429				https://richards-bay.infoisinfo.co.za/card/alton-cement-distributors/509287	-28.780727	32.038284	
Concrete Frames Kwazulu Natal	concrete	Richards Bay, 3900	35753412				https://richards-bay.infoisinfo.co.za/card/concrete-frames-kwazulu-natal/539011	-28.750854	32.029575	
LAFARGE SOUTH AFRICA HOLDINGS	concrete	Richards Bay, 3900	11257300				https://richards-bay.infoisinfo.co.za/card/lafarge-south-africa-holdings/504857	-28.764839	32.017818	
Ito Resource And Conference Centre	conference	Richards Bay, 3900	13741358				https://richards-bay.infoisinfo.co.za/card/ito-resource-and-conference-centre/597302	-28.750231	32.048191	
S K M ENGINEERING	construction	Richards Bay, 3900	035797386				https://richards-bay.infoisinfo.co.za/card/s-k-m-engineering/205031	-28.780727	32.038284	SKM Engineering is a professional engineering company based in Richards Bay. We are specialists in precision machining, hydraulics services and project engineering. We provide outstanding turnaround time on work done. We manufacture and repair all
Bundu Construction	construction	Richards Bay, 3901			https://bundu.wozaonline.co.za		https://richards-bay.infoisinfo.co.za/card/bundu-construction/368923	-28.780727	32.038284	Bundu was established in KZN in 2004.Bundu operates from Richards Bay and provides superior service to the public and sertain insurance companies.Bundu's goal is to exceed the expectations of every client and to provide an efficient and outstanding
Blue Ocean Concrete Products	concrete	Richards Bay, 3900					https://richards-bay.infoisinfo.co.za/card/blue-ocean-concrete-products/652926	-28.751314	32.019547	
Richcrete Concrete Products	concrete	Richards Bay, 3900					https://richards-bay.infoisinfo.co.za/card/richcrete-concrete-products/652923	-28.759211	32.026482	
Norbolt Zululand	construction	Richards Bay, 3900	35789124		https://www.norbolt.co.za		https://richards-bay.infoisinfo.co.za/card/norbolt-zululand/382490	-28.759518	32.041199	We operate our own in house electroplating and Kalgard coating plant, ensuring very fast delivery of fasteners that require corrosion protection. Norbolt Zululand Pty Ltd has been in business for more than 30 years and remain one of the most
Engineering Top Tech	construction	Richards Bay, 3900			https://www.ett.co.za		https://richards-bay.infoisinfo.co.za/card/engineering-top-tech/402321	-28.751698	32.026421	The core business of Engineering. vehicles for smelter, mining, industrial, construction and forestry. Top Tech is the design and manufacture of low-volume special. applications.
UTHINGO TRAINING CENTRE	construction	Richards Bay, 3900	035797586		https://www.uthingotraining.co.za		https://richards-bay.infoisinfo.co.za/card/uthingo-training-centre/205082	-28.780727	32.038284	Uthingo Training Centre is a fully accredited service provider, construction, earth moving equipment, qualified to give quality training in: lifting equipment, drill training and soft skills.
MDAKANE ENGINEERING SERVICES(PTY)LTD	construction	Richards Bay, 3900			https://www.mdakane.co.za		https://richards-bay.infoisinfo.co.za/card/mdakane-engineering-servicesptyltd/412159	-28.749659	32.032482	Established in 2008, MES is a multi-disciplinary engineering services company. Our Strategic Objectives ENGINEERING MAINTENANCE SERVICESENGINEERING CONSTRUCTION SERVICESENGINEERING EQUIPMENT SERVICESPROJECT ENGINEERING SERVICESWe provide design
R B Compressor Services cc	construction	Richards Bay, 3900	35789359				https://richards-bay.infoisinfo.co.za/card/r-b-compressor-services-cc/446514	-28.756405	32.043961	We pride ourself in our service. The business has been operating since 1999.
CURETON ENGINEERING & CONSTRUCTION SA	construction	Richards Bay, 3900	035751125		https://www.cureng.co.za		https://richards-bay.infoisinfo.co.za/card/cureton-engineering-construction-sa/233399	-28.780727	32.038284	
Nat Africa	construction	. Meer En See. Richards Bay . Kwazulu Natal . 3901	0713646003; 0317006612				https://richards-bay.infoisinfo.co.za/card/nat-africa/504493			Nat-Africa Construction and Manufacturing CC is a BBBEE Company, which believes in the upliftment of disadvantaged people in the area. Nat-Africa Construction & Manufacturing CC has been trading in Richards Bay since 1999 and currently employees a
LEOMAT CONSTRUCTION (PTY) LTD	construction	Richards Bay, 3900	035797461		https://www.leomat.net		https://richards-bay.infoisinfo.co.za/card/leomat-construction-pty-ltd/286005	-28.780727	32.038284	
Mtolo Construction Services	construction	Richards Bay, 3887	32552343				https://richards-bay.infoisinfo.co.za/card/mtolo-construction-services/635874	-28.780727	32.038284	
Leomat Plant Hire	construction	Richards Bay, 3900	35797461				https://richards-bay.infoisinfo.co.za/card/leomat-plant-hire/583471	-28.756350	32.027458	
Coalfields Supplies And Service	construction	Richards Bay, 3900	35751176				https://richards-bay.infoisinfo.co.za/card/coalfields-supplies-and-service/583361	-28.750616	32.023186	
Mswane Construction	construction	Richards Bay, 3900	35797347				https://richards-bay.infoisinfo.co.za/card/mswane-construction/629217	-28.780727	32.038284	
CRANE INSPECTION AND REPAIR SERVICES	construction	Richards Bay, 3901	35751186				https://richards-bay.infoisinfo.co.za/card/crane-inspection-and-repair-services/574956	-28.780727	32.038284	
DLABANE CONSTRUCTION	construction	Richards Bay, 3900	35753570				https://richards-bay.infoisinfo.co.za/card/dlabane-construction/737248	-28.772816	32.117275	
W J CONSTRUCTION	construction	Richards Bay, 3900	035590146				https://richards-bay.infoisinfo.co.za/card/w-j-construction/339608	-28.780727	32.038284	
ROW MAC ENGINEERING	construction	Richards Bay, 3900	35751124				https://richards-bay.infoisinfo.co.za/card/row-mac-engineering/354969	-28.780727	32.038284	
Richards Bay Lighting	construction	Richards Bay, 3900	35789118				https://richards-bay.infoisinfo.co.za/card/richards-bay-lighting/484549	-28.752266	32.045456	
NAT - AFRICA CONSTRUCTION & MANUFACTURING CC	construction	Richards Bay, 3900	035751229				https://richards-bay.infoisinfo.co.za/card/nat-africa-construction-manufacturing-cc/327073	-28.752544	32.026352	
Sesila Civils And Contracting	construction	Richards Bay, 3900	31701064				https://richards-bay.infoisinfo.co.za/card/sesila-civils-and-contracting/575913	-28.759550	32.041985	
UNIVERSAL PROJECTS & SUPPLIES	construction-company	. Richards Bay . Kwazulu Natal . 3900	035798199				https://richards-bay.infoisinfo.co.za/card/universal-projects-supplies/316151			
Musas Business Enterprise And Construction	construction-consultant	Richards Bay, 3887					https://richards-bay.infoisinfo.co.za/card/musas-business-enterprise-and-construction/638037	-28.780727	32.038284	
Afribras Construction	construction-engineering	Richards Bay, 3900	35151173				https://richards-bay.infoisinfo.co.za/card/afribras-construction/629200	-28.752544	32.022099	
KHUTHALA ENGINEERING AND CONSTRUCTION SERVICES	construction-engineering	Richards Bay, 3900	35751129				https://richards-bay.infoisinfo.co.za/card/khuthala-engineering-and-construction-services/745243	-28.749659	32.032482	
CURETON ENGINEERING AND CONSTRUCTION SOUTH AFRICA	construction-engineering	Richards Bay, 3900	35751125				https://richards-bay.infoisinfo.co.za/card/cureton-engineering-and-construction-south-africa/731259	-28.754551	32.030544	
MZINGAZI ENGINEERING & INDUSTRIAL SUPPLIES	construction-engineering	Richards Bay, 3900	035797343				https://richards-bay.infoisinfo.co.za/card/mzingazi-engineering-industrial-supplies/292423	-28.750608	32.024075	
Mzingazi Engineering And Industrial Suppliers	construction-engineering	Richards Bay, 3900	35797343				https://richards-bay.infoisinfo.co.za/card/mzingazi-engineering-and-industrial-suppliers/583513	-28.780727	32.038284	
Nat-africa Construction And Manufacturing	construction-engineering	Richards Bay, 3900	35751229				https://richards-bay.infoisinfo.co.za/card/nat-africa-construction-and-manufacturing/630989	-28.780727	32.038284	
Nmrh Construction And Engineering	construction-engineering	Richards Bay, 3900					https://richards-bay.infoisinfo.co.za/card/nmrh-construction-and-engineering/631555	-28.780727	32.038284	
KL MOORE SERVICES	construction-equipment	Richards Bay, 3900	35789026				https://richards-bay.infoisinfo.co.za/card/kl-moore-services/583562	-28.759010	32.042816	
Promep Planthire	construction-equipment	Richards Bay, 3900	35753471				https://richards-bay.infoisinfo.co.za/card/promep-planthire/583402	-28.780727	32.038284	
Vc Construction	construction-engineering	Richards Bay, 3900	35751107				https://richards-bay.infoisinfo.co.za/card/vc-construction/631396	-28.780727	32.038284	
Waterfront Rentals	construction-equipment	Richards Bay, 3900					https://richards-bay.infoisinfo.co.za/card/waterfront-rentals/583484	-28.793268	32.077724	
ADD X TRADING 737	construction-equipment	Richards Bay	35751175				https://richards-bay.infoisinfo.co.za/card/add-x-trading-737/522340	-28.777927	31.901297	
Tekisa Transport And Earthworks Zululand	construction-equipment	Richards Bay, 3900	35797389				https://richards-bay.infoisinfo.co.za/card/tekisa-transport-and-earthworks-zululand/522307	-28.769787	32.014626	
Easy Solar	construction-facilities	Richards Bay	035 789 188		https://www.easysolar.co.za		https://richards-bay.infoisinfo.co.za/card/easy-solar/415100	-28.760284	32.042809	Site for Households and Businesses to learn about and purchase the right Renewable Solutions.  We are oldest (Established in 2006) and largest Zululand based solar energy company. Our customer database include clients from all over South Africa and
Botron	construction-equipment	Richards Bay, 3900					https://richards-bay.infoisinfo.co.za/card/botron/469392	-28.750608	32.024075	
EasySolar	construction-facilities	Richards Bay, 3900			https://www.easysolar.co.za		https://richards-bay.infoisinfo.co.za/card/easysolar/346426	-28.754089	32.045753	Easy Solar PTY (Ltd) is an independent, deep cycle batteries, inverters, charge controllers, . from 10 to 320Watt, . - Solar fridges & freezers from 35 to 318L, all type of LED lights includes domestic and industrial range, instant hot water taps,
National Chains	construction-facilities	Richards Bay	+27 12 803 204		https://www.nationalchains.co.za		https://richards-bay.infoisinfo.co.za/card/national-chains/418655	-28.753050	32.031677	Manufacturing of heavy-duty conveyor and bucket elevator chains.  Chain Connection, an industry leader in the manufacture of medium to heavy duty conveyer and bucket elevator chains, has been meeting the exacting standards of the mining, timber,
Gosolar	construction-facilities	Richards Bay, 3900	078 156 394		https://www.sdafrica.co.za		https://richards-bay.infoisinfo.co.za/card/gosolar/503264	-28.744869	32.080299	Specializing in the Zululand area all our systems receive and Eskom rebate and are SABS approved. Sale and installation of solar water heating systems.  Quality management is an important compliance component for undertaking large contracts and SD
Magnet Richards Bay	construction-facilities	Richards Bay, 3900	+2735797 486		https://www.magnetgroup.co.za		https://richards-bay.infoisinfo.co.za/card/magnet-richards-bay/484346	-28.755367	32.028160	Magnet has been in operation for over 28 years, and it’s main business focus of electrical wholesale has broaden over the years to now include a lightingabrasives & tapes and a projects division (specializing in energysaving projects). Magnet is a
Gas-tric Installations	construction-facilities	. Richards Bay . Kwazulu Natal . 3900					https://richards-bay.infoisinfo.co.za/card/gas-tric-installations/384439			Gas-tric Installations are registered LP gas installers based in Richards Bay. Gas-tric are suppliers of gas appliances i.e hob, Defy, Dewhot, Whirlpool, Bosch, ovens and gas geysers.We do domestic installations.Gas-tric Installations are
EasySolar- Solar Energy House	construction-facilities	Richards Bay, 3900	035-789 188; 072-453 1331; 035-789 1886				https://richards-bay.infoisinfo.co.za/card/easysolar-solar-energy-house/468230	-28.760284	32.042809	We focus only on highest quality products with 5 years + extended warranty. wide range of solar energy products includes solar geysers, Edenglen Retail Center, 4 Betshana Rd, . or Johannesburg, solar ceiling fans, solar powered pool pumps and
Magnet Group Electrical Wholesalers	construction-facilities	Richards Bay, 3900			https://www.magnetgroup.co.za		https://richards-bay.infoisinfo.co.za/card/magnet-group-electrical-wholesalers/431638	-28.737600	32.094234	Magnetheld a Showerhead Exchange day at their Durban premises. These Energywise energy saving showerheads willmaintain a pleasurable shower flow rate, however they use less water per minuteresulting in electricity and water savings. Magnet staff
Unicorn Engineering	construction-facilities	Richards Bay, 3900	35751174				https://richards-bay.infoisinfo.co.za/card/unicorn-engineering/469356	-28.754110	32.028164	
Zululand Engineering Enterprises	construction-facilities	Richards Bay, 3900	35751117				https://richards-bay.infoisinfo.co.za/card/zululand-engineering-enterprises/526298	-28.749172	32.033947	
HYDRO CONTRACTORS	construction-facilities	Richards Bay, 3900	035789070				https://richards-bay.infoisinfo.co.za/card/hydro-contractors/269857	-28.780727	32.038284	
A C MTHEMBU ELECTRICAL	construction-facilities	Richards Bay, 3900	035789573				https://richards-bay.infoisinfo.co.za/card/a-c-mthembu-electrical/205698	-28.780727	32.038284	
Unitek Engineers	construction-facilities	Richards Bay, 3900	35797329				https://richards-bay.infoisinfo.co.za/card/unitek-engineers/469259	-28.763060	32.006569	
DRAIN SURGEON THE	construction-facilities	Richards Bay, 3900	035789637				https://richards-bay.infoisinfo.co.za/card/drain-surgeon-the/246970	-28.760948	32.063858	
S And M Unitek Engineering And Project Management	construction-facilities	Richards Bay, 3900	35797329				https://richards-bay.infoisinfo.co.za/card/s-and-m-unitek-engineering-and-project-management/469296	-28.780727	32.038284	
B S K PLUMBING & CONSTRUCTION	construction-facilities	Richards Bay, 3900	035773005				https://richards-bay.infoisinfo.co.za/card/b-s-k-plumbing-construction/222072	-28.780727	32.038284	
PIPELINE PLUMBERS	construction-facilities	Richards Bay, 3900	035789852				https://richards-bay.infoisinfo.co.za/card/pipeline-plumbers/300746	-28.759050	32.042225	
OCTO TRADING 209	construction-facilities	Richards Bay, 3900	83280116				https://richards-bay.infoisinfo.co.za/card/octo-trading-209/722176	-28.780727	32.038284	
K L C PLUMBING SERVICES	construction-facilities	Richards Bay, 3900	035753355				https://richards-bay.infoisinfo.co.za/card/k-l-c-plumbing-services/279765	-28.780727	32.038284	
INYALA PLUMBERS	construction-facilities	Richards Bay, 3900	035789528				https://richards-bay.infoisinfo.co.za/card/inyala-plumbers/272192	-28.760948	32.063858	
OMEGA INSTRUMENTATION RICHARDS BAY	construction-facilities	Richards Bay, 3900	35797497				https://richards-bay.infoisinfo.co.za/card/omega-instrumentation-richards-bay/469361	-28.746691	32.047291	
PIERRES PLUMBING	construction-facilities	Richards Bay, 3900	035789862				https://richards-bay.infoisinfo.co.za/card/pierres-plumbing/331195	-28.756344	32.067402	
Afro-voltage Electrical Services	construction-facilities	Richards Bay, 3900	12663266				https://richards-bay.infoisinfo.co.za/card/afro-voltage-electrical-services/469314	-28.765680	32.064472	
Pearsons Electrical	construction-facilities	Richards Bay, 3900	35789158				https://richards-bay.infoisinfo.co.za/card/pearsons-electrical/469351	-28.745127	32.050652	
Richardsbaai Plumbing & Construction	construction-facilities	Richards Bay, 3900					https://richards-bay.infoisinfo.co.za/card/richardsbaai-plumbing-construction/545572	-28.780727	32.038284	
EMCON ELECTRICAL	construction-facilities	Richards Bay, 3900	35197325				https://richards-bay.infoisinfo.co.za/card/emcon-electrical/469288	-28.759211	32.026482	
BARRYS ELECTRICAL	construction-facilities	Richards Bay, 3900	35789192				https://richards-bay.infoisinfo.co.za/card/barrys-electrical/469305	-28.780727	32.038284	
Busani Water Projects And Plumbing Services	construction-facilities	Richards Bay, 3900					https://richards-bay.infoisinfo.co.za/card/busani-water-projects-and-plumbing-services/487754	-28.780727	32.038284	
SKYLARK ELECTRICAL AND SERVICES	construction-facilities	Richards Bay, 3900	35797493				https://richards-bay.infoisinfo.co.za/card/skylark-electrical-and-services/670276	-28.743931	32.071720	
MARTIQ 282	construction-facilities	Richards Bay, 3900	35789180				https://richards-bay.infoisinfo.co.za/card/martiq-282/590954	-28.751669	32.046211	
AQUILA CONTROLS	construction-facilities	Richards Bay, 3900	35151154				https://richards-bay.infoisinfo.co.za/card/aquila-controls/590945	-28.745651	32.034714	
Panoramic Construction	construction-materials	Richards Bay, 3900	35198721				https://richards-bay.infoisinfo.co.za/card/panoramic-construction/737245	-28.791370	31.896360	
Turner Morris Construction Hire Services	construction-materials	Richards Bay, 3900	35751154				https://richards-bay.infoisinfo.co.za/card/turner-morris-construction-hire-services/620871	-28.742912	32.036133	
Misha Construction Services	construction-materials	Richards Bay, 3900	31308891				https://richards-bay.infoisinfo.co.za/card/misha-construction-services/654329	-28.775000	31.902712	
Emcon	construction-facilities	Richards Bay, 3900	3519732				https://richards-bay.infoisinfo.co.za/card/emcon/469293	-28.780727	32.038284	
Edb Labour Hire Construction And Maintenance	construction-materials	Richards Bay, 3900	13648700				https://richards-bay.infoisinfo.co.za/card/edb-labour-hire-construction-and-maintenance/640517	-28.780727	32.038284	
Janu Construction Services	construction-materials	Richards Bay, 3900	13753384				https://richards-bay.infoisinfo.co.za/card/janu-construction-services/636685	-28.959967	31.752249	
Vula-amasango Construction Services	construction-materials	Richards Bay, 3887	35792191				https://richards-bay.infoisinfo.co.za/card/vula-amasango-construction-services/635452	-28.957020	31.752613	
TONY MARREIROS CONSTRUCTION	construction-materials	Richards Bay, 3900	35797355				https://richards-bay.infoisinfo.co.za/card/tony-marreiros-construction/723378	-28.780727	32.038284	
ZULULAND INSULATION CONTRACTORS	construction-materials	Richards Bay, 3900	35197492				https://richards-bay.infoisinfo.co.za/card/zululand-insulation-contractors/426761	-28.780727	32.038284	
Stanley Phiri Construction	construction-materials	Richards Bay, 3900	35751114				https://richards-bay.infoisinfo.co.za/card/stanley-phiri-construction/737247	-28.780727	32.038284	
Ubuhlebuyeza Construction	construction-materials	Richards Bay, 3900	35794144				https://richards-bay.infoisinfo.co.za/card/ubuhlebuyeza-construction/737249	-28.780727	32.038284	
Jadun Construction	construction-materials	Richards Bay, 3900	35797318				https://richards-bay.infoisinfo.co.za/card/jadun-construction/737244	-28.780727	32.038284	
CDC CONSTRUCTION	construction-materials	Richards Bay, 3900	35151132				https://richards-bay.infoisinfo.co.za/card/cdc-construction/632605	-28.748331	32.034405	
Kwa Mayizamele Construction	construction-materials	Richards Bay, 3887	35905217				https://richards-bay.infoisinfo.co.za/card/kwa-mayizamele-construction/737254	-28.780727	32.038284	
Musa And Sipho Construction	construction-materials	Richards Bay, 3887	33345825				https://richards-bay.infoisinfo.co.za/card/musa-and-sipho-construction/737255	-28.780727	32.038284	
J G Shembe Construction And Development	construction-materials	Richards Bay, 3900	11447288				https://richards-bay.infoisinfo.co.za/card/j-g-shembe-construction-and-development/635538	-28.780727	32.038284	
Pax General Construction	construction-materials	Richards Bay, 3900	35789656				https://richards-bay.infoisinfo.co.za/card/pax-general-construction/586721	-28.959665	31.745514	
Mthando Dlamini Construction	construction-materials	Richards Bay, 3887	35902252				https://richards-bay.infoisinfo.co.za/card/mthando-dlamini-construction/737253	-28.780727	32.038284	
LEOMAT CONSTRUCTION	construction-materials	Richards Bay, 3900	35797461				https://richards-bay.infoisinfo.co.za/card/leomat-construction/737246	-28.756350	32.027458	
Fukula Construction	construction-materials	Richards Bay, 3900	35797725				https://richards-bay.infoisinfo.co.za/card/fukula-construction/730220	-28.780727	32.038284	
Patrick Ellis Construction And Labour Hire	construction-materials	Richards Bay, 3900	351987509				https://richards-bay.infoisinfo.co.za/card/patrick-ellis-construction-and-labour-hire/690949	-28.780727	32.038284	
Zabalaza Labour Hire	construction-materials	Richards Bay, 3900					https://richards-bay.infoisinfo.co.za/card/zabalaza-labour-hire/638566	-28.780727	32.038284	
Ntunisa Maintanance And Construction Services	construction-materials	Richards Bay, 3887					https://richards-bay.infoisinfo.co.za/card/ntunisa-maintanance-and-construction-services/635743	-28.780727	32.038284	
Asihambe Women Construction	construction-materials	Richards Bay, 3887	35796041				https://richards-bay.infoisinfo.co.za/card/asihambe-women-construction/737258	-28.780727	32.038284	
ISMINE PROJECTS & ENGINEERING	construction-professionals	Richards Bay, 3900	035789335		https://www.ismine.co.za	https://www.facebook.com/IsmineProjectsAndEngineering?ref=br_rs	https://richards-bay.infoisinfo.co.za/card/ismine-projects-engineering/277878	-28.753708	32.045235	We required a start-up of a complete new manufacturing and engineering division complete with 2 CNC lathes, Milling machines and many more. The completion of the new workshop was to meet with the industry demand as ISMINE has a good understanding of
Tar Driveways Richards Bay	construction-professionals	Richards Bay, 3901	074 923 315		https://www.tardrivewaysrichardsbay.co.za/		https://richards-bay.infoisinfo.co.za/card/tar-driveways-richards-bay/808422	-28.7805429	32.1010085	Enhance your property with durable, smooth tar driveways from Tar Driveways Richards Bay. We specialise in creating strong, long-lasting driveways that can withstand heavy traffic, ensuring a neat finish every time.
AECOM	construction-professionals	Richards Bay, 3900	035789760		https://www.bks.co.za	https://www.facebook.com/AecomTechnologyCorporation/	https://richards-bay.infoisinfo.co.za/card/aecom/206598	-28.758804	32.042248	Annual theme park and museum index tracks trends and growth worldwide. Client solutions, charitable work and efforts to make our operations sustainable. Highlights of our work in making safety part of everything we do. We’re challenging students
TEF REALTORS T/A HARCOURTS	construction-professionals	Richards Bay, 3900	035789148; 031-9037119		https://www.harcourts.co.za		https://richards-bay.infoisinfo.co.za/card/tef-realtors-ta-harcourts/328304	-28.753141	32.053242	
Mangenan Engineering Contractors	construction-professionals	Richards Bay, 3887	064703533				https://richards-bay.infoisinfo.co.za/card/mangenan-engineering-contractors/412148	-28.867683	31.916021	Mangena Engineering Contractors ;has been a recognized name in the ;Electrical and Catering ;industry for over ;5 years. ;Mangena Engineering Contractors ;has a range of ;engineering skills ;to suit every ;engineering task great or small. ;This
U BET PROPERTIES	construction-professionals	Richards Bay, 3900	035789492; 031-9037119		https://www.ubetprop.co.za		https://richards-bay.infoisinfo.co.za/card/u-bet-properties/343302	-28.749016	32.068913	
PAM GOLDING PROPERTIES	construction-professionals	Richards Bay, 3900	035789080; 031-9037119		https://www.pamgolding.co.za		https://richards-bay.infoisinfo.co.za/card/pam-golding-properties/286069	-28.747305	31.903275	
TIMBERNOLOGY	construction-professionals	Richards Bay, 3900	035751200		https://www.timbernology.co.za		https://richards-bay.infoisinfo.co.za/card/timbernology/342615	-28.750608	32.024075	
ACUTTS REAL ESTATE AGENTS	construction-professionals	Richards Bay, 3901	035753139; 031-9037119		https://www.acutts.co.za		https://richards-bay.infoisinfo.co.za/card/acutts-real-estate-agents/206463	-28.791660	32.097816	
A-c Mthembu Electrical	construction-professionals	Richards Bay, 3900					https://richards-bay.infoisinfo.co.za/card/a-c-mthembu-electrical/420332	-28.780727	32.038284	
REMAX MARINE	construction-professionals	Richards Bay, 3900	035789417; 031-9037119		https://www.remax.co.za		https://richards-bay.infoisinfo.co.za/card/remax-marine/296563	-28.754128	32.058575	
AVENG GRINAKER-LTA	construction-professionals	Richards Bay, 3900	035751106		https://www.grinaker-lta.co.za	https://www.facebook.com/Aveng-913236938767192/	https://richards-bay.infoisinfo.co.za/card/aveng-grinaker-lta/208889	-28.750854	32.029575	Aveng Grinaker-LTA is committed to our responsibilities in respect of safety, health and the environment, which are all integral to the way in which we do business. We conduct our business by building a legacy that every employee, their families and
Lot 8864 Alton	construction-professionals	Richards Bay, 3900	35751113; 0742991348				https://richards-bay.infoisinfo.co.za/card/lot-8864-alton/491034	-28.780727	32.038284	
VVS ENGINEERING SERVICES	construction-professionals	Richards Bay, 3900	35751122				https://richards-bay.infoisinfo.co.za/card/vvs-engineering-services/672950	-28.751476	32.032642	
KHULUMA ELECTRICAL	construction-professionals	Richards Bay, 3900	035751137		https://www.khulumaprojects.co.za		https://richards-bay.infoisinfo.co.za/card/khuluma-electrical/281475	-28.736654	32.039009	
VALENTINE & ASSOCIATES ENGINEERS	construction-professionals	Richards Bay, 3901	035753377				https://richards-bay.infoisinfo.co.za/card/valentine-associates-engineers/339054	-28.780727	32.038284	
F M C ENGINEERS (PTY) LTD	construction-professionals	Richards Bay, 3900	035751128				https://richards-bay.infoisinfo.co.za/card/f-m-c-engineers-pty-ltd/253264	-28.751566	32.025158	
Jili And Makhathini Construction And Transport Services	construction-services	Richards Bay, 3887					https://richards-bay.infoisinfo.co.za/card/jili-and-makhathini-construction-and-transport-services/635638	-28.780727	32.038284	
ENGINEERING TOP TECH (PTY) LTD	construction-professionals	Richards Bay, 3900	035751163				https://richards-bay.infoisinfo.co.za/card/engineering-top-tech-pty-ltd/251110	-28.780727	32.038284	
SIVEST SA (PTY) LTD	consultants-and-consulting-services	Richards Bay, 3900	035789206		https://www.sivest.co.za		https://richards-bay.infoisinfo.co.za/card/sivest-sa-pty-ltd/335953	-28.751455	32.054482	SiVEST is a South African based international company founded in 1952, with offices established in Durban, Johannesburg, Pietermaritzburg, Richards Bay, and Port Louis (Mauritius) undertaking major projects in Sub-Saharan Africa and elsewhere in the
Tussche Training Consultants cc.	consultants-and-consulting-services	Richards Bay, 3900			https://www.tusschetraining.co.za		https://richards-bay.infoisinfo.co.za/card/tussche-training-consultants-cc/541696	-28.761454	32.001614	Re; Occupational Health & Safety Training:Dear clientWe would like to take this opportunity to introduce ourselves with the view to assist you on your health, safety & environmental training program concerning your staff and establishment. On Site
CAPACITY OUTSOURCING (PTY) LTD	consultants-and-consulting-services	Richards Bay, 3900	035789635		https://www.capacity.co.za		https://richards-bay.infoisinfo.co.za/card/capacity-outsourcing-pty-ltd/212762	-28.755262	32.044014	
I P I S A	consultants-and-consulting-services	Richards Bay, 3900	035751202; 0742991348		https://www.ipisa.co.za	https://www.facebook.com/pages/Ipisa-Training-and-Consulting/268805926532900	https://richards-bay.infoisinfo.co.za/card/i-p-i-s-a/270155	-28.780727	32.038284	IPI South Africa Training and Consulting is a BEE compliant company dedicated to equipping companies and individuals with the necessary skills to meet the challenges of continuous change, growth and transformation in our country. Our products and
J C Aggenberg Engineering Consultants	consultants-and-consulting-services	Richards Bay, 3900	35197471				https://richards-bay.infoisinfo.co.za/card/j-c-aggenberg-engineering-consultants/721822	-28.765804	32.014973	
D M V CONSULTANTS - RICHARDS BAY	consultants-and-consulting-services	Richards Bay, 3900	035789182				https://richards-bay.infoisinfo.co.za/card/d-m-v-consultants-richards-bay/233997	-28.751455	32.054482	
RHINO RECRUITING SERVICES CC	consultants-and-consulting-services	Richards Bay, 3900	035789818		https://www.expresspros.co.za		https://richards-bay.infoisinfo.co.za/card/rhino-recruiting-services-cc/296888	-28.747618	31.903559	
PARSONS BRINCKERHOFF AFRICA (PTY) LTD T/A P B POWER	consultants-and-consulting-services	Richards Bay, 3900	035751222		https://www.bpworld.com		https://richards-bay.infoisinfo.co.za/card/parsons-brinckerhoff-africa-pty-ltd-ta-p-b-power/320636	-28.753141	32.053242	
S P K ENGINEERS	consultants-and-consulting-services	Richards Bay, 3900	035789716				https://richards-bay.infoisinfo.co.za/card/s-p-k-engineers/323463	-28.757196	32.042301	
M G M CONSULTING ENGINEERING	consultants-and-consulting-services	Richards Bay, 3901	035753479				https://richards-bay.infoisinfo.co.za/card/m-g-m-consulting-engineering/289218	-28.777166	32.103237	
UBUHLE HR & MANAGEMENT CONSULTANTS	consultants-and-consulting-services	Richards Bay, 3900	086125672; 0742991348				https://richards-bay.infoisinfo.co.za/card/ubuhle-hr-management-consultants/343327	-28.749504	32.050201	
Cbi Consulting Engineers	consultants-and-consulting-services	Richards Bay, 3900	31208717				https://richards-bay.infoisinfo.co.za/card/cbi-consulting-engineers/630850	-28.745728	31.903524	
Bhejane Security Consultants	consultants-and-consulting-services	Richards Bay, 3900	31709164				https://richards-bay.infoisinfo.co.za/card/bhejane-security-consultants/500097	-28.744829	32.048981	
Mdlala Construction And Transport Services	construction-services	Richards Bay, 3887					https://richards-bay.infoisinfo.co.za/card/mdlala-construction-and-transport-services/662030	-28.780727	32.038284	
Makhunga Crane And Engineering   Engineering in Richards Bay	consulting-engineers	31 Alumina Allee Alton Unit 23. Richards Bay . Kwazulu Natal . 3900	035 7973137				https://richards-bay.infoisinfo.co.za/card/makhunga-crane-and-engineering/757308	-28.780727	32.038284	
HSEC Online	consulting-engineers	Richards Bay, 3901	2786099510		https://www.hseconline.com/		https://richards-bay.infoisinfo.co.za/card/hsec-onliner/797304	-28.7861371	32.0925544	Powered by Saryx Engineering Group, HSEC Online enables organisations of all sizes to proactively manage and track Health and Safety document compliance for the company, its people, and equipment. It is accessible on any device, from anywhere and at
DORMAC (PTY) LTD	consulting-engineers	Richards Bay, 3900	035797371		https://www.dormac.net	https://facebook.com/500458053385669	https://richards-bay.infoisinfo.co.za/card/dormac-pty-ltd/238331	-28.766563	32.009205	It main activities are the repair, maintenance and conversion of all types of marine vessels at any one of these locations or, anywhere else in Africa, through the offering of either their Riding Squad or Shipyard-in-a-Box services. Dormac
Matriarch Equipment	consulting-engineers	Richards Bay, 3900			https://www.matriarchequipment.com	https://www.facebook.com/matriarchequipment/	https://richards-bay.infoisinfo.co.za/card/matriarch-equipment/507958	-28.750608	32.024075	Matriarch Equipment is a family owned and run original equipment manufacturer based in Richards Bay, South Africa. Established in early 2009 by brothers Justin and Ashley Bell, our company is modelled around solid business ethics with strong family
DENDUSTRI SA	consulting-engineers	Richards Bay, 3900	035797471		https://www.dendustrisa.com		https://richards-bay.infoisinfo.co.za/card/dendustri-sa/236089	-28.766441	32.014500	Dendustri South Africa was started towards the end of 1994 as a new business unit concentrating on commercial industrial activities. This contract was renewed in 1999, for a further 4 years. And by late 2004, a production line was set-up for the
GENMAC CC	consulting-engineers	Richards Bay, 3900	035751118				https://richards-bay.infoisinfo.co.za/card/genmac-cc/265400	-28.780727	32.038284	
ENGINEERING TOPTECH	consulting-engineers	Richards Bay, 3900	035751163		https://www.ett.co.za		https://richards-bay.infoisinfo.co.za/card/engineering-toptech/251351	-28.751698	32.026421	Engineering Top Tech has been supplying world class mobile equipment solutions to industries such as mining, smelters and construction since With its Head Office in Richards Bay and a fully equipped workshop in Middelburg, Mpumulanga under
MORECARE ENGINEERING SERVICES (PTY) LTD	consulting-engineers	Richards Bay, 3900	035751180		https://www.mceservices.co.za	https://www.facebook.com/pages/Morecare-Engineering-Services/235539769973439	https://richards-bay.infoisinfo.co.za/card/morecare-engineering-services-pty-ltd/294805	-28.750269	32.024052	Morecare Engineering Services (MCE) was established in 1996 in the Northern Coast of Kwa-Zulu Natal in Richards Bay. Over the years it has established itself as a reputable company specialising in the fabrication,erection and installation of steel,
NORTH COAST FABRICATION AND REPAIR	consulting-engineers	Richards Bay, 3900	35797404				https://richards-bay.infoisinfo.co.za/card/north-coast-fabrication-and-repair/548035	-28.764391	32.006989	
KHONZI ENGINEERING SERVICES	consulting-engineers	Richards Bay, 3900	035797525				https://richards-bay.infoisinfo.co.za/card/khonzi-engineering-services/261207	-28.763060	32.006569	
Ismine	consulting-engineers	Richards Bay			https://www.ismine.co.za		https://richards-bay.infoisinfo.co.za/card/ismine/398868	-28.753708	32.045235	Manufacturers of brake and clutch seals, polyurethane products, protective bellows, PTFE valve seals, pins, nylon bushes, specialised mouldings and extruding laser cuttings. Suppliers of hydraulic, pnuematic and rotary seals, gaskets and lubrication
M & A UNIVERSAL PROJECTS	consulting-engineers	Richards Bay, 3900	035797542				https://richards-bay.infoisinfo.co.za/card/m-a-universal-projects/280785	-28.758078	32.027809	
Albion Services	consulting-engineers	. Richards Bay . Kwazulu Natal . 3900	035 789 334		https://www.albionservices.co.za		https://richards-bay.infoisinfo.co.za/card/albion-services/384763			Albion Services has the vision to become your solution and is able to offer uncompromised safety, quality workmanship and services coupled with experience for all your needs.  Service level agreement contract with all mining plants to maintain &
Inkwazi Engineering	consulting-engineers	Richards Bay, 3900	35797487				https://richards-bay.infoisinfo.co.za/card/inkwazi-engineering/745250	-28.750608	32.024075	
Millinium Mining And Engineering Supplies	consulting-engineers	Richards Bay, 3900	35197514				https://richards-bay.infoisinfo.co.za/card/millinium-mining-and-engineering-supplies/435522	-28.753004	32.023048	
Inter Projects Engineering	consulting-engineers	Richards Bay, 3900	35197337				https://richards-bay.infoisinfo.co.za/card/inter-projects-engineering/745281	-28.787239	32.098751	
Ecl Services Africa Engineering	consulting-engineers	Richards Bay, 3900	35797383				https://richards-bay.infoisinfo.co.za/card/ecl-services-africa-engineering/745416	-28.757151	32.026878	
Multi Instrumentation	consulting-engineers	Richards Bay, 3900	35151135				https://richards-bay.infoisinfo.co.za/card/multi-instrumentation/629192	-28.741556	32.036812	
Morecare Engineering Services	consulting-engineers	Richards Bay, 3900	35197517				https://richards-bay.infoisinfo.co.za/card/morecare-engineering-services/745400	-28.780727	32.038284	
Albatross Engineering	consulting-engineers	Richards Bay, 3900	35789481				https://richards-bay.infoisinfo.co.za/card/albatross-engineering/672943	-28.744511	32.049129	
M R C ENGINEERING & LABOUR HIRE	consulting-engineers	Richards Bay, 3900	35789937				https://richards-bay.infoisinfo.co.za/card/m-r-c-engineering-labour-hire/756608	-28.753992	32.043823	
T L P CC	contractors	Richards Bay, 3900	035751155				https://richards-bay.infoisinfo.co.za/card/t-l-p-cc/337439	-28.780727	32.038284	
Deynecke Engineering And Services	consulting-engineers	Richards Bay, 3900	35751202				https://richards-bay.infoisinfo.co.za/card/deynecke-engineering-and-services/754185	-28.737843	32.038719	
Biddulphs International Furniture Removals - Richards Bay	containers-and-storage-systems	Richards Bay, 3900			https://www.biddulphs.co.za	https://www.facebook.com/BiddulphsInternational/	https://richards-bay.infoisinfo.co.za/card/biddulphs-international-furniture-removals-richards-bay/386561	-28.755651	32.028751	SOUTH AFRICA'S LEADING REMOVALS COMPANYBiddulphs is. professionally trained staff, we are able to provide a premier quality service. vehicles, palletized storage facilities and an extensive network combined with. who rely on us for staff and office
NHE JACOBYL	consulting-engineers	Richards Bay, 3900	35751120				https://richards-bay.infoisinfo.co.za/card/nhe-jacobyl/524159	-28.780727	32.038284	
Island View Storage Richards Bay	containers-and-storage-systems	Richards Bay, 3900	35797670				https://richards-bay.infoisinfo.co.za/card/island-view-storage-richards-bay/537557	-28.764132	32.054806	
L R BLASTING AND COATINGS	consulting-engineers	Richards Bay, 3900	35797452				https://richards-bay.infoisinfo.co.za/card/l-r-blasting-and-coatings/544582	-28.780727	32.038284	
ROW MAC ENGINEERING	contractors	Richards Bay, 3900	035751124				https://richards-bay.infoisinfo.co.za/card/row-mac-engineering/309124	-28.750505	32.024544	
Valour Contractors	contractors	Richards Bay, 3887	35789865				https://richards-bay.infoisinfo.co.za/card/valour-contractors/406726	-28.780727	32.038284	
S M ELECTRICAL CC AND ENGINEERING	contractors	Richards Bay, 3900	035751211				https://richards-bay.infoisinfo.co.za/card/s-m-electrical-cc-and-engineering/334876	-28.780727	32.038284	
NEALCO INSPECTION SERVICES CC	contractors	Richards Bay, 3900	035789584				https://richards-bay.infoisinfo.co.za/card/nealco-inspection-services-cc/280123	-28.780727	32.038284	
W R Services	contractors	Richards Bay, 3900	35797400				https://richards-bay.infoisinfo.co.za/card/w-r-services/704224	-28.780727	32.038284	
TRUFIX INDUSTRIAL SERVICES CC	contractors	Richards Bay, 3900	035789512				https://richards-bay.infoisinfo.co.za/card/trufix-industrial-services-cc/315747	-28.746330	32.048630	
Intalec Electrical Contractors	contractors	Richards Bay, 3900	11788024; 0742991348				https://richards-bay.infoisinfo.co.za/card/intalec-electrical-contractors/561834	-28.780727	32.038284	
Kwenza Industrial Contractors	contractors	Richards Bay, 3900	35789386				https://richards-bay.infoisinfo.co.za/card/kwenza-industrial-contractors/507616	-28.759550	32.041985	
A R C ENGINEERING 2003 (PTY) LTD	contractors	Richards Bay, 3900	035751183				https://richards-bay.infoisinfo.co.za/card/a-r-c-engineering-2003-pty-ltd/205856	-28.780727	32.038284	
HYDROFORCE INTERNATIONAL	contractors	Richards Bay, 3900	035789256				https://richards-bay.infoisinfo.co.za/card/hydroforce-international/275205	-28.757196	32.042301	
NORTH COAST CAB ENGINEERING	contractors	Richards Bay, 3900	035797556				https://richards-bay.infoisinfo.co.za/card/north-coast-cab-engineering/328075	-28.759211	32.026482	
M R Zulu Electrical Contractors	contractors	Richards Bay, 3887	35796280				https://richards-bay.infoisinfo.co.za/card/m-r-zulu-electrical-contractors/394734	-28.791370	31.896360	
ZULTRANS CC	courier	Richards Bay, 3900	035797482		https://www.zultrans.co.za		https://richards-bay.infoisinfo.co.za/card/zultrans-cc/334164	-28.750608	32.024075	
FreshStop at Caltex Brackenham	convenience-stores	Richards Bay, 3900	+27 35 798 112		https://freshstop.co.za/	https://www.facebook.com/FreshStop.Brackenham	https://richards-bay.infoisinfo.co.za/card/freshstop-at-caltex-brackenham/769213	-28.722570	32.040485	Freshstop at Caltex offers our customers convenience on the go, 24 hours, with snacks, fresh produce options and variety of take-aways, such as Crispy Chicken, Hooked On Fish & Chips, Grill 'n Go, Pizza Stop and Biltong Bar. We have also partnered
SKYNET	courier	Richards Bay, 3900	035751124		https://www.skynet.co.za		https://richards-bay.infoisinfo.co.za/card/skynet/340565	-28.780727	32.038284	
Dr B. Dentistry	cosmetic-dentistry	Richards Bay	035 004 002		https://drbdentistry.co.za		https://richards-bay.infoisinfo.co.za/card/dr-b-dentistry/803411	-28.8773698	31.9021735	At our family-oriented dental practice, we offer a range of dental services, including cleaning, orthodontic, and aesthetic dentistry to residents of KwaZulu Natal. Our team of highly skilled personnel is dedicated to providing the best dental care
Kwality Cosmetic And Stationery	cosmetics	Richards Bay, 3900	35787316				https://richards-bay.infoisinfo.co.za/card/kwality-cosmetic-and-stationery/466904	-28.722975	32.044384	
BAY HARBOUR MARINE PTY LTD	corporate-gifts	Richards Bay, 3900	072488506				https://richards-bay.infoisinfo.co.za/card/bay-harbour-marine-pty-ltd/795755	-28.7390201	32.0766436	marine wholesales
POSTNET	courier	Richards Bay, 3900	035789661		https://www.postnet.co.za		https://richards-bay.infoisinfo.co.za/card/postnet/304924	-28.780727	32.038284	
ARAMEX	courier	Richards Bay, 3900	087350065		https://www.aramex.co.za	https://www.facebook.com/news24	https://richards-bay.infoisinfo.co.za/card/aramex/207983	-28.760170	32.040897	Aramex has rapidly grown into a global brand, recognized for its customized services and innovative products. Listed on the Dubai Financial Market (DFM) and based in the UAE, Aramex is centrally located at the crossroads between East and West, which
4 Sham Zn Freight And Logistics	courier	Richards Bay, 3900	35751122				https://richards-bay.infoisinfo.co.za/card/4-sham-zn-freight-and-logistics/466199	-28.747477	32.034843	
D & H DELIVERIES	courier	Richards Bay, 3900	035797333				https://richards-bay.infoisinfo.co.za/card/d-h-deliveries/233669	-28.780727	32.038284	
Integrity Couriers And Management Services	courier	Richards Bay, 3900	35908939; 0742991348				https://richards-bay.infoisinfo.co.za/card/integrity-couriers-and-management-services/604805	-28.736471	32.090679	
MARITIME COURIERS AND TOURS	courier	Richards Bay, 3901	035753559				https://richards-bay.infoisinfo.co.za/card/maritime-couriers-and-tours/284007	-28.780338	32.096714	
WORLD COURIER	courier	Richards Bay, 3900	035789149				https://richards-bay.infoisinfo.co.za/card/world-courier/317523	-28.780727	32.038284	
Zakwe Courier Services	courier	Richards Bay, 3887	35796141				https://richards-bay.infoisinfo.co.za/card/zakwe-courier-services/360767	-28.780727	32.038284	
Sizobusa Courier And Transport Services	courier	Richards Bay, 3900					https://richards-bay.infoisinfo.co.za/card/sizobusa-courier-and-transport-services/360848	-28.780727	32.038284	
Excellent transport couriers and distributions	courier-express	Richards Bay, 3900	078389292				https://richards-bay.infoisinfo.co.za/card/excellent-transport-couriers-and-distributions/803816	-28.75719	32.043579	Courier service and Distribution
Mad about Maths	courses-training-centers	Richards Bay, 3900			https://www.madaboutmaths.co.za	https://twitter.com/madaboutmathssa	https://richards-bay.infoisinfo.co.za/card/mad-about-maths/399596	-28.781816	31.903269	Currently we have two branches in the Southern Suburbs of Cape Town: Bergvliet and Claremont. It originally operated in Nelspruit but when she relocated to Cape Town she closed the company. Due to her love for Mathematics and wanting to share this
BOARDWALK INKWAZI SHOPPING CENTRE	courses-training-centers	Richards Bay, 3900	035789725; 0742991348		https://www.boardwalkinkwazi.co.za	https://www.facebook.com/groups/471244593047646	https://richards-bay.infoisinfo.co.za/card/boardwalk-inkwazi-shopping-centre/215236	-28.749069	32.048992	Beneath the cultural and historical warmth of the Zululand sun, stands a majestic oasis of retail and leisure innovation, cradling over 65 000 sqm of shopping pleasure. Whether your needs are that of business, a leisurely pit-stop, or simply the
Tutors Ink pty Ltd   Education in Richards Bay	courses-training-centers	. Richards Bay . Kwazulu Natal . 3900	081270436			https://www.facebook.com/tutorsink/	https://richards-bay.infoisinfo.co.za/card/tutors-ink-pty-ltd/760663	-28.780727	32.038284	
Ascent Africa	courses-training-centers	. Meer En See. Richards Bay . Kwazulu Natal . 3901	+27 35 751 221				https://richards-bay.infoisinfo.co.za/card/ascent-africa/628425			Joomla - the dynamic portal engine and content management system, Company Profile with Vision, mission and core values.
Black Fern Logistics	courses-training-centers	Richards Bay, 3900					https://richards-bay.infoisinfo.co.za/card/black-fern-logistics/747568	-28.755325	32.061939	Black Fern Logistics. oTrue reflection on current operations. oFleet availability. oEffective communication. oTo offer competitive rates to all clients. oContinuous Profitability and growth of the company. KEY OBJECTIVES. oWe invest an enormous
Viking Athletics	courses-training-centers	Richards Bay, 3900			https://www.vikingathletics.co.za		https://richards-bay.infoisinfo.co.za/card/viking-athletics/390531	-28.745075	32.067722	Fanatics to beginner to the most experienced athletes we hope to have all your needs covered!. -Clothing and Gym Apparel. -Personal Training. -Training and nutritional programs. We offer the following services:. -Strongman specific equipment. Viking
Zululand Fire Control	courses-training-centers	Richards Bay, 3900			https://www.zfc.yolasite.com		https://richards-bay.infoisinfo.co.za/card/zululand-fire-control/393700	-28.753992	32.043823	
IRCA Coastal	courses-training-centers	Richards Bay, 3900			https://www.ircaza.com		https://richards-bay.infoisinfo.co.za/card/irca-coastal/456552	-28.780727	32.038284	Today its 13 operations in five countries have assisted hundreds of organisations to reduce operational risk exposure. IRCA Global is an international Risk Management Solution provider in the areas of safety, health, environment and quality (SHEQ).
UMHLATHUZE MUNICIPALITY	courses-training-centers	Richards Bay, 3900	35907500				https://richards-bay.infoisinfo.co.za/card/umhlathuze-municipality/529753	-28.752670	32.045631	
Nqanawe Project Management And Property Developers	courses-training-centers	Richards Bay, 3900	35789104				https://richards-bay.infoisinfo.co.za/card/nqanawe-project-management-and-property-developers/544621	-28.777927	31.901297	
Ways And Means Properties	courses-training-centers	Richards Bay, 3900	31201221; 0742991348				https://richards-bay.infoisinfo.co.za/card/ways-and-means-properties/491045	-28.780727	32.038284	
EMMANUEL PRE - SCHOOL & CRECHE	courses-training-centers	Richards Bay, 3900	035798191				https://richards-bay.infoisinfo.co.za/card/emmanuel-pre-school-creche/250946	-28.727259	32.039341	
MAGISTRATE COURT	court	Richards Bay, 3900	035789018		https://www.justice.gov.za		https://richards-bay.infoisinfo.co.za/card/magistrate-court/290295	-28.747490	32.046909	
R B CRANE HIRE	crane	Richards Bay, 3900	035751134		https://www.rbch.co.za		https://richards-bay.infoisinfo.co.za/card/r-b-crane-hire/295078	-28.780727	32.038284	Richards Bay Crane Hire collectively has in excess of 70 years experience in the crane hire industry, with the Director of the company being involved in the heavy engineering and rigging industry in excess of 40 years; of which crane hire and crane
TTT Cranes	crane	Richards Bay	2772337682		https://www.tttcranes.co.za/		https://richards-bay.infoisinfo.co.za/card/ttt-cranes/796235	-28.7456149	32.0357547	Phone: +27 72 337 6829 TTT CRANES. Crane specialists, training, trading and testing of lifting equipment.   Load Testing &amp; Certification of cranes and lifting equipment.  Manufacture &amp; Installation lifting beams, cranes, and small
WONDERKIDS PRE-SCHOOL & DAY CARE CENTRE	courses-training-centers	Richards Bay, 3900	035797326				https://richards-bay.infoisinfo.co.za/card/wonderkids-pre-school-day-care-centre/340141	-28.734045	32.066063	
Crane Services	crane	. Richards Bay . Kwazulu Natal . 3900	35751186				https://richards-bay.infoisinfo.co.za/card/crane-services/704381			
A3 Garden Court Richards Bay	court	Richards Bay, 3900	31700626				https://richards-bay.infoisinfo.co.za/card/a3-garden-court-richards-bay/605681	-28.780727	32.038284	
Mr Delivery Richards Bay	delivery	Richards Bay, 3900			https://www.mrdelivery.com		https://richards-bay.infoisinfo.co.za/card/mr-delivery-richards-bay/380924	-28.737600	32.094234	Mr Delivery Richards Bay has been a recognized name in the food for over 5 years. Our website is . It is our mission to constantly explore new avenues of products and services to add to the quality of life for our customers, the growth and success
POST OFFICE	delivery	Richards Bay, 3900	035789121				https://richards-bay.infoisinfo.co.za/card/post-office/301459	-28.780727	32.038284	
HEY JUDES HILLCREST SHOW ROOM	decoration	Richards Bay, 3901			https://www.heyjudesbarn.co.za		https://richards-bay.infoisinfo.co.za/card/hey-judes-hillcrest-show-room/428841	-28.780727	32.038284	and shabby chic revamped furniture, cages and outdoor furniture, louvres and project stuff! Lots of furniture SND decor, decor and carpets and rugs. Old finds burglar guards, everything u need for your home is at the Barn!. ANTIQUES.
Derricks Interior Decorators	decoration	Richards Bay, 3887	35902650				https://richards-bay.infoisinfo.co.za/card/derricks-interior-decorators/647369	-28.780727	32.038284	
Nomtz elegant interior decorations	decoration	. Esikhawini. Richards Bay . Kwazulu Natal . 3887					https://richards-bay.infoisinfo.co.za/card/nomtz-elegant-interior-decorations/437523			
KENTRADE CC	decoration	Richards Bay, 3900	035 789 635	4kentrade@gmail.com	https://4kentrade@gmail.com		https://richards-bay.infoisinfo.co.za/card/ken-trade-cc/277724	-28.753141	32.053242	
MEDICROSS	dental	Richards Bay, 3901	035753367		https://www.medicross.co.za		https://richards-bay.infoisinfo.co.za/card/medicross/272489	-28.781513	32.102417	
MEDICROSS HEALTHCARE GROUP (PTY) LTD	dental	Richards Bay, 3900	035789156		https://www.medicross.co.za		https://richards-bay.infoisinfo.co.za/card/medicross-healthcare-group-pty-ltd/294310	-28.749399	32.053722	
Tizanas Supply And Delivery Enterprise	delivery	Richards Bay, 3887	35907955				https://richards-bay.infoisinfo.co.za/card/tizanas-supply-and-delivery-enterprise/406724	-28.780727	32.038284	
POST OFFICE	delivery	Richards Bay, 3901	035753182				https://richards-bay.infoisinfo.co.za/card/post-office/301580	-28.781822	32.101517	
Dr D GOVENDER	dental	Richards Bay, 3900	035789063				https://richards-bay.infoisinfo.co.za/card/dr-d-govender/240154	-28.780727	32.038284	
Dr AML KLOPPER	dental	Richards Bay, 3900	035789159				https://richards-bay.infoisinfo.co.za/card/dr-aml-klopper/239157	-28.749504	32.050201	
Dr V THULKANAM	dental	Richards Bay, 3900	035798273				https://richards-bay.infoisinfo.co.za/card/dr-v-thulkanam/246203	-28.717476	32.042042	
UMHLATHUZE DENTAL	dental	Richards Bay, 3900	035789625				https://richards-bay.infoisinfo.co.za/card/umhlathuze-dental/310896	-28.780727	32.038284	
Dr TN KELLY	dental	Richards Bay, 3900	035786182				https://richards-bay.infoisinfo.co.za/card/dr-tn-kelly/246097	-28.734900	32.063858	
THE BAY DENTAL - DR AM RUGNAT	dental	Richards Bay, 3900	035789389				https://richards-bay.infoisinfo.co.za/card/the-bay-dental-dr-am-rugnat/328542	-28.780727	32.038284	
Dr RP NEL	dental	Richards Bay, 3900	035753122				https://richards-bay.infoisinfo.co.za/card/dr-rp-nel/245367	-28.780727	32.038284	
CLICKS	departmental-stores	Richards Bay, 3901	035753454		https://www.clicks.co.za		https://richards-bay.infoisinfo.co.za/card/clicks/230471	-28.776821	32.112148	
GAME	departmental-stores	Richards Bay, 3900	035901920		https://www.game.co.za		https://richards-bay.infoisinfo.co.za/card/game/256843	-28.753141	32.053242	
Dr CM BOSHOFF	dentist	Richards Bay, 3901	035753207				https://richards-bay.infoisinfo.co.za/card/dr-cm-boshoff/240061	-28.775801	32.121235	
CRAZY STORE THE	departmental-stores	Richards Bay, 3900	035789299		https://www.crazystore.co.za		https://richards-bay.infoisinfo.co.za/card/crazy-store-the/232935	-28.749069	32.048992	
Dr NB GUMEDE	dentist	Richards Bay, 3900	035789295				https://richards-bay.infoisinfo.co.za/card/dr-nb-gumede/244269	-28.780727	32.038284	
MR BY RITE	departmental-stores	Richards Bay, 3900	035789619				https://richards-bay.infoisinfo.co.za/card/mr-by-rite/277136	-28.780727	32.038284	
BOARDMANS	departmental-stores	Richards Bay, 3900	035789314				https://richards-bay.infoisinfo.co.za/card/boardmans/224315	-28.780727	32.038284	
JUST4U DESIGNS	design	Richards Bay, 3900	078102546		https://www.just4udesigns.co.za		https://richards-bay.infoisinfo.co.za/card/just4u-designs/279228	-28.750252	32.067764	Using the latest Laser Cutting technology we can cut and design just about anything you need. Laser cutting is so popular because it offers precision and customisation to a degree that no other technology can compete with. We service the greater
CLICKS	departmental-stores	Richards Bay, 3900	035789722				https://richards-bay.infoisinfo.co.za/card/clicks/230686	-28.749069	32.048992	
Wake Design	design	Richards Bay, 3900					https://richards-bay.infoisinfo.co.za/card/wake-design/365029	-28.784229	32.097073	We design:• Pamphlets• Brochures• Signage• Corporate ID• And lots more!We service clients based all over KZN. Contact Us today for a quote or visit our website (www.wake-design.net) for more info. Wake Design offers KwaZulu-Natal based
Tholumbali Events and Marketing	design	Richards Bay, 3900					https://richards-bay.infoisinfo.co.za/card/tholumbali-events-and-marketing/364877	-28.711130	32.035442	Tholumbali Events and Marketing offers:Events ManagementMarketing and PromotionsDesign and PrintingGraphic DesignWeb Design and HostingCorporate Clothing Design and GiftsEntertainmentMulti-media productionsBrand ManagementAdvertising.
Alplan International Designs	design	Richards Bay, 3900					https://richards-bay.infoisinfo.co.za/card/alplan-international-designs/514752	-28.959967	31.752249	
ZENTEQ WEB SOLUTIONS	design	Richards Bay, 3900	084047302		https://www.zenteqweb.net		https://richards-bay.infoisinfo.co.za/card/zenteq-web-solutions/345082	-28.780727	32.038284	
SHOE DESIGN	design	Richards Bay, 3900	035789408				https://richards-bay.infoisinfo.co.za/card/shoe-design/324367	-28.780727	32.038284	
Zulululu Designs	design	. Richards Bay . Kwazulu Natal . 3900	35751160				https://richards-bay.infoisinfo.co.za/card/zulululu-designs/538237			
HAIRSTREAKS HAIR DESIGN TEAM	design	Richards Bay, 3900	035789844				https://richards-bay.infoisinfo.co.za/card/hairstreaks-hair-design-team/271182	-28.749069	32.048992	
Esigodlweni sika Mkhulu Mngomezulu	doctor	Richards Bay, 3900	063031349				https://richards-bay.infoisinfo.co.za/card/esigodlweni-sika-mkhulu-mngomezulu/769927	-28.723616	32.046749	Esigodlweni sika Mkhulu uMngomezulu ilapho umukhulu asebenzela khona asiza abantu njengomelaphi wendabuko. Uma unenkinga ephathelene nedlozi nomsamo uze kuMkhulu akusize usesize abantu abaningi.  Uma udinga ukuhlolelwa ukhona uMkhulu engakusiza.
Dr AP RUGNATH	doctor	Richards Bay, 3900	035798100				https://richards-bay.infoisinfo.co.za/card/dr-ap-rugnath/239329	-28.724817	32.044506	
DR JAN DE KOCK	doctor	Richards Bay, 3901	35789095				https://richards-bay.infoisinfo.co.za/card/dr-jan-de-kock/394047	-28.780727	32.038284	
Dr H MALAN	doctor	Richards Bay, 3900	035789156				https://richards-bay.infoisinfo.co.za/card/dr-h-malan/241404	-28.749069	32.048992	
Dr K SCHILZ	doctor	Richards Bay, 3900	035789441				https://richards-bay.infoisinfo.co.za/card/dr-k-schilz/242634	-28.756413	32.066673	
Dr G CLOETE	doctor	Richards Bay, 3900	035789156				https://richards-bay.infoisinfo.co.za/card/dr-g-cloete/240977	-28.749069	32.048992	
Dr K JANSEN VAN VUUREN	doctor	Richards Bay, 3901	035753316				https://richards-bay.infoisinfo.co.za/card/dr-k-jansen-van-vuuren/242565	-28.772972	32.118866	
Dr VP KALAPDEO	doctor	Richards Bay, 3900	035789032				https://richards-bay.infoisinfo.co.za/card/dr-vp-kalapdeo/246522	-28.780727	32.038284	
Drs ROODT FCA & ASSOCIATES MEDICROSS	doctor	Richards Bay, 3900	035789156				https://richards-bay.infoisinfo.co.za/card/drs-roodt-fca-associates-medicross/247647	-28.749399	32.053722	
Dr R NAIDOO	doctor	Richards Bay, 3900	035789830				https://richards-bay.infoisinfo.co.za/card/dr-r-naidoo/245168	-28.749504	32.050201	
Dr M BALETA	doctor	Richards Bay, 3900	035789156				https://richards-bay.infoisinfo.co.za/card/dr-m-baleta/243225	-28.749069	32.048992	
Dons driving school	driver	Richards Bay, 3900	0742991348				https://richards-bay.infoisinfo.co.za/card/dons-driving-school/708878	-28.780727	32.038284	We offer learner's licence training, motor bike training, code 8 and code 10 learner driver training.We offer instalment payments system and make packages to suite your needs.
Drs ROODT FCA & PARTNERS INC MEDICROSS	doctor	Richards Bay, 3901	035753154				https://richards-bay.infoisinfo.co.za/card/drs-roodt-fca-partners-inc-medicross/247463	-28.782028	32.102268	
Crazy 4 Maths	e-mail	. Richards Bay . Kwazulu Natal . 3900					https://richards-bay.infoisinfo.co.za/card/crazy-4-maths/349477			Crazy 4 Maths is a tutoring company.  We help with Gr1 - Gr12, N1 - N3.Please feel free to email us for more information.  We help students to do better in Maths (all levels) and Sciences.
Garage Door Centre	door	Richards Bay, 3900					https://richards-bay.infoisinfo.co.za/card/garage-door-centre/562178	-28.747219	32.047039	
RICHARDS BAY TELEPHONE SHOP	e-mail	Richards Bay, 3900	035789387				https://richards-bay.infoisinfo.co.za/card/richards-bay-telephone-shop/205314	-28.780727	32.038284	Services: Self Inking Rubber Stamps, Citiliner, Bus Bookings (Greyhound, Lamination, Binding, Scanning, Faxes (Send & Receive) Email, Invitations, CV's, Letters, Letterheads, Typing (Business Cards, Stationery (Office & School), Stallion Coaches and
J Takoulas Drafting Services	drafting	Richards Bay, 3900					https://richards-bay.infoisinfo.co.za/card/j-takoulas-drafting-services/585067	-28.780727	32.038284	
KIP MCGRATH EDUCATION CENTRE	education	Richards Bay, 3900	035789957				https://richards-bay.infoisinfo.co.za/card/kip-mcgrath-education-centre/282065	-28.751820	32.054379	
NOSA	education	Richards Bay, 3900	035789435		https://www.nosa.co.za	https://www.facebook.com/NOSAtweets	https://richards-bay.infoisinfo.co.za/card/nosa/319798	-28.780727	32.038284	NOSA provides occupational health, safety and environmental risk management services and solutions and is the exclusive provider of both the NOSA Five Star Grading System and SAMTRAC. The business was acquired and restructured by MICROmega Holdings
Dr SS MATHENJWA	doctor	Richards Bay, 3900	035789005				https://richards-bay.infoisinfo.co.za/card/dr-ss-mathenjwa/246111	-28.749016	32.048828	
Kidigym	education	. Meer En See. Richards Bay . Kwazulu Natal . 3901	035 753 386		https://www.kidigym.co.za		https://richards-bay.infoisinfo.co.za/card/kidigym/438384			Kidigym is educational fun gymnastics, strength, which will enhance your child's physical and mental development by improving flexibility, co-ordination and spatial orientation.
RTN African Skills Development Academy	driving	Richards Bay, 3900	0835875926		https://www.rtnafricanskills.webs.com		https://richards-bay.infoisinfo.co.za/card/rtn-african-skills-development-academy/526837	-29.884909	30.934851	RTN AFRICAN SKILLS DEVELOPMENT CALL 0835875926. call 0835875926 Price: 00. 1.Fork Lift : 5 days 2.Mobile Crane;10 days 3.Reach Truck: 5 days 4.Truck Mounted crane: 10 days. 11. Bob Cat; 10 days 12. Dangerous Goods WELDING 1. ARC Welding 2. Steel
Wrap-it-diy	door	. Richards Bay . Kwazulu Natal . 3900	035 789 473		https://wrap-it-diy.co.za		https://richards-bay.infoisinfo.co.za/card/wrap-it-diy/474476			Supawood wrap doors are manufactured on our premises and we have more than 40 colours to choose from.  At Wrap-It DIY our motto is customer satisfaction, that is why we strive to give you the best service & quality there is to offer, for all your
ZAAYCO ELECTRICAL	electric-contractor	Richards Bay, 3900	035789180				https://richards-bay.infoisinfo.co.za/card/zaayco-electrical/314706	-28.753494	32.061790	
AMPTECH INDUSTRIAL ELECTRICAL SERVICE	electric-contractor	Richards Bay, 3900	035789365				https://richards-bay.infoisinfo.co.za/card/amptech-industrial-electrical-service/207620	-28.759050	32.042225	
MEITEK CC	electric-contractor	Richards Bay, 3900	035789783				https://richards-bay.infoisinfo.co.za/card/meitek-cc/296370	-28.757711	32.042057	
ZERO OHMS CONTRACTING CC	electric-contractor	Richards Bay, 3900	035786002				https://richards-bay.infoisinfo.co.za/card/zero-ohms-contracting-cc/317741	-28.732569	32.067104	
Industrial Electro Mech Contractors	electric-contractor	Richards Bay, 3900	12522358				https://richards-bay.infoisinfo.co.za/card/industrial-electro-mech-contractors/576490	-28.780727	32.038284	
RICHARDS BAY TECHNICAL TRAINING & ASSESSMENT	electric-contractor	. Richards Bay . Kwazulu Natal . 3900	035797309; 0742991348				https://richards-bay.infoisinfo.co.za/card/richards-bay-technical-training-assessment/334327			
CIRCLE ELECTRONICS	electric-equipment	Richards Bay, 3901	035753376				https://richards-bay.infoisinfo.co.za/card/circle-electronics/229953	-28.765802	32.115429	
KWA-ZULU ELECTRICAL CONTRACTORS	electric-contractor	Richards Bay, 3900	35789417				https://richards-bay.infoisinfo.co.za/card/kwa-zulu-electrical-contractors/561792	-28.758953	32.044022	
Ast Africa Trading 305	electric-equipment	Richards Bay, 3900	35789408				https://richards-bay.infoisinfo.co.za/card/ast-africa-trading-305/711713	-28.750231	32.048191	
ZAMA MPILO AUTO ELECTRICAL CC	electrical-auto	. Richards Bay . Kwazulu Natal . 3900	072393343				https://richards-bay.infoisinfo.co.za/card/zama-mpilo-auto-electrical-cc/314733			
Baytronics	electronics	Richards Bay, 3900	061404234				https://richards-bay.infoisinfo.co.za/card/baytronics/625027	-28.780727	32.038284	
MOTLA CONSULTING ENGINEERING	electrical-engineer	Richards Bay, 3900	035789851				https://richards-bay.infoisinfo.co.za/card/motla-consulting-engineering/276620	-28.751455	32.054482	
Km Electrical Services	electrician	Richards Bay, 3900					https://richards-bay.infoisinfo.co.za/card/km-electrical-services/469396	-28.761087	32.060040	
Nokukhanya Electrical Services	electrician	Richards Bay, 3887					https://richards-bay.infoisinfo.co.za/card/nokukhanya-electrical-services/469397	-28.780727	32.038284	
CHUBB SECURITY (PTY) LTD	electronics	Richards Bay, 3900	035789885		https://www.chubb.co.za		https://richards-bay.infoisinfo.co.za/card/chubb-security-pty-ltd/216621	-28.753044	32.045574	
Nastech General Trading	electronics	. Meer En See. Richards Bay . Kwazulu Natal . 3901	035 789 656		https://www.nastrade.co.za		https://richards-bay.infoisinfo.co.za/card/nastech-general-trading/416095			Nastech General Trading We are an up and coming industrial support business based in Richards Bay. Our services and products are of the highest standards, and in most cases we operate well above the industry norms in both quality and delivery of
Power Electronics	electronics	Richards Bay, 3900	31764307				https://richards-bay.infoisinfo.co.za/card/power-electronics/426727	-28.756222	32.044735	
MORCK ENGINEERING ENTERPRISES	electronics	Richards Bay, 3900	31702063				https://richards-bay.infoisinfo.co.za/card/morck-engineering-enterprises/526296	-28.764124	32.006645	
Jjs Electronics Zululand	electronics	Richards Bay, 3900	35789449				https://richards-bay.infoisinfo.co.za/card/jjs-electronics-zululand/378320	-28.780727	32.038284	
SVI KATHRADA	electronics	Richards Bay, 3900	35789786				https://richards-bay.infoisinfo.co.za/card/svi-kathrada/625013	-28.780727	32.038284	
Temperature Management Systems South Africa	electronics	Richards Bay, 3900	35751147				https://richards-bay.infoisinfo.co.za/card/temperature-management-systems-south-africa/525750	-28.747025	32.035084	
Gb Hobby Electronics	electronics	Richards Bay, 3900	35902232				https://richards-bay.infoisinfo.co.za/card/gb-hobby-electronics/615121	-28.959736	31.752426	
Vela Mlungisi Electronics And Multiservices	electronics	Richards Bay, 3887	35772488				https://richards-bay.infoisinfo.co.za/card/vela-mlungisi-electronics-and-multiservices/602428	-28.780727	32.038284	
Tees Electronics	electronics	Richards Bay, 3900	35798127				https://richards-bay.infoisinfo.co.za/card/tees-electronics/555411	-28.780727	32.038284	
Gunther Industrial Electronics	electronics	Richards Bay, 3900					https://richards-bay.infoisinfo.co.za/card/gunther-industrial-electronics/602392	-28.783213	32.094986	
S R D Industrial Electronics	electronics	Richards Bay, 3900					https://richards-bay.infoisinfo.co.za/card/s-r-d-industrial-electronics/602396	-28.780727	32.038284	
RIAAN KRUGER & ASSOCIATES	employment	. Arboretum. Richards Bay . Kwazulu Natal . 3900	035789294				https://richards-bay.infoisinfo.co.za/card/riaan-kruger-associates/305200			
G F J CONSULTING ENGINEERS	engineering-consultant	Richards Bay, 3900	035789023				https://richards-bay.infoisinfo.co.za/card/g-f-j-consulting-engineers/262151	-28.753141	32.053242	
T A I Hydraulics And Engineering	engineering-consultant	Richards Bay, 3900	35789299				https://richards-bay.infoisinfo.co.za/card/t-a-i-hydraulics-and-engineering/694025	-28.753168	32.044220	
Avara Medical- Occupational Health   Employment in Richards Bay	employment	16 Penny Ln, Richards Bay Central, Richards Bay, 3900. Richards Bay . Kwazulu Natal . 3900					https://richards-bay.infoisinfo.co.za/card/avara-medical-occupational-health/804540	-26.198491534526536	28.034974358398486	
Allvent Engineering	engineering-consultant	Richards Bay, 3901	35797562				https://richards-bay.infoisinfo.co.za/card/allvent-engineering/694034	-28.780727	32.038284	
ILIFA AFRICA ENGINEERS	engineering-consultant	Richards Bay, 3901	035753108				https://richards-bay.infoisinfo.co.za/card/ilifa-africa-engineers/276049	-28.781460	32.101871	
KHALIMA ENERGY SOLUTIONS	energy	Richards Bay, 3900	035550911		https://www.khalima.co.za		https://richards-bay.infoisinfo.co.za/card/khalima-energy-solutions/283461	-28.759449	32.042515	Khalima Energy Solutions is an energy management and services company. We offer our services to those clients who want to reduce their energy related costs and want to be more energy efficient. We have found that quite a number of people and
MZINGAZI ENGINEERING & INDUSTRIAL SUPPLIERS CC	engineering-equipment	Richards Bay, 3900	035797369				https://richards-bay.infoisinfo.co.za/card/mzingazi-engineering-industrial-suppliers-cc/278827	-28.750608	32.024075	
ZULULAND BUSINESS CONSULTANT	engineering-consultant	Richards Bay, 3900	35789782				https://richards-bay.infoisinfo.co.za/card/zululand-business-consultant/468589	-28.763020	32.050861	
LUSHDALE ENGINEERING PROJECTS	engineering-project	Richards Bay, 3900	35789660				https://richards-bay.infoisinfo.co.za/card/lushdale-engineering-projects/565441	-28.755409	32.043186	
Bicarb Engineering And Projects	engineering-project	Richards Bay, 3900	35902802				https://richards-bay.infoisinfo.co.za/card/bicarb-engineering-and-projects/755869	-28.960157	31.751472	
FIT-RITE ENGINEERING	engineering-services	Richards Bay, 3900	351511081				https://richards-bay.infoisinfo.co.za/card/fit-rite-engineering/745428	-28.752567	32.030697	
TONYS STEEL PROJECTS & GENERAL ENGINEERING	engineering-project	. Richards Bay . Kwazulu Natal . 3900	083357793				https://richards-bay.infoisinfo.co.za/card/tonys-steel-projects-general-engineering/329351			
Mrj Engineering Services	engineering-services	Richards Bay, 3900	35797376				https://richards-bay.infoisinfo.co.za/card/mrj-engineering-services/745412	-28.780727	32.038284	
Brp Engineering	engineering-services	Richards Bay, 3900	35797515				https://richards-bay.infoisinfo.co.za/card/brp-engineering/745495	-28.759211	32.026482	
R B Tool And Industrial Supplies	engineering-services	Richards Bay, 3900	35751149				https://richards-bay.infoisinfo.co.za/card/r-b-tool-and-industrial-supplies/634743	-28.747971	32.031509	
Heunes Engineering Holdings	engineering-services	Richards Bay, 3900	22714411				https://richards-bay.infoisinfo.co.za/card/heunes-engineering-holdings/553492	-28.780727	32.038284	
Dnk Engineering And Manufacturing	engineering-services	Richards Bay, 3900	35751175				https://richards-bay.infoisinfo.co.za/card/dnk-engineering-and-manufacturing/591146	-28.748030	32.033485	
D N K ENGINEERING & MANUFACTURING CC	engineering-services	Richards Bay, 3900	035751175				https://richards-bay.infoisinfo.co.za/card/d-n-k-engineering-manufacturing-cc/234004	-28.780727	32.038284	
CDN MARKETING	engineering-services	Richards Bay, 3900	35789299				https://richards-bay.infoisinfo.co.za/card/cdn-marketing/634759	-28.753168	32.044220	
Sihlangene Engineering	engineering-services	Richards Bay, 3900	35797472				https://richards-bay.infoisinfo.co.za/card/sihlangene-engineering/553481	-28.780727	32.038284	
CHAPLIN DU PREEZ AND ASSOCIATES	engineering-services	Richards Bay, 3900	35198905				https://richards-bay.infoisinfo.co.za/card/chaplin-du-preez-and-associates/634794	-28.780727	32.038284	
RICHARDS BAY ANTI CORROSION	engineering-services	Richards Bay, 3900	35797406				https://richards-bay.infoisinfo.co.za/card/richards-bay-anti-corrosion/456522	-28.764090	32.005970	
BAYSIDE ENGINEERING	engineering-services	Richards Bay, 3900	35797452				https://richards-bay.infoisinfo.co.za/card/bayside-engineering/745366	-28.758078	32.027809	
Richfab Engineering	engineering-services	Richards Bay, 3900	35751129				https://richards-bay.infoisinfo.co.za/card/richfab-engineering/745367	-28.738770	32.037571	
MECH-GEN ENGINEERING SERVICES	engineering-services	Richards Bay, 3900	35797411				https://richards-bay.infoisinfo.co.za/card/mech-gen-engineering-services/745500	-28.766649	32.015759	
Ukhamba Armarture Winders And Engineering Services	engineering-services	Richards Bay, 3901	31709254				https://richards-bay.infoisinfo.co.za/card/ukhamba-armarture-winders-and-engineering-services/745368	-28.780727	32.038284	
Van Den Berg En Vennote	engineering-services	Richards Bay, 3901	35753541				https://richards-bay.infoisinfo.co.za/card/van-den-berg-en-vennote/634688	-28.780727	32.038284	
Kwikcorp 113	engineering-services	Richards Bay, 3900	35751109				https://richards-bay.infoisinfo.co.za/card/kwikcorp-113/634594	-28.780727	32.038284	
Morecare Engineering Services	engineering-services	Richards Bay, 3900	35751180				https://richards-bay.infoisinfo.co.za/card/morecare-engineering-services/702399	-28.780727	32.038284	
Alton Aero Engineering	engineering-services	Richards Bay, 3900	35786014				https://richards-bay.infoisinfo.co.za/card/alton-aero-engineering/647727	-28.780727	32.038284	
E R ENGINEERING SERVICES	engineering-services	Richards Bay, 3900	035797447				https://richards-bay.infoisinfo.co.za/card/e-r-engineering-services/248736	-28.764259	32.007191	
Bricla Manufacturing	engineering-services	Richards Bay, 3900	35797318				https://richards-bay.infoisinfo.co.za/card/bricla-manufacturing/745387	-28.739550	31.894958	
Exec Construction	engineering-services	Richards Bay, 3900	35751232				https://richards-bay.infoisinfo.co.za/card/exec-construction/733410	-28.751047	32.031631	
BAMBELA ENGINEERING SERVICES	engineering-services	Richards Bay, 3900	35798186				https://richards-bay.infoisinfo.co.za/card/bambela-engineering-services/690885	-28.780727	32.038284	
J H BOWERS ENGINEERING	engineering-services	Richards Bay, 3900	35789428				https://richards-bay.infoisinfo.co.za/card/j-h-bowers-engineering/745432	-28.745520	32.049149	
M & M ENGINEERING	engineering-services	Richards Bay, 3900	35797506				https://richards-bay.infoisinfo.co.za/card/m-m-engineering/745433	-28.759211	32.026482	
SUPER RENT	engines	Richards Bay, 3900	035751105		https://www.superrent.co.za	https://www.facebook.com/Super-Rent-1563990123909889/	https://richards-bay.infoisinfo.co.za/card/super-rent/306111	-28.780727	32.038284	To ensure peak reliability, all vehicles are serviced at regular intervals in our own professional workshops located in all major branches. For added peace of mind, we offer a 24-hour breakdown and replacement service to ensure that your business
TATA COMMERCIAL TRUCK & BUS RICHARDS BAY	engines	. Richards Bay . Kwazulu Natal . 3900	035789503		https://www.tatasa.co.za	https://www.facebook.com/TataMotorsSA	https://richards-bay.infoisinfo.co.za/card/tata-commercial-truck-bus-richards-bay/314443			A USD 42 billion organisation, Tata Motors Limited is a leading global automobile manufacturer with a portfolio that covers a wide range of cars, sports vehicles, buses, trucks and defence vehicles. Tata South Africa, as part of Tata Motors Limited,
Adlas Engineering	engineering-services	Richards Bay, 3900					https://richards-bay.infoisinfo.co.za/card/adlas-engineering/553520	-28.780727	32.038284	
KZN MOTORS	engines	Richards Bay, 3900	035789866		https://www.caltex.co.za		https://richards-bay.infoisinfo.co.za/card/kzn-motors/280596	-28.751865	32.051399	
GATE MOTOR EXPERTS	engines	Richards Bay, 3901	035753128		https://www.gatemotorexperts.co.za		https://richards-bay.infoisinfo.co.za/card/gate-motor-experts/260130	-28.774551	32.117729	We can send you a price as well as our banking details. As soon as the full cash amount is paid into our bank account and cleared by the bank, the stock can be released. Gate Motors Experts was founded in 1995 on the principles of Knowledge and
THE SPARES SHOP	engines	Richards Bay, 3900	035789097				https://richards-bay.infoisinfo.co.za/card/the-spares-shop/307982	-28.750231	32.048191	
RICHARDS BAY PANELBEATERS	engines	Richards Bay, 3900	035797350				https://richards-bay.infoisinfo.co.za/card/richards-bay-panelbeaters/322891	-28.758650	32.027248	
DIAGNOSTIC SERVICE CENTRE	engines	Richards Bay, 3900	035751108				https://richards-bay.infoisinfo.co.za/card/diagnostic-service-centre/237020	-28.780727	32.038284	
A1 AUTOPARTS	engines	Richards Bay, 3900	035789786				https://richards-bay.infoisinfo.co.za/card/a1-autoparts/217878	-28.745243	32.050591	
MOTO TECH	engines	Richards Bay, 3900	035751162				https://richards-bay.infoisinfo.co.za/card/moto-tech/325862	-28.780727	32.038284	
RITCHIE MOTORS	engines	Richards Bay, 3900	035797494				https://richards-bay.infoisinfo.co.za/card/ritchie-motors/297148	-28.780727	32.038284	
GOLDWAGEN	engines	Richards Bay, 3900	035789476				https://richards-bay.infoisinfo.co.za/card/goldwagen/260817	-28.746290	32.048882	
Urick Motor Repairs	engines	Richards Bay, 3900	31563002				https://richards-bay.infoisinfo.co.za/card/urick-motor-repairs/649913	-28.780727	32.038284	
A J M PARTS & ASSESSORIES CC	engines	Richards Bay, 3900	035751234				https://richards-bay.infoisinfo.co.za/card/a-j-m-parts-assessories-cc/217704	-28.780727	32.038284	
Us Trucks	engines	Richards Bay			https://ustrucks.co.za		https://richards-bay.infoisinfo.co.za/card/us-trucks/427706	-28.759449	32.042515	US Trucks - South African Importers of Dodge Ram Trucks.
TAXI CITY MOTOR SPARES	engines	Richards Bay, 3900	035789728				https://richards-bay.infoisinfo.co.za/card/taxi-city-motor-spares/307103	-28.747900	32.048019	
Z D I	engines	Richards Bay, 3900	079918174				https://richards-bay.infoisinfo.co.za/card/z-d-i/345015	-28.750608	32.024075	
GANS MIDAS	engines	Richards Bay, 3900	035789771				https://richards-bay.infoisinfo.co.za/card/gans-midas/260039	-28.758953	32.044022	
Kzn Motors	engines	Richards Bay, 3900	35789866				https://richards-bay.infoisinfo.co.za/card/kzn-motors/650464	-28.751865	32.051399	
AUTOZONE (RICHARDS BAY)	engines	Richards Bay, 3900	035789333				https://richards-bay.infoisinfo.co.za/card/autozone-richards-bay/221579	-28.747101	32.048401	
Kwazulu Engine Protection	engines	Richards Bay, 3236	35751113				https://richards-bay.infoisinfo.co.za/card/kwazulu-engine-protection/503498	-28.780727	32.038284	
MZINGAZI MOTOR SPARES	engines	. Richards Bay . Kwazulu Natal . 3900	079338458				https://richards-bay.infoisinfo.co.za/card/mzingazi-motor-spares/319064			
PREASH MOTORS	engines	Richards Bay, 3900	35751111				https://richards-bay.infoisinfo.co.za/card/preash-motors/650456	-28.752195	32.027351	
Nomathiya Motor Service	engines	Richards Bay, 3900					https://richards-bay.infoisinfo.co.za/card/nomathiya-motor-service/562641	-28.780727	32.038284	
Vendoep Motors	engines	. Richards Bay . Kwazulu Natal . 3900	31303115				https://richards-bay.infoisinfo.co.za/card/vendoep-motors/650474			
KRAFT LIGHTING & POWER	environment	Richards Bay, 3900	083 417 1493				https://richards-bay.infoisinfo.co.za/card/kraft-lighting-power/285236	40.320000	-3.380000	
Ithemba Marketing Solutions	environment	Richards Bay, 3900	066055678				https://richards-bay.infoisinfo.co.za/card/ithemba-marketing-solutions/803563	-28.734145	32.0439672	Suppliers of Industrial equipment, hardware , safety , welding supplies and medical
JABULANI RECYCLING	environment	Richards Bay, 3900	35751114				https://richards-bay.infoisinfo.co.za/card/jabulani-recycling/658371	-28.754963	32.029964	
Masilondoloze Electrical Repairs	environment	Richards Bay, 3887	35908939				https://richards-bay.infoisinfo.co.za/card/masilondoloze-electrical-repairs/395216	-28.780727	32.038284	
Kilovolt Power Industries	environment	Richards Bay, 3900	35153379				https://richards-bay.infoisinfo.co.za/card/kilovolt-power-industries/728283	-28.780727	32.038284	
Dhancel Engineering	environment	Richards Bay, 3910	35908891				https://richards-bay.infoisinfo.co.za/card/dhancel-engineering/727604	-28.780727	32.038284	
Bumbana Electrical Instrumentation Supplies And Installation	environment	Richards Bay, 3900	35789504				https://richards-bay.infoisinfo.co.za/card/bumbana-electrical-instrumentation-supplies-and-installation/728287	-28.780727	32.038284	
Magessin Electrical	environment	Richards Bay, 3900	35751170				https://richards-bay.infoisinfo.co.za/card/magessin-electrical/728286	-28.755156	32.043270	
Uzimele Power Supplies	environment	Richards Bay, 3900	35789419				https://richards-bay.infoisinfo.co.za/card/uzimele-power-supplies/703327	-28.780727	32.038284	
Jareds Electrical	environment	Richards Bay, 3900	11789937				https://richards-bay.infoisinfo.co.za/card/jareds-electrical/728274	-28.743757	32.072376	
Zuldec	environment	Richards Bay, 3901	35789174				https://richards-bay.infoisinfo.co.za/card/zuldec/728285	-28.780727	32.038284	
Bwj Farland Electrical	environment	Richards Bay, 3900	35789192				https://richards-bay.infoisinfo.co.za/card/bwj-farland-electrical/727790	-28.780727	32.038284	
Zululand Belting	environment	Richards Bay, 3900	35786146				https://richards-bay.infoisinfo.co.za/card/zululand-belting/728176	-28.780727	32.038284	
Bhekeni Electrical	environment	Richards Bay, 3887	35902611				https://richards-bay.infoisinfo.co.za/card/bhekeni-electrical/728291	-28.860403	31.928823	
Khulu Projects	environment	Richards Bay, 3900	35753230				https://richards-bay.infoisinfo.co.za/card/khulu-projects/728228	-28.780727	32.038284	
Bay Cladding Services And Supplies	environment	Richards Bay, 3901	35789491				https://richards-bay.infoisinfo.co.za/card/bay-cladding-services-and-supplies/520535	-28.966425	31.745411	
BMA GROUP	estate	Richards Bay, 3900	035789341; 031-9037119		https://www.bmagroup.co.za		https://richards-bay.infoisinfo.co.za/card/bma-group/210923	-28.749796	32.054211	
Daffydee 6	equipment-rentals	Richards Bay, 3900	35751144				https://richards-bay.infoisinfo.co.za/card/daffydee-6/509518	-28.780727	32.038284	
MAXPROP ESTATE AGENTS	estate	Richards Bay, 3900	035789619; 031-9037119		https://www.maxprop.co.za		https://richards-bay.infoisinfo.co.za/card/maxprop-estate-agents/285312	-28.780727	32.038284	
HARCOURTS	estate	Richards Bay, 3900	035789673; 031-9037119		https://www.harcourts.co.za		https://richards-bay.infoisinfo.co.za/card/harcourts/257784	-28.750647	32.054390	
Just Real Estate	estate	Richards Bay, 3900	35789781; 0742991348				https://richards-bay.infoisinfo.co.za/card/just-real-estate/490663	-28.782166	31.898333	
DORMEHL PROPERTY GROUP	estate	Richards Bay, 3900	035789347; 031-9037119				https://richards-bay.infoisinfo.co.za/card/dormehl-property-group/238341	-28.753141	32.053242	
M D C REAL ESTATE	estate	Richards Bay, 3900	035789195; 031-9037119				https://richards-bay.infoisinfo.co.za/card/m-d-c-real-estate/280985	-28.753407	32.066666	
Erf 7647 Richards Bay	estate	Richards Bay, 3900	35789266; 0742991348				https://richards-bay.infoisinfo.co.za/card/erf-7647-richards-bay/490801	-28.780727	32.038284	
Dukuza Civils	estate	Richards Bay, 3900	32551334; 0742991348				https://richards-bay.infoisinfo.co.za/card/dukuza-civils/491036	-28.749796	32.054211	
Betastraal Properties	estate	Richards Bay, 3900	35751163; 0742991348				https://richards-bay.infoisinfo.co.za/card/betastraal-properties/491044	-28.750982	32.025532	
Isandlwana Property Developments	estate	Richards Bay, 3900	35789982; 0742991348				https://richards-bay.infoisinfo.co.za/card/isandlwana-property-developments/491038	-28.780727	32.038284	
Vdv Eiendomme	estate	Richards Bay, 3900	35789137; 0742991348				https://richards-bay.infoisinfo.co.za/card/vdv-eiendomme/491037	-28.780727	32.038284	
ANETTE DE JAGER REAL ESTATE AGENTS	estate	. Richards Bay . Kwazulu Natal . 3900	035789011; 031-9037119		https://www.anettedejager.co.za		https://richards-bay.infoisinfo.co.za/card/anette-de-jager-real-estate-agents/220292			
Ypsilanti Property Management	estate	Richards Bay, 3900	35789682; 0742991348				https://richards-bay.infoisinfo.co.za/card/ypsilanti-property-management/491041	-28.746305	31.903538	
Honeydale Property Development	estate	Richards Bay, 3900	31700425; 0742991348				https://richards-bay.infoisinfo.co.za/card/honeydale-property-development/491039	-28.780727	32.038284	
LANDLEY PROPERTIES	estate	Richards Bay, 3901	035753271; 031-9037119				https://richards-bay.infoisinfo.co.za/card/landley-properties/284900	-28.764618	32.117344	
COLLUM REAL ESTATE	estate	Richards Bay, 3900	035789810; 031-9037119				https://richards-bay.infoisinfo.co.za/card/collum-real-estate/231216	-28.780727	32.038284	
MOOR PROPERTIES	estate	Richards Bay, 3900	035789142; 031-9037119				https://richards-bay.infoisinfo.co.za/card/moor-properties/294717	-28.755262	32.044014	
RAWSON PROPERTIES	estate	Richards Bay, 3900	035789811; 031-9037119				https://richards-bay.infoisinfo.co.za/card/rawson-properties/307310	-28.746599	31.903545	
BONANZA ESTATES (EIENDOMME)	estate	Richards Bay, 3901	035753418; 031-9037119				https://richards-bay.infoisinfo.co.za/card/bonanza-estates-eiendomme/224520	-28.776821	32.112148	
Stabo Estates	estate	Richards Bay, 3900	35789857; 031-9037119				https://richards-bay.infoisinfo.co.za/card/stabo-estates/547573	-28.750231	32.048191	
Heidi Ruth Jordaan Property	estate	Richards Bay, 3900	0742991348				https://richards-bay.infoisinfo.co.za/card/heidi-ruth-jordaan-property/491046	-28.780727	32.038284	
MKHULU ESTATES	estate	Richards Bay, 3900	072260014; 031-9037119				https://richards-bay.infoisinfo.co.za/card/mkhulu-estates/275020	-28.780727	32.038284	
SIMON PHOTOPRENUIRSHIP (PTY)LTD	event-photography	Richards Bay, 3900	084333363				https://richards-bay.infoisinfo.co.za/card/simon-photoprenuirship-ptyltd/803986	-28.768669813519512	31.97565539619268	I am Simon Piyo a photographer based in Richard's bay KZN and specialize in, family and commercial photography. I love photographing people and meeting and interacting with new people in the process is an added bonus. My aim is to capture the beauty
The Palms Holiday Condos	estate	Richards Bay, 3900					https://richards-bay.infoisinfo.co.za/card/the-palms-holiday-condos/384872	-28.780727	32.038284	
Lovatt Real Estate	estate	Richards Bay, 3900	031-9037119				https://richards-bay.infoisinfo.co.za/card/lovatt-real-estate/490684	-28.780727	32.038284	
CORPORATE AGENCY THE	export	. Meer En See. Richards Bay . Kwazulu Natal . 3901	035753433				https://richards-bay.infoisinfo.co.za/card/corporate-agency-the/232255			
38 Weightman Property	estate	Richards Bay, 3900	0742991348				https://richards-bay.infoisinfo.co.za/card/38-weightman-property/491047	-28.755596	32.043068	
George Tait Eiendomme	estate	Richards Bay, 3900	0742991348				https://richards-bay.infoisinfo.co.za/card/george-tait-eiendomme/491049	-28.780727	32.038284	
Pyrotek Engineering Materials	fabrication	Richards Bay, 3900	35797403				https://richards-bay.infoisinfo.co.za/card/pyrotek-engineering-materials/670571	-28.780727	32.038284	
RICHARDS BAY TRADING AND PROJECTS	fabrication	Richards Bay, 3900	035751253				https://richards-bay.infoisinfo.co.za/card/richards-bay-trading-and-projects/305251	-28.780727	32.038284	
Photographer in Richards Bay - Wild Sky Photography	event-photography	Richards Bay, 3901					https://richards-bay.infoisinfo.co.za/card/photographer-in-richards-bay-wild-sky-photography/369679	-28.784229	32.097073	We do weddings, and most other types of photography in Richards Bay, model portfolios, events, as well as the rest of Kwazulu-Natal. Wild Sky photography is a photography service by photographer Gerard Griessel.
Lcj Fabricators And Steel Erectors	fabrication	Richards Bay, 3900	35797346				https://richards-bay.infoisinfo.co.za/card/lcj-fabricators-and-steel-erectors/385156	-28.780727	32.038284	
White River Cellars	fabrication	Richards Bay, 3900	13751245				https://richards-bay.infoisinfo.co.za/card/white-river-cellars/543879	-28.751928	32.046089	
M E G A Sheetmetalworks	fabrication	Richards Bay, 3900	35789152				https://richards-bay.infoisinfo.co.za/card/m-e-g-a-sheetmetalworks/514991	-28.748840	32.032982	
V M FABRICATION SERVICES CC	fabrication	Richards Bay, 3900	035751204				https://richards-bay.infoisinfo.co.za/card/v-m-fabrication-services-cc/343585	-28.780727	32.038284	
Y2k Property Management	estate	Richards Bay, 3900	0742991348				https://richards-bay.infoisinfo.co.za/card/y2k-property-management/491048	-28.746492	31.902920	
Shincel	fabrication	Richards Bay, 3900	35797931				https://richards-bay.infoisinfo.co.za/card/shincel/584682	-28.780727	32.038284	
EEL ENGINEERING	fabrication	Richards Bay, 3900	035751108				https://richards-bay.infoisinfo.co.za/card/eel-engineering/249588	-28.780727	32.038284	
Zululand Welding And Fabrication Services	fabrication	Richards Bay, 3900					https://richards-bay.infoisinfo.co.za/card/zululand-welding-and-fabrication-services/548039	-28.734325	32.081806	
N And M Engineering	fabrication	Richards Bay, 3900					https://richards-bay.infoisinfo.co.za/card/n-and-m-engineering/723248	-28.780727	32.038284	
FASTRAK TRADING 303	fabrication	Richards Bay					https://richards-bay.infoisinfo.co.za/card/fastrak-trading-303/564037	-28.780727	32.038284	
Zamisizwe Farm	farm	Richards Bay, 3887	35908864				https://richards-bay.infoisinfo.co.za/card/zamisizwe-farm/758362	-28.780727	32.038284	
Vuna Farms	farm	Richards Bay, 3900	35905348				https://richards-bay.infoisinfo.co.za/card/vuna-farms/713288	-28.780727	32.038284	
Sun Cheong Fast Food	fast-food	. Richards Bay . Kwazulu Natal . 3900	35192372				https://richards-bay.infoisinfo.co.za/card/sun-cheong-fast-food/458703			
Denmarlou Pizza	fast-food	Richards Bay, 3901	35795199				https://richards-bay.infoisinfo.co.za/card/denmarlou-pizza/616567	-28.780727	32.038284	
Zulfert Fertilizer	fertilizer	Richards Bay, 3900					https://richards-bay.infoisinfo.co.za/card/zulfert-fertilizer/671970	-28.780727	32.038284	
Tripillar Security	fencing	Richards Bay, 3900			https://www.tripillar.co.za	https://www.facebook.com/pages/Tripillar/680539625335399	https://richards-bay.infoisinfo.co.za/card/tripillar-security/498002	-28.753050	32.031677	Speed Fencing. Security Guards. Event Security.  Tripillar is a security and safety hub that specialises in asset protection, event security solutions and safety equipment. Tripillar was formed by former British Forces members with paramount
Mjk Fencing Services	fencing	Richards Bay, 3900	35773002				https://richards-bay.infoisinfo.co.za/card/mjk-fencing-services/420133	-28.780727	32.038284	
BLM PRODUCTIONS	film	Richards Bay, 3900	31312397				https://richards-bay.infoisinfo.co.za/card/blm-productions/696378	-28.780727	32.038284	
Ikalamva films   Photography in Richards Bay	film-industry	Ubhejane Street, Ezikhaleni Reserve,eNseleni Township 3882. Brackenham. Richards Bay . Kwazulu Natal . 3900	62105766			https://www.facebook.com/ikalamvafilms2019	https://richards-bay.infoisinfo.co.za/card/ikalamva-films/801407	-28.6652289	32.0215618	
OLD MUTUAL	finance	Richards Bay, 3900	035902132		https://www.oldmutual.co.za		https://richards-bay.infoisinfo.co.za/card/old-mutual/320064	-28.743174	31.893461	
HI FINANCE	finance	Richards Bay, 3900	035789512				https://richards-bay.infoisinfo.co.za/card/hi-finance/263045	-28.780727	32.038284	
ATLAS FINANCE	finance	Richards Bay, 3900	087702113				https://richards-bay.infoisinfo.co.za/card/atlas-finance/208399	-28.780727	32.038284	
Moneyline Financial Services	finance	Richards Bay, 3900	11343200				https://richards-bay.infoisinfo.co.za/card/moneyline-financial-services/701839	-28.780727	32.038284	
STATUS FINANCE	finance	Richards Bay, 3900	035789069				https://richards-bay.infoisinfo.co.za/card/status-finance/304856	-28.780727	32.038284	
OPPORTUNITY FINANCE (PTY) LTD	financial-services	Richards Bay, 3900	035789148				https://richards-bay.infoisinfo.co.za/card/opportunity-finance-pty-ltd/297128	-28.758953	32.044022	
H D FINANCE GROUP	finance	Richards Bay, 3900	035789939				https://richards-bay.infoisinfo.co.za/card/h-d-finance-group/268336	-28.780727	32.038284	
Sinqobile Investments	financial-services	Richards Bay, 3900					https://richards-bay.infoisinfo.co.za/card/sinqobile-investments/702104	-28.780727	32.038284	
Soundprops 1250	fish	Richards Bay, 3900	3514422				https://richards-bay.infoisinfo.co.za/card/soundprops-1250/517051	-28.780727	32.038284	
Hencon Investments	financial-services	Richards Bay, 3900					https://richards-bay.infoisinfo.co.za/card/hencon-investments/702105	-28.780727	32.038284	
Fish Zone	fish	Richards Bay, 3901			https://www.fishzone.co.za		https://richards-bay.infoisinfo.co.za/card/fish-zone/387173	-28.780727	32.038284	Fish Zone is the number one pit stop for professional and recreational fisherman. We are located on the way to the beach and launch area, open from as early as 05h00 to 19h00. We also offer our customers weather updates, fishing hotspots, tides,
MACS FISH & SHIPS	fish	Richards Bay, 3900	035789980				https://richards-bay.infoisinfo.co.za/card/macs-fish-ships/292131	-28.755375	32.066326	
Mikes Meat And Fish	fish	Richards Bay, 3901	35908881				https://richards-bay.infoisinfo.co.za/card/mikes-meat-and-fish/551832	-28.780727	32.038284	
CENTRAL MEAT MARKET	fish	Richards Bay, 3900	35789469				https://richards-bay.infoisinfo.co.za/card/central-meat-market/516969	-28.780727	32.038284	
Fish Crew	fish	Richards Bay, 3900	11978369				https://richards-bay.infoisinfo.co.za/card/fish-crew/551765	-28.780727	32.038284	
Fish Eagle Domestic Services	fish	Richards Bay					https://richards-bay.infoisinfo.co.za/card/fish-eagle-domestic-services/658198	-28.780727	32.038284	
Kzn Fishing	fishing	Richards Bay, 3900	21511191				https://richards-bay.infoisinfo.co.za/card/kzn-fishing/719891	-28.780727	32.038284	
Namsov Fishing South Africa Onttrek	fishing	Richards Bay, 3900					https://richards-bay.infoisinfo.co.za/card/namsov-fishing-south-africa-onttrek/740938	-28.780727	32.038284	
MARKBRADLEY WATERPROOFING	floor	Richards Bay, 3900	35198614				https://richards-bay.infoisinfo.co.za/card/markbradley-waterproofing/604257	-28.753992	32.043823	
ORDER AND SAVE	floor	Richards Bay, 3900	35751143				https://richards-bay.infoisinfo.co.za/card/order-and-save/584630	-28.748375	32.033279	
FLORAL WHOLESALERS	flowers	Richards Bay, 3900	035789444				https://richards-bay.infoisinfo.co.za/card/floral-wholesalers/255861	-28.745127	32.050652	
Saffron Curries	food	Richards Bay, 3900	076757829				https://richards-bay.infoisinfo.co.za/card/saffron-curries/798898	-28.752623062821993	32.05299716211015	
K F C	food	Richards Bay, 3900	035789028		https://www.kfc.com		https://richards-bay.infoisinfo.co.za/card/k-f-c/276465	-28.758953	32.044022	
SANDWICH BARON	food	Richards Bay, 3900	035789782		https://www.sandwichbaron.co.za	https://www.facebook.com/SandwichBaron?ref=hl	https://richards-bay.infoisinfo.co.za/card/sandwich-baron/310718	-28.780727	32.038284	Also available are platters, salads and baked potatoes for breakfast and lunch. Our menu items also cover your corporate and party services. We have also added a collection of Banting menus to our list which is available to order online. Our first
NANDOS	food	Richards Bay, 3900	035789737		https://www.nandos.co.za		https://richards-bay.infoisinfo.co.za/card/nandos/293138	-28.753090	32.049686	
STEERS	food	Richards Bay, 3900	035789293		https://www.steers.co.za		https://richards-bay.infoisinfo.co.za/card/steers/336855	-28.780727	32.038284	
K F C	food	Richards Bay, 3900	035789588		https://www.kfc.com		https://richards-bay.infoisinfo.co.za/card/k-f-c/276314	-28.749504	32.050201	
STEERS	food	Richards Bay, 3901	035753309		https://www.steers.co.za		https://richards-bay.infoisinfo.co.za/card/steers/305063	-28.783133	32.106087	
CANI FOODS	food	Richards Bay, 3900	35789588				https://richards-bay.infoisinfo.co.za/card/cani-foods/497038	-28.750250	32.052151	
MICROMATICA 437	food	Richards Bay, 3900	35789390				https://richards-bay.infoisinfo.co.za/card/micromatica-437/581448	-28.756004	32.044147	
Thulebone Sales And Services	food	Richards Bay, 3900	35787170				https://richards-bay.infoisinfo.co.za/card/thulebone-sales-and-services/581237	-28.742220	32.036137	
Stanleys Plant Hire And Bulk Services	food	Richards Bay, 3900	35751114				https://richards-bay.infoisinfo.co.za/card/stanleys-plant-hire-and-bulk-services/729799	-28.769787	32.014626	
E W Plastics And More	food	Richards Bay, 3900	35789372				https://richards-bay.infoisinfo.co.za/card/e-w-plastics-and-more/580179	-28.780727	32.038284	
Big Five Tyre Wholesalers	food	Richards Bay, 3900	35562088				https://richards-bay.infoisinfo.co.za/card/big-five-tyre-wholesalers/563568	-28.741449	32.076027	
Lakeside Supermarket	food	Richards Bay, 3900	35789639				https://richards-bay.infoisinfo.co.za/card/lakeside-supermarket/657375	-28.780727	32.038284	
MCDONALDS RICHARDS BAY	food	Richards Bay, 3900	035789103				https://richards-bay.infoisinfo.co.za/card/mcdonalds-richards-bay/285760	-28.751865	32.051399	
FOOD FOR THOUGHT	food	Richards Bay, 3900	43740460				https://richards-bay.infoisinfo.co.za/card/food-for-thought/455117	-28.780727	32.038284	
SAUSAGE SALOON	food	Richards Bay, 3900	035612419				https://richards-bay.infoisinfo.co.za/card/sausage-saloon/311028	-28.749069	32.048992	
Mitrek 104	food	Richards Bay, 3900	35905201				https://richards-bay.infoisinfo.co.za/card/mitrek-104/578349	-28.780727	32.038284	
Eagle Age Technologies	food	Richards Bay, 3900	35797329				https://richards-bay.infoisinfo.co.za/card/eagle-age-technologies/581288	-28.780727	32.038284	
Spintraders 9	food	Richards Bay, 3900	35901365				https://richards-bay.infoisinfo.co.za/card/spintraders-9/580523	-28.784389	32.091850	
Muchos Nachos	food	Richards Bay, 3900	35789726				https://richards-bay.infoisinfo.co.za/card/muchos-nachos/525433	-28.780727	32.038284	
Mdu J Business Enterprise	food	Richards Bay, 3887	32437440				https://richards-bay.infoisinfo.co.za/card/mdu-j-business-enterprise/578363	-28.780727	32.038284	
Perfect Sleeper	food	Richards Bay, 3900	35772361				https://richards-bay.infoisinfo.co.za/card/perfect-sleeper/580879	-28.780727	32.038284	
Anka Trading	food	Richards Bay, 3901	35753150				https://richards-bay.infoisinfo.co.za/card/anka-trading/620542	-28.787870	32.093269	
B A T FOODS	food	Richards Bay, 3900	35192127				https://richards-bay.infoisinfo.co.za/card/b-a-t-foods/497030	-28.780727	32.038284	
Winbay Foods	food	Richards Bay, 3900	35198736				https://richards-bay.infoisinfo.co.za/card/winbay-foods/496974	-28.780727	32.038284	
Mitrek 103	food	Richards Bay, 3900	35450778				https://richards-bay.infoisinfo.co.za/card/mitrek-103/580176	-28.780727	32.038284	
Rixtrade Three	food	Richards Bay, 3901	35780730				https://richards-bay.infoisinfo.co.za/card/rixtrade-three/581273	-28.780727	32.038284	
Sothondisa Trading Enterprise	food	Richards Bay, 3900	35772367				https://richards-bay.infoisinfo.co.za/card/sothondisa-trading-enterprise/580186	-28.735209	32.055534	
Udancu Trading Enterprises	food	Richards Bay, 3900	35902329				https://richards-bay.infoisinfo.co.za/card/udancu-trading-enterprises/580990	-28.735023	32.051014	
AFRICAN FOOD	food	Richards Bay, 3900	035789978				https://richards-bay.infoisinfo.co.za/card/african-food/213896	-28.780727	32.038284	
Wavelengths 94	food	Richards Bay, 3900	35751113				https://richards-bay.infoisinfo.co.za/card/wavelengths-94/580178	-28.780727	32.038284	
Comfort Foods	food	Richards Bay, 3900	35789513				https://richards-bay.infoisinfo.co.za/card/comfort-foods/702542	-28.780727	32.038284	
FISH & CHIPS CO THE	food-products-and-food-services	Richards Bay, 3900	035772212		https://www.thefishandchipco.co.za		https://richards-bay.infoisinfo.co.za/card/fish-chips-co-the/255654	-28.780727	32.038284	
Kzn Ac Industrial Pipe And Technology	food	. Richards Bay . Kwazulu Natal . 3900	35789384				https://richards-bay.infoisinfo.co.za/card/kzn-ac-industrial-pipe-and-technology/435406			
MACS FISH & CHIPS	food-products-and-food-services	Richards Bay, 3900	035789013				https://richards-bay.infoisinfo.co.za/card/macs-fish-chips/281584	-28.780727	32.038284	
BAY SWEET ZONE	food-products-and-food-services	. Richards Bay . Kwazulu Natal . 3900	035 - 789 786; 0742991348				https://richards-bay.infoisinfo.co.za/card/bay-sweet-zone/442178			WHOLESALE, RETAIL SUPPLIERS OF SWEETS AND SNACKS FOR 6 YEARS IN THE ZULULAND AREA .SUPPLIERS TO TUCKSHOPS AND SCHOOLS.
Zinyati Investment 3	food	. Meer En See. Richards Bay . Kwazulu Natal . 3901	35786090				https://richards-bay.infoisinfo.co.za/card/zinyati-investment-3/657367			
Dominos Pizza Richards Bay   Pizza in Richards Bay	food-products-and-food-services	6 Mark Strasse , Shop 12, Lakeside Mall. Richards Bay . Kwazulu Natal . 3900	035 789 557				https://richards-bay.infoisinfo.co.za/card/dominos-pizza-richards-bay/766975	-28.754753	32.051929	
A And F Forklifts	fork-lift	Richards Bay, 3900	35797383				https://richards-bay.infoisinfo.co.za/card/a-and-f-forklifts/563305	-28.764721	32.006359	
BATA	footwear	Richards Bay, 3900	035789270				https://richards-bay.infoisinfo.co.za/card/bata/222760	-28.780727	32.038284	
Nirods	foundry	Richards Bay, 3900	35197457				https://richards-bay.infoisinfo.co.za/card/nirods/704519	-28.751455	32.031490	
EAST COAST MARITIME (PTY) LTD	freight	Richards Bay, 3900	035797905				https://richards-bay.infoisinfo.co.za/card/east-coast-maritime-pty-ltd/248795	-28.780727	32.038284	
Richards Bay Foundry	foundry	Richards Bay, 3900	35197392				https://richards-bay.infoisinfo.co.za/card/richards-bay-foundry/590533	-28.780727	32.038284	
Rambo Engineering	foundry	Richards Bay, 3900	35751155				https://richards-bay.infoisinfo.co.za/card/rambo-engineering/503000	-28.780727	32.038284	
Rockwell Freight	freight	Richards Bay, 3900	35901249				https://richards-bay.infoisinfo.co.za/card/rockwell-freight/674714	-28.780727	32.038284	
OCEAN SEAGULL MARITIME CC	freight	Richards Bay, 9157	035797901				https://richards-bay.infoisinfo.co.za/card/ocean-seagull-maritime-cc/328565	-28.780727	32.038284	
S D V SOUTH AFRICA	freight	Richards Bay, 3900	035788017				https://richards-bay.infoisinfo.co.za/card/s-d-v-south-africa/298558	-28.780727	32.038284	
Ndiza Freight Services	freight	Richards Bay, 3900	35789136				https://richards-bay.infoisinfo.co.za/card/ndiza-freight-services/693467	-28.747271	32.048889	
A CERTAIN STYLE	furnishing	Richards Bay, 3900					https://richards-bay.infoisinfo.co.za/card/a-certain-style/646542	-28.780727	32.038284	
M L FURNISHERS	furnishing	Richards Bay, 3900	073937345				https://richards-bay.infoisinfo.co.za/card/m-l-furnishers/281168	-28.753790	32.045898	
LEWIS STORES	furniture	Richards Bay, 3900	035789887		https://www.lewis.co.za		https://richards-bay.infoisinfo.co.za/card/lewis-stores/283359	-28.780727	32.038284	
LEATHER GALLERY	furniture	Richards Bay, 3900	035789433		https://www.leathergallery.co.za	https://www.facebook.com/leathergallery.co.za/	https://richards-bay.infoisinfo.co.za/card/leather-gallery/263856	-28.780727	32.038284	Leather Gallery is a vibrant, unique, Durban based South African company. Established in 2005, the company has developed into a formidable and highly competitive force in the South African furniture industry. We have also extended our footprint to
MISTRYS NORTH COAST	furniture	Richards Bay, 3900	035789246		https://www.mistrys.co.za		https://richards-bay.infoisinfo.co.za/card/mistrys-north-coast/293588	-28.753271	32.046238	
MORKELS	furniture	Richards Bay, 3900	035789868		https://www.jdg.co.za		https://richards-bay.infoisinfo.co.za/card/morkels/318557	-28.749069	32.048992	
BEARES	furniture	Richards Bay, 3900	035789741		https://www.ellerines.co.za		https://richards-bay.infoisinfo.co.za/card/beares/214917	-28.749069	32.048992	
BARNETTS	furniture	Richards Bay, 3900	035789623		https://www.jdg.co.za		https://richards-bay.infoisinfo.co.za/card/barnetts/214835	-28.780727	32.038284	
BARNETTS	furniture	Richards Bay, 3900	035789623		https://www.jdg.co.za		https://richards-bay.infoisinfo.co.za/card/barnetts/222613	-28.760948	32.063858	
Baytech Cartridge	furniture	Richards Bay, 3901	35786076				https://richards-bay.infoisinfo.co.za/card/baytech-cartridge/472708	-28.765802	32.115429	
Melwood Kitchens	furniture	Richards Bay, 3900	35789352				https://richards-bay.infoisinfo.co.za/card/melwood-kitchens/758300	-28.746679	32.048038	
BRADLOWS	furniture	Richards Bay, 3900	035789096		https://www.bradlows.co.za		https://richards-bay.infoisinfo.co.za/card/bradlows/225075	-28.749069	32.048992	
GREEN & RICHARDS	furniture	Richards Bay, 3900	035789897		https://www.ellerines.co.za		https://richards-bay.infoisinfo.co.za/card/green-richards/269722	-28.749069	32.048992	
JOSHUA DOORE	furniture	Richards Bay, 3900	035789809		https://www.jdg.co.za		https://richards-bay.infoisinfo.co.za/card/joshua-doore/280933	-28.755262	32.044014	
HOUSE & HOME - RICHARDS BAY	furniture	Richards Bay, 3900	035901976		https://www.houseandhome.co.za		https://richards-bay.infoisinfo.co.za/card/house-home-richards-bay/272442	-28.750277	32.052216	
O K FURNITURE	furniture	Richards Bay, 3900	035780718		https://www.okfurniture.co.za		https://richards-bay.infoisinfo.co.za/card/o-k-furniture/299291	-28.780727	32.038284	
FURNITURE CITY	furniture	Richards Bay, 3900	035789071				https://richards-bay.infoisinfo.co.za/card/furniture-city/259698	-28.780727	32.038284	
Kitchens Unique	furniture	Richards Bay, 3900	35151132				https://richards-bay.infoisinfo.co.za/card/kitchens-unique/473323	-28.748331	32.034405	
HOUSE & HOME	furniture	Richards Bay, 3900	035901976				https://richards-bay.infoisinfo.co.za/card/house-home/264345	-28.749069	32.048992	
TINIKA GENERAL TRADING	furniture	Richards Bay, 3901	035753160				https://richards-bay.infoisinfo.co.za/card/tinika-general-trading/315278	-28.786299	32.092239	
LUKE JACOBS	gardening	Richards Bay, 3900	35789888				https://richards-bay.infoisinfo.co.za/card/luke-jacobs/483740	-28.755856	32.043743	
Sifiso Garden Service	garden	Richards Bay, 3901	35901462				https://richards-bay.infoisinfo.co.za/card/sifiso-garden-service/475941	-28.780727	32.038284	
Umfolozi Garden Service	garden	Richards Bay, 3887					https://richards-bay.infoisinfo.co.za/card/umfolozi-garden-service/476018	-28.783915	31.866026	
Essenwood Nursery	garden	Richards Bay, 3900					https://richards-bay.infoisinfo.co.za/card/essenwood-nursery/475406	-28.756247	32.066948	
BP	gas-station	Richards Bay, 3091	+27 35 753 575		https://www.bp.com/en_za/on-the-road/south-africa.html	https://www.facebook.com/BPinSouthAfrica/	https://richards-bay.infoisinfo.co.za/card/bp/802574	-28.76965015	31.93828238	
Shell	gas-station	Richards Bay, 3900	+27 83 786 208		https://find.shell.com/za/fuel/12749379-shell-alton/en_ZA	https://www.facebook.com/shell	https://richards-bay.infoisinfo.co.za/card/shell/796599	-28.73409	32.03684	SHELL ALTON is a service station located in RICHARDS BAY area.  This service station has a variety of fuel products including Shell Diesel Extra.  This station includes a Shop.  Food and drinks offerings include Hot Food, Burger and Pizza.
BP	gas-station	Richards Bay, 3900	+27 35 789 901		https://www.bp.com/en_za/on-the-road/south-africa.html	https://www.facebook.com/BPinSouthAfrica/	https://richards-bay.infoisinfo.co.za/card/bp/802380	-28.759176	32.04352282	
Hydraflow-hydraulic And Pneumatic	gas	Richards Bay, 3900	31205424				https://richards-bay.infoisinfo.co.za/card/hydraflow-hydraulic-and-pneumatic/545622	-28.793268	32.077724	
Shell	gas-station	Richards Bay, 3900	+27 35 789 519		https://find.shell.com/za/fuel/10042860-richards-bay-motors/en_ZA	https://www.facebook.com/shell	https://richards-bay.infoisinfo.co.za/card/shell/793952	-28.7515	32.0471	RICHARDS BAY MOTORS is a service station located in RICHARDS BAY area.  This service station has a variety of fuel products including Shell V-Power 95 , Shell V-Power Diesel (50ppm) and Shell Unleaded 93.  This station includes a Shop - Select and a
Shell	gas-station	Richards Bay, 3900	+27 35 751 111		https://find.shell.com/za/fuel/10042743-hillside-service-station/en_ZA	https://www.facebook.com/shell	https://richards-bay.infoisinfo.co.za/card/shell/793893	-28.75229	32.02717	HILLSIDE SERVICE STATION is a service station located in RICHARDS BAY area.  This service station has a variety of fuel products including Shell V-Power 95 , Shell V-Power Diesel (50ppm) and Shell Unleaded 93.  This station includes a Shop - Select
GATE & SECURITY SOLUTIONS	gates	Richards Bay, 3900	082320621				https://richards-bay.infoisinfo.co.za/card/gate-security-solutions/256903	-28.754950	32.043839	
COSMOS FLORIST & GIFT SHOP	gift	Richards Bay, 3900	035789449				https://richards-bay.infoisinfo.co.za/card/cosmos-florist-gift-shop/232384	-28.745260	32.050259	
CLARKES ADULT GIFT SHOP	gift	Richards Bay, 3900	35198801				https://richards-bay.infoisinfo.co.za/card/clarkes-adult-gift-shop/419060	-28.780727	32.038284	
OCCASIONS	gift	Richards Bay, 3900	035789525				https://richards-bay.infoisinfo.co.za/card/occasions/296453	-28.749069	32.048992	
EXQUISITE GIFTS & NOVELTIES	gift	Richards Bay, 3901	035753184				https://richards-bay.infoisinfo.co.za/card/exquisite-gifts-novelties/252996	-28.783133	32.106087	
Zululand Cycle And Canoe	goods	Richards Bay, 3900	35789446				https://richards-bay.infoisinfo.co.za/card/zululand-cycle-and-canoe/659037	-28.780727	32.038284	
SPAR Meerensee	grocery	Richards Bay, 3875	+27 35 753 126		https://www.spar.co.za/Home/Store-View/SPAR-Meerensee-KwaZulu-Natal	https://www.facebook.com/myspar/	https://richards-bay.infoisinfo.co.za/card/spar-meerensee/772298	-28.78160597	32.10036513	
SUPERSPAR Lakeside	grocery	Richards Bay, 3875	+27 35 789 682		https://www.spar.co.za/Home/Store-View/SUPERSPAR-Lakeside-KwaZulu-Natal	https://www.facebook.com/myspar/	https://richards-bay.infoisinfo.co.za/card/superspar-lakeside/772276	-28.75495589	32.04929371	
SUPERSPAR Town Square	grocery	Richards Bay, 3600	+27 35 789 121		https://www.spar.co.za/Home/Store-View/SUPERSPAR-Town-Square-KwaZulu-Natal	https://www.facebook.com/myspar/	https://richards-bay.infoisinfo.co.za/card/superspar-town-square/772192	-28.74613967	32.05110335	
BRISKTRADE 2040	grocery	Richards Bay, 3900	35798206				https://richards-bay.infoisinfo.co.za/card/brisktrade-2040/735167	-28.780727	32.038284	
BOLERO PARK SUPERMARKET	grocery	Richards Bay, 3900	35789767				https://richards-bay.infoisinfo.co.za/card/bolero-park-supermarket/706881	-28.780727	32.038284	
DOLPHIN SUPER MARKET COD	grocery	Richards Bay, 3936	35590136				https://richards-bay.infoisinfo.co.za/card/dolphin-super-market-cod/684042	-28.780727	32.038284	
GARRY WILLIAMS INDUSTRIAL BUSINESS SERVICES	glass	Richards Bay, 3900	35797470				https://richards-bay.infoisinfo.co.za/card/garry-williams-industrial-business-services/426146	-28.756006	32.029301	
ADA TRADING	grocery	Richards Bay, 3901	35753457				https://richards-bay.infoisinfo.co.za/card/ada-trading/496997	-28.793329	32.096584	
John John Supermarket	grocery	Richards Bay, 3900	35198833				https://richards-bay.infoisinfo.co.za/card/john-john-supermarket/735168	-28.780727	32.038284	
Khondweni Supermarket	grocery	Richards Bay, 3900	35773030				https://richards-bay.infoisinfo.co.za/card/khondweni-supermarket/706852	-28.780727	32.038284	
UMUZI GUEST HOUSE	guest-house	Richards Bay, 3901	035753577				https://richards-bay.infoisinfo.co.za/card/umuzi-guest-house/310967	-28.776821	32.112148	
Food Lovers Market RichardsBay	grocery	Richards Bay, 3900	+27 35 789 734				https://richards-bay.infoisinfo.co.za/card/food-lovers-market-richardsbay/771710	-28.751991	32.051640	
CLOUD 9 GUEST HOUSE	guest-house	Richards Bay, 3900	035789003				https://richards-bay.infoisinfo.co.za/card/cloud-9-guest-house/230861	-28.780727	32.038284	
INGONYAMA GUEST HOUSE AND CULTURAL VILLAGE	guest-house	. Richards Bay . Kwazulu Natal . 3900	073345762		https://www.ingonyamaguesthouse.co.za		https://richards-bay.infoisinfo.co.za/card/ingonyama-guest-house-and-cultural-village/276847			
Mr MHLONGO SAKHAMUZI GOODENOUGH	guide	. Richards Bay . Kwazulu Natal . 3900	083506868		https://www.birdlife.org.za	https://www.facebook.com/groups/103620696347643/	https://richards-bay.infoisinfo.co.za/card/mr-mhlongo-sakhamuzi-goodenough/326111			BirdLife South Africa strives to conserve birds, their habitats and biodiversity through scientifically-based programmes, through supporting the sustainable and equitable use of natural resources and through encouraging people to enjoy and value
Ms VAN DER MERWE, SHEILA	guide	Richards Bay, 3901	035753501				https://richards-bay.infoisinfo.co.za/card/ms-van-der-merwe-sheila/277900	-28.789719	32.095261	
Mrs GOVENDER LYN ANITHA	guide	. Richards Bay . Kwazulu Natal . 3900	035789052		https://www.malulesafaris.com		https://richards-bay.infoisinfo.co.za/card/mrs-govender-lyn-anitha/291446			
MIYA ALOIS THEMBINKOSI	guide	Richards Bay, 3901	082455442				https://richards-bay.infoisinfo.co.za/card/miya-alois-thembinkosi/274980	-28.776821	32.112148	
Mr ALBERTS ZEPHIAN	guide	. Richards Bay . Kwazulu Natal . 3900	035902201				https://richards-bay.infoisinfo.co.za/card/mr-alberts-zephian/318715			
BERNO PHILLIPSON	guide	. Richards Bay . Kwazulu Natal . 3900	035590125				https://richards-bay.infoisinfo.co.za/card/berno-phillipson/210290			
NYANDENI, BHEKIZENZO AMOS MR	guide	. Richards Bay . Kwazulu Natal . 3900	035753564				https://richards-bay.infoisinfo.co.za/card/nyandeni-bhekizenzo-amos-mr/328318			
Mr BUKHOSINI BUHLEBUYEZA THEOBALDT	guide	. Richards Bay . Kwazulu Natal . 3900	035983254				https://richards-bay.infoisinfo.co.za/card/mr-bukhosini-buhlebuyeza-theobaldt/277131			
Mr BEUKES CHRISTIAAN	guide	Richards Bay, 3901	035753211				https://richards-bay.infoisinfo.co.za/card/mr-beukes-christiaan/318718	-28.774109	32.117580	
BLOSE MICHAEL SANELE	guide	. Richards Bay . Kwazulu Natal . 3900	072734043				https://richards-bay.infoisinfo.co.za/card/blose-michael-sanele/224117			
ELLIOTT, HAYDEN MR	guide	Richards Bay, 3900	035753367				https://richards-bay.infoisinfo.co.za/card/elliott-hayden-mr/250731	-28.780727	32.038284	
GUMBI SIFUNDO MOONLIGHT	guide	. Richards Bay . Kwazulu Natal . 3900	035753664				https://richards-bay.infoisinfo.co.za/card/gumbi-sifundo-moonlight/257541			
MTHEMBU, NOXOLO PINKY MS	guide	. Richards Bay . Kwazulu Natal . 3900	035753564				https://richards-bay.infoisinfo.co.za/card/mthembu-noxolo-pinky-ms/326367			
HIS GRACE HAIR SALON	hair-salon	Richards Bay, 3900	035789699				https://richards-bay.infoisinfo.co.za/card/his-grace-hair-salon/263519	-28.780727	32.038284	
Mr CARINUS JOHAN GEORGE	guide	. Richards Bay . Kwazulu Natal . 3900	035789052				https://richards-bay.infoisinfo.co.za/card/mr-carinus-johan-george/295537			
GUMEDE, GCINILE NELLIE	guide	. Richards Bay . Kwazulu Natal . 3900	084684571				https://richards-bay.infoisinfo.co.za/card/gumede-gcinile-nellie/261461			
TIFFANYS HAIRDRESSING SALON	hairdressers	Richards Bay, 3901	035753183				https://richards-bay.infoisinfo.co.za/card/tiffanys-hairdressing-salon/315229	-28.784828	32.095257	
MODERN GENTS HAIRDRESSERS	hairdressers	Richards Bay, 3900	035789608				https://richards-bay.infoisinfo.co.za/card/modern-gents-hairdressers/275336	-28.749504	32.050201	
JACQUELINES SALON	hairdressers	Richards Bay, 3900	035789898				https://richards-bay.infoisinfo.co.za/card/jacquelines-salon/273566	-28.780727	32.038284	
SALON PAMELA	hairdressers	Richards Bay, 3900	035789453				https://richards-bay.infoisinfo.co.za/card/salon-pamela/307522	-28.753893	32.059296	
SALON CUT & CURL	hairdressers	Richards Bay, 3900	035789881				https://richards-bay.infoisinfo.co.za/card/salon-cut-curl/335026	-28.762009	32.071720	
EGOLI	hairdressers	Richards Bay, 3900	035789244				https://richards-bay.infoisinfo.co.za/card/egoli/249746	-28.753407	32.066666	
N R Industrial Supplies	hardware	Richards Bay, 3900	35797310				https://richards-bay.infoisinfo.co.za/card/n-r-industrial-supplies/696495	-28.764259	32.007191	
RICHARDS BAY MARKETING	hardware	Richards Bay, 3900	35789965; 031-9037119				https://richards-bay.infoisinfo.co.za/card/richards-bay-marketing/572443	-28.752909	32.044319	
EGOLI	hairdressers	Richards Bay, 3900	035789671				https://richards-bay.infoisinfo.co.za/card/egoli/249473	-28.749504	32.050201	
RICHARDS BAY HARDWARE & MAINTENANCE	hardware	Richards Bay, 3900	035751123				https://richards-bay.infoisinfo.co.za/card/richards-bay-hardware-maintenance/296961	-28.750273	32.029579	
Metric Engineering Supplies	hardware	Richards Bay, 3900	35197319				https://richards-bay.infoisinfo.co.za/card/metric-engineering-supplies/683318	-28.780727	32.038284	
Hicks And Jacobs Tools	hardware	Richards Bay, 3900	35751138				https://richards-bay.infoisinfo.co.za/card/hicks-and-jacobs-tools/593076	-28.780727	32.038284	
LAKESIDE HARDWARE T/A MICA @ LAKESIDE	hardware	Richards Bay, 3900	035789227		https://www.mica.co.za		https://richards-bay.infoisinfo.co.za/card/lakeside-hardware-ta-mica-lakeside/284671	-28.780727	32.038284	
Mngeni Industrial And Hardware Supplies	hardware	Richards Bay, 3900	35780510				https://richards-bay.infoisinfo.co.za/card/mngeni-industrial-and-hardware-supplies/591705	-28.734556	32.058693	
NATIONAL HARDWARE	hardware	Richards Bay, 3900	35197342				https://richards-bay.infoisinfo.co.za/card/national-hardware/588235	-28.766033	32.005913	
C D N MARKETING	hardware	Richards Bay, 3900	035789299				https://richards-bay.infoisinfo.co.za/card/c-d-n-marketing/226166	-28.753168	32.044220	
ESSENTIAL HARDWARE	hardware	Richards Bay, 3900	035789199				https://richards-bay.infoisinfo.co.za/card/essential-hardware/251842	-28.746279	32.049156	
Richards Bay Hardware And Maintenance	hardware	Richards Bay, 3900	35751123				https://richards-bay.infoisinfo.co.za/card/richards-bay-hardware-and-maintenance/682032	-28.750273	32.029579	
COALITION TRADING 207	hardware	Richards Bay, 3900	35789444				https://richards-bay.infoisinfo.co.za/card/coalition-trading-207/731755	-28.780727	32.038284	
Thembakosi Equipment And Hardware	hardware	Richards Bay, 3900	35789015				https://richards-bay.infoisinfo.co.za/card/thembakosi-equipment-and-hardware/621172	-28.780727	32.038284	
MULTI PAINTS & HARDWARE	hardware	Richards Bay, 3900	035789749				https://richards-bay.infoisinfo.co.za/card/multi-paints-hardware/296449	-28.745127	32.050652	
Multi Image	hardware	Richards Bay, 3900	21887257				https://richards-bay.infoisinfo.co.za/card/multi-image/731779	-28.780727	32.038284	
UNI-COAST TRADING	hardware	Richards Bay, 3900	35789100				https://richards-bay.infoisinfo.co.za/card/uni-coast-trading/731777	-28.751501	32.045010	
Builders Market Richards Bay	hardware	Richards Bay, 3900					https://richards-bay.infoisinfo.co.za/card/builders-market-richards-bay/587022	-28.745880	32.048481	
HOME INDUSTRY SUPPLIES	hardware	Richards Bay, 3900					https://richards-bay.infoisinfo.co.za/card/home-industry-supplies/731780	-28.754560	32.043556	
HILLSIDE SERVICE STATION	hardware-and-software-products	Richards Bay, 3900	035751111		https://www.shell.com		https://richards-bay.infoisinfo.co.za/card/hillside-service-station/273498	-28.752195	32.027351	
ALTON CONVENIENCE STATION & TRUCK STOP	hardware-and-software-products	Richards Bay, 3900	035797459				https://richards-bay.infoisinfo.co.za/card/alton-convenience-station-truck-stop/207472	-28.750608	32.024075	
THEMBAKOSI EQUIPMENT AND HARDWARE	hardware	Richards Bay, 3900	035789015				https://richards-bay.infoisinfo.co.za/card/thembakosi-equipment-and-hardware/308086	-28.780727	32.038284	
Bonagiti Developers cc	hardware-and-software-products	. Richards Bay . Kwazulu Natal . 3900	082 825 225		https://www.bonagiti.co.za		https://richards-bay.infoisinfo.co.za/card/bonagiti-developers-cc/436139			Bonagiti, hoses, screens, valves, hydroclones, linaclones, cyclones, rubber sheeting, is situated in Richards Bay. Bonagiti supplies all Linatex products, Kwa Zulu Natal, an official  LINATEX RUBBER  distributor for, pumps and many more products
RICHARDS BAY SERVICE CENTRE	hardware-and-software-products	Richards Bay, 3900	035786103		https://www.engen.co.za		https://richards-bay.infoisinfo.co.za/card/richards-bay-service-centre/308174	-28.780727	32.038284	
PALM SERVICE CENTRE	hardware-and-software-products	Richards Bay, 3900	035789703		https://www.bp.co.za		https://richards-bay.infoisinfo.co.za/card/palm-service-centre/301067	-28.745127	32.050652	
SHANA SIGNS & MULTI SALES	hardware-and-software-products	Richards Bay, 3900	035789829; 031-9037119				https://richards-bay.infoisinfo.co.za/card/shana-signs-multi-sales/301078	-28.750231	32.048191	
Dr S Govender	health	Richards Bay, 3901	076688006		https://occdoc.co.za	https://www.facebook.com/DrSGovender?mibextid=LQQJ4d	https://richards-bay.infoisinfo.co.za/card/dr-s-govender/804956	-28.7857423	32.0945071	Dr S Govender is a General Practitioner at Meerensee Medical Centre. She is a knowledgeable, compassionate &amp; caring doctor.  She treats Acute &amp; Chronic Illnesses, with a massive focus on Preventative Medicine. ;   Dr S Govender specialises
TAP-TAP TRADING & PROJECTS	health	Richards Bay, 3900	083206004				https://richards-bay.infoisinfo.co.za/card/tap-tap-trading-projects/766771	-28.790779	32.101280	
CAREPOINT INDUSTRIAL HEALTH SERVICES	health	Richards Bay, 3900	035 789 558; 0785432058				https://richards-bay.infoisinfo.co.za/card/carepoint-industrial-health-services/413098	-28.780727	32.038284	Carepoint industrial health services provides your company  comprehensive health care ranging from occupational health, primary health care, injury on duty treatment  and travel medicine.Rates are competitive and location is central.
R B M	health	. Richards Bay . Kwazulu Natal . 3900	035901311		https://www.richardsbayminerals.co.za		https://richards-bay.infoisinfo.co.za/card/r-b-m/322379			
KZN DEPARTMENT OF HEALTH	health	Richards Bay, 3900	035789261		https://www.kznhealth.gov.co.za		https://richards-bay.infoisinfo.co.za/card/kzn-department-of-health/280582	-28.755156	32.043270	
Dpi Ichweba	heating	Richards Bay, 3900	35797331				https://richards-bay.infoisinfo.co.za/card/dpi-ichweba/590938	-28.780727	32.038284	
Sikhumba Trading Enterprise	holiday	Richards Bay, 3887	35595102				https://richards-bay.infoisinfo.co.za/card/sikhumba-trading-enterprise/406720	-28.780727	32.038284	
Sesihle Business Enterprises	holiday	Richards Bay, 3887	35450212				https://richards-bay.infoisinfo.co.za/card/sesihle-business-enterprises/406729	-28.791370	31.896360	
Emarab Inn	holiday	Richards Bay, 3887	35907585				https://richards-bay.infoisinfo.co.za/card/emarab-inn/406716	-28.780727	32.038284	
Jabjab Trading Enterprise	holiday	Richards Bay, 3887	35772244				https://richards-bay.infoisinfo.co.za/card/jabjab-trading-enterprise/406717	-28.791370	31.896360	
Mashiya Industrial Services	holiday	Richards Bay, 3887	35797670				https://richards-bay.infoisinfo.co.za/card/mashiya-industrial-services/406725	-28.780727	32.038284	
Cousins Corner Take Away General Dealer And Marketing	holiday	Richards Bay, 3900	35789066				https://richards-bay.infoisinfo.co.za/card/cousins-corner-take-away-general-dealer-and-marketing/406530	-28.724749	32.045891	
Zasti Press Creations	holiday	Richards Bay, 3887	35901706				https://richards-bay.infoisinfo.co.za/card/zasti-press-creations/406727	-28.780727	32.038284	
Nexor 296	holiday	Richards Bay, 3900	31561703				https://richards-bay.infoisinfo.co.za/card/nexor-296/406531	-28.780727	32.038284	
African Touch Event Management And Projects	holiday	Richards Bay, 3901	35753420				https://richards-bay.infoisinfo.co.za/card/african-touch-event-management-and-projects/406536	-28.764420	32.116920	
Amaswazi Multiservices	holiday	. Esikhawini. Richards Bay . Kwazulu Natal . 3887	35796151				https://richards-bay.infoisinfo.co.za/card/amaswazi-multiservices/406731			
NATIONAL RENAL CARE	houses	Richards Bay, 3900	035780630		https://www.nrc.co.za		https://richards-bay.infoisinfo.co.za/card/national-renal-care/319282	-28.749504	32.050201	Most people are still unaware that kidney disease can strike anyone at any time. Did you know that most people who experience late stage renal (kidney) failure have NO symptoms until it is too late? In order to help answer some of your many
BAYSHORE INN	hotel	Richards Bay, 3901	035753124				https://richards-bay.infoisinfo.co.za/card/bayshore-inn/209814	-28.790064	32.094154	
BAY HOSPITAL	houses	Richards Bay, 3900	035780611		https://www.netcare.co.za		https://richards-bay.infoisinfo.co.za/card/bay-hospital/214885	-28.749504	32.050201	
THE KAUAI INN MOTION	hotel	Richards Bay, 3900	035789862				https://richards-bay.infoisinfo.co.za/card/the-kauai-inn-motion/342375	-28.752506	32.053516	
Schoonies Vyf	hotel	Richards Bay, 3901	35550102				https://richards-bay.infoisinfo.co.za/card/schoonies-vyf/497112	-28.780727	32.038284	
PRO TRADING	houses	Richards Bay, 3900	35797557				https://richards-bay.infoisinfo.co.za/card/pro-trading/736100	-28.750608	32.024075	
Tres Vivo Properties	houses	. Meer En See. Richards Bay . Kwazulu Natal . 3901	35753481				https://richards-bay.infoisinfo.co.za/card/tres-vivo-properties/411309			
Deroma Structures	industrial-construction	Richards Bay, 3900	35751182				https://richards-bay.infoisinfo.co.za/card/deroma-structures/586387	-28.751047	32.031631	
Wade Civils	industrial-construction	Richards Bay, 3900	35751141				https://richards-bay.infoisinfo.co.za/card/wade-civils/575342	-28.780727	32.038284	
LINCOR SERVICES	industrial-construction	Richards Bay, 3900	35789462				https://richards-bay.infoisinfo.co.za/card/lincor-services/586359	-28.735149	32.044319	
Kuyenanelwana Human Resource Development And Support Service	human-resource	Richards Bay, 3887	35796640				https://richards-bay.infoisinfo.co.za/card/kuyenanelwana-human-resource-development-and-support-service/486616	-28.780727	32.038284	
METAL AND ENGINEERING INDUSTRIES	industrial-engineer	Richards Bay, 3900	035789208				https://richards-bay.infoisinfo.co.za/card/metal-and-engineering-industries/291994	-28.749504	32.050201	
Brilor Properties	industrial-equipment	Richards Bay, 3900	35789688				https://richards-bay.infoisinfo.co.za/card/brilor-properties/584181	-28.759249	32.041325	
Kzn Safety And Industrial Supplies	industrial-equipment	Richards Bay, 3900	35789626				https://richards-bay.infoisinfo.co.za/card/kzn-safety-and-industrial-supplies/557146	-28.780727	32.038284	
Zululand Filters	industrial-equipment	Richards Bay, 3900	35789922				https://richards-bay.infoisinfo.co.za/card/zululand-filters/583937	-28.780727	32.038284	
Richards Bay Medical Equipment And Industrial Supplies	industrial-equipment	Richards Bay, 3900	35789617				https://richards-bay.infoisinfo.co.za/card/richards-bay-medical-equipment-and-industrial-supplies/653200	-28.780727	32.038284	
Richards Bay Hydraulics	industrial-equipment	Richards Bay, 3900	3515133				https://richards-bay.infoisinfo.co.za/card/richards-bay-hydraulics/584179	-28.750608	32.024075	
Bell Equipment Company S A	industrial-equipment	Richards Bay, 3900	35907911				https://richards-bay.infoisinfo.co.za/card/bell-equipment-company-s-a/522241	-28.780727	32.038284	
MAVERICK TRADING 509	industrial-equipment	Richards Bay, 3900	35797556				https://richards-bay.infoisinfo.co.za/card/maverick-trading-509/582609	-28.759211	32.026482	
BOLT CENTRE	industrial-equipment	Richards Bay, 3900	35789386				https://richards-bay.infoisinfo.co.za/card/bolt-centre/581691	-28.754610	32.045506	
Hire Anything	industrial-equipment	Richards Bay, 3900	35789599				https://richards-bay.infoisinfo.co.za/card/hire-anything/583929	-28.780727	32.038284	
Smart Digital	industrial-services	Richards Bay, 3900					https://richards-bay.infoisinfo.co.za/card/smart-digital/468888	-28.740208	32.063869	Electrical and instrumentation.Installation, commisioning and design.PLC training.
Zululand Industrial Products	industrial-equipment	Richards Bay, 3900					https://richards-bay.infoisinfo.co.za/card/zululand-industrial-products/620518	-28.750608	32.024075	
REPUBLIC BOLT (NATAL)	industrial-equipment	Richards Bay, 3900					https://richards-bay.infoisinfo.co.za/card/republic-bolt-natal/620519	-28.754560	32.043556	
Nrb Piping Systems	industrial-equipment	Richards Bay, 3900	35751126				https://richards-bay.infoisinfo.co.za/card/nrb-piping-systems/503111	-28.741701	32.037807	
Global Valves & Automation	industrial-services	Richards Bay			https://www.globalvalves.co.za		https://richards-bay.infoisinfo.co.za/card/global-valves-automation/545430	-28.756205	32.044056	We provide top products to companies in the process industry. Welcome to Global Valves & Automation, one of South Africa's leading valve, pump and instrumentation suppliers.
Vision Instrumentation	industrial-services	Richards Bay, 3901	35797605; 0742991348				https://richards-bay.infoisinfo.co.za/card/vision-instrumentation/685639	-28.780727	32.038284	
RAYCO INSTRUMENTATION	industrial-services	Richards Bay, 3900	35797305				https://richards-bay.infoisinfo.co.za/card/rayco-instrumentation/685595	-28.959967	31.752249	
Site Weighing And Instrumentation Services	industrial-services	. Richards Bay . Kwazulu Natal . 3900	35902950				https://richards-bay.infoisinfo.co.za/card/site-weighing-and-instrumentation-services/685572			
Richards Bay Industrial Development Zone Company	industrial-services	Richards Bay, 3900	35789366				https://richards-bay.infoisinfo.co.za/card/richards-bay-industrial-development-zone-company/552514	-28.780727	32.038284	
KHWELA PRINT & SIGN	industrial-supplies-and-furnishings	Richards Bay, 3900	035789638				https://richards-bay.infoisinfo.co.za/card/khwela-print-sign/278350	-28.745359	32.048729	
AMANDLA SIGNS	industrial-supplies-and-furnishings	Richards Bay, 3900	035751195		https://www.amandlasigns.co.za	https://www.facebook.com/AmandlaSigns.net	https://richards-bay.infoisinfo.co.za/card/amandla-signs/219978	-28.750273	32.029579	Market leader in Zululand of quality well priced manufactured signage, screen-printing works, engraving services and corporate promotional items and clothing. The business mission’s operating policies are: Competitive pricing and manufactured
ORB SIGNS & PROMOTIONS	industrial-supplies-and-furnishings	Richards Bay, 3900	079887971				https://richards-bay.infoisinfo.co.za/card/orb-signs-promotions/329005	-28.780727	32.038284	
J R SIGNS	industrial-supplies-and-furnishings	Richards Bay, 3900	035789590				https://richards-bay.infoisinfo.co.za/card/j-r-signs/268143	-28.747219	32.047039	
Ndubez Metal Craft And Assembly	industrial-supplies-providers	Richards Bay, 3900	35797150				https://richards-bay.infoisinfo.co.za/card/ndubez-metal-craft-and-assembly/515402	-28.780727	32.038284	
Jaccoe Multi-media Centre	industrial-supplies-providers	Richards Bay, 3901	35908878				https://richards-bay.infoisinfo.co.za/card/jaccoe-multi-media-centre/727135	-28.780727	32.038284	
ZM STATIONERS AND TRADING	industrial-supplies-providers	Richards Bay, 3900	31209042				https://richards-bay.infoisinfo.co.za/card/zm-stationers-and-trading/560282	-28.780727	32.038284	
Friessco Maintenance Services	industrial-supplies-providers	Richards Bay, 3900	35901311				https://richards-bay.infoisinfo.co.za/card/friessco-maintenance-services/727128	-28.780727	32.038284	
Early Star Business Enterprise	industrial-supplies-providers	Richards Bay, 3900	35786185				https://richards-bay.infoisinfo.co.za/card/early-star-business-enterprise/727127	-28.720499	32.039448	
PHEZULU SIGNS	industrial-supplies-providers	Richards Bay, 3900	35751195				https://richards-bay.infoisinfo.co.za/card/phezulu-signs/726784	-28.780727	32.038284	
RODS CUSTOM STAINLESS COMPONENTS	industrial-supplies-providers	Richards Bay, 3900	35751177				https://richards-bay.infoisinfo.co.za/card/rods-custom-stainless-components/557693	-28.751455	32.031490	
Puno Marketing And Management Services	industrial-supplies-providers	Richards Bay, 3900	35907911				https://richards-bay.infoisinfo.co.za/card/puno-marketing-and-management-services/513870	-28.767309	32.116558	
Circus Paper Supplies	industrial-supplies-providers	Richards Bay, 3900	11240111				https://richards-bay.infoisinfo.co.za/card/circus-paper-supplies/727124	-28.780727	32.038284	
N And M Signs	industrial-supplies-providers	Richards Bay, 3900	35798822				https://richards-bay.infoisinfo.co.za/card/n-and-m-signs/726780	-28.780727	32.038284	
Denoma Trading   Steel in Richards Bay	industrial-supplies-raw-materials	7 Kabelkring. Richards Bay . Kwazulu Natal . 3900	083940646				https://richards-bay.infoisinfo.co.za/card/denoma-trading/481623	-28.759192	32.070454	
PALISADE TRADING	industrial-supplies-raw-materials	Richards Bay, 3900	35797580				https://richards-bay.infoisinfo.co.za/card/palisade-trading/576312	-28.780727	32.038284	
Tata Steel (kzn)	industrial-supplies-raw-materials	Richards Bay, 3900	35751400				https://richards-bay.infoisinfo.co.za/card/tata-steel-kzn/576091	-28.780727	32.038284	
Nolada 8	industrial-supplies-raw-materials	Richards Bay, 3900	35751204				https://richards-bay.infoisinfo.co.za/card/nolada-8/354976	-28.764124	32.006645	
Bay Fab Engineering	industrial-supplies-raw-materials	Richards Bay, 3900	35789141				https://richards-bay.infoisinfo.co.za/card/bay-fab-engineering/391796	-28.752007	32.045574	
GALVANISING ENTERPRISES	industrial-supplies-raw-materials	Richards Bay, 3900	35797370				https://richards-bay.infoisinfo.co.za/card/galvanising-enterprises/419981	-28.763781	32.005581	
L A STRUCTURAL & COASTAL ENGINEERING	industrial-supplies-raw-materials	Richards Bay, 3900	035751124				https://richards-bay.infoisinfo.co.za/card/l-a-structural-coastal-engineering/275572	-28.750505	32.024544	
Genmac	industrial-supplies-raw-materials	Richards Bay, 3900	35751118				https://richards-bay.infoisinfo.co.za/card/genmac/388090	-28.780727	32.038284	
Bay Metals	industrial-supplies-raw-materials	Richards Bay, 3900	35789520				https://richards-bay.infoisinfo.co.za/card/bay-metals/432863	-28.780727	32.038284	
Aps Umngane Kzn	industrial-supplies-raw-materials	Richards Bay, 3900	35751124				https://richards-bay.infoisinfo.co.za/card/aps-umngane-kzn/442313	-28.748331	32.034405	
Inland North Steel	industrial-supplies-raw-materials	Richards Bay, 3900					https://richards-bay.infoisinfo.co.za/card/inland-north-steel/571581	-28.750231	32.048191	
Masakhane Steel Fixers And Civils	industrial-supplies-raw-materials	Richards Bay, 3900	35795191				https://richards-bay.infoisinfo.co.za/card/masakhane-steel-fixers-and-civils/757680	-28.780727	32.038284	
ALBATROSS ENGINEERING	industrial-supplies-raw-materials	Richards Bay, 3900	035751239				https://richards-bay.infoisinfo.co.za/card/albatross-engineering/207109	-28.780727	32.038284	
Vulcan Plastics	industrial-supplies-raw-materials	Richards Bay, 3900					https://richards-bay.infoisinfo.co.za/card/vulcan-plastics/754368	-28.780727	32.038284	
Afro Sheet Metal	industrial-supplies-raw-materials	Richards Bay, 3900					https://richards-bay.infoisinfo.co.za/card/afro-sheet-metal/520670	-28.764645	32.015839	
Cotem Industrial Supplies And Maintenance	industrial-supply	Richards Bay, 3900	11887292				https://richards-bay.infoisinfo.co.za/card/cotem-industrial-supplies-and-maintenance/683092	-28.780727	32.038284	
Ging Scrap Metal	industrial-supplies-raw-materials	Richards Bay, 3900					https://richards-bay.infoisinfo.co.za/card/ging-scrap-metal/564044	-28.780727	32.038284	
Zululand Fibre Resources	industrial-supplies-raw-materials	Richards Bay	35797338				https://richards-bay.infoisinfo.co.za/card/zululand-fibre-resources/570046	-28.751562	32.020061	
Promep Konstruksie	industrial-supplies-raw-materials	Richards Bay, 3900	35753471				https://richards-bay.infoisinfo.co.za/card/promep-konstruksie/391799	-28.780727	32.038284	
Jjs Industrial And Safety Supplies	industrial-supply	Richards Bay, 3900	35789627				https://richards-bay.infoisinfo.co.za/card/jjs-industrial-and-safety-supplies/416142	-28.755224	32.045216	
Mhlatuze Industrial Suppliers And Services	industrial-supply	Richards Bay, 3900	35789613				https://richards-bay.infoisinfo.co.za/card/mhlatuze-industrial-suppliers-and-services/666402	-28.756222	32.044735	
PLATINUM PACKAGING	industrial-supply	Richards Bay, 3900	035751255				https://richards-bay.infoisinfo.co.za/card/platinum-packaging/290786	-28.746639	32.034206	
Lck Industrial Supplies	industrial-supply	Richards Bay, 3900	35197353				https://richards-bay.infoisinfo.co.za/card/lck-industrial-supplies/696502	-28.754473	32.026314	
Infinity Industrial Supplies	industrial-supply	Richards Bay, 3900	35798209				https://richards-bay.infoisinfo.co.za/card/infinity-industrial-supplies/683052	-28.725279	32.043407	
Ndiko And Mlewu Security Services	insurance	Richards Bay, 3887	35792950				https://richards-bay.infoisinfo.co.za/card/ndiko-and-mlewu-security-services/498623	-28.780727	32.038284	
Bay Industrial Supplies	industrial-supply	Richards Bay, 3900	35797757				https://richards-bay.infoisinfo.co.za/card/bay-industrial-supplies/683166	-28.738676	32.039330	
Goodwill Industrial Supplies	industrial-supply	Richards Bay, 3900	35787130				https://richards-bay.infoisinfo.co.za/card/goodwill-industrial-supplies/683098	-28.754560	32.043556	
Inala Industrial Supplies	industrial-supply	Richards Bay, 3900	35789880				https://richards-bay.infoisinfo.co.za/card/inala-industrial-supplies/683108	-28.753790	32.045898	
UMHLATHUZE TOURISM (RICHARDS BAY)	information-services	Richards Bay, 3900	035907501				https://richards-bay.infoisinfo.co.za/card/umhlathuze-tourism-richards-bay/330721	-28.780727	32.038284	
Clossal Industrial Supplies	industrial-supply	Richards Bay, 3900	35797595				https://richards-bay.infoisinfo.co.za/card/clossal-industrial-supplies/696453	-28.780727	32.038284	
Fundisa Security And General Services	insurance	Richards Bay, 3887	35796004				https://richards-bay.infoisinfo.co.za/card/fundisa-security-and-general-services/674206	-28.780727	32.038284	
Uniteam Investments 231	insurance	Richards Bay, 3900	39973188				https://richards-bay.infoisinfo.co.za/card/uniteam-investments-231/674718	-28.745407	31.902889	
Bambelela Industrial Supplies	industrial-supply	Richards Bay, 3900	35907947				https://richards-bay.infoisinfo.co.za/card/bambelela-industrial-supplies/683168	-28.717934	32.040298	
BB TECHNOLOGIES	information-services	Richards Bay, 3900	035786174		https://www.bbtechnologies.co.za		https://richards-bay.infoisinfo.co.za/card/bb-technologies/209838	-28.739466	32.079426	Specializing in computer technology and web page designs, we take your business and make it hassle free from technology problems and we can give you the oportunity to market your business in a professional and eye catching way. From desktop support,
Zululand Safety Specialists	insurance	Richards Bay, 3900	35786182				https://richards-bay.infoisinfo.co.za/card/zululand-safety-specialists/416253	-28.734703	32.076679	
Raptor Security	insurance	Richards Bay, 3900	35751124				https://richards-bay.infoisinfo.co.za/card/raptor-security/674717	-28.780727	32.038284	
Bitflow Investments 180	insurance	Richards Bay, 3901	13697361				https://richards-bay.infoisinfo.co.za/card/bitflow-investments-180/738083	-28.792219	32.097343	
Harcourt Martens And Associates	insurance	Richards Bay, 3900	35198857				https://richards-bay.infoisinfo.co.za/card/harcourt-martens-and-associates/674723	-28.766241	31.902365	
Usizo Cash Loan	insurance	Richards Bay, 3900	35789143				https://richards-bay.infoisinfo.co.za/card/usizo-cash-loan/716163	-28.780727	32.038284	
PRUDENT ADVISORY SERVICES	insurance	Richards Bay, 3900	035788056				https://richards-bay.infoisinfo.co.za/card/prudent-advisory-services/332986	-28.780727	32.038284	
Mile Investments 327	insurance	Richards Bay, 3900	35797326				https://richards-bay.infoisinfo.co.za/card/mile-investments-327/692564	-28.780727	32.038284	
Eulerdo Enterprises	insurance	Richards Bay, 3900	35901130				https://richards-bay.infoisinfo.co.za/card/eulerdo-enterprises/674719	-28.780727	32.038284	
Bhekis Cash Loans	insurance	Richards Bay, 3900	32439583				https://richards-bay.infoisinfo.co.za/card/bhekis-cash-loans/716174	-28.780727	32.038284	
Seacrest Investments 108	insurance	Richards Bay, 3900	35789643				https://richards-bay.infoisinfo.co.za/card/seacrest-investments-108/716167	-28.741449	32.076027	
OLD MUTUAL	investments	Richards Bay, 3900	035780790		https://www.oldmutual.co.za		https://richards-bay.infoisinfo.co.za/card/old-mutual/299784	-28.751028	32.054222	
Green Mile Investments 151	investments	Richards Bay, 3900	35789054				https://richards-bay.infoisinfo.co.za/card/green-mile-investments-151/719565	-28.750608	32.024075	
Thimaka Investments 4	investments	Richards Bay, 3901	35753149				https://richards-bay.infoisinfo.co.za/card/thimaka-investments-4/709455	-28.781630	32.094910	
Barend Smit Private Investigations	investigation	Richards Bay, 3900					https://richards-bay.infoisinfo.co.za/card/barend-smit-private-investigations/703281	-28.780727	32.038284	
Len Prowse Investments	investments	Richards Bay, 3900	35789633				https://richards-bay.infoisinfo.co.za/card/len-prowse-investments/719558	-28.780727	32.038284	
Golden Bay Properties 205	insurance	Richards Bay, 3900	35789804				https://richards-bay.infoisinfo.co.za/card/golden-bay-properties-205/716195	-28.780727	32.038284	
Dewside Investments	investments	Richards Bay, 3900	31563005				https://richards-bay.infoisinfo.co.za/card/dewside-investments/709489	-28.737190	32.047321	
RAND MASTER INVESTMENTS 001	investments	Richards Bay, 3900	31565127				https://richards-bay.infoisinfo.co.za/card/rand-master-investments-001/758141	-28.780727	32.038284	
Condor Insurance	insurance	Richards Bay, 3900	35789974				https://richards-bay.infoisinfo.co.za/card/condor-insurance/664865	-28.780727	32.038284	
AMHAPPY 60 INVESTMENTS CC	investments	Richards Bay, 3901	035753152				https://richards-bay.infoisinfo.co.za/card/amhappy-60-investments-cc/220104	-28.776716	32.119194	
Top-serv Labour Hire	labours-consultant	Richards Bay, 3900					https://richards-bay.infoisinfo.co.za/card/top-serv-labour-hire/690954	-28.735828	32.051266	
Thula Uzobona Investments	investments	Richards Bay, 3887	35789765				https://richards-bay.infoisinfo.co.za/card/thula-uzobona-investments/709471	-28.780727	32.038284	
Shepstone And Wylie Tomlinsons Management	lawyer	Richards Bay, 3900	33342817				https://richards-bay.infoisinfo.co.za/card/shepstone-and-wylie-tomlinsons-management/726340	-28.780727	32.038284	
SILVER SOLUTIONS 284	lighting	Richards Bay, 3900	35751193				https://richards-bay.infoisinfo.co.za/card/silver-solutions-284/378358	-28.780727	32.038284	
Safari Njema	law	. Richards Bay . Kwazulu Natal . 3900	2782411988		https://www.safarinjema.com		https://richards-bay.infoisinfo.co.za/card/safari-njema/431817			Safari Njema pay attention to the smallest detail guaranteeing the client an experience of a lifetime.  Safari Njema pay attention to the smallest detail guaranteeing the client an experience of a lifetime. The team work together ensuring that your
TOPS at SPAR Esikhawini	liquor	Richards Bay, 3887	+27 35 769 004		https://www.topsatspar.co.za/Stores/Store-View/TOPS-Esikhawini-KwaZulu-Natal	https://www.instagram.com/tops_at_spar/	https://richards-bay.infoisinfo.co.za/card/tops-at-spar-esikhawini/796186	-28.87193523	31.89993561	
Midi Liquors	liquor	Richards Bay, 3900					https://richards-bay.infoisinfo.co.za/card/midi-liquors/543470	-28.780727	32.038284	
SIMUNYE CASH LOANS	loan	Richards Bay, 3900	035789050				https://richards-bay.infoisinfo.co.za/card/simunye-cash-loans/324570	-28.780727	32.038284	
Two Stars Liquor Wholesale And Restaurant	liquor	Richards Bay, 3900	35901452				https://richards-bay.infoisinfo.co.za/card/two-stars-liquor-wholesale-and-restaurant/543562	-28.780727	32.038284	
TOPS at SPAR Lakeside	liquor	Richards Bay, 3875	+27 35 789 682		https://www.topsatspar.co.za/Stores/Store-View/TOPS-Lakeside-TOPS-KwaZulu-Natal	https://www.instagram.com/tops_at_spar/	https://richards-bay.infoisinfo.co.za/card/tops-at-spar-lakeside/794986	-28.75421352	32.05182103	
DUMOLWAKHE CASH LOAN	loan	Richards Bay, 3900	035789918				https://richards-bay.infoisinfo.co.za/card/dumolwakhe-cash-loan/247910	-28.760948	32.063858	
143 South Affair Liquors	liquor	Richards Bay, 3887	31910614				https://richards-bay.infoisinfo.co.za/card/143-south-affair-liquors/383114	-28.791370	31.896360	
LOANFIN	loan	Richards Bay, 3900	035789678		https://www.loanfin.co.za		https://richards-bay.infoisinfo.co.za/card/loanfin/265926	-28.780727	32.038284	
TOPS at SPAR Meerensee	liquor	Richards Bay, 3901	+27 35 753 268		https://www.topsatspar.co.za/Stores/Store-View/TOPS-Meerensee-KwaZulu-Natal	https://www.instagram.com/tops_at_spar/	https://richards-bay.infoisinfo.co.za/card/tops-at-spar-meerensee/790589	-28.78342044	32.10140292	
S A HOME LOANS (PTY) LTD	loan	Richards Bay, 3900	035789062				https://richards-bay.infoisinfo.co.za/card/s-a-home-loans-pty-ltd/323376	-28.749796	32.054211	
BRIDGE LOANS	loan	Richards Bay, 3900	035789989				https://richards-bay.infoisinfo.co.za/card/bridge-loans/211599	-28.749069	32.048992	
SODWANA BAY LODGE	lodge	Richards Bay, 3900	035571600				https://richards-bay.infoisinfo.co.za/card/sodwana-bay-lodge/310969	-28.780727	32.038284	
NYATHI LODGE	lodge	Richards Bay, 3900	035786069				https://richards-bay.infoisinfo.co.za/card/nyathi-lodge/296081	-28.780727	32.038284	
Jonmor	logistic-services	Richards Bay, 3900	35197505				https://richards-bay.infoisinfo.co.za/card/jonmor/662128	-28.762560	32.006081	
SEACARGO (RICHARDS BAY)	logistic-services	Richards Bay, 3900	35198895				https://richards-bay.infoisinfo.co.za/card/seacargo-richards-bay/662141	-28.780727	32.038284	
Sandanezwe Logistics And Transport Services	logistic-services	Richards Bay, 3900	73185577				https://richards-bay.infoisinfo.co.za/card/sandanezwe-logistics-and-transport-services/611204	-28.780727	32.038284	
Mzobanzi Transport Services	logistic-services	Richards Bay, 3900	35904422				https://richards-bay.infoisinfo.co.za/card/mzobanzi-transport-services/661809	-28.780727	32.038284	
Sokalisa Transport Services	logistic-services	Richards Bay, 3887	35796139				https://richards-bay.infoisinfo.co.za/card/sokalisa-transport-services/662005	-28.780727	32.038284	
Am Logistics	logistic-services	Richards Bay, 3900	35797922				https://richards-bay.infoisinfo.co.za/card/am-logistics/662143	-28.780727	32.038284	
Phuthumani Transport Services	logistic-services	Richards Bay, 3900					https://richards-bay.infoisinfo.co.za/card/phuthumani-transport-services/693450	-28.780727	32.038284	
Ludongwa Transport Services	logistic-services	Richards Bay, 3900					https://richards-bay.infoisinfo.co.za/card/ludongwa-transport-services/662102	-28.780727	32.038284	
TRAVEL C TRANSPORT SERVICES	logistic-services	Richards Bay, 3900	35789047				https://richards-bay.infoisinfo.co.za/card/travel-c-transport-services/749934	-28.754972	32.044617	
Ibuyile Transport Services	logistic-services	Richards Bay, 3900					https://richards-bay.infoisinfo.co.za/card/ibuyile-transport-services/693449	-28.780727	32.038284	
Midvaal Transport Services	logistic-services	Richards Bay, 3900	35797306				https://richards-bay.infoisinfo.co.za/card/midvaal-transport-services/662009	-28.780727	32.038284	
ZIDEDELE WAREHOUSING & LOGISTICS SOLUTIONS	logistics	Richards Bay, 3900	035797402		https://www.zidedele.co.za		https://richards-bay.infoisinfo.co.za/card/zidedele-warehousing-logistics-solutions/317748	-28.750608	32.024075	
Amakhosi Transport Services	logistic-services	Richards Bay, 3900					https://richards-bay.infoisinfo.co.za/card/amakhosi-transport-services/662101	-28.791370	31.896360	
Izigizamadoda Transport Services	logistic-services	Richards Bay, 3900					https://richards-bay.infoisinfo.co.za/card/izigizamadoda-transport-services/662025	-28.716440	32.033287	
D & C TRADING LOGISTICS	logistics	Richards Bay, 3900	035797398				https://richards-bay.infoisinfo.co.za/card/d-c-trading-logistics/233651	-28.762751	32.005810	
Allied Logistics	logistics	Richards Bay, 3900	35901542				https://richards-bay.infoisinfo.co.za/card/allied-logistics/624074	-28.710760	32.039619	
Nrb Logistics	logistics	Richards Bay, 3900	35797477				https://richards-bay.infoisinfo.co.za/card/nrb-logistics/638687	-28.780727	32.038284	
PETERSON BULK LOGISTICS (SOUTH AFRICA)	logistics	Richards Bay, 3900	35788094				https://richards-bay.infoisinfo.co.za/card/peterson-bulk-logistics-south-africa/568376	-28.780727	32.038284	
Lewise Logistics	logistics	Richards Bay, 3900	12663266				https://richards-bay.infoisinfo.co.za/card/lewise-logistics/749456	-28.765680	32.064472	
Manyelela Logistics And Transport	logistics	Richards Bay, 3900	35772711				https://richards-bay.infoisinfo.co.za/card/manyelela-logistics-and-transport/611203	-28.780727	32.038284	
ELECTRICAL MAINTENACE & SUPPLIES	maintenance	Richards Bay, 3900	035798139				https://richards-bay.infoisinfo.co.za/card/electrical-maintenace-supplies/250124	-28.732832	32.041607	
ENCORE MAINTENANCE SOLUTIONS CC	maintenance	Richards Bay, 3900	035751207				https://richards-bay.infoisinfo.co.za/card/encore-maintenance-solutions-cc/251118	-28.780727	32.038284	
TROY VENDING	machine	Richards Bay, 3900	35751144				https://richards-bay.infoisinfo.co.za/card/troy-vending/400545	-28.780727	32.038284	
Jpl Logistics	logistics	Richards Bay, 3900					https://richards-bay.infoisinfo.co.za/card/jpl-logistics/749356	-28.779999	32.106800	
Viroflo	machine	Richards Bay, 3900	35575154				https://richards-bay.infoisinfo.co.za/card/viroflo/726041	-28.780727	32.038284	
Key Enterprises	machine	Richards Bay, 3900	35789490				https://richards-bay.infoisinfo.co.za/card/key-enterprises/726138	-28.780727	32.038284	
MAZIYA ELECTRICAL CONSTRUCTION	maintenance	Richards Bay, 3900	035751114				https://richards-bay.infoisinfo.co.za/card/maziya-electrical-construction/271763	-28.780727	32.038284	
DENDUSTRI SA (PTY) LTD	maintenance	Richards Bay, 3900	035797476				https://richards-bay.infoisinfo.co.za/card/dendustri-sa-pty-ltd/236091	-28.766441	32.014500	
Sobhuza Logistics	logistics	Richards Bay, 3887	33387212				https://richards-bay.infoisinfo.co.za/card/sobhuza-logistics/749292	-28.780727	32.038284	
Sizabonke Marketing And Maintenance	maintenance	Richards Bay, 3900	35798111				https://richards-bay.infoisinfo.co.za/card/sizabonke-marketing-and-maintenance/729084	-28.780727	32.038284	
J And G Maintenance And Repairs	maintenance	Richards Bay, 3900	35797340				https://richards-bay.infoisinfo.co.za/card/j-and-g-maintenance-and-repairs/470033	-28.751820	32.054379	
S N S ELECTRICAL	maintenance	Richards Bay, 3900	035789446				https://richards-bay.infoisinfo.co.za/card/s-n-s-electrical/306941	-28.780727	32.038284	
Ntokozithule Plumbing And Maintenance Services	maintenance	Richards Bay, 3887					https://richards-bay.infoisinfo.co.za/card/ntokozithule-plumbing-and-maintenance-services/370188	-28.780727	32.038284	
Isibane Sezwe Road Maintenance	maintenance	Richards Bay, 3900					https://richards-bay.infoisinfo.co.za/card/isibane-sezwe-road-maintenance/670702	-28.780727	32.038284	
Inqaba Electric	management	Richards Bay, 3887	31705109				https://richards-bay.infoisinfo.co.za/card/inqaba-electric/529707	-28.782640	31.850735	
Ikusasa Lesizwe Recycling And Manufacturing	manufacturers	Richards Bay, 3900	35907525				https://richards-bay.infoisinfo.co.za/card/ikusasa-lesizwe-recycling-and-manufacturing/658360	-28.762041	32.053474	
Rysands Marketing 600	marketing	Richards Bay, 3900	35498142; 031-9037119				https://richards-bay.infoisinfo.co.za/card/rysands-marketing-600/572420	-28.722355	32.044865	
REO MARKETING & SIGNS CC	marketing	Richards Bay, 3900	035751188				https://richards-bay.infoisinfo.co.za/card/reo-marketing-signs-cc/296696	-28.780727	32.038284	
RICHARDS BAY TOWBARS	manufacturers	Richards Bay, 3900	035789287				https://richards-bay.infoisinfo.co.za/card/richards-bay-towbars/296967	-28.750231	32.048191	
Gt And La Marketing	marketing	Richards Bay, 3900	35797603; 031-9037119				https://richards-bay.infoisinfo.co.za/card/gt-and-la-marketing/572410	-28.757656	32.071003	
ifm electronic (pty) ltd	manufacturers	Richards Bay, 3901	031266646		https://www.ifm.com/za/en	https://www.facebook.com/ifm.electronic/	https://richards-bay.infoisinfo.co.za/card/ifm-electronic-pty-ltd/807051	-28.772832763101523	32.10067506808813	ifm develops, produces and sells sensors, controllers, software and systems for industrial automation. After many years of intensive cooperation with our customers we have become established on the market as a service-oriented sensor specialist and
SAMANTHA GOVENER	marketing	Richards Bay, 3900	35797423; 031-9037119				https://richards-bay.infoisinfo.co.za/card/samantha-govener/728791	-28.750608	32.024075	
Tehilah Marketing Services	marketing	Richards Bay, 3900	35902249				https://richards-bay.infoisinfo.co.za/card/tehilah-marketing-services/576840	-28.731474	32.041508	
WOODMART	manufacturers	Richards Bay, 3900	035753469				https://richards-bay.infoisinfo.co.za/card/woodmart/333448	-28.780727	32.038284	
AFRICA 2000 MARKETING A2M	marketing	Richards Bay, 3901	035753560				https://richards-bay.infoisinfo.co.za/card/africa-2000-marketing-a2m/206658	-28.783133	32.106087	
Nondumo Marketing Services	marketing	Richards Bay, 3887	35789956				https://richards-bay.infoisinfo.co.za/card/nondumo-marketing-services/576828	-28.780727	32.038284	
Rich Tel Marketing	marketing	Richards Bay, 3900	35789062				https://richards-bay.infoisinfo.co.za/card/rich-tel-marketing/729093	-28.780727	32.038284	
Ohagena Marketing	marketing	Richards Bay, 3900	35786172				https://richards-bay.infoisinfo.co.za/card/ohagena-marketing/729134	-28.732159	32.060844	
Bay Fizzy Marketing	marketing	Richards Bay, 3900	31916506				https://richards-bay.infoisinfo.co.za/card/bay-fizzy-marketing/729133	-28.780727	32.038284	
Trudalex Marketing Enterprises	marketing	Richards Bay, 3901	35789889				https://richards-bay.infoisinfo.co.za/card/trudalex-marketing-enterprises/527520	-28.780727	32.038284	
Isiswe Marketing And General Projects	marketing	Richards Bay, 3900	35789516				https://richards-bay.infoisinfo.co.za/card/isiswe-marketing-and-general-projects/729065	-28.780727	32.038284	
K R S CONSTRUCTION & MARKETING	marketing	Richards Bay	035789914				https://richards-bay.infoisinfo.co.za/card/k-r-s-construction-marketing/282101	-28.735167	32.050251	
Kzn Canvas & General Marketing	marketing	. Richards Bay . Kwazulu Natal . 3900	35789084				https://richards-bay.infoisinfo.co.za/card/kzn-canvas-general-marketing/544323			
Ikegai Sales Services	marketing-activities	Richards Bay, 3900	35197450; 031-9037119				https://richards-bay.infoisinfo.co.za/card/ikegai-sales-services/591461	-28.780727	32.038284	
MOFFAT OPTICAL	medical-professionals	Richards Bay, 3900	035789720				https://richards-bay.infoisinfo.co.za/card/moffat-optical/275397	-28.749069	32.048992	
Lelane Paintings	marketing-activities	. Richards Bay . Kwazulu Natal . 3900	082 464 889; 031-9037119				https://richards-bay.infoisinfo.co.za/card/lelane-paintings/400994			My inspiration comes from watching my wife paint 24/7.I also find pleasure in making custom made display and work easels for her and her artist friends* PRIVATE SALES. Of late discovered the artist in myself.
Dis-Chem Richards Bay Pharmacy	medical-branches	Richards Bay, 3900	+27 35 780 884		https://dischem.co.za/storefinder/134	https://www.facebook.com/Dischem/	https://richards-bay.infoisinfo.co.za/card/dis-chem-pharmacy-richards-bay/237614	-28.7555135	32.0488948	Dis-Chem has been South Africa&#39;s first choice in pharmacies since 1978, with our linked dispensaries, family clinics, wound-care clinics and comprehensive self-medication centres. As a leading specialist in beauty, healthy food, sport
Megaflow	marketing-activities	. Richards Bay . Kwazulu Natal . 3900			https://www.megaflow.co.za		https://richards-bay.infoisinfo.co.za/card/megaflow/436150			Megaflow specialises in the sales and repairs of water pumps.  Megaflow was established and has traded since October 1990, and specialises in the repair, sales and hire of submersible, centrifugal and vacuum pumps, compressors, valves and a wide
MOFFATT OPTICAL	medical-professionals	Richards Bay, 3900	035789393				https://richards-bay.infoisinfo.co.za/card/moffatt-optical/294074	-28.780727	32.038284	
Moffat Optical Boardwalk	medical-professionals	Richards Bay, 3900	35789720				https://richards-bay.infoisinfo.co.za/card/moffat-optical-boardwalk/663930	-28.780727	32.038284	
MOFFATT OPTICAL	medical-professionals	Richards Bay, 3900	035789393				https://richards-bay.infoisinfo.co.za/card/moffatt-optical/275407	-28.780727	32.038284	
Dr PP VAN DER WALT	medical-professionals	Richards Bay, 3900	035789728				https://richards-bay.infoisinfo.co.za/card/dr-pp-van-der-walt/244751	-28.749504	32.050201	
Dr JACOBS GEA	medical-professionals	Richards Bay, 3901	035753316				https://richards-bay.infoisinfo.co.za/card/dr-jacobs-gea/242115	-28.772972	32.118866	
LEANDI RICHTER	medical-professionals	Richards Bay, 3900	035789605				https://richards-bay.infoisinfo.co.za/card/leandi-richter/277240	-28.750647	32.054390	
Dr P ELS	medical-professionals	Richards Bay, 3900	035789728				https://richards-bay.infoisinfo.co.za/card/dr-p-els/244520	-28.749069	32.048992	
Mrs L KARMA	medical-professionals	Richards Bay, 3900	035789657				https://richards-bay.infoisinfo.co.za/card/mrs-l-karma/326312	-28.749504	32.050201	
CELL C - BOARDWALK MALL	medical-specialities	Richards Bay, 3900	035789404		https://www.cellc.co.za		https://richards-bay.infoisinfo.co.za/card/cell-c-boardwalk-mall/216202	-28.749069	32.048992	
CENTRAL FAMILY PHARMACY - ALPHA PHARM	medical-specialities	Richards Bay, 3900	035789391		https://www.alphapharm.co.za		https://richards-bay.infoisinfo.co.za/card/central-family-pharmacy-alpha-pharm/228402	-28.753090	32.049686	
S And S Laboratory And Technology Supply	medical-specialities	Richards Bay, 3887	31451247				https://richards-bay.infoisinfo.co.za/card/s-and-s-laboratory-and-technology-supply/644365	-28.791370	31.896360	
Neshar Brick And Tile	mineral-products-and-raw-materials	Richards Bay, 3900	35192235				https://richards-bay.infoisinfo.co.za/card/neshar-brick-and-tile/509148	-28.780727	32.038284	
PEP CELL	medical-specialities	Richards Bay, 3900	035789127				https://richards-bay.infoisinfo.co.za/card/pep-cell/320809	-28.780727	32.038284	
RICHARDS BAY IRON AND TITANIUM	mineral-products-and-raw-materials	Richards Bay, 3900	35901311				https://richards-bay.infoisinfo.co.za/card/richards-bay-iron-and-titanium/395752	-28.780727	32.038284	
MEDI - CLIN PHARMACY	medical-specialities	Richards Bay, 3901	035753400				https://richards-bay.infoisinfo.co.za/card/medi-clin-pharmacy/291050	-28.783133	32.106087	
PEP CELL	medical-specialities	Richards Bay, 3900	035789346				https://richards-bay.infoisinfo.co.za/card/pep-cell/330189	-28.749069	32.048992	
Kolmed Medical And Surgical Supplies	medical-supply	Richards Bay, 3900	35797385				https://richards-bay.infoisinfo.co.za/card/kolmed-medical-and-surgical-supplies/589492	-28.958757	31.752916	
W F Plant Hire	mineral-products-and-raw-materials	Richards Bay, 3900	35787048				https://richards-bay.infoisinfo.co.za/card/w-f-plant-hire/724096	-28.758953	32.044022	
Bhp Billiton Raw Materials	mineral-products-and-raw-materials	Richards Bay, 3900	35908811				https://richards-bay.infoisinfo.co.za/card/bhp-billiton-raw-materials/656416	-28.757578	32.042702	
Bronze Whaler Trading	mineral-products-and-raw-materials	Richards Bay, 3900	31309213				https://richards-bay.infoisinfo.co.za/card/bronze-whaler-trading/636109	-28.780727	32.038284	
Siyaphetha Oils	mineral-products-and-raw-materials	Richards Bay, 3900	35901861				https://richards-bay.infoisinfo.co.za/card/siyaphetha-oils/682956	-28.780727	32.038284	
Phiwami Medical Supplies	medical-supply	Richards Bay, 3900	35789135				https://richards-bay.infoisinfo.co.za/card/phiwami-medical-supplies/456816	-28.780727	32.038284	
LBK BELEGGINGS	mineral-products-and-raw-materials	Richards Bay, 3900	35789703				https://richards-bay.infoisinfo.co.za/card/lbk-beleggings/699704	-28.745127	32.050652	
FAIRDEAL IRON & STEELWORKS	mineral-products-and-raw-materials	. Richards Bay . Kwazulu Natal . 3900	035797364				https://richards-bay.infoisinfo.co.za/card/fairdeal-iron-steelworks/253612			
Dbh Wrought Iron Works	mineral-products-and-raw-materials	Richards Bay, 3887					https://richards-bay.infoisinfo.co.za/card/dbh-wrought-iron-works/561615	-28.780727	32.038284	
RICHARDS BAY CHRISTIAN PRE - SCHOOL	nursery	Richards Bay, 3900	035786018				https://richards-bay.infoisinfo.co.za/card/richards-bay-christian-pre-school/305238	-28.739967	32.049557	
Telegenix Trading 690	motel	Richards Bay, 3901	35753595				https://richards-bay.infoisinfo.co.za/card/telegenix-trading-690/593358	-28.780727	32.038284	
Nashua Zululand   Office Stationery in Richards Bay	office-stationery	97 Dollar Drive Richards Bay Central. Richards Bay . Kwazulu Natal . 3900	035799130			https://www.facebook.com/1383842608527893	https://richards-bay.infoisinfo.co.za/card/nashua-zululand/803053	-28.756832984821262	32.04242011656761	
Khulanathi Office Automation	office-automation	Richards Bay, 3900	35789090				https://richards-bay.infoisinfo.co.za/card/khulanathi-office-automation/685244	-28.750231	32.048191	
Larcabra Engineering	other-industrial-services	Richards Bay, 3900	079298096				https://richards-bay.infoisinfo.co.za/card/larcabra-engineering/813068	-28.7464094	32.0473212	Steel Fabrication and Installation   Steelwork refurbishing   Steel structure repairs   Steelwork painting
THE BAY STATIONERS	office-stationery	Richards Bay, 3900	035788010		https://www.baystationers.com		https://richards-bay.infoisinfo.co.za/card/the-bay-stationers/205060	-28.780727	32.038284	Suppliers of office and school stationery, Tuzi Gazi Waterfront.
TING-A-LING NURSERY SCHOOL	nursery	Richards Bay, 3901	035753233; 0742991348				https://richards-bay.infoisinfo.co.za/card/ting-a-ling-nursery-school/315282	-28.788834	32.097042	
Prospect Paints	other-industrial-services	Richards Bay, 3900					https://richards-bay.infoisinfo.co.za/card/prospect-paints/518421	-28.959967	31.752249	
PROSTYLE AUTO BODY	panelbeaters	Richards Bay, 3900	035751237				https://richards-bay.infoisinfo.co.za/card/prostyle-auto-body/322170	-28.780727	32.038284	
KENTRADE	packaging	Richards Bay, 3900	35798635				https://richards-bay.infoisinfo.co.za/card/kentrade/746297	-28.780727	32.038284	
Voyco	other-industrial-services	Richards Bay, 3900	35751100				https://richards-bay.infoisinfo.co.za/card/voyco/575300	-28.780727	32.038284	
Siyacophelela Painters	painter	Richards Bay, 3900	35789797				https://richards-bay.infoisinfo.co.za/card/siyacophelela-painters/694023	-28.762171	32.057991	
C K DENT TECH	panelbeaters	Richards Bay, 3900	035751249				https://richards-bay.infoisinfo.co.za/card/c-k-dent-tech/226215	-28.750608	32.024075	
DENT GENIE	other-industrial-services	Richards Bay, 3900					https://richards-bay.infoisinfo.co.za/card/dent-genie/358911	-28.791370	31.896360	THE DENT GENIE REPAIRS DENTS WITHOUT PAINTING EG. HAIL DAMAGE, TROLLEY DENTS, DINGS, PARKING DENTS. 20 YEARS EXPERIENCE. DENTS DISSAPEAR LIKE MAGIC. UNIQUE DENT PRESSING METHOD USED IN BMW ASSEMBLY LINE. RESPRAYS ARE NOT A PROBLEM. SMALL DENTS N
B R PANEL & PAINT CC	other-industrial-services	Richards Bay, 3900	083421724				https://richards-bay.infoisinfo.co.za/card/b-r-panel-paint-cc/222064	-28.764299	32.006336	
AUTOTECH PANELBEATERS	panelbeaters	Richards Bay, 3900	035751148				https://richards-bay.infoisinfo.co.za/card/autotech-panelbeaters/221517	-28.750608	32.024075	
KZN ENTERPRISE	panelbeaters	Richards Bay, 3900	035751231				https://richards-bay.infoisinfo.co.za/card/kzn-enterprise/283688	-28.780727	32.038284	
MARVIC PANELBEATERS	panelbeaters	Richards Bay, 3900	035789885				https://richards-bay.infoisinfo.co.za/card/marvic-panelbeaters/270801	-28.753426	32.044098	
Paper Rolls And All	paper	Richards Bay, 3900	35789948				https://richards-bay.infoisinfo.co.za/card/paper-rolls-and-all/544395	-28.780727	32.038284	
Practical Partitioning	partition	Richards Bay, 3900					https://richards-bay.infoisinfo.co.za/card/practical-partitioning/645961	-28.745127	32.050652	
INTRAMED & PHARMACEUTICAL SUPPLIERS	pharma	Richards Bay, 3900	35789412				https://richards-bay.infoisinfo.co.za/card/intramed-pharmaceutical-suppliers/627286	-28.780727	32.038284	
ALPHA PANEL BEATERS	panelbeaters	Richards Bay, 3900	035789742				https://richards-bay.infoisinfo.co.za/card/alpha-panel-beaters/219807	-28.759010	32.041447	
PANELBEATING EXPRESS	panelbeaters	Richards Bay, 3900	072222106				https://richards-bay.infoisinfo.co.za/card/panelbeating-express/286273	-28.750608	32.024075	
Vryheid Paper	paper	Richards Bay, 3900	35562013				https://richards-bay.infoisinfo.co.za/card/vryheid-paper/685146	-28.769787	32.014626	
Fantazia Party Supplies	party	. Richards Bay . Kwazulu Natal . 3900			https://www.fantaziapartysupplies.co.za		https://richards-bay.infoisinfo.co.za/card/fantazia-party-supplies/347976			Welcome to Fantazia Party Supplies, we want to help you create a memorable party/event that is fun for the party guests but EASY for you to organise!!.
KITS PHOTOS CC	photo	Richards Bay, 3900	035789746		https://www.kitsphoto.co.za	https://www.facebook.com/pages/Kits-Photo/197539703596463	https://richards-bay.infoisinfo.co.za/card/kits-photos-cc/261620	-28.749069	32.048992	Our range includes cards, scrolls, invitations in a box and message in a bottle. Come on down to see our specials up close with Bushnells line of high performance waterproof binoculars at a great price.
ISEKO PRODUCTIONS	photographer	. Richards Bay . Kwazulu Natal . 3900	082535154				https://richards-bay.infoisinfo.co.za/card/iseko-productions/275428			
LATASH PHOTOGRAPHY (PTY) LTD	photography	Richards Bay, 3901	073134204		https://www.latashphotography.co.za		https://richards-bay.infoisinfo.co.za/card/latash-photography-pty-ltd/263537	-28.782530	32.093510	
Northsafety	plastic-and-glass-building-materials	Richards Bay, 3900	014 596 508		https://www.northsafety.co.za	https://www.facebook.com/North-Safety-Products-NSP-1675196539388839/?fref=ts	https://richards-bay.infoisinfo.co.za/card/northsafety/464639	-28.754089	32.045753	By Attitude, we at North Safety Products, believe that Safety begins and ends with the right attitude.  NSPA is one of South Africa’s leading designers, manufacturers and marketers of personal protection and safety equipment products intended for
NAAS STOOP PHOTOGRAPHY	photographer	Richards Bay, 3900	035789945				https://richards-bay.infoisinfo.co.za/card/naas-stoop-photography/296960	-28.747316	31.902914	
ZULU WORLD TRAVEL CENTRE	photo	Richards Bay, 3900	35789301				https://richards-bay.infoisinfo.co.za/card/zulu-world-travel-centre/552664	-28.780727	32.038284	
Pizza Pasta Richards Bay	pizza	Richards Bay, 3900	35789736				https://richards-bay.infoisinfo.co.za/card/pizza-pasta-richards-bay/616617	-28.780727	32.038284	
Phaphamani Plumbing Services	plumber	Richards Bay, 3900					https://richards-bay.infoisinfo.co.za/card/phaphamani-plumbing-services/487752	-28.780727	32.038284	
EIKANA PRE PRIMARY SCHOOL	preschool	Richards Bay, 3900	035789467				https://richards-bay.infoisinfo.co.za/card/eikana-pre-primary-school/249774	-28.762794	32.071266	
RICHARDS BAY PRINTERS EST 1980	printer	Richards Bay, 3900	035751121				https://richards-bay.infoisinfo.co.za/card/richards-bay-printers-est-1980/296964	-28.780727	32.038284	
Zwide Printing And Business Services	printing	Richards Bay, 3887	35902656				https://richards-bay.infoisinfo.co.za/card/zwide-printing-and-business-services/415576	-28.780727	32.038284	
ZULULAND MEDIA	printer	Richards Bay, 3900	035901940				https://richards-bay.infoisinfo.co.za/card/zululand-media/345440	-28.750231	32.048191	
CANDI CATZ TRADING (PTY) LTD	printer	Richards Bay, 3900	035751250		https://www.candicatz.co.za		https://richards-bay.infoisinfo.co.za/card/candi-catz-trading-pty-ltd/226795	-28.750608	32.024075	
Chanlett Industrial And Hire	production-techniques	Richards Bay, 3900	35786021				https://richards-bay.infoisinfo.co.za/card/chanlett-industrial-and-hire/524300	-28.739540	32.076679	
CALEFRA SERVICES	printing	Richards Bay, 3900	035751236	sales@labelcorr.com	https://www.calefra.co.za	https://www.facebook.com/pages/Calefra-Services/590088337689380	https://richards-bay.infoisinfo.co.za/card/calefra-services/226545	-28.780727	32.038284	Calefra Services is a fully compliant BEE company that strives for service excellence at the highest quality available and at the best possible price. ensuring the client is happy at all times, with the service, price and most of all, the order. We
TRI INVEST (PTY) LTD	production-techniques	Richards Bay, 3900	035797319				https://richards-bay.infoisinfo.co.za/card/tri-invest-pty-ltd/315681	-28.752045	32.021057	
BULLION BOULEVARD EXPRESS (PTY) LTD	products-for-construction-execution-of-work	Richards Bay, 3900	035789901				https://richards-bay.infoisinfo.co.za/card/bullion-boulevard-express-pty-ltd/225806	-28.750231	32.048191	
Wps Welding Products And Services	production-techniques	Richards Bay, 3900	35751138				https://richards-bay.infoisinfo.co.za/card/wps-welding-products-and-services/644789	-28.780727	32.038284	
Zululand Galvanizers	production-techniques	Richards Bay, 3900	35751194				https://richards-bay.infoisinfo.co.za/card/zululand-galvanizers/495985	-28.780727	32.038284	
Bay Galvanisers	production-techniques	Richards Bay, 3900	35751194				https://richards-bay.infoisinfo.co.za/card/bay-galvanisers/419992	-28.743280	32.035259	
PALM SERVICE CENTRE	products-for-construction-execution-of-work	Richards Bay, 3900	035789643				https://richards-bay.infoisinfo.co.za/card/palm-service-centre/320487	-28.780727	32.038284	
INTERCITY	products-for-construction-execution-of-work	Richards Bay, 3901	035753410				https://richards-bay.infoisinfo.co.za/card/intercity/271935	-28.782637	32.101227	
RICHARDS BAY TRUSSES	products-for-construction-execution-of-work	Richards Bay, 3900	035797357; 086 558 4926	klwaterproofing@gmail.com			https://richards-bay.infoisinfo.co.za/card/richards-bay-trusses/308176	-28.780727	32.038284	
Zululand Roofing Services	products-for-construction-execution-of-work	Richards Bay, 3900	31301431				https://richards-bay.infoisinfo.co.za/card/zululand-roofing-services/385272	-28.753992	32.043823	
Masakane Coatings And Accessories	products-for-construction-execution-of-work	Richards Bay, 3900	39978283				https://richards-bay.infoisinfo.co.za/card/masakane-coatings-and-accessories/644266	-28.780727	32.038284	
Umalusi Properties	property-managements	Richards Bay, 3900	35772201				https://richards-bay.infoisinfo.co.za/card/umalusi-properties/719562	-28.745041	32.077560	
Mnandi Scaffolding	products-for-construction-execution-of-work	Richards Bay, 3900					https://richards-bay.infoisinfo.co.za/card/mnandi-scaffolding/587479	-28.780727	32.038284	
Nrb Coatings	products-for-construction-execution-of-work	Richards Bay, 3900	13230216				https://richards-bay.infoisinfo.co.za/card/nrb-coatings/644281	-28.780727	32.038284	
P And S Coatings	products-for-construction-execution-of-work	Richards Bay, 3900	13230216				https://richards-bay.infoisinfo.co.za/card/p-and-s-coatings/644282	-28.750231	32.048191	
Subramaniam Property	property-managements	Richards Bay, 3900	35580158				https://richards-bay.infoisinfo.co.za/card/subramaniam-property/709459	-28.764420	32.066460	
A D S E C Admin And Secretarial Services	professionals	Richards Bay, 3900	35797462				https://richards-bay.infoisinfo.co.za/card/a-d-s-e-c-admin-and-secretarial-services/686259	-28.755899	32.030552	
STRATA PROPERTY MANAGEMENT	property-managements	Richards Bay, 3900	035789160; 0742991348				https://richards-bay.infoisinfo.co.za/card/strata-property-management/313350	-28.734900	32.063858	
Pendulum Properties	property-managements	Richards Bay, 3936	35789506				https://richards-bay.infoisinfo.co.za/card/pendulum-properties/719566	-28.730875	32.046082	
Greytech Coatings	products-for-construction-execution-of-work	. Richards Bay . Kwazulu Natal . 3900	11793366				https://richards-bay.infoisinfo.co.za/card/greytech-coatings/644306			
HLUHLUWE HORSE SAFARIS	property-managements	Richards Bay, 3901	35753149				https://richards-bay.infoisinfo.co.za/card/hluhluwe-horse-safaris/719563	-28.775591	32.108234	
Pieter Sanette Rossouw Multi Business Traders	property-managements	Richards Bay, 3901	35772721				https://richards-bay.infoisinfo.co.za/card/pieter-sanette-rossouw-multi-business-traders/719557	-28.780727	32.038284	
REDLINE DISTRIBUTORS	property-managements	Richards Bay, 3900	35789137				https://richards-bay.infoisinfo.co.za/card/redline-distributors/734771	-28.781105	32.097557	
CASTLE CREST PROPERTIES 33	property-managements	Richards Bay, 3901	35753152				https://richards-bay.infoisinfo.co.za/card/castle-crest-properties-33/719586	-28.780890	32.109711	
Illiam Trading	property-managements	Richards Bay, 3901	35792516				https://richards-bay.infoisinfo.co.za/card/illiam-trading/719567	-28.780727	32.038284	
Unit 105 Mzingazi Waterfront	property-managements	Richards Bay, 3901	35788000				https://richards-bay.infoisinfo.co.za/card/unit-105-mzingazi-waterfront/709504	-28.780727	32.038284	
Magally Properties	property-managements	Richards Bay, 3900	35751156				https://richards-bay.infoisinfo.co.za/card/magally-properties/719560	-28.745407	31.902889	
Sheddy-lin	property-managements	Richards Bay, 3900	35789151				https://richards-bay.infoisinfo.co.za/card/sheddy-lin/709460	-28.757723	32.044140	
6020 Lagoon Drive Umhlanga	property-managements	Richards Bay, 3900	31451211				https://richards-bay.infoisinfo.co.za/card/6020-lagoon-drive-umhlanga/719564	-28.766384	32.113415	
Edsyb Investment	property-managements	Richards Bay, 3900	32456232				https://richards-bay.infoisinfo.co.za/card/edsyb-investment/719559	-28.752785	32.055931	
Morning Glades	property-managements	Richards Bay, 3900	35789204				https://richards-bay.infoisinfo.co.za/card/morning-glades/709499	-28.743568	32.062946	
Mashiyamahle Investment	property-managements	Richards Bay, 3887	35796401				https://richards-bay.infoisinfo.co.za/card/mashiyamahle-investment/719587	-28.780727	32.038284	
KSB Pumps and Valves (Pty.) Ltd.	pump	Richards Bay, 3900	+27 35 789 328		https://www.ksb.com/en-za/contact#!/l/richardsbay/29-dollar-drive/3187989		https://richards-bay.infoisinfo.co.za/card/ksb-pumps-and-valves-pty-ltd/797834	-28.75633362	32.04459347	
H E L Construction	property-matters	Richards Bay, 3900					https://richards-bay.infoisinfo.co.za/card/h-e-l-construction/732558	-28.763367	32.065575	
Thathiat And Singh Property Development	property-matters	Richards Bay, 3900	35751152				https://richards-bay.infoisinfo.co.za/card/thathiat-and-singh-property-development/593796	-28.718504	32.042747	
Ascent Manpower Services	property-matters	Richards Bay, 3910					https://richards-bay.infoisinfo.co.za/card/ascent-manpower-services/637844	-28.780727	32.038284	
Underground Records	records	Richards Bay, 3900	31572315				https://richards-bay.infoisinfo.co.za/card/underground-records/727350	-28.780727	32.038284	
PROSTAFFING PERSONNEL	recruitment	. Richards Bay . Kwazulu Natal . 3900	035753180		https://www.prostaffing.co.za	https://www.facebook.com/prostaffing.co.za	https://richards-bay.infoisinfo.co.za/card/prostaffing-personnel/306042			Prostaffing provides staffing and payroll solutions across a wide variety of business sectors and industries. We aim to form long-term relationships with our clients and provide a competitive advantage by recruiting the best-qualified staff for
Captains Loft Pub And Grill	pubs	Richards Bay, 3900	35753282				https://richards-bay.infoisinfo.co.za/card/captains-loft-pub-and-grill/510998	-28.780727	32.038284	
ADECCO RECRUITMENT SERVICES	recruitment	Richards Bay, 3900	035789019		https://www.adecco.co.za		https://richards-bay.infoisinfo.co.za/card/adecco-recruitment-services/206519	-28.750231	32.048191	
AFFIRMATIVE PORTFOLIOS	recruitment	Richards Bay, 3900	035789527		https://www.affirmativeportfolios.co.za	https://www.facebook.com/pages/Affirmative-Portfolios/472505182781407	https://richards-bay.infoisinfo.co.za/card/affirmative-portfolios/218784	-28.780727	32.038284	Affirmative Portfolios is an entirely black owned recruitment agency with 3 members in the Board of Directors. Affirmative Portfolios were registered as a personnel consultancy agency in 1994 and began trading in We are a registered member of the
RHINO RECRUITING SERVICES	recruitment	Richards Bay, 3900	35789818				https://richards-bay.infoisinfo.co.za/card/rhino-recruiting-services/495166	-28.747618	31.903559	
Mahlobo Electrical	recruitment	Richards Bay, 3900	35789818				https://richards-bay.infoisinfo.co.za/card/mahlobo-electrical/691108	-28.780727	32.038284	
MACSTREET PERSONNEL	recruitment	Richards Bay, 3900	35789789				https://richards-bay.infoisinfo.co.za/card/macstreet-personnel/691106	-28.780727	32.038284	
Ht Aircon And Refrigeration Services	refrigeration	Richards Bay, 3900					https://richards-bay.infoisinfo.co.za/card/ht-aircon-and-refrigeration-services/621980	-28.746290	32.048882	
Mandla Manpower Resources	recruitment	Richards Bay, 3900	35789047				https://richards-bay.infoisinfo.co.za/card/mandla-manpower-resources/691199	-28.780727	32.038284	
Eagles Nest Ministries	religion	. Richards Bay . Kwazulu Natal . 3900	+27 83417140		https://www.eaglesnestministries.co.za		https://richards-bay.infoisinfo.co.za/card/eagles-nest-ministries/385536			Eagles Nest Community Church Empangeni, Kwazulu Natal, South Africa. Eagles Nest Ministries - Eagles Nest Community Church Empangeni Reaching the Nations with Love and Compassion.
Peet Mare Elec-refrigeration Repairs	refrigeration	Richards Bay, 3900	12318326				https://richards-bay.infoisinfo.co.za/card/peet-mare-elec-refrigeration-repairs/440983	-28.780727	32.038284	
LIVING STONE BAPTIST CHURCH	religion	Richards Bay, 3900	035798149				https://richards-bay.infoisinfo.co.za/card/living-stone-baptist-church/289965	-28.720873	32.043030	
LUTHERAN CHURCH AND HAPPY LITTLE STAR CHRISTIAN SCHOOL	religion	Richards Bay, 3900	035786104				https://richards-bay.infoisinfo.co.za/card/lutheran-church-and-happy-little-star-christian-school/288760	-28.744528	32.076660	
Covenant Fellowship Church International	religion	Richards Bay, 3887	32796023				https://richards-bay.infoisinfo.co.za/card/covenant-fellowship-church-international/633127	-28.780727	32.038284	
RICHARDS BAY BAPTIST CHURCH	religion	Richards Bay, 3900	035789424				https://richards-bay.infoisinfo.co.za/card/richards-bay-baptist-church/296952	-28.764744	32.061653	
RICHARDS BAY COMMUNITY CHURCH	religion	Richards Bay, 3900	035786031				https://richards-bay.infoisinfo.co.za/card/richards-bay-community-church/296958	-28.736376	32.063690	
Veritas Family Church	religion	Richards Bay, 3900	35786047				https://richards-bay.infoisinfo.co.za/card/veritas-family-church/751161	-28.734560	32.072868	
JEHOVAHS WITNESSES	religion	Richards Bay, 3900	035789981				https://richards-bay.infoisinfo.co.za/card/jehovahs-witnesses/274255	-28.763741	32.050770	
NEW LIFE CHURCH	religion	Richards Bay, 3900	035798242				https://richards-bay.infoisinfo.co.za/card/new-life-church/298149	-28.717699	32.042725	
VOLLE EVANGELIE KERK	religion	Richards Bay, 3900	035789997				https://richards-bay.infoisinfo.co.za/card/volle-evangelie-kerk/344090	-28.762794	32.071266	
CALVARY BAPTIST CHURCH	religion	Richards Bay, 3900	035789779				https://richards-bay.infoisinfo.co.za/card/calvary-baptist-church/212645	-28.757166	32.054157	
MARANATA AANBIEDING SENTRUM	religion	Richards Bay, 3900	035789787				https://richards-bay.infoisinfo.co.za/card/maranata-aanbieding-sentrum/283694	-28.752741	32.060390	
CHURCH OF THE PROVINCE OF SA	religion	Richards Bay, 3901	035753417				https://richards-bay.infoisinfo.co.za/card/church-of-the-province-of-sa/216635	-28.782681	32.095531	
GEMEENTE VAN LIEFDE	religion	Richards Bay, 3901	035753148				https://richards-bay.infoisinfo.co.za/card/gemeente-van-liefde/262822	-28.777367	32.117874	
PINKSTER PROTESTANTE KERK	religion	Richards Bay, 3900	035786051				https://richards-bay.infoisinfo.co.za/card/pinkster-protestante-kerk/321377	-28.734999	32.063866	
ST FRANCIS CHURCH	religion	Richards Bay, 3900	035789103				https://richards-bay.infoisinfo.co.za/card/st-francis-church/326175	-28.740171	32.063374	
GOOD TIDINGS FELLOWSHIP	religion	Richards Bay, 3900	035798192				https://richards-bay.infoisinfo.co.za/card/good-tidings-fellowship/257284	-28.724361	32.039272	
NED GEREFORMEERDE KERK	religion	Richards Bay, 3900	035789380				https://richards-bay.infoisinfo.co.za/card/ned-gereformeerde-kerk/319339	-28.760286	32.067802	
EAGLES NEST COMMUNITY CHURCH	religion	Richards Bay, 3900	035786050				https://richards-bay.infoisinfo.co.za/card/eagles-nest-community-church/248888	-28.734900	32.063858	
TRENTYRE NATAL	repair-products-and-services	Richards Bay, 3900	035751105		https://www.trentyre.co.za		https://richards-bay.infoisinfo.co.za/card/trentyre-natal/315675	-28.751759	32.023243	
APOSTOLIESE GELOOFSENDING VAN SA	religion	Richards Bay, 3901	035753301				https://richards-bay.infoisinfo.co.za/card/apostoliese-geloofsending-van-sa/220528	-28.772951	32.113991	
ST ANDREWS ANGLICAN CHURCH RICHARDS BAY	religion	Richards Bay, 3901	035753417				https://richards-bay.infoisinfo.co.za/card/st-andrews-anglican-church-richards-bay/341100	-28.788834	32.097042	
NRB TYRE CENTRE	repair-products-and-services	Richards Bay, 3900	35789340				https://richards-bay.infoisinfo.co.za/card/nrb-tyre-centre/458085	-28.780727	32.038284	
P-R	repair-products-and-services	Richards Bay, 3900	35788019				https://richards-bay.infoisinfo.co.za/card/p-r/501540	-28.780727	32.038284	
CHRISTIAN IMPACT MINISTRIES	religion	Richards Bay, 3900	035798190				https://richards-bay.infoisinfo.co.za/card/christian-impact-ministries/216596	-28.722191	32.043076	
TIP TOP WHEELS	repair-products-and-services	Richards Bay, 3900	076906303		https://www.tiptopwheels.co.za		https://richards-bay.infoisinfo.co.za/card/tip-top-wheels/315295	-28.780727	32.038284	
Supa Quick Tyre Experts Richards Bay	repair-products-and-services	Richards Bay, 3900	035 789 056		https://www.supaquick.co.za		https://richards-bay.infoisinfo.co.za/card/tyremart/338721	-28.758059	32.047829	"""Visit the tyre experts at Supa Quick for the most convenient way to buy and fit 4x4 and passenger car tyres. Being a full service fitment centre, Supa Quick takes pride in offering you excellent service, auto fitment expertise and, as we’re the"
KFC Meer-En-See   Restaurant in Richards Bay	restaurant	53 Angler'S Road. Richards Bay . Kwazulu Natal . 3901	035753543			https://www.facebook.com/1485955328102888	https://richards-bay.infoisinfo.co.za/card/kfc-meer-en-see/791821	-28.7830905	32.1008682	
KFC Taxi City   Restaurant in Richards Bay	restaurant	Shop 16A To 19, Taxi City. Richards Bay . Kwazulu Natal . 3900	035789028			https://www.facebook.com/1158919397569313	https://richards-bay.infoisinfo.co.za/card/kfc-taxi-city/792763	-28.7501	32.0478	
KFC Richards Bay   Restaurant in Richards Bay	restaurant	Corner Premium Promonade & Krugerrand Road. Richards Bay . Kwazulu Natal . 3900	035789588			https://www.facebook.com/1172676576174501	https://richards-bay.infoisinfo.co.za/card/kfc-richards-bay/791250	-28.7496848	32.052071	
OCEAN BASKET	restaurant	Richards Bay, 3900	035789513				https://richards-bay.infoisinfo.co.za/card/ocean-basket/299568	-28.749069	32.048992	
KFC Lakeview Terrace - Richards Bay 2   Restaurant in Richards Bay	restaurant	Shop 2, 3, 3A And 3B, Lakeview Terrace, Trinidad Parking Place. Richards Bay . Kwazulu Natal . 3900	035789096			https://www.facebook.com/110624030603090	https://richards-bay.infoisinfo.co.za/card/kfc-lakeview-terrace-richards-bay-2/792582	-28.7526	32.0497	
JOHN DORYS - RICHARDS BAY	restaurant	Richards Bay, 3900	035789434		https://www.johndorys.co.za		https://richards-bay.infoisinfo.co.za/card/john-dorys-richards-bay/259960	-28.749069	32.048992	
LITTLE SWITZERLAND RESTAURANT	restaurant	Richards Bay, 3901	035753220		https://www.envim.demon.nl/little-swiss		https://richards-bay.infoisinfo.co.za/card/little-switzerland-restaurant/289913	-28.792519	32.097584	
PANAROTTIS - RICHARDS BAY	restaurant	Richards Bay, 3900	035789736		https://www.panarottis.co.za		https://richards-bay.infoisinfo.co.za/card/panarottis-richards-bay/298196	-28.749069	32.048992	
J A Bronkhorst Family Restaurant	restaurant	Richards Bay, 3900	16349652				https://richards-bay.infoisinfo.co.za/card/j-a-bronkhorst-family-restaurant/624182	-28.780727	32.038284	
MAXIS	restaurant	Richards Bay, 3900	035789581		https://www.maxisfood.com		https://richards-bay.infoisinfo.co.za/card/maxis/293352	-28.749069	32.048992	
PORKYS SEAFOOD & STEAKHOUSE	restaurant	Richards Bay, 3900	035788057				https://richards-bay.infoisinfo.co.za/card/porkys-seafood-steakhouse/331717	-28.780727	32.038284	
BRONCO CREEK SPUR	restaurant	Richards Bay, 3900	035789564				https://richards-bay.infoisinfo.co.za/card/bronco-creek-spur/211718	-28.749069	32.048992	
Maritinos Tavern	restaurant	Richards Bay, 3900	35788031				https://richards-bay.infoisinfo.co.za/card/maritinos-tavern/497013	-28.780727	32.038284	
MEAT JUNCTION	restaurant	Richards Bay, 3900	035789683				https://richards-bay.infoisinfo.co.za/card/meat-junction/295958	-28.748592	32.048992	
HUA MIN CHINESE RESTAURANT	restaurant	Richards Bay, 3901	035753588				https://richards-bay.infoisinfo.co.za/card/hua-min-chinese-restaurant/258447	-28.783133	32.106087	
RICHARDS BAY COUNTRY CLUB	restaurant	Richards Bay, 3901	035753244				https://richards-bay.infoisinfo.co.za/card/richards-bay-country-club/305243	-28.774143	32.099983	
JACKS ON THE BAY	restaurant	Richards Bay, 3900	035788090				https://richards-bay.infoisinfo.co.za/card/jacks-on-the-bay/273442	-28.780727	32.038284	
KWA THATHAHAMBE RESTAURANT	restaurant	Richards Bay, 3900	035789578				https://richards-bay.infoisinfo.co.za/card/kwa-thathahambe-restaurant/283411	-28.780727	32.038284	
Sithulile Business Projects	restaurant	Richards Bay, 3887	35796548				https://richards-bay.infoisinfo.co.za/card/sithulile-business-projects/497089	-28.780727	32.038284	
CELOS PLACE	restaurant	Richards Bay, 3900	035753333				https://richards-bay.infoisinfo.co.za/card/celos-place/228352	-28.780727	32.038284	
MOJITOS	restaurant	Richards Bay, 3900	035788019				https://richards-bay.infoisinfo.co.za/card/mojitos/275540	-28.780727	32.038284	
K N K CURRIES	restaurant	Richards Bay, 3900	035788034				https://richards-bay.infoisinfo.co.za/card/k-n-k-curries/271571	-28.793268	32.077724	
LIONS DEN	restaurant	Richards Bay, 3900	035789087				https://richards-bay.infoisinfo.co.za/card/lions-den/284224	-28.780727	32.038284	
Lopo Restaurant Enterprises	restaurant	Richards Bay, 3900	35198782				https://richards-bay.infoisinfo.co.za/card/lopo-restaurant-enterprises/654906	-28.780727	32.038284	
COSMOPOLITAN AGENCIES	restaurant	Richards Bay, 3900	35797459				https://richards-bay.infoisinfo.co.za/card/cosmopolitan-agencies/497080	-28.780727	32.038284	
FISHAWAYS	restaurant	Richards Bay, 3901	035753309				https://richards-bay.infoisinfo.co.za/card/fishaways/255706	-28.782681	32.095531	
WIMPY	restaurant	. Richards Bay . Kwazulu Natal . 3900	035753333		https://www.wimpy.co.za		https://richards-bay.infoisinfo.co.za/card/wimpy/333156			
Fishaways	restaurants-and-bars	Richards Bay, 3901	035880008		https://location.fishaways.co.za/meerensee?y_source=1_MTI0NDA3MTUtODUxLWxvY2F0aW9uLndlYnNpdGU%3D	https://www.facebook.com/477390466101138	https://richards-bay.infoisinfo.co.za/card/fishaways/800596	-28.78169181334728	32.09927561786335	Value and variety are in this season at Fishaways Meerensee   When you want to enjoy more flavours for less, go for our Hake, Rice, Chips & Onion Rings meal for only R49.90. That’s hake plus three sides for under R50! Order your meal online now
Wimpy	restaurants-and-bars	Richards Bay, 3900	035799900			https://www.facebook.com/1467349253402172	https://richards-bay.infoisinfo.co.za/card/wimpy/799340	-28.81424849318983	31.912734139246943	Welcome to Wimpy Engen 1 Stop North Coast North — everyone’s kind of place.  The one who eats with two hands? You’re welcome. The aunty who cuts hers neat-neat? You too? What about the youngest: the one who’s usually sent to fetch things in
Debonairs Pizza   Restaurants - Pizza in Richards Bay	restaurants-and-bars	Shell Richards Bay Cental, Shop 2 Bullion Boulevard Bullion Boulevard. Richards Bay . Kwazulu Natal . 3900	035789027			https://www.facebook.com/564517483955810	https://richards-bay.infoisinfo.co.za/card/debonairs-pizza/800299	-28.747530623627625	32.04895252766766	
Debonairs Pizza   Restaurants - Pizza in Richards Bay	restaurants-and-bars	Esikhawini Plaza, Shop 30 2293 Mothombothi Street 2293 Mothombothi Street. Richards Bay . Kwazulu Natal . 3900	031880090			https://www.facebook.com/687976354995026	https://richards-bay.infoisinfo.co.za/card/debonairs-pizza/799768	-28.873007460896858	31.900693408068072	
Wimpy	restaurants-and-bars	Richards Bay, 3935	035550033			https://www.facebook.com/200693807012597	https://richards-bay.infoisinfo.co.za/card/wimpy/799947	-28.414966499509006	32.184915388343256	Welcome to Wimpy Mtubatuba — everyone’s kind of place.  The one who eats with two hands? You’re welcome. The aunty who cuts hers neat-neat? You too? What about the youngest: the one who’s usually sent to fetch things in the middle of the
Wimpy	restaurants-and-bars	Richards Bay, 3900	035799900			https://www.facebook.com/1657698261212145	https://richards-bay.infoisinfo.co.za/card/wimpy/799977	-28.814639786812954	31.91473976103783	Welcome to Wimpy Engen 1 Stop North Coast South — everyone’s kind of place.  The one who eats with two hands? You’re welcome. The aunty who cuts hers neat-neat? You too? What about the youngest: the one who’s usually sent to fetch things in
Milky Lane	restaurants-and-bars	Richards Bay, 3900	035760127		https://location.milkylane.co.za/town-square-mall-richards-bay?y_source=1_MTA5MDc1NTE4NS04NTEtbG9jYXRpb24ud2Vic2l0ZQ%3D%3D	https://www.facebook.com/575244882334402	https://richards-bay.infoisinfo.co.za/card/milky-lane/809615	-28.747569024408502	32.05016037485141	Welcome to Town Square Mall Richards Bay. We’ve been serving smiles since 1958, and we’re a household name in deliciously fun ice cream treats and waffles. The secret ingredient is NiceCream, a top-quality soft serve that goes into a range of
Steers	restaurants-and-bars	Richards Bay, 3901	035753309		https://location.steers.co.za/meerensee?y_source=1_MTI0MzA3NzEtODUxLWxvY2F0aW9uLndlYnNpdGU%3D	https://www.facebook.com/2152849241638244	https://richards-bay.infoisinfo.co.za/card/steers/800123	-28.7821283	32.1019208	Welcome to Steers Meerensee where our passion for Flame-Grilled has been burning since the ‘60s. Here, burgers are made with 100% pure beef, chips are hand-cut, and shakes are always ridiculously thick. We only use the freshest ingredients and
Steers Drive Thru	restaurants-and-bars	Richards Bay, 3900	035880012		https://location.steers.co.za/town-square-richards-bay-dt?y_source=1_MTA1NzUwMTAxMS04NTEtbG9jYXRpb24ud2Vic2l0ZQ%3D%3D	https://www.facebook.com/366669556525565	https://richards-bay.infoisinfo.co.za/card/steers/807268	-28.7474973	32.0501302	Welcome to Steers Town Square Richards Bay Drive Thru where our passion for Flame-Grilled has been burning since the ‘60s. Here, burgers are made with 100% pure beef, chips are hand-cut, and shakes are always ridiculously thick. We only use the
Debonairs Pizza   Restaurants - Pizza in Richards Bay	restaurants-and-bars	Marlin Mall, Shop 7 56 Anglers Road Meer En See 56 Anglers Road. Richards Bay . Kwazulu Natal . 3900	035753162			https://www.facebook.com/610633546086443	https://richards-bay.infoisinfo.co.za/card/debonairs-pizza/800313	-28.781901799999996	32.10030100527956	
Debonairs Pizza   Restaurants - Pizza in Richards Bay	restaurants-and-bars	Boardwalk Inkwazi Shopping Centre, Shop L085 11 Penny Ln Richards Bay Central 11 Penny Ln. Richards Bay . Kwazulu Natal . 3900	035789810			https://www.facebook.com/474072686278391	https://richards-bay.infoisinfo.co.za/card/debonairs/235514	-28.755387127636034	32.048216458300004	
AMBULA TOURS	safaris	Richards Bay, 3900	086100108		https://www.ambulatours.com	https://www.facebook.com/Ambula-Tours-141001319357383/	https://richards-bay.infoisinfo.co.za/card/ambula-tours/204854	-28.780727	32.038284	With more than 12 years of safe & reliable transport services. Postal Address: Postnet Suite 73 P/Bag X1040 Richards Bay. Own fleet of luxury vehicles for all group sizes.  Corporate Incentive Tours, Golf Tours and Private Trips to idyllic
Steers	restaurants-and-bars	Richards Bay, 3900	035940244		https://location.steers.co.za/richards-bay-boardwalk?y_source=1_MTI0MzAyOTItODUxLWxvY2F0aW9uLndlYnNpdGU%3D	https://www.facebook.com/533340317199836	https://richards-bay.infoisinfo.co.za/card/steers/800597	-28.75208776829268	32.05158243195277	Welcome to Steers Richards Bay Boardwalk where our passion for Flame-Grilled has been burning since the ‘60s. Here, burgers are made with 100% pure beef, chips are hand-cut, and shakes are always ridiculously thick. We only use the freshest
Crackerjack Safaris	safaris	Richards Bay, 3900	35902217				https://richards-bay.infoisinfo.co.za/card/crackerjack-safaris/635819	-28.764744	32.061653	
LAND LOVER SAFARIS	safaris	Richards Bay, 3900	083414932		https://www.landloversafaris.co.za		https://richards-bay.infoisinfo.co.za/card/land-lover-safaris/284870	-28.745462	32.066978	
Khethokuhle Skills Training And Development	school	Richards Bay, 3900	31908939; 0742991348				https://richards-bay.infoisinfo.co.za/card/khethokuhle-skills-training-and-development/670459	-28.740400	32.074139	
MALULE SAFARIS	safaris	Richards Bay, 3900	035789052		https://www.malulesafaris.com		https://richards-bay.infoisinfo.co.za/card/malule-safaris/293515	-28.757818	32.042809	
Steers	restaurants-fast-food	Richards Bay, 3900	035786103		https://location.steers.co.za/engen-richards-bay?y_source=1_MTI0MzA1NjgtODUxLWxvY2F0aW9uLndlYnNpdGU%3D	https://www.facebook.com/151693401604918	https://richards-bay.infoisinfo.co.za/card/dual-intake-investments-90/527800	-28.7360697	32.0657097	Welcome to Steers Engen Richards Bay where our passion for Flame-Grilled has been burning since the ‘60s. Here, burgers are made with 100% pure beef, chips are hand-cut, and shakes are always ridiculously thick. We only use the freshest
Wimpy	restaurants-and-bars	Richards Bay, 3900	035797459			https://www.facebook.com/429742154247441	https://richards-bay.infoisinfo.co.za/card/wimpy/313981	-28.76032321598691	32.02269171284543	Welcome to Wimpy Engen Alton-Richards Bay — everyone’s kind of place.  The one who eats with two hands? You’re welcome. The aunty who cuts hers neat-neat? You too? What about the youngest: the one who’s usually sent to fetch things in the
No Star	school	Richards Bay, 3901	075220242; 0742991348				https://richards-bay.infoisinfo.co.za/card/no-star/390257	-28.780809	32.099258	We do logo's  ;and ;towels,  ;nappies, school badges and we do alterations and you ask and we do embroidery on ;everything.
Eco Peeko Safaris	safaris	Richards Bay, 3901	35340253				https://richards-bay.infoisinfo.co.za/card/eco-peeko-safaris/635766	-28.780727	32.038284	
Wimpy	restaurants-fast-food	Richards Bay, 3900	035789726			https://www.facebook.com/1642433239380297	https://richards-bay.infoisinfo.co.za/card/wimpy/344652	-28.755287747846605	32.04821455300848	Welcome to Wimpy Richards Bay Boardwalk — everyone’s kind of place.  The one who eats with two hands? You’re welcome. The aunty who cuts hers neat-neat? You too? What about the youngest: the one who’s usually sent to fetch things in the
Sbongizipho Consulting Training And Supply Services	school	Richards Bay, 3900	35905380; 0742991348				https://richards-bay.infoisinfo.co.za/card/sbongizipho-consulting-training-and-supply-services/436004	-28.780727	32.038284	
STEPPING STONES PRE PRIMARY	school	Richards Bay, 3900	035789939; 0742991348				https://richards-bay.infoisinfo.co.za/card/stepping-stones-pre-primary/341508	-28.757219	32.054821	
Vercois Fire And Rescue	school	Richards Bay, 3900	35908928; 0742991348				https://richards-bay.infoisinfo.co.za/card/vercois-fire-and-rescue/680392	-28.780727	32.038284	
Du Bar34	school	Richards Bay, 3900	35789122; 0742991348				https://richards-bay.infoisinfo.co.za/card/du-bar34/720947	-28.780727	32.038284	
RICHARDIA PRIMARY SCHOOL	school	Richards Bay, 3900	035789460; 0742991348				https://richards-bay.infoisinfo.co.za/card/richardia-primary-school/322887	-28.753407	32.066666	
RICHARDS BAY SECONDARY SCHOOL	school	Richards Bay, 3900	035798115; 0742991348				https://richards-bay.infoisinfo.co.za/card/richards-bay-secondary-school/305249	-28.725266	32.041126	
Matha Training Agency And Construction	school	Richards Bay, 3900	0742991348				https://richards-bay.infoisinfo.co.za/card/matha-training-agency-and-construction/519762	-28.780727	32.038284	
ARBORETUM PRIMARY SCHOOL	school	Richards Bay, 3900	035789121; 0742991348				https://richards-bay.infoisinfo.co.za/card/arboretum-primary-school/214315	-28.754681	32.063789	
RICHARDSBAAI HOERSKOOL	school	Richards Bay, 3900	035789320; 0742991348				https://richards-bay.infoisinfo.co.za/card/richardsbaai-hoerskool/334321	-28.762745	32.068272	
BAY PRIMARY SCHOOL	school	Richards Bay, 3900	035798230; 0742991348				https://richards-bay.infoisinfo.co.za/card/bay-primary-school/209789	-28.719851	32.038940	
BETESDA SCHOOL	school	Richards Bay, 3900	035797341; 0742991348				https://richards-bay.infoisinfo.co.za/card/betesda-school/223567	-28.750608	32.024075	
ST FRANCIS PRE-PRIMARY SCHOOL	school	Richards Bay, 3901	035753233; 0742991348				https://richards-bay.infoisinfo.co.za/card/st-francis-pre-primary-school/304059	-28.777031	32.100033	
AQUADENE SECONDARY SCHOOL	school	Richards Bay, 3900	035798190; 0742991348				https://richards-bay.infoisinfo.co.za/card/aquadene-secondary-school/220575	-28.713650	32.035538	
Du Bar31	school	Richards Bay, 3900	39315668; 0742991348				https://richards-bay.infoisinfo.co.za/card/du-bar31/720950	-28.780727	32.038284	
VELDENVLEI PRIMARY SCHOOL	school	Richards Bay, 3900	035789138; 0742991348				https://richards-bay.infoisinfo.co.za/card/veldenvlei-primary-school/316436	-28.780727	32.038284	
RICHARDS BAY PRIMARY SCHOOL	school	Richards Bay, 3901	035753217; 0742991348				https://richards-bay.infoisinfo.co.za/card/richards-bay-primary-school/334325	-28.779531	32.097694	
SITHOLHLANHLA CP SCHOOL 3001	school	Richards Bay, 3901	035773005; 0742991348				https://richards-bay.infoisinfo.co.za/card/sitholhlanhla-cp-school-3001/310429	-28.783133	32.106087	
BHEJANE JUNIOR PRIMARY SCHOOL	school	Richards Bay, 3900	035795901; 0742991348				https://richards-bay.infoisinfo.co.za/card/bhejane-junior-primary-school/223695	-28.780727	32.038284	
RICHARDS BAY CHRISTIAN SCHOOL	school	Richards Bay, 3900	035786114; 0742991348				https://richards-bay.infoisinfo.co.za/card/richards-bay-christian-school/308163	-28.739967	32.049557	
Fishaways	seafood-restaurant	Richards Bay, 3900	035789314		https://location.fishaways.co.za/richards-bay-boardwalk?y_source=1_MTI0NDA2NzktODUxLWxvY2F0aW9uLndlYnNpdGU%3D	https://www.facebook.com/566160123862323	https://richards-bay.infoisinfo.co.za/card/fish-aways/255402	-28.752210362423355	32.051521545765155	Value and variety are in this season at Fishaways Richards Bay Boardwalk   When you want to enjoy more flavours for less, go for our Hake, Rice, Chips & Onion Rings meal for only R49.90. That’s hake plus three sides for under R50! Order your meal
INGQAPHELI SECURITY CC	security	Richards Bay, 3900	035751217		https://www.ingqapheli.co.za		https://richards-bay.infoisinfo.co.za/card/ingqapheli-security-cc/276852	-28.780727	32.038284	All members of the CC are trained up to Grade A in security and are registered by Psira Members are full time involved on the day to day running of the business. She has received recognition in the local business sector and was nominated as a
TRELLIDOR ZULULAND	security	Richards Bay, 3900	035789032		https://www.trellidor.co.za	https://www.facebook.com/Trellidor	https://richards-bay.infoisinfo.co.za/card/trellidor-zululand/309713	-28.745127	32.050652	Trellidor Fixed Security is a range of non-retractable galvanised steel security barriers designed for burglar proofing windows. Trellidor Clear Guard is a beautifully designed security system for doors and windows that appears to be invisible while
The Security Mecca Richards Bay	security	Richards Bay, 3900	035789415; 035 789 4157		https://secmecrb.co.za/		https://richards-bay.infoisinfo.co.za/card/the-security-mecca-richards-bay/794676	-28.7475823	32.0490423	THE SECURITY MECCA RICHARDS BAY  Security Systems  Based on the main road of Richards Bay CBD, The Security Mecca store is close to all major areas around Zululand. We carry stock of all the major brands and spare parts. Visit us today and talk to
KENYON SECURITY SERVICES	security	Richards Bay, 3900	035797315		https://www.kenyonsecurity.co.za		https://richards-bay.infoisinfo.co.za/card/kenyon-security-services/277845	-28.756161	32.026951	To provide the best security services at all times and take pride in the work that it does. To foster a climate of mutual trust, respect, accountability, team work and equal opportunity and forge long-term relationship with our clients and
THE SECURITY CENTER	security	Richards Bay, 3901	081707989				https://richards-bay.infoisinfo.co.za/card/the-security-center/342413	-28.783005	32.099003	
A D T - RICHARDS BAY	security	Richards Bay, 3900	035789343		https://www.adt.co.za		https://richards-bay.infoisinfo.co.za/card/a-d-t-richards-bay/217625	-28.756405	32.043961	
G4S CASH SOLUTIONS	security	Richards Bay, 3900	035751146		https://www.g4s.co.za		https://richards-bay.infoisinfo.co.za/card/g4s-cash-solutions/256785	-28.780727	32.038284	
PROTEA COIN	security	Richards Bay, 3900	035751163				https://richards-bay.infoisinfo.co.za/card/protea-coin/294201	-28.750854	32.029575	
BLACK WATCH	security	Richards Bay, 3901	035789239				https://richards-bay.infoisinfo.co.za/card/black-watch/224007	-28.766361	32.117908	
Edlon Systems	security	Richards Bay, 3900	35789045				https://richards-bay.infoisinfo.co.za/card/edlon-systems/498214	-28.764830	32.067020	
GRACE CORPORATE SECURITY SERVICES	security	Richards Bay, 3900	31308883				https://richards-bay.infoisinfo.co.za/card/grace-corporate-security-services/498079	-28.780727	32.038284	
Greenfour Security	security	Richards Bay, 3900	35197412				https://richards-bay.infoisinfo.co.za/card/greenfour-security/500111	-28.757000	32.026379	
COIN SECURITY - ASSETS IN TRANSIT	security	Richards Bay, 3900	035797330		https://www.mfezisecurity.co.za		https://richards-bay.infoisinfo.co.za/card/coin-security-assets-in-transit/216946	-28.780727	32.038284	
Gwagwa Security Services	security	Richards Bay, 3900	35789029				https://richards-bay.infoisinfo.co.za/card/gwagwa-security-services/500023	-28.777075	31.902678	
Bhubesi Security	security	Richards Bay, 3900	35580244				https://richards-bay.infoisinfo.co.za/card/bhubesi-security/500148	-28.791370	31.896360	
DA BOSS SECURITY	security	Richards Bay, 3900	078392816				https://richards-bay.infoisinfo.co.za/card/da-boss-security/234140	-28.755367	32.028160	
NATIONAL SECURITY	security	Richards Bay, 3900	035789422				https://richards-bay.infoisinfo.co.za/card/national-security/327147	-28.760948	32.063858	
MAGNUM SHIELD SECURITY SERVICES	security	Richards Bay, 3900	035789882				https://richards-bay.infoisinfo.co.za/card/magnum-shield-security-services/287511	-28.757458	32.044266	
F B I SECURITY	security-services	Richards Bay, 3900	035789005				https://richards-bay.infoisinfo.co.za/card/f-b-i-security/253282	-28.746067	32.049000	
Rbn Security	security-services	Richards Bay, 3900	35901398				https://richards-bay.infoisinfo.co.za/card/rbn-security/500009	-28.780727	32.038284	
Emp-rick Security	security-services	Richards Bay, 3900	35789272				https://richards-bay.infoisinfo.co.za/card/emp-rick-security/500156	-28.753845	32.045162	
MAGNUM SHIELD SECURITY SERVICES (PTY) LTD	security-services	Richards Bay, 3900	035786137				https://richards-bay.infoisinfo.co.za/card/magnum-shield-security-services-pty-ltd/282433	-28.780727	32.038284	
SE-CURA	security-services	Richards Bay, 3900	035789729				https://richards-bay.infoisinfo.co.za/card/se-cura/300291	-28.749069	32.048992	
BRACKENHAM FORCE	security-services	Richards Bay, 3900	035798208				https://richards-bay.infoisinfo.co.za/card/brackenham-force/211397	-28.725266	32.041126	
QHAKAZA SECURITY	security-services	Richards Bay, 3900	079011515				https://richards-bay.infoisinfo.co.za/card/qhakaza-security/333087	-28.780727	32.038284	
Bay Marine Security	security-services	Richards Bay, 3900					https://richards-bay.infoisinfo.co.za/card/bay-marine-security/500224	-28.780727	32.038284	
Nanda Force Security	security-services	Richards Bay, 3900					https://richards-bay.infoisinfo.co.za/card/nanda-force-security/500222	-28.750231	32.048191	
Nmcibisholo Security Services	security-services	Richards Bay, 3900					https://richards-bay.infoisinfo.co.za/card/nmcibisholo-security-services/500225	-28.780727	32.038284	
Marine-port Protection Services	security-services	Richards Bay, 3900					https://richards-bay.infoisinfo.co.za/card/marine-port-protection-services/736233	-28.780727	32.038284	
Tholokuhle Security Services	security-services	Richards Bay, 3900					https://richards-bay.infoisinfo.co.za/card/tholokuhle-security-services/500223	-28.780727	32.038284	
DAAI PLEK	self-catering	Richards Bay, 3900	035753319				https://richards-bay.infoisinfo.co.za/card/daai-plek/234165	-28.734413	32.060760	
Tree Security Services	security-services	Richards Bay, 3900					https://richards-bay.infoisinfo.co.za/card/tree-security-services/500221	-28.791370	31.896360	
Masiphephe National Security	security-services	Richards Bay, 3887					https://richards-bay.infoisinfo.co.za/card/masiphephe-national-security/616141	-28.775015	31.902704	
ROBINS REST	self-catering	Richards Bay, 3901	035753165				https://richards-bay.infoisinfo.co.za/card/robins-rest/323030	-28.773354	32.118252	
Veskel Industrial Services	services-industry	Richards Bay, 3900	35751180				https://richards-bay.infoisinfo.co.za/card/veskel-industrial-services/606695	-28.780727	32.038284	
LALAPHANSI OVERNIGHT ACCOMMODATION VILLAGE	self-catering	Richards Bay, 3900	035797563				https://richards-bay.infoisinfo.co.za/card/lalaphansi-overnight-accommodation-village/286994	-28.755899	32.030552	
Mgcineni Industrial Services	services-industry	Richards Bay, 3887	35797338				https://richards-bay.infoisinfo.co.za/card/mgcineni-industrial-services/606688	-28.780727	32.038284	
Alco Building And Industrial Services	services-industry	Richards Bay, 3900	35798198				https://richards-bay.infoisinfo.co.za/card/alco-building-and-industrial-services/606717	-28.725876	32.042664	
Jolem Shipping Services	shipping-services	Richards Bay, 3900	35797999				https://richards-bay.infoisinfo.co.za/card/jolem-shipping-services/465145	-28.756989	32.066250	
Bulkocean Shipping Services	shipping-services	Richards Bay, 3900					https://richards-bay.infoisinfo.co.za/card/bulkocean-shipping-services/661386	-28.750231	32.048191	
Fineline Shipping Services	shipping-services	Richards Bay, 3900	35797919				https://richards-bay.infoisinfo.co.za/card/fineline-shipping-services/550505	-28.780727	32.038284	
GRAND STEP	shoe-stores	Richards Bay, 3900	035789070				https://richards-bay.infoisinfo.co.za/card/grand-step/269536	-28.749069	32.048992	
SHOE CITY	shoe-stores	Richards Bay, 3900	035789423		https://www.shoecity.co.za		https://richards-bay.infoisinfo.co.za/card/shoe-city/301346	-28.749069	32.048992	
TEKKIE TOWN	shoe-stores	Richards Bay, 3900	035789623				https://richards-bay.infoisinfo.co.za/card/tekkie-town/342195	-28.749069	32.048992	
FROGGIE - RICHARDS BAY	shoe-stores	Richards Bay, 3900	035789560				https://richards-bay.infoisinfo.co.za/card/froggie-richards-bay/265906	-28.753141	32.053242	
SPITZ	shoe-stores	Richards Bay, 3900	035789036				https://richards-bay.infoisinfo.co.za/card/spitz/303800	-28.749069	32.048992	
CHECKERS LIQUOR SHOP - BOARDWALK	shop	Richards Bay, 3900	035901942		https://www.checkers.co.za		https://richards-bay.infoisinfo.co.za/card/checkers-liquor-shop-boardwalk/229119	-28.780727	32.038284	
GOLD PAWN SHOP   Home Furniture in Richards Bay	shop	63 & 69 Bullion Boulevard CBD. Richards Bay . Kwazulu Natal . 3900	035789934				https://richards-bay.infoisinfo.co.za/card/gold-pawn-shop/769352	-26.198492	28.034973	
Lanie Pawnshop And Auctioneers	shops-and-shopping-centers	Richards Bay, 3900	35789090				https://richards-bay.infoisinfo.co.za/card/lanie-pawnshop-and-auctioneers/520175	-28.780727	32.038284	
SUPER SPAR	shops-foods-and-natural-products	Richards Bay, 3900	035789639		https://www.spar.co.za		https://richards-bay.infoisinfo.co.za/card/super-spar/327567	-28.753141	32.053242	
MEERENSEE SPAR	shops-foods-and-natural-products	Richards Bay, 3901	035753126		https://www.spar.co.za		https://richards-bay.infoisinfo.co.za/card/meerensee-spar/272620	-28.783133	32.106087	
PICK AND PAY BUTCHERIES	shops-foods-and-natural-products	Richards Bay, 3900	035789755				https://richards-bay.infoisinfo.co.za/card/pick-and-pay-butcheries/289835	-28.749069	32.048992	
LAKESIDE SUPERSPAR	shops-foods-and-natural-products	Richards Bay, 3900	035789682		https://www.spar.co.za		https://richards-bay.infoisinfo.co.za/card/lakeside-superspar/276458	-28.753141	32.053242	
JENBAR SUPERMARKET	shops-foods-and-natural-products	Richards Bay, 3900	35789455				https://richards-bay.infoisinfo.co.za/card/jenbar-supermarket/684487	-28.780727	32.038284	
BEST CUT BUTCHERY	shops-foods-and-natural-products	Richards Bay, 3900	035789085				https://richards-bay.infoisinfo.co.za/card/best-cut-butchery/210318	-28.758953	32.044022	
CHECKERS MEAT MARKET	shops-foods-and-natural-products	Richards Bay, 3900	035789065				https://richards-bay.infoisinfo.co.za/card/checkers-meat-market/216455	-28.780727	32.038284	
CHECKERS - BOARDWALK RICHARDS BAY	shops-foods-and-natural-products	Richards Bay, 3900	035901942		https://www.checkers.co.za		https://richards-bay.infoisinfo.co.za/card/checkers-boardwalk-richards-bay/216407	-28.750277	32.052216	
SPAR	shops-foods-and-natural-products	Richards Bay, 3900	035789110		https://www.spar.co.za		https://richards-bay.infoisinfo.co.za/card/spar/340895	-28.780727	32.038284	
O K GROCER	shops-foods-and-natural-products	Richards Bay, 3900	035789074				https://richards-bay.infoisinfo.co.za/card/o-k-grocer/319925	-28.749504	32.050201	
ESSENWOOD SPAR	shops-foods-and-natural-products	Richards Bay, 3900	035789804				https://richards-bay.infoisinfo.co.za/card/essenwood-spar/251854	-28.755375	32.066326	
SHOPRITE	shops-foods-and-natural-products	Richards Bay, 3900	035780738				https://richards-bay.infoisinfo.co.za/card/shoprite/301485	-28.780727	32.038284	
SPAR	shops-foods-and-natural-products	Richards Bay, 3901	035753126				https://richards-bay.infoisinfo.co.za/card/spar/303365	-28.776821	32.112148	
BRACKENHAM SUPERMARKET	shops-foods-and-natural-products	Richards Bay, 3900	035798206				https://richards-bay.infoisinfo.co.za/card/brackenham-supermarket/211398	-28.780727	32.038284	
SPAR	shops-foods-and-natural-products	Richards Bay, 3900	035789645				https://richards-bay.infoisinfo.co.za/card/spar/336355	-28.756247	32.066948	
SISTERS BUTCHERY	shops-foods-and-natural-products	Richards Bay, 3900	035789155				https://richards-bay.infoisinfo.co.za/card/sisters-butchery/335944	-28.780727	32.038284	
SINGHS MUTTON MARKET	shops-foods-and-natural-products	Richards Bay, 3900	035798260				https://richards-bay.infoisinfo.co.za/card/singhs-mutton-market/310333	-28.780727	32.038284	
Digital Systems Professionals-network Training Academy	software-and-computer-services	Richards Bay, 3900	0742991348				https://richards-bay.infoisinfo.co.za/card/digital-systems-professionals-network-training-academy/514595	-28.740511	32.082649	
Adt Truck And Tractor Spares	spare-part	Richards Bay, 3900	35751192				https://richards-bay.infoisinfo.co.za/card/adt-truck-and-tractor-spares/609238	-28.739460	32.037220	
Bay Truck Spares	spare-part	Richards Bay, 3900	351987284				https://richards-bay.infoisinfo.co.za/card/bay-truck-spares/563521	-28.748079	32.048561	
C N A	stationery	Richards Bay, 3900	035789207				https://richards-bay.infoisinfo.co.za/card/c-n-a/226282	-28.749069	32.048992	
BLUE DOT PROPERTIES 1537	stationery	Richards Bay, 3900	35789822				https://richards-bay.infoisinfo.co.za/card/blue-dot-properties-1537/544114	-28.748199	32.048851	
ANN-V STATIONERS	stationery	Richards Bay, 3900	035789822				https://richards-bay.infoisinfo.co.za/card/ann-v-stationers/220368	-28.780727	32.038284	
PADAYACHEE BROS (PTY) LTD	stationery	Richards Bay, 3900	035789336				https://richards-bay.infoisinfo.co.za/card/padayachee-bros-pty-ltd/300951	-28.780727	32.038284	
L S L MULTI SERVICES	stationery	. Richards Bay . Kwazulu Natal . 3900	073354789				https://richards-bay.infoisinfo.co.za/card/l-s-l-multi-services/262719			
GIRAMUNDO	takeaways	Richards Bay, 3900	035789651				https://richards-bay.infoisinfo.co.za/card/giramundo/268227	-28.749069	32.048992	
Veryfine Ice Cream	sweet-food	Richards Bay, 3887	35796028				https://richards-bay.infoisinfo.co.za/card/veryfine-ice-cream/537888	-28.780727	32.038284	
KING PIE	takeaways	Richards Bay, 3900	035789565				https://richards-bay.infoisinfo.co.za/card/king-pie/273610	-28.780727	32.038284	
P M D Studio Services	studios	Richards Bay, 3900	35797906				https://richards-bay.infoisinfo.co.za/card/p-m-d-studio-services/758145	-28.780727	32.038284	
AFRIQUE DECOUVERTE	tour-operator	Richards Bay, 3900	035789912		https://www.afriquedecouverte.com		https://richards-bay.infoisinfo.co.za/card/afrique-decouverte/219094	-28.765030	32.067059	
DINANGUE TRADE AND SERVICES	tour-operator	Richards Bay, 3901	035795120				https://richards-bay.infoisinfo.co.za/card/dinangue-trade-and-services/237528	-28.780727	32.038284	
ZULULAND REGIONAL TOURISM OFFICE	tourism	Richards Bay, 3900	035799261		https://www.uthungulu.co.za		https://richards-bay.infoisinfo.co.za/card/zululand-regional-tourism-office/314951	-28.749069	32.048992	
Am-a-brooke Afrika Travel And Tourism Services	tourism	Richards Bay, 3900	11957374				https://richards-bay.infoisinfo.co.za/card/am-a-brooke-afrika-travel-and-tourism-services/564877	-28.780727	32.038284	
A And B Travel And Tours	tours	Richards Bay, 3900	34981371				https://richards-bay.infoisinfo.co.za/card/a-and-b-travel-and-tours/449941	-28.780727	32.038284	
DESTINATION RSA (PTY) LTD	tours	Richards Bay, 3901	035753367		https://www.destinationsrsa.co.za		https://richards-bay.infoisinfo.co.za/card/destination-rsa-pty-ltd/236896	-28.784534	32.098724	
LUZ DO SOL	tours	. Richards Bay . Kwazulu Natal . 3900	035753523				https://richards-bay.infoisinfo.co.za/card/luz-do-sol/266955			
Tour Link Travel Pty Ltd	tours-services	Richards Bay, 3875	072295098				https://richards-bay.infoisinfo.co.za/card/tour-link-travel-pty-ltd/798432	-26.198491534526536	28.034974358398486	Shuttle Services to and from King Shaka Airport call for a quote
Afrin Contractors	trade	Richards Bay, 3901	35789951				https://richards-bay.infoisinfo.co.za/card/afrin-contractors/704244	-28.780727	32.038284	
Andre Civics	trade	Richards Bay, 3900	35789891				https://richards-bay.infoisinfo.co.za/card/andre-civics/618550	-28.761703	32.069656	
Uptown Trading 48	trade	Richards Bay, 3900	35751133				https://richards-bay.infoisinfo.co.za/card/uptown-trading-48/704226	-28.780727	32.038284	
Zulucivils	trade	Richards Bay, 3900	35797449				https://richards-bay.infoisinfo.co.za/card/zulucivils/618708	-28.759211	32.026482	
LORCOM 145	trade	Richards Bay, 3900	35797320				https://richards-bay.infoisinfo.co.za/card/lorcom-145/501810	-28.780727	32.038284	
B V Sheeting	trade	Richards Bay, 3900	35751218				https://richards-bay.infoisinfo.co.za/card/b-v-sheeting/618547	-28.780727	32.038284	
Rodcol Holdings	trade	Richards Bay, 3900	35797473				https://richards-bay.infoisinfo.co.za/card/rodcol-holdings/618692	-28.755081	32.027569	
Z C B F COMMUNITY PARK VENUE HIRE	trade	. Richards Bay . Kwazulu Natal . 3900	035797180		https://www.zululandchamber.co.za		https://richards-bay.infoisinfo.co.za/card/z-c-b-f-community-park-venue-hire/314696			
TRANSVAAL TRAINING	training	Richards Bay, 3900	035789893		https://www.transvaaltraining.co.za		https://richards-bay.infoisinfo.co.za/card/transvaal-training/338398	-28.753141	32.053242	Transvaal Training brings together a team of dedicated professionals who share the common value of making a difference through people. We pride ourselves in our ability to create measured improvement of performance, productivity and profitability
TRANSVAAL TRAINING	training	Richards Bay, 3900	035789893; 0742991348		https://www.transvaaltraining.co.za		https://richards-bay.infoisinfo.co.za/card/transvaal-training/342970	-28.746920	31.903503	Transvaal Training brings together a team of dedicated professionals who share the common value of making a difference through people. We pride ourselves in our ability to create measured improvement of performance, productivity and profitability
MarHan Motorcycle Training	training	Richards Bay, 3900					https://richards-bay.infoisinfo.co.za/card/marhan-motorcycle-training/411435	-28.750608	32.024075	At MarHan motorcycle training we strive to provide and prepare our clients with the best theoretical and practical experience to become save, responsible and defensive riders.MarHan motorcycle training offer the following courses:K53, Beginners and
IMPACT MENTORSHIP	training	Richards Bay, 3901	035753196; 0742991348		https://www.impactmentorship.co.za		https://richards-bay.infoisinfo.co.za/card/impact-mentorship/265739	-28.767677	32.122540	
Nongagu Training And Development	training	Richards Bay, 3900	35773041; 0742991348				https://richards-bay.infoisinfo.co.za/card/nongagu-training-and-development/670434	-28.735933	32.076889	
ZULULAND CHAMBER OF BUSINESS	training	Richards Bay, 3900	035797185; 0742991348				https://richards-bay.infoisinfo.co.za/card/zululand-chamber-of-business/345137	-28.780727	32.038284	
TRANS TUGELA	transport	Richards Bay, 3901	035788032		https://www.transtugela.co.za		https://richards-bay.infoisinfo.co.za/card/trans-tugela/315590	-28.780727	32.038284	Trust us to get you to your destination on time and relaxed. We have a fully equipped and modern bus service that is here to transport you safely and on time. We have been in the transportation industry since 1984 and formally registered in 1999 as
IKHWEZI BUS SERVICE	transport	Richards Bay, 3900	35797620				https://richards-bay.infoisinfo.co.za/card/ikhwezi-bus-service/600946	-28.759359	32.024490	
Khumalo Trucking	transport	Richards Bay, 3900	35797528				https://richards-bay.infoisinfo.co.za/card/khumalo-trucking/638698	-28.768915	32.007030	
Timbernology	transport	Richards Bay, 3900	35751200				https://richards-bay.infoisinfo.co.za/card/timbernology/662085	-28.780727	32.038284	
M3 Carriers	transport	Richards Bay, 3900	35751189				https://richards-bay.infoisinfo.co.za/card/m3-carriers/662050	-28.752829	32.019325	
Tanase Transport And Plant Hire	transport	Richards Bay, 3900	32439573				https://richards-bay.infoisinfo.co.za/card/tanase-transport-and-plant-hire/747650	-28.780727	32.038284	
Sinazo Transport And Project	transport	Richards Bay, 3887	35789018				https://richards-bay.infoisinfo.co.za/card/sinazo-transport-and-project/747576	-28.780727	32.038284	
Sanets Transport	transport	Richards Bay, 3900	35908823				https://richards-bay.infoisinfo.co.za/card/sanets-transport/747627	-28.780727	32.038284	
TANKER SERVICES S P D	transport	Richards Bay, 3900	035797503				https://richards-bay.infoisinfo.co.za/card/tanker-services-s-p-d/328114	-28.753464	32.024002	
M P Y Transport	transport	Richards Bay, 3900					https://richards-bay.infoisinfo.co.za/card/m-p-y-transport/624225	-28.780727	32.038284	
Mepho Transport Hire	transport	Richards Bay, 3900	83358849				https://richards-bay.infoisinfo.co.za/card/mepho-transport-hire/589008	-28.780727	32.038284	
Bongisipho Transport	transport	Richards Bay, 3900	35905201				https://richards-bay.infoisinfo.co.za/card/bongisipho-transport/747713	-28.780727	32.038284	
Bat Transport	transport	Richards Bay, 3900	11809430				https://richards-bay.infoisinfo.co.za/card/bat-transport/520860	-28.780727	32.038284	
Hambanjalo Transport	transport	Richards Bay, 3900	35908825				https://richards-bay.infoisinfo.co.za/card/hambanjalo-transport/747780	-28.780727	32.038284	
Phosfert Marine	transport-services	Richards Bay, 3900	35797906				https://richards-bay.infoisinfo.co.za/card/phosfert-marine/550343	-28.780727	32.038284	
M B Shembe Transport And Construction	transport	Richards Bay, 3900					https://richards-bay.infoisinfo.co.za/card/m-b-shembe-transport-and-construction/638591	-28.780727	32.038284	
Bay Stevedores	transport-services	Richards Bay, 3900	35797914				https://richards-bay.infoisinfo.co.za/card/bay-stevedores/525325	-28.793268	32.077724	
RENNIES TRAVEL (PTY) LTD	travel	Richards Bay, 3900	035789093		https://www.renniestravel.com	https://www.facebook.com/HRGRenniesTravel	https://richards-bay.infoisinfo.co.za/card/rennies-travel-pty-ltd/296662	-28.753044	32.045574	Our staff compliment consists of more than 600 staff locally and approximately 14 000 staff globally. Whether you're travelling through the Swiss Alps or crossing the channel from London to Europe, our experienced consultants will be able to guide
Boccanini Construction And Suppliers	travel	Richards Bay, 3900	35904422				https://richards-bay.infoisinfo.co.za/card/boccanini-construction-and-suppliers/624095	-28.780727	32.038284	
GRINDROD TRAVEL	travel	Richards Bay	035788010		https://www.grindrodtravel.co.za		https://richards-bay.infoisinfo.co.za/card/grindrod-travel/264758	-28.780727	32.038284	
FLIGHT CENTRE (PTY) LTD	travel	Richards Bay, 3900	035789231		https://www.flightcentre.co.za		https://richards-bay.infoisinfo.co.za/card/flight-centre-pty-ltd/256030	-28.780727	32.038284	
DREAMTEAM TRADING 520	truck	Richards Bay, 3900	35789309				https://richards-bay.infoisinfo.co.za/card/dreamteam-trading-520/597677	-28.780727	32.038284	
W W TRAVEL	travel	Richards Bay, 3900	035789159		https://www.wwtravel.co.za		https://richards-bay.infoisinfo.co.za/card/w-w-travel/339621	-28.760553	32.071301	
INTERNATIONAL TRUCK PARTS & SERVICES DEALERSHIP - RICHARDS BAY	truck	Richards Bay, 3900	035797320				https://richards-bay.infoisinfo.co.za/card/international-truck-parts-services-dealership-richards-bay/275121	-28.758650	32.027248	
HARVEY WORLD TRAVEL	travel	Richards Bay, 3900	035789301		https://www.harveyworld.co.za		https://richards-bay.infoisinfo.co.za/card/harvey-world-travel/271926	-28.752670	32.045631	
Agaba Trucking	truck	Richards Bay, 3900	35197106				https://richards-bay.infoisinfo.co.za/card/agaba-trucking/638265	-28.722832	32.043709	
Tag And Brag	travel	Richards Bay, 3901	14755352				https://richards-bay.infoisinfo.co.za/card/tag-and-brag/624091	-28.767216	32.112114	
Mobi Mac Plant Hire	truck	. Richards Bay . Kwazulu Natal . 3900	035 751 175		https://mobimac-planthire.co.za		https://richards-bay.infoisinfo.co.za/card/mobi-mac-plant-hire/654412			
Nemos Trucking	truck	Richards Bay, 3900	35789249				https://richards-bay.infoisinfo.co.za/card/nemos-trucking/638255	-28.780727	32.038284	
NATAL GRAAN	truck	Richards Bay, 3900	35797398				https://richards-bay.infoisinfo.co.za/card/natal-graan/638663	-28.762751	32.005810	
IMPERIAL TRUCK RENTAL	truck	Richards Bay, 3900	035797392				https://richards-bay.infoisinfo.co.za/card/imperial-truck-rental/270953	-28.753464	32.024002	
KEMPSTON TRUCK HIRE	truck	Richards Bay, 3900	035751149				https://richards-bay.infoisinfo.co.za/card/kempston-truck-hire/272629	-28.780727	32.038284	
SMME TYRES (KZN)	tubes	Richards Bay, 3900	35797459				https://richards-bay.infoisinfo.co.za/card/smme-tyres-kzn/528465	-28.757000	32.025799	
Tyre Corporation Richards Bay	tubes	Richards Bay, 3900	35797577				https://richards-bay.infoisinfo.co.za/card/tyre-corporation-richards-bay/442382	-28.758360	32.024940	
BIKEPRO	tubes	Richards Bay, 3900					https://richards-bay.infoisinfo.co.za/card/bikepro/528453	-28.756004	32.044147	
DUNLOP ZONE - ZIBANDLELA BUSINESS SOLUTIONS SA (PTY) LTD	tyre-dealers	Richards Bay, 3900	035797414				https://richards-bay.infoisinfo.co.za/card/dunlop-zone-zibandlela-business-solutions-sa-pty-ltd/248107	-28.745768	32.035721	
Ecotracs	types-of-autos	. Richards Bay . Kwazulu Natal . 3900			https://www.ecotracs.org	https://www.facebook.com/group.php?gid=85248823921&ref=ts	https://richards-bay.infoisinfo.co.za/card/ecotracs/381293			Serve the community wherever possible by combining our outdoor activities with opportunities to serve ecologically orientated public bodies. Promote public awareness of and encourage participation in responsible use of offroad vehicles and the
SUPER TYRES	tyre-dealers	Richards Bay, 3900	035789644				https://richards-bay.infoisinfo.co.za/card/super-tyres/327580	-28.752668	32.046501	
HI-Q COUNTRYWIDE	tyre-dealers	Richards Bay, 3900	035789815				https://richards-bay.infoisinfo.co.za/card/hi-q-countrywide/267774	-28.757723	32.044140	
MR EXHAUST/MR TYRE	tyre-dealers	Richards Bay, 3900	035789206				https://richards-bay.infoisinfo.co.za/card/mr-exhaustmr-tyre/318738	-28.747869	32.048828	
MAXIPREST TYRES	tyre-dealers	Richards Bay, 3900	035751172				https://richards-bay.infoisinfo.co.za/card/maxiprest-tyres/285282	-28.780727	32.038284	
TIREPOINT	tyre-dealers	Richards Bay, 3900	035751222				https://richards-bay.infoisinfo.co.za/card/tirepoint/315298	-28.751932	32.023659	
SPEDDICK INDUSTRIAL TYRES	tyre-dealers	Richards Bay, 3900	035797399				https://richards-bay.infoisinfo.co.za/card/speddick-industrial-tyres/303647	-28.780727	32.038284	
ROADMASTER TYRE SERVICES	tyre-dealers	Richards Bay, 3900	035751223				https://richards-bay.infoisinfo.co.za/card/roadmaster-tyre-services/334429	-28.780727	32.038284	
TYRE TRACK	tyre-dealers	Richards Bay, 3900	035751167				https://richards-bay.infoisinfo.co.za/card/tyre-track/338718	-28.750608	32.024075	
RICHARDS BAY TYRES	tyre-dealers	Richards Bay, 3900	035797459				https://richards-bay.infoisinfo.co.za/card/richards-bay-tyres/322893	-28.780727	32.038284	
Ilmin Tyres And Exhausts No 2	tyres	Richards Bay, 3900	35562088				https://richards-bay.infoisinfo.co.za/card/ilmin-tyres-and-exhausts-no-2/374311	-28.780727	32.038284	
Signum Trading	water	Richards Bay, 3900	035 797 3202				https://richards-bay.infoisinfo.co.za/card/signum-trading/584274	-28.758366	32.027534	Signum is a company that is a accredited distributor for Marine3 products which are products that manipulates water and helps to lower the surface tension to work better and also helps water be more wettable.This in turn makes water more effective
TYRE CORPORATION	tyre-dealers	Richards Bay, 3900	035797577				https://richards-bay.infoisinfo.co.za/card/tyre-corporation/330474	-28.780727	32.038284	
Protea Tyres Richardsbay	tyres	Richards Bay, 3900	35797459				https://richards-bay.infoisinfo.co.za/card/protea-tyres-richardsbay/374305	-28.780727	32.038284	
Mhlathuze Water	water	Richards Bay, 3900	35902100				https://richards-bay.infoisinfo.co.za/card/mhlathuze-water/664145	-28.780727	32.038284	
Just Timber	wood	Richards Bay, 3900	35198649				https://richards-bay.infoisinfo.co.za/card/just-timber/588505	-28.750889	32.045895	
Digital-Foundry	web-designing	Richards Bay, 3900	082577160		https://digital-foundry.co.za/		https://richards-bay.infoisinfo.co.za/card/digital-foundry/814164	-28.7344573	32.0899355	Digital Foundry — Web Design & Development in Richards Bay    I design, build and host professional websites for small businesses across Richards Bay, Empangeni, Mtunzini and South Africa. No templates, no page builders, no bloated plugin stacks
Lekgebeng Water And Enviromental Resources Scientists	water	Richards Bay, 3900	35902105				https://richards-bay.infoisinfo.co.za/card/lekgebeng-water-and-enviromental-resources-scientists/438308	-28.780727	32.038284	
Trax Timber Harvesting	wood	Richards Bay, 39000	35789193				https://richards-bay.infoisinfo.co.za/card/trax-timber-harvesting/588544	-28.775000	31.902712	
Love at Art Creations	wedding-services	Richards Bay, 3900	073278849		https://www.facebook.com/LoveAtArtCreations/	https://www.facebook.com/LoveAtArtCreations/	https://richards-bay.infoisinfo.co.za/card/love-at-art-creations/764385	40.320000	-3.380000	I customize the perfect invitation and stationery for all of life's most memorable occasions. I create custom invitations for weddings, birthdays, baby showers, graduations &amp; more.
FluxWeb Studios	web-designing	Richards Bay, 3900			https://www.fluxwebstudios.co.za		https://richards-bay.infoisinfo.co.za/card/fluxweb-studios/810653	-28.7501755	32.0553349	At FluxWeb Studios we aim to give smaller businesses a chance for affordable websites. We offer custom designed websites.
SOBABILI LOGGING CC	wood	Richards Bay, 3900	035789839				https://richards-bay.infoisinfo.co.za/card/sobabili-logging-cc/324792	-28.757196	32.042301	
Bayfibre Central Timber Co-operative	wood	Richards Bay, 3900	35797512				https://richards-bay.infoisinfo.co.za/card/bayfibre-central-timber-co-operative/399013	-28.780727	32.038284	
B B S RICHARDS BAY	wood	Richards Bay, 3900	35789764				https://richards-bay.infoisinfo.co.za/card/b-b-s-richards-bay/588729	-28.754166	32.045029	
