name,category,address,suburb,city,phone,has_website,website,rating,reviews_n,status,lat,lon,query,place_url
A B Sambane Services,,"10/12 Buscom Office Park 1/5333 South Arterial Rd, Arboretum, Richards Bay, 3900",,,035 797 3454,no,,5.0,1,open,-28.7609484,32.0638586,"cleaning services in Richards Bay, KwaZulu-Natal, South Africa",https://www.google.com/maps/place/A+B+Sambane+Services/data=!4m7!3m6!1s0x1efa236daaaaaaab:0x1e2e3c465709fdd0!8m2!3d-28.7609484!4d32.0638586!16s%2Fg%2F11b6dpl795!19sChIJq6qqqm0j-h4R0P0JV0Y8Lh4
Ashlyns Cleaning Services,,"67 Via Davallia, Brackenham, Richards Bay, 3900",,,082 872 0390,no,,,,open,-28.723944,32.041167,"cleaning services in Richards Bay, KwaZulu-Natal, South Africa",https://www.google.com/maps/place/Ashlyns+Cleaning+Services/data=!4m7!3m6!1s0x1efa3cd92002de89:0x84812722f1a01b!8m2!3d-28.723944!4d32.041167!16s%2Fg%2F1pzsg9d6k!19sChIJid4CINk8-h4RG6DxIieBhAA
Dreamers Nest Accomodation,,"19 Hardekool, Arboretum, Richards Bay, 3900",,,082 797 9665,no,,4.9,31,open,-28.7556555,32.0679955,"guest houses in Richards Bay, KwaZulu-Natal, South Africa",https://www.google.com/maps/place/Dreamers+Nest+Accomodation/data=!4m10!3m9!1s0x1efa232ec8f91873:0xa50e3ec9cde20655!5m2!4m1!1i2!8m2!3d-28.7556555!4d32.0679955!16s%2Fg%2F11hf39yzcy!19sChIJcxj5yC4j-h4RVQbizck-DqU
Gremick Security,,"38 Dollar Dr, Richards Bay Central, Richards Bay, 3900",,,035 789 2728,no,,3.0,1,open,-28.757457,32.043455,"security companies in Richards Bay, KwaZulu-Natal, South Africa",https://www.google.com/maps/place/Gremick+Security/data=!4m7!3m6!1s0x1efa2321f3b5c501:0x25136db3fffa8537!8m2!3d-28.757457!4d32.043455!16s%2Fg%2F1pzvgsjnn!19sChIJAcW18yEj-h4RN4X6_7NtEyU
Heritage Water and Butchery Empangeni,,"6 4th St, Kuleka, Empangeni, 3880",,,081 597 6736,no,,5.0,1,open,-28.7795169,31.9013286,"butcheries in Richards Bay, KwaZulu-Natal, South Africa",https://www.google.com/maps/place/Heritage+Water+and+Butchery+Empangeni/data=!4m7!3m6!1s0x1efa1b4ca002774d:0x6ccd9a61e14db3df!8m2!3d-28.7795169!4d31.9013286!16s%2Fg%2F11fp88c228!19sChIJTXcCoEwb-h4R37NN4WGazWw
INQABA DRIVING SCHOOL,,"Ntshona W Rd, Esikhawini H, Richards Bay, 3887",,,,no,,5.0,1,open,-28.8622268,31.9136195,"driving schools in Richards Bay, KwaZulu-Natal, South Africa",https://www.google.com/maps/place/INQABA+DRIVING+SCHOOL/data=!4m7!3m6!1s0x1efa1eb1dbc0a927:0x2cd5477d7f5269f9!8m2!3d-28.8622268!4d31.9136195!16s%2Fg%2F11x2pd8_ht!19sChIJJ6nA27Ee-h4R-WlSf31H1Sw
Integritas professional accountants,,"1 Pioneer Rd, Harbour, Richards Bay, 3901",,,035 788 0033,no,,5.0,3,open,-28.7924758,32.0786175,"bookkeepers in Richards Bay, KwaZulu-Natal, South Africa",https://www.google.com/maps/place/Integritas+professional+accountants/data=!4m7!3m6!1s0x1efa233c4d84e129:0x491374565fa9de92!8m2!3d-28.7924758!4d32.0786175!16s%2Fg%2F11b6d0k1mt!19sChIJKeGETTwj-h4Rkt6pX1Z0E0k
Leekam High Pressure Cleaning Services & Industria,,"120 Dollar Dr, Richards Bay Central, Richards Bay, 3900",,,035 789 3726,no,,,,open,-28.753688,32.044779,"cleaning services in Richards Bay, KwaZulu-Natal, South Africa",https://www.google.com/maps/place/Leekam+High+Pressure+Cleaning+Services+%26+Industria/data=!4m7!3m6!1s0x1efa2323efc0586b:0xd74ce05d338df24c!8m2!3d-28.753688!4d32.044779!16s%2Fg%2F1tmd9bxs!19sChIJa1jA7yMj-h4RTPKNM13gTNc
Mavundla Guest House,,"38 Weigelia, Veld En Vlei, Richards Bay, 3900",,,073 596 7926,no,,3.7,58,open,-28.74115,32.06035,"guest houses in Richards Bay, KwaZulu-Natal, South Africa",https://www.google.com/maps/place/Mavundla+Guest+House/data=!4m10!3m9!1s0x1efa2337d29a849b:0x4eeb04e48e5062b5!5m2!4m1!1i2!8m2!3d-28.74115!4d32.06035!16s%2Fg%2F11fyhpf2_m!19sChIJm4Sa0jcj-h4RtWJQjuQE604
Mzingeli Guesthouse,,"53 Perlemoen, Meer En See, Richards Bay, 3900",,,063 377 9088,no,,4.4,31,open,-28.775884,32.119568,"guest houses in Richards Bay, KwaZulu-Natal, South Africa",https://www.google.com/maps/place/Mzingeli+Guesthouse/data=!4m10!3m9!1s0x1efa25fda3c216f3:0x1756289398789787!5m2!4m1!1i2!8m2!3d-28.775884!4d32.119568!16s%2Fg%2F11q9852pm9!19sChIJ8xbCo_0l-h4Rh5d4mJMoVhc
Northern Cleaning Services,,"78 Dollar Dr, Richards Bay Central, Richards Bay, 3900",,,,no,,,,open,-28.7572456,32.0430785,"cleaning services in Richards Bay, KwaZulu-Natal, South Africa",https://www.google.com/maps/place/Northern+Cleaning+Services/data=!4m7!3m6!1s0x1efa232192e09ca5:0xd1bc4ed7ba979261!8m2!3d-28.7572456!4d32.0430785!16s%2Fg%2F11kmpc0njp!19sChIJpZzgkiEj-h4RYZKXutdOvNE
Number Plate City CC,,"1 Mark Strasse, Richards Bay Central, Richards Bay, 3900",,,035 789 8977,no,,4.1,18,open,-28.7544597,32.0523433,"printers in Richards Bay, KwaZulu-Natal, South Africa",https://www.google.com/maps/place/Number+Plate+City+CC/data=!4m7!3m6!1s0x1efa2324759697a9:0xed34012b926b149f!8m2!3d-28.7544597!4d32.0523433!16s%2Fg%2F1pzy5sb8j!19sChIJqZeWdSQj-h4RnxRrkisBNO0
Richards Bay Industrial Cleaning Services,,"10 Boekenhout, Arboretum, Richards Bay, 3900",Arboretum,Richards Bay,035 789 7395,no,,3,1,open,-28.749066199999998,32.0630498,"cleaning services in Richards Bay, KwaZulu-Natal, South Africa",https://www.google.com/maps/place/?q=place_id:ChIJsYrLxUAj-h4RyNY8SQ1gvXo&cid=0x1efa2340c5cb8ab1:0x7abd600d493cd6c8
Sivande B&B,,"14 Appelblaar, Arboretum, Richards Bay, 3900",,,082 545 3893,no,,4.0,61,open,-28.7510185,32.0588749,"guest houses in Richards Bay, KwaZulu-Natal, South Africa",https://www.google.com/maps/place/Sivande+B%26B/data=!4m10!3m9!1s0x1efa235aea5c9499:0xa26553f740dd03e1!5m2!4m1!1i2!8m2!3d-28.7510185!4d32.0588749!16s%2Fg%2F11fj5ldxjs!19sChIJmZRc6loj-h4R4QPdQPdTZaI
iMpongo Royal Lodge,,"20 Teal Terrain, Birdswood, Richards Bay, 3900",,,079 181 6760,no,,3.6,92,open,-28.7431383,32.0716021,"guest houses in Richards Bay, KwaZulu-Natal, South Africa",https://www.google.com/maps/place/iMpongo+Royal+Lodge/data=!4m10!3m9!1s0x1efa23a4446ffc85:0x41ff43b7ac003631!5m2!4m1!1i2!8m2!3d-28.7431383!4d32.0716021!16s%2Fg%2F11qnhmq9w_!19sChIJhfxvRKQj-h4RMTYArLdD_0E
20 Sided Dice - 3D Print Studio,3D printing service,"96 Kabeljoukade, Meer En See, Richards Bay, 3900",,,067 993 6889,no,,3.0,2,open,-28.7784248,32.1051878,"printers in Richards Bay, KwaZulu-Natal, South Africa",https://www.google.com/maps/place/20+Sided+Dice+-+3D+Print+Studio/data=!4m7!3m6!1s0x1efa2337facdf77d:0xdf0b92590aa2dec5!8m2!3d-28.7784248!4d32.1051878!16s%2Fg%2F11jtymwv30!19sChIJfffN-jcj-h4Rxd6iClmSC98
Business Zone the 369 CC T/a CK Accounting Service,Accountant,"60 Dollar Dr, Richards Bay Central, Richards Bay, 3900",Richards Bay Central,Richards Bay,035 789 6306,no,,5,4,open,-28.759925,32.041832899999996,"accountants in Richards Bay, KwaZulu-Natal, South Africa",https://www.google.com/maps/place/?q=place_id:ChIJf-3_cR8j-h4RHU91OZROYzw&cid=0x1efa231f71ffed7f:0x3c634e9439754f1d
Khulubone Accounting Services,Accountant,"25 Elephant Walk, Wild En Weide, Richards Bay, 3900",Wild En Weide,Richards Bay,035 492 0040,no,,4.7,3,open,-28.73771,32.047939,"accountants in Richards Bay, KwaZulu-Natal, South Africa",https://www.google.com/maps/place/?q=place_id:ChIJQY5sPi0j-h4R-njKiZjDeo4&cid=0x1efa232d3e6c8e41:0x8e7ac39889ca78fa
NKUNZI ZUNGU BOOKKEEPING,Accountant,"30 Addison St, Empangeni Central, Empangeni, 3880",,,035 772 1080,no,,5.0,2,open,-28.7391342,31.8923537,"bookkeepers in Richards Bay, KwaZulu-Natal, South Africa",https://www.google.com/maps/place/NKUNZI+ZUNGU+BOOKKEEPING/data=!4m7!3m6!1s0x1efa10d71274a5bf:0xe33bbb5a7779422!8m2!3d-28.7391342!4d31.8923537!16s%2Fg%2F1tf1ky3c!19sChIJv6V0EtcQ-h4RIpR3p7W7Mw4
SM Accounting And Tax Consultants,Accountant,"11 Metica Moon, Central, Richards Bay, 3900",Central,Richards Bay,035 789 3150,no,,3,3,open,-28.7534274,32.0491927,"accountants in Richards Bay, KwaZulu-Natal, South Africa",https://www.google.com/maps/place/?q=place_id:ChIJH__PMCMj-h4RZc3-5ogTp0E&cid=0x1efa232330cfff1f:0x41a71388e6fecd65
Symwest and Associates,Accountant,"39 Krewelkring, Meer En See, Richards Bay, 3901",,,035 753 1601,no,,5.0,1,open,-28.7860105,32.0991928,"bookkeepers in Richards Bay, KwaZulu-Natal, South Africa",https://www.google.com/maps/place/Symwest+and+Associates/data=!4m7!3m6!1s0x1efa2413370ff325:0x530927ceb1c40090!8m2!3d-28.7860105!4d32.0991928!16s%2Fg%2F11c6y93158!19sChIJJfMPNxMk-h4RkADEsc4nCVM
V D M ACCOUNTING,Accountant,"99 Bullion Blvd, CBD, Richards Bay, 3900",,,035 789 9096,no,,,,open,-28.7556415,32.0450554,"accountants in Richards Bay, KwaZulu-Natal, South Africa",https://www.google.com/maps/place/V+D+M+ACCOUNTING/data=!4m7!3m6!1s0x1efa2324e82ff343:0x6aef794bcbddfa19!8m2!3d-28.7556415!4d32.0450554!16s%2Fg%2F11bzv_flvg!19sChIJQ_Mv6CQj-h4RGfrdy0t572o
Waller Gilliver and Associates,Accountant,"2 Krugerrand Grv, Richards Bay Central, Richards Bay, 3900",Richards Bay Central,Richards Bay,035 789 1257,no,,5,1,open,-28.750961999999998,32.053530699999996,"accountants in Richards Bay, KwaZulu-Natal, South Africa",https://www.google.com/maps/place/?q=place_id:ChIJeTbKLzsj-h4RYLHqFxUpArs&cid=0x1efa233b2fca3679:0xbb02291517eab160
AGG SERVICES,Accounting firm,"CBD, Richards Bay, 3900",,Richards Bay,081 458 8930,no,,5,1,open,-28.7807276,32.0382856,"accountants in Richards Bay, KwaZulu-Natal, South Africa",https://www.google.com/maps/place/?q=place_id:ChIJVVVVVVUi-h4R_YJ5QE11_1o&cid=0x1efa225555555555:0x5aff754d407982fd
BeeSeeWells Accountants,Accounting firm,"1st Floor, Unit 47 Bellingham Park, Penny Ln, CBD, Richards Bay, 3900",,,076 728 5182,no,,,,open,-28.7531219,32.049706,"bookkeepers in Richards Bay, KwaZulu-Natal, South Africa",https://www.google.com/maps/place/BeeSeeWells+Accountants/data=!4m7!3m6!1s0x1efa23233532a5c7:0xc8fbcc6013f03a0d!8m2!3d-28.7531219!4d32.049706!16s%2Fg%2F11j86pg7q_!19sChIJx6UyNSMj-h4RDTrwE2DM-8g
Blue Sky Accounting,Accounting firm,"1, 70 Dollar Dr, Richards Bay Central, Richards Bay, 3900",Richards Bay Central,Richards Bay,035 789 0409,no,,4.8,4,open,-28.7582213,32.0424775,"accountants in Richards Bay, KwaZulu-Natal, South Africa",https://www.google.com/maps/place/?q=place_id:ChIJLx4oOLAj-h4Rr44is1_0ZRA&cid=0x1efa23b038281e2f:0x1065f45fb3228eaf
Chaps Bookkeeper,Accounting firm,"3 Ladyfish Nook, Meer En See, Richards Bay, 3900",Meer En See,Richards Bay,062 382 8546,no,,,,open,-28.778316099999998,32.1021013,"bookkeepers in Richards Bay, KwaZulu-Natal, South Africa",https://www.google.com/maps/place/?q=place_id:ChIJSdSuLecl-h4R5HYD70NOkB0&cid=0x1efa25e72daed449:0x1d904e43ef0376e4
Edu Accounting and Auditors,Accounting firm,"Lakeview Terraces Building 4th Floor, Regus Central Business District, Richards Bay, 3900",Richards Bay Central,Richards Bay,031 003 5562,no,,5,2,open,-28.7527138,32.049465399999995,"accountants in Richards Bay, KwaZulu-Natal, South Africa",https://www.google.com/maps/place/?q=place_id:ChIJhXOnHfEj-h4RBLbyo9apFII&cid=0x1efa23f11da77385:0x8214a9d6a3f2b604
Inkazimulo Business and Advisory Services,Accounting firm,"8 Galjoengolf, Meer En See, Richards Bay, 3901",Meer En See,Richards Bay,035 753 1150,no,,4.8,8,open,-28.782062,32.096208,"accountants in Richards Bay, KwaZulu-Natal, South Africa",https://www.google.com/maps/place/?q=place_id:ChIJxfiaX6Ml-h4RKWgiLhh3O2k&cid=0x1efa25a35f9af8c5:0x693b77182e226829
LSLW Business Consultation,Accounting firm,"Office 408, 4th Floor, Terraces, Penny Ln, Richards Bay Central, Richards Bay, 3900",Richards Bay Central,Richards Bay,083 938 2717,no,,5,1,open,-28.7531219,32.049706,"accountants in Richards Bay, KwaZulu-Natal, South Africa",https://www.google.com/maps/place/?q=place_id:ChIJPyXC1WIj-h4R9lvpxmC1x68&cid=0x1efa2362d5c2253f:0xafc7b560c6e95bf6
MM Accounting Professionals,Accounting firm,"4th Floor, Lakeview Terrace, 7 Penny Ln, Richards Bay Central, Richards Bay, 3900",,,060 358 1093,no,,,,open,-28.7525646,32.0494856,"accountants in Richards Bay, KwaZulu-Natal, South Africa",https://www.google.com/maps/place/MM+Accounting+Professionals/data=!4m7!3m6!1s0x1efa237a6784b051:0xea518b3031d41da1!8m2!3d-28.7525646!4d32.0494856!16s%2Fg%2F11v44hzlg0!19sChIJUbCEZ3oj-h4RoR3UMTCLUeo
PX Accountants and tax consultants.,Accounting firm,"98 Bullion Blvd, Richards Bay Central, Richards Bay, 3900",Richards Bay Central,Richards Bay,078 558 2486,no,,2,1,open,-28.755747799999998,32.0455872,"accountants in Richards Bay, KwaZulu-Natal, South Africa",https://www.google.com/maps/place/?q=place_id:ChIJMRUhNR6KQ6wRimO-1T7V3VI&cid=0xac438a1e35211531:0x52ddd53ed5be638a
Thebado Consulting Service,Accounting firm,"23 Lira Link, Arboretum, Richards Bay, 3900",Arboretum,Richards Bay,076 396 6288,no,,,,open,-28.752993099999998,32.0537857,"accountants in Richards Bay, KwaZulu-Natal, South Africa",https://www.google.com/maps/place/?q=place_id:ChIJywNQ3nQj-h4RE5g_5pXBl_Q&cid=0x1efa2374de5003cb:0xf497c195e63f9813
KNT Solutions | Innovative Droning Services,Aerial photographer,"3 Via Mammalia, Wild En Weide, Richards Bay, 3900",,,081 500 1880,no,,5.0,1,open,-28.7366933,32.0478156,"photographers in Richards Bay, KwaZulu-Natal, South Africa",https://www.google.com/maps/place/KNT+Solutions+%7C+Innovative+Droning+Services/data=!4m7!3m6!1s0x1efa236e531acc6b:0x7a510f0f3d9ac5a0!8m2!3d-28.7366933!4d32.0478156!16s%2Fg%2F11t171d7p4!19sChIJa8waU24j-h4RoMWaPQ8PUXo
Bay Daycare Centre,After school program,"25 Tipuana, Arboretum, Richards Bay, 3900",Arboretum,Richards Bay,035 789 8838,no,,,,open,-28.7608748,32.0608216,"creche and daycare in Richards Bay, KwaZulu-Natal, South Africa",https://www.google.com/maps/place/?q=place_id:ChIJI0c2MhMj-h4RheXNGqx0gxY&cid=0x1efa231332364723:0x168374ac1acde585
Bizathina Technologies (Pty) Ltd,Air conditioning contractor,"Unit 10, 50 Ceramic Curve, Alton, Richards Bay, 3900",Alton,Richards Bay,083 732 2942,no,,2.9,10,open,-28.745217399999998,32.0359866,"air conditioning installation in Richards Bay, KwaZulu-Natal, South Africa",https://www.google.com/maps/place/?q=place_id:ChIJgWMie9M8-h4RK4oGWeBaDLI&cid=0x1efa3cd37b226381:0xb20c5ae059068a2b
Capital Cooling (PTY) LTD,Air conditioning contractor,"Meer En See, Richards Bay, 3901",,,063 697 6713,no,,,,open,-28.776821,32.1121466,"air conditioning installation in Richards Bay, KwaZulu-Natal, South Africa",https://www.google.com/maps/place/Capital+Cooling+%28PTY%29+LTD/data=!4m7!3m6!1s0x1efa244155555555:0xf7de88fc9032a08e!8m2!3d-28.776821!4d32.1121466!16s%2Fg%2F11fxc109fs!19sChIJVVVVVUEk-h4RjqAykPyI3vc
D C REFRIGERATION DISTRIBUTORS,Air conditioning contractor,"Shop 3, 3 Morris Rd, Empangeni rail, Empangeni, 3920",Empangeni rail,Empangeni,081 564 7143,no,,4.7,3,open,-28.768687,31.9048968,"air conditioning installation in Richards Bay, KwaZulu-Natal, South Africa",https://www.google.com/maps/place/?q=place_id:ChIJSbHQFjAj-h4RVcPlNFzR6Gg&cid=0x1efa233016d0b149:0x68e8d15c34e5c355
Gmc Aircon,Air conditioning contractor,"81 Ceramic Curve, Alton, Richards Bay, 3900",,,,no,,,,open,-28.7364785,32.0389039,"air conditioning installation in Richards Bay, KwaZulu-Natal, South Africa",https://www.google.com/maps/place/Gmc+Aircon/data=!4m7!3m6!1s0x1efa3cd5719314c1:0x98a703db6ac778a8!8m2!3d-28.7364785!4d32.0389039!16s%2Fg%2F11jwsqcnyz!19sChIJwRSTcdU8-h4RqHjHatsDp5g
Metro Refrigeration and Air Conditioning Pty Ltd,Air conditioning contractor,,,,075 421 0237,no,,3.0,2,open,-28.6818159,31.828742,"air conditioning installation in Richards Bay, KwaZulu-Natal, South Africa",https://www.google.com/maps/place/Metro+Refrigeration+and+Air+Conditioning+Pty+Ltd/data=!4m7!3m6!1s0x4931908babe05cdf:0x96dbd5a42e414ba1!8m2!3d-28.6818159!4d31.828742!16s%2Fg%2F11yvhc9pj6!19sChIJ31zgq4uQMUkRoUtBLqTV25Y
Twin Core pty LTD,Air conditioning contractor,"lot 13783B, Mandlazini, Richards Bay, 3900",,,,no,,,,open,-28.7374096,32.1149578,"air conditioning installation in Richards Bay, KwaZulu-Natal, South Africa",https://www.google.com/maps/place/Twin+Core+pty+LTD/data=!4m7!3m6!1s0x1efa255550a86b09:0x707d7f0ded772db4!8m2!3d-28.7374096!4d32.1149578!16s%2Fg%2F11yxk3b8nh!19sChIJCWuoUFUl-h4RtC137Q1_fXA
Just Cool Auto Airconditioning,Air conditioning repair service,"28 Copper Dr, Kuleka, Empangeni, 3880",,,,no,,4.7,3,open,-28.7762498,31.89538,"air conditioning installation in Richards Bay, KwaZulu-Natal, South Africa",https://www.google.com/maps/place/Just+Cool+Auto+Airconditioning/data=!4m7!3m6!1s0x1efa11beb611fd51:0xbc5b2b94989c193a!8m2!3d-28.7762498!4d31.89538!16s%2Fg%2F11hzyznb9r!19sChIJUf0Rtr4R-h4ROhmcmJQrW7w
"NRB ALUMINIUM DOORS, FRAMES AND GLASS HEAD OFFICE ( RICHARDS BAY )",Aluminum frames supplier,"2, 13 Bronze Bar, Alton, Richards Bay",,,,no,,,,open,-28.7473553,32.0235914,"aluminium and glass in Richards Bay, KwaZulu-Natal, South Africa","https://www.google.com/maps/place/NRB+ALUMINIUM+DOORS,+FRAMES+AND+GLASS+HEAD+OFFICE+%28+RICHARDS+BAY+%29/data=!4m7!3m6!1s0x1efa23192ef9f883:0xd417e0f59bb6ac89!8m2!3d-28.7473553!4d32.0235914!16s%2Fg%2F11q8sltw_l!19sChIJg_j5Lhkj-h4Riay2m_XgF9Q"
R B Aluminium & Glass,Aluminum frames supplier,"115 Dollar Dr, Richards Bay Central, Richards Bay, 3900",Richards Bay Central,Richards Bay,035 789 4567,no,,,,open,-28.7537557,32.044162899999996,"aluminium and glass in Richards Bay, KwaZulu-Natal, South Africa",https://www.google.com/maps/place/?q=place_id:ChIJo0pQWCEj-h4RCXyIWAnpj6E&cid=0x1efa232158504aa3:0xa18fe90958887c09
Aluminium Glass Maintenance and Multi Supplies,Aluminum supplier,"13 Rupee Rif, Richards Bay Central, Richards Bay, 3900",Richards Bay Central,Richards Bay,035 789 3611,no,,3.3,3,open,-28.746268399999998,32.0488187,"aluminium and glass in Richards Bay, KwaZulu-Natal, South Africa",https://www.google.com/maps/place/?q=place_id:ChIJT0j8VyUj-h4RhW9fyBVFFHE&cid=0x1efa232557fc484f:0x71144515c85f6f85
Mtec Powder SA (Pty) Ltd,Aluminum supplier,"4 Harbour Arterial, Richards Bay, 3900",,Richards Bay,035 940 1769,no,,5,1,open,-28.782117399999997,32.016534199999995,"aluminium and glass in Richards Bay, KwaZulu-Natal, South Africa",https://www.google.com/maps/place/?q=place_id:ChIJPcayb3kj-h4RbbkIYpdTFBU&cid=0x1efa23796fb2c63d:0x151453976208b96d
"WF ALUMINIUM, GLASS AND BUILDING MAINTENANCE",Aluminum supplier,,,,083 301 2594,no,,,,open,-34.6283864,27.2516952,"aluminium and glass in Richards Bay, KwaZulu-Natal, South Africa","https://www.google.com/maps/place/WF+ALUMINIUM,+GLASS+AND+BUILDING+MAINTENANCE/data=!4m7!3m6!1s0x1efa23c127888d49:0x1d329be16d0d9713!8m2!3d-34.6283864!4d27.2516952!16s%2Fg%2F11fb0qj9jr!19sChIJSY2IJ8Ej-h4RE5cNbeGbMh0"
THATHA ZONKE,Animal feed store,"Shop 4 PIPER BUILDING, Cnr, Mark Strasse, Bullion Blvd, CBD, Richards Bay, 3900",CBD,Richards Bay,079 706 3699,no,,3,12,open,-28.7530182,32.0484388,"pet shops in Richards Bay, KwaZulu-Natal, South Africa",https://www.google.com/maps/place/?q=place_id:ChIJY0QwkCQj-h4R0EfdmoClAoY&cid=0x1efa232490304463:0x8602a5809add47d0
CRAIG'S TREE FELLING,Arborist service,"56 Tipuana, Arboretum, Richards Bay, 3900",,,,no,,,,open,-28.7601355,32.0608322,"landscaping and garden services in Richards Bay, KwaZulu-Natal, South Africa",https://www.google.com/maps/place/CRAIG%27S+TREE+FELLING/data=!4m7!3m6!1s0x1efa23aefa38c505:0x4d21a7f539ad8fde!8m2!3d-28.7601355!4d32.0608322!16s%2Fg%2F11nnvcf523!19sChIJBcU4-q4j-h4R3o-tOfWnIU0
"Roche Neethling - Emotive-Realism Artist in Richards Bay, South Africa",Artist,"58B Geranium Pl, Veld En Vlei, Richards Bay, 3900",Veld En Vlei,Richards Bay,063 286 8311,no,,4.7,7,open,-28.734032799999998,32.0596634,"photographers in Richards Bay, KwaZulu-Natal, South Africa",https://www.google.com/maps/place/?q=place_id:ChIJxWUmThkj-h4RKUyQak6Cbd8&cid=0x1efa23194e2665c5:0xdf6d824e6a904c29
Richards Bay Asphalt's Construction,Asphalt contractor,"Esikhawini H, Richards Bay, 3887",Esikhawini H,Richards Bay,035 796 4328,no,,,,open,-28.8676839,31.9160211,"paving contractors in Richards Bay, KwaZulu-Natal, South Africa",https://www.google.com/maps/place/?q=place_id:ChIJVVVVVboe-h4RJYLb_hxaiR4&cid=0x1efa1eba55555555:0x1e895a1cfedb8225
Zululand Auctioneers,Auction house,"122 Dollar Dr, Esikhawini H, Richards Bay, 3900",,,,no,,4.0,1,open,-28.7533125,32.0449569,"estate agents in Richards Bay, KwaZulu-Natal, South Africa",https://www.google.com/maps/place/Zululand+Auctioneers/data=!4m7!3m6!1s0x1efa2323f1405555:0x8e37626403e858cc!8m2!3d-28.7533125!4d32.0449569!16s%2Fg%2F11p0696w53!19sChIJVVVA8SMj-h4RzFjoA2RiN44
Cool 2 Go Auto Aircon & Fitment Centre,Auto air conditioning service,"Unit 2, Cable House, 107 Dollar Dr, Richards Bay Central, Richards Bay, 3900",Richards Bay Central,Richards Bay,081 433 6267,no,,4.6,67,open,-28.7552386,32.043503199999996,"air conditioning installation in Richards Bay, KwaZulu-Natal, South Africa",https://www.google.com/maps/place/?q=place_id:ChIJ8XJ_ZSEj-h4R4pZbhDVnXXk&cid=0x1efa2321657f72f1:0x795d6735845b96e2
Marvic Panelbeaters,Auto body shop,"119 Dollar Dr, Richards Bay Central, Richards Bay, 3900",,,035 789 8856,no,,2.8,62,open,-28.7532844,32.044384,"painters in Richards Bay, KwaZulu-Natal, South Africa",https://www.google.com/maps/place/Marvic+Panelbeaters/data=!4m7!3m6!1s0x1efa23b56549c3f1:0x5b2fe62fed033d5b!8m2!3d-28.7532844!4d32.044384!16s%2Fg%2F1tvyp11n!19sChIJ8cNJZbUj-h4RWz0D7S_mL1s
Shalom Car Body Specialists,Auto body shop,"81 Ceramic Curve, Alton, Richards Bay, 3900",,,035 751 2176,no,,4.8,65,open,-28.73649,32.0388993,"painters in Richards Bay, KwaZulu-Natal, South Africa",https://www.google.com/maps/place/Shalom+Car+Body+Specialists/data=!4m7!3m6!1s0x1efa3cd570a1d829:0xa6cec82d2e60eff7!8m2!3d-28.73649!4d32.0388993!16s%2Fg%2F1pzw11ywr!19sChIJKdihcNU8-h4R9-9gLi3IzqY
Spectrum Panel Beaters,Auto body shop,"uMhlathuze, Tanner Rd, 3880",Mpangele,Empangeni,072 671 7745,no,,5,1,open,-28.7686,31.9057,"panel beaters in Richards Bay, KwaZulu-Natal, South Africa",https://www.google.com/maps/place/?q=place_id:ChIJm4K9hlMX-h4RDoffj-5q7xM&cid=0x1efa175386bd829b:0x13ef6aee8fdf870e
ANDERSONS AUTO ELECTRICAL AND AIR CONDITIONING,Auto electrical service,"106 Dollar Dr, Richards Bay Central, Richards Bay, 3900",,,067 466 8344,no,,5.0,1,open,-28.7556349,32.0438691,"electricians in Richards Bay, KwaZulu-Natal, South Africa",https://www.google.com/maps/place/ANDERSONS+AUTO+ELECTRICAL+AND+AIR+CONDITIONING/data=!4m7!3m6!1s0x1efa231b0848d6a9:0x17bbfd03a1d0e819!8m2!3d-28.7556349!4d32.0438691!16s%2Fg%2F11s9yb2rdg!19sChIJqdZICBsj-h4RGejQoQP9uxc
Hotline Auto,Auto electrical service,"10 Dollar Dr, Richards Bay Central, Richards Bay, 3900",,,,no,,,,open,-28.7538526,32.0451808,"auto electricians in Richards Bay, KwaZulu-Natal, South Africa",https://www.google.com/maps/place/Hotline+Auto/data=!4m7!3m6!1s0x1efa2323eb886635:0x9d2b34ed3a6f622e!8m2!3d-28.7538526!4d32.0451808!16s%2Fg%2F11gdzfhrwr!19sChIJNWaI6yMj-h4RLmJvOu00K50
MOTOLEK - SJ AUTO ELECTRICAL,Auto electrical service,"13 Ceramic Curve, Alton, Richards Bay, 3900",,,035 751 2088,no,,4.4,56,open,-28.7526631,32.0308258,"electricians in Richards Bay, KwaZulu-Natal, South Africa",https://www.google.com/maps/place/MOTOLEK+-+SJ+AUTO+ELECTRICAL/data=!4m7!3m6!1s0x1efa22da6910033d:0xcf482c9d10d49ff8!8m2!3d-28.7526631!4d32.0308258!16s%2Fg%2F11c57dlr6n!19sChIJPQMQadoi-h4R-J_UEJ0sSM8
Mark's Auto,Auto electrical service,"Unit 1, 29 Dollar Dr, Alton, Richards Bay, 3900",Alton,Richards Bay,035 789 2830,no,,3,2,open,-28.756233299999998,32.044701499999995,"auto electricians in Richards Bay, KwaZulu-Natal, South Africa",https://www.google.com/maps/place/?q=place_id:ChIJVbe4vLAj-h4Rrcyr7WuUlgI&cid=0x1efa23b0bcb8b755:0x296946bedabccad
Mobile Auto electrical,Auto electrical service,"7b Dassiedal, Wild En Weide, Richards Bay, 3900",Wild En Weide,Richards Bay,073 178 6843,no,,5,1,open,-28.731511899999997,32.0469797,"auto electricians in Richards Bay, KwaZulu-Natal, South Africa",https://www.google.com/maps/place/?q=place_id:ChIJr-iLkBsj-h4Ri8SC1nblBVU&cid=0x1efa231b908be8af:0x5505e576d682c48b
ROMARK SERVICE CENTRE,Auto electrical service,"11 Peseta Parade, CBD, Richards Bay, 3900",,,074 626 3549,no,,3.7,3,open,-28.746393,32.0473057,"auto electricians in Richards Bay, KwaZulu-Natal, South Africa",https://www.google.com/maps/place/ROMARK+SERVICE+CENTRE/data=!4m7!3m6!1s0x1efa2341b90f87f1:0x4f1d0259dbdff6f3!8m2!3d-28.746393!4d32.0473057!16s%2Fg%2F11h84xkz2b!19sChIJ8YcPuUEj-h4R8_bf21kCHU8
Diesel- Electric (zululand) cc Bosch Automotive wholesaler,Auto parts store,"69 Dollar Dr, Richards Bay Central, Richards Bay, 3900",Richards Bay Central,Richards Bay,035 789 0604,no,,4.3,29,open,-28.760578,32.041581,"auto electricians in Richards Bay, KwaZulu-Natal, South Africa",https://www.google.com/maps/place/?q=place_id:ChIJB1w-DB8j-h4RNC3YYVhL4Ds&cid=0x1efa231f0c3e5c07:0x3be04b5861d82d34
24/7 Auto Body speed Repairs,Auto repair shop,"40 Ceramic Curve, Alton, Richards Bay, 3900",,,035 751 1110,no,,3.5,2,open,-28.7475003,32.0345896,"car repair mechanics in Richards Bay, KwaZulu-Natal, South Africa",https://www.google.com/maps/place/24%2F7+Auto+Body+speed+Repairs/data=!4m7!3m6!1s0x1efa22d6fc998609:0x2d62ca28dc12c296!8m2!3d-28.7475003!4d32.0345896!16s%2Fg%2F1v8qz45c!19sChIJCYaZ_NYi-h4RlsIS3CjKYi0
Awethu Auto Repairs and Mechanical (Pty) Ltd,Auto repair shop,"Richards Bay Central, Richards Bay, 3900",Richards Bay Central,Richards Bay,065 942 3454,no,,5,2,open,-28.7403926,32.0458935,"car repair mechanics in Richards Bay, KwaZulu-Natal, South Africa",https://www.google.com/maps/place/?q=place_id:ChIJLeCdpYEj-h4RSfTdLWf7BUM&cid=0x1efa2381a59de02d:0x4305fb672dddf449
Bayview Auto Repairs,Auto repair shop,"Unit D, 18 Peseta Parade, Richards Bay Central, Richards Bay, 3900",Richards Bay Central,Richards Bay,083 292 7034,no,,2.5,4,open,-28.7456331,32.0485938,"car repair mechanics in Richards Bay, KwaZulu-Natal, South Africa",https://www.google.com/maps/place/?q=place_id:ChIJ-x8dFDwj-h4RNvrd6kKsgEg&cid=0x1efa233c141d1ffb:0x4880ac42eaddfa36
Coast 2 Coast Mechanical Solutions,Auto repair shop,"39 Ceramic Curve, Alton, Bay, 3900",,,081 028 7364,no,,4.8,19,open,-28.7465777,32.0343233,"car repair mechanics in Richards Bay, KwaZulu-Natal, South Africa",https://www.google.com/maps/place/Coast+2+Coast+Mechanical+Solutions/data=!4m7!3m6!1s0x1efa238bd05899c5:0xdef2cd783ac03c2d!8m2!3d-28.7465777!4d32.0343233!16s%2Fg%2F11j80rrkkj!19sChIJxZlY0Isj-h4RLTzAOnjN8t4
Coastal Auto Repairs T/a E/Car,Auto repair shop,"1 Rupee Rif, Richards Bay Central, Richards Bay, 3900",,,035 789 0111,no,,4.0,2,open,-28.74821,32.04786,"car repair mechanics in Richards Bay, KwaZulu-Natal, South Africa",https://www.google.com/maps/place/Coastal+Auto+Repairs+T%2Fa+E%2FCar/data=!4m7!3m6!1s0x1efa23256ca8e0e9:0x1e6ed72731ff35e0!8m2!3d-28.74821!4d32.04786!16s%2Fg%2F1pzrm426n!19sChIJ6eCobCUj-h4R4DX_MSfXbh4
HOTLINE AUTO ELECTRICAL & MECHANICAL SERVICES & SA,Auto repair shop,"65 Dollar Dr, Richards Bay Central, Richards Bay, 3900",,,035 789 1888,no,,3.0,2,open,-28.7607438,32.0421369,"electricians in Richards Bay, KwaZulu-Natal, South Africa",https://www.google.com/maps/place/HOTLINE+AUTO+ELECTRICAL+%26+MECHANICAL+SERVICES+%26+SA/data=!4m7!3m6!1s0x1efa231f16c8d52f:0x92d188044321f52c!8m2!3d-28.7607438!4d32.0421369!16s%2Fg%2F1tdtysjr!19sChIJL9XIFh8j-h4RLPUhQwSI0ZI
Joe's Auto Dynamics,Auto repair shop,"55 Ceramic Curve, Alton, Richards Bay, 3900",,,072 198 9443,no,,4.3,3,open,-28.742774,32.036454,"car repair mechanics in Richards Bay, KwaZulu-Natal, South Africa",https://www.google.com/maps/place/Joe%27s+Auto+Dynamics/data=!4m7!3m6!1s0x1efa23d604f8661b:0x6ab162360d55a266!8m2!3d-28.742774!4d32.036454!16s%2Fg%2F11tfv4p9gf!19sChIJG2b4BNYj-h4RZqJVDTZisWo
KZN Enterprise,Auto repair shop,"11 Peseta Parade, CBD, Richards Bay, 3900",CBD,Richards Bay,084 352 8878,no,,3.8,4,open,-28.746409399999997,32.0473212,"panel beaters in Richards Bay, KwaZulu-Natal, South Africa",https://www.google.com/maps/place/?q=place_id:ChIJsSKwStci-h4RQZd3_Mubr30&cid=0x1efa22d74ab022b1:0x7daf9bcbfc779741
N R B Auto Electrical (Pty) Ltd,Auto repair shop,"73 Dollar Dr, Richards Bay Central, Richards Bay, 3900",,,072 764 7013,no,,3.0,2,open,-28.7601215,32.0409734,"electricians in Richards Bay, KwaZulu-Natal, South Africa",https://www.google.com/maps/place/N+R+B+Auto+Electrical+%28Pty%29+Ltd/data=!4m7!3m6!1s0x1efa231f9c2798bb:0x53998e26272981da!8m2!3d-28.7601215!4d32.0409734!16s%2Fg%2F1pzs96sjr!19sChIJu5gnnB8j-h4R2oEpJyaOmVM
N R B Auto Electrical C C,Auto repair shop,"96 Alumina Allee St, Alton, Richards Bay, 3900",,,035 751 1133,no,,,,open,-28.7485912,32.0324584,"auto electricians in Richards Bay, KwaZulu-Natal, South Africa",https://www.google.com/maps/place/N+R+B+Auto+Electrical+C+C/data=!4m7!3m6!1s0x1efa22d0d4ffdd8f:0xeef73995342879a1!8m2!3d-28.7485912!4d32.0324584!16s%2Fg%2F1tfdv0mz!19sChIJj93_1NAi-h4RoXkoNJU59-4
N R B Tyre Centre C C,Auto repair shop,"3 Rupee Rif, Richards Bay Central, Richards Bay, 3900",,,035 789 3405,no,,5.0,1,open,-28.7479081,32.0480486,"tyre shops in Richards Bay, KwaZulu-Natal, South Africa",https://www.google.com/maps/place/N+R+B+Tyre+Centre+C+C/data=!4m7!3m6!1s0x1efa232557fc484f:0x7ee204ade8a14817!8m2!3d-28.7479081!4d32.0480486!16s%2Fg%2F1vn4kbyy!19sChIJT0j8VyUj-h4RF0ih6K0E4n4
Radebe Car Renewal Panel Beaters,Auto repair shop,"Ezimele, Main road, Esikhaleni, Empangeni, 3887",Esikhaleni,Empangeni,069 476 7672,no,,,,open,-28.9008349,31.9079423,"panel beaters in Richards Bay, KwaZulu-Natal, South Africa",https://www.google.com/maps/place/?q=place_id:ChIJIeIcHdIf-h4RaCR0yqPz0Vk&cid=0x1efa1fd21d1ce221:0x59d1f3a3ca742468
Regional auto electrical,Auto repair shop,"31 Alumina Allee St, Alton, Richards Bay",,,082 873 7646,no,,3.5,2,open,-28.766125,32.017523,"electricians in Richards Bay, KwaZulu-Natal, South Africa",https://www.google.com/maps/place/Regional+auto+electrical/data=!4m7!3m6!1s0x1efa22ea90596675:0x9b1f4f3b038dbdd2!8m2!3d-28.766125!4d32.017523!16s%2Fg%2F11b6hv72_r!19sChIJdWZZkOoi-h4R0r2NAztPH5s
Supatech Tyre & Exhaust,Auto repair shop,"Border Rd, Mpangele, Empangeni, 3910",,,035 787 2424,no,,5.0,1,open,-28.7716788,31.908911,"tyre shops in Richards Bay, KwaZulu-Natal, South Africa",https://www.google.com/maps/place/Supatech+Tyre+%26+Exhaust/data=!4m7!3m6!1s0x1efa17566a8393df:0xb3d4fcfdfc3fc4d8!8m2!3d-28.7716788!4d31.908911!16s%2Fg%2F1pzsqjcr3!19sChIJ35ODalYX-h4R2MQ__P381LM
TYRE CORPORATION,Auto repair shop,"108 Alumina Allee St, Alton, Richards Bay, 3900",,,035 797 5770,no,,5.0,1,open,-28.7442886,32.0346971,"tyre shops in Richards Bay, KwaZulu-Natal, South Africa",https://www.google.com/maps/place/TYRE+CORPORATION/data=!4m7!3m6!1s0x1efa22d430a1dd61:0xd376c4fcb76a7aad!8m2!3d-28.7442886!4d32.0346971!16s%2Fg%2F11ggb8_gzx!19sChIJYd2hMNQi-h4RrXpqt_zEdtM
Umhlathuze Auto Care & Repairs,Auto repair shop,"122 Dollar Dr, Richards Bay Central, Richards Bay, 3900",Richards Bay Central,Richards Bay,076 747 6400,no,,3,4,open,-28.7483829,32.0469483,"car repair mechanics in Richards Bay, KwaZulu-Natal, South Africa",https://www.google.com/maps/place/?q=place_id:ChIJZ74q69Yi-h4Ryg3tt0Nz2zI&cid=0x1efa22d6eb2abe67:0x32db7343b7ed0dca
Umhlathuze Radiators & Aircons Regas,Auto repair shop,"10 Rupee Rif, Richards Bay Central, Richards Bay, 3900",,,035 789 2057,no,,,,open,-28.7472815,32.0489231,"air conditioning installation in Richards Bay, KwaZulu-Natal, South Africa",https://www.google.com/maps/place/Umhlathuze+Radiators+%26+Aircons+Regas/data=!4m7!3m6!1s0x1efa23255abaef67:0x8c6880077fc005d7!8m2!3d-28.7472815!4d32.0489231!16s%2Fg%2F1pzs_1386!19sChIJZ--6WiUj-h4R1wXAfweAaIw
Zululand Springsmiths,Auto repair shop,"Springsmith Factory:, 2 Kabelring, Alton, Richards Bay, 3900",,,072 182 7983,no,,4.4,25,open,-28.7654809,32.0082397,"air conditioning installation in Richards Bay, KwaZulu-Natal, South Africa",https://www.google.com/maps/place/Zululand+Springsmiths/data=!4m7!3m6!1s0x1efa22bcab4698a3:0x4ab65cab1ac2c0d6!8m2!3d-28.7654809!4d32.0082397!16s%2Fg%2F11b6ds_9jw!19sChIJo5hGq7wi-h4R1sDCGqtctko
Met Auto Electrical,Automotive,"1, Richards Bay Central, Richards Bay, 3900",,,,no,,,,open,-28.7478,32.04676,"auto electricians in Richards Bay, KwaZulu-Natal, South Africa",https://www.google.com/maps/place/Met+Auto+Electrical/data=!4m7!3m6!1s0x1efa232565abb2c7:0x9ea2730062c46694!8m2!3d-28.7478!4d32.04676!16s%2Fg%2F1tstmxxj!19sChIJx7KrZSUj-h4RlGbEYgBzop4
Albany Bakery - Empangeni,Bakery,"3 3rd St, Kuleka, Empangeni, 3880",Kuleka,Empangeni,035 787 2059,no,,4.7,32,open,-28.7775218,31.900879,"bakery in Richards Bay, KwaZulu-Natal, South Africa",https://www.google.com/maps/place/?q=place_id:ChIJn-i84u4b-h4R9pk3RllOawM&cid=0x1efa1beee2bce89f:0x36b4e59463799f6
Azaan's Cake Creations,Bakery,"19 Hoopoe Hide Away, Birdswood, Richards Bay, 3900",,,076 764 7759,no,,5.0,2,open,-28.7332791,32.0849069,"bakery in Richards Bay, KwaZulu-Natal, South Africa",https://www.google.com/maps/place/Azaan%27s+Cake+Creations/data=!4m7!3m6!1s0x1efa2512678209b5:0x49cb4b2275245590!8m2!3d-28.7332791!4d32.0849069!16s%2Fg%2F11jy58tqg6!19sChIJtQmCZxIl-h4RkFUkdSJLy0k
Bay Cakes,Bakery,"114 Krewelkring, Meer En See, Richards Bay, 3901",Meer En See,Richards Bay,084 534 2463,no,,4,1,open,-28.776827599999997,32.1046696,"bakery in Richards Bay, KwaZulu-Natal, South Africa",https://www.google.com/maps/place/?q=place_id:ChIJn-S3XQMl-h4Rh42G3bDD80o&cid=0x1efa25035db7e49f:0x4af3c3b0dd868d87
Cakes by Acoustic Creations,Bakery,"Acoustic Creations, Arboretum, Richards Bay, 3900",Arboretum,Richards Bay,073 325 1832,no,,,,open,-28.7654073,32.066408599999995,"bakery in Richards Bay, KwaZulu-Natal, South Africa",https://www.google.com/maps/place/?q=place_id:ChIJbWa_rR0j-h4R3K-zLJZrxIo&cid=0x1efa231dadbf666d:0x8ac46b962cb3afdc
Corner Bakery,Bakery,"73 Alumina Allee St, Alton, Richards Bay",,,,no,,,,open,-28.7602335,32.0226139,"bakery in Richards Bay, KwaZulu-Natal, South Africa",https://www.google.com/maps/place/Corner+Bakery/data=!4m7!3m6!1s0x1efa22c3c089459f:0xbb9aba302f5c3a0a!8m2!3d-28.7602335!4d32.0226139!16s%2Fg%2F11nym0xl1h!19sChIJn0WJwMMi-h4RCjpcLzC6mrs
Crazy Cravings,Bakery,"Honey Suckle, Veld En Vlei, Richards Bay, 3900",,,076 424 6337,no,,,,open,-28.738773,32.0684849,"bakery in Richards Bay, KwaZulu-Natal, South Africa",https://www.google.com/maps/place/Crazy+Cravings/data=!4m7!3m6!1s0x1efa231042194863:0x827b5940567985ec!8m2!3d-28.738773!4d32.0684849!16s%2Fg%2F11mpc47txy!19sChIJY0gZQhAj-h4R7IV5VkBZe4I
Daniels bakery,Bakery,"Mdlebentshona, main road, Esikhawini H, Richards Bay, 3887",,,072 106 1875,no,,5.0,1,open,-28.8746428,31.8962592,"bakery in Richards Bay, KwaZulu-Natal, South Africa",https://www.google.com/maps/place/Daniels+bakery/data=!4m7!3m6!1s0x1efa1d3de1df639d:0x1e29c9601e3bc6a6!8m2!3d-28.8746428!4d31.8962592!16s%2Fg%2F11htq8ps8x!19sChIJnWPf4T0d-h4RpsY7HmDJKR4
Dessert'ed,Bakery,"7 Tassel-Berry, Arboretum, Richards Bay, 3900",,,073 344 1158,no,,,,open,-28.7552683,32.0570886,"bakery in Richards Bay, KwaZulu-Natal, South Africa",https://www.google.com/maps/place/Dessert%27ed/data=!4m7!3m6!1s0x1efa2360512f1025:0x29674fd3cae25954!8m2!3d-28.7552683!4d32.0570886!16s%2Fg%2F11y31rsh64!19sChIJJRAvUWAj-h4RVFniytNPZyk
Dreamy Cups Bakery & Supplies,Bakery,"Shop 3, 41 Bullion Blvd, Richards Bay Central, Richards Bay, 3900",Richards Bay Central,Richards Bay,081 845 8162,no,,5,5,open,-28.747619999999998,32.04895,"bakery in Richards Bay, KwaZulu-Natal, South Africa",https://www.google.com/maps/place/?q=place_id:ChIJdURuCXEj-h4RUw0U_zzfy_U&cid=0x1efa2371096e4475:0xf5cbdf3cff140d53
Gerda's D'vine cakes and catering services,Bakery,"4 Bauhinia bend road, Arboretum, Richards Bay, 3901",Arboretum,Richards Bay,076 467 1411,no,,4.4,7,open,-28.74787,32.05881,"bakery in Richards Bay, KwaZulu-Natal, South Africa",https://www.google.com/maps/place/?q=place_id:ChIJzenh6SMl-h4RZdannhRGUGg&cid=0x1efa2523e9e1e9cd:0x685046149ea7d665
HeavenSent Cakery,Bakery,"60 Cinnamon Cres, Brackenham, Richards Bay, 3900",Brackenham,Richards Bay,067 247 2074,no,,4.9,38,open,-28.726020499999997,32.045210499999996,"bakery in Richards Bay, KwaZulu-Natal, South Africa",https://www.google.com/maps/place/?q=place_id:ChIJTcXzh1E9-h4Rjce7Ml9WriU&cid=0x1efa3d5187f3c54d:0x25ae565f32bbc78d
Latash Creations,Bakery,"28 Bontebokboog, Wild En Weide, Richards Bay, 3900",,,,no,,5.0,1,open,-28.7343316,32.0445351,"bakery in Richards Bay, KwaZulu-Natal, South Africa",https://www.google.com/maps/place/Latash+Creations/data=!4m7!3m6!1s0x1efa3dda08c3c3c3:0x5c14ebd1257bd8b0!8m2!3d-28.7343316!4d32.0445351!16s%2Fg%2F11s33bfjmb!19sChIJw8PDCNo9-h4RsNh7JdHrFFw
Lydias Bakery,Bakery,"Nzalabantu cross roads Ward 5 Meerensee, Richards Bay, 3901",,Richards Bay,078 839 1699,no,,5,2,open,-28.718008899999997,32.1712851,"bakery in Richards Bay, KwaZulu-Natal, South Africa",https://www.google.com/maps/place/?q=place_id:ChIJEcpKSbgl-h4Rp8IiObuvy7Y&cid=0x1efa25b8494aca11:0xb6cbafbb3922c2a7
Manellys sweet tooth,Bakery,"Gobandlovu reserve, Esikhawini H, Richards Bay, 3887",,,073 447 2387,no,,,,open,-28.852176,31.9157855,"bakery in Richards Bay, KwaZulu-Natal, South Africa",https://www.google.com/maps/place/Manellys+sweet+tooth/data=!4m7!3m6!1s0x1efa199941addca1:0x351b9306c22bc314!8m2!3d-28.852176!4d31.9157855!16s%2Fg%2F11m_552778!19sChIJodytQZkZ-h4RFMMrwgaTGzU
Oh yes,Bakery,"Phase 3, Richards Bay - New, Richards Bay, 3900",,,073 794 4655,no,,,,open,-28.7439168,32.1044165,"bakery in Richards Bay, KwaZulu-Natal, South Africa",https://www.google.com/maps/place/Oh+yes/data=!4m7!3m6!1s0x1efa255d94e3fa05:0x9e27e378a87bde80!8m2!3d-28.7439168!4d32.1044165!16s%2Fg%2F11mrl45jkm!19sChIJBfrjlF0l-h4RgN57qHjjJ54
Owesi's Bakeries & Meals,Bakery,"I097, Dune Route, Mzingazi, Richards Bay",,,,no,,5.0,1,open,-28.7448562,32.1466366,"bakery in Richards Bay, KwaZulu-Natal, South Africa",https://www.google.com/maps/place/Owesi%27s+Bakeries+%26+Meals/data=!4m7!3m6!1s0x1efa25b76c465b67:0x52a885e01ea24f6b!8m2!3d-28.7448562!4d32.1466366!16s%2Fg%2F11tmk7h8vq!19sChIJZ1tGbLcl-h4Ra0-iHuCFqFI
Sasko Stanger Bakery,Bakery,"97 Alumina Allee St, Alton, Richards Bay, 3900",Alton,Richards Bay,035 797 3333,no,,4,6,open,-28.755129999999998,32.024969999999996,"bakery in Richards Bay, KwaZulu-Natal, South Africa",https://www.google.com/maps/place/?q=place_id:ChIJ7SxZkpUi-h4RfUcFF99iGJ0&cid=0x1efa229592592ced:0x9d1862df1705477d
Sips Sweet Cakes,Bakery,"1 Launder Ln, Meer En See, Richards Bay, 3901",Meer En See,Richards Bay,073 814 1115,no,,5,3,open,-28.790739199999997,32.0954946,"bakery in Richards Bay, KwaZulu-Natal, South Africa",https://www.google.com/maps/place/?q=place_id:ChIJgTtfwaMl-h4RlvMgBCh-P3U&cid=0x1efa25a3c15f3b81:0x753f7e280420f396
Sugar & Spice Boardwalk,Bakery,"11 Penny Ln, Richards Bay Central, Richards Bay, 3900",Richards Bay Central,Richards Bay,061 566 2681,no,,5,1,open,-28.7534423,32.0503625,"bakery in Richards Bay, KwaZulu-Natal, South Africa",https://www.google.com/maps/place/?q=place_id:ChIJq_NBupsj-h4RrYzIrscGSGU&cid=0x1efa239bba41f3ab:0x654806c7aec88cad
Tjips & Tjoklits Wedding Cakes,Bakery,"9 Drongo Domain, Birdswood, Richards Bay, 3900",Birdswood,Richards Bay,082 922 9081,no,,4.6,47,open,-28.7342804,32.080114099999996,"bakery in Richards Bay, KwaZulu-Natal, South Africa",https://www.google.com/maps/place/?q=place_id:ChIJoSzcnXcj-h4RDRYernS1Gjs&cid=0x1efa23779ddc2ca1:0x3b1ab574ae1e160d
The Ranch,Bar,"Essenwood Ctr Essenwood Way, Richards Bay, 3900",,,035 787 0914,no,,3.9,132,open,-28.7556626,32.0662102,"restaurants in Richards Bay, KwaZulu-Natal, South Africa",https://www.google.com/maps/place/The+Ranch/data=!4m7!3m6!1s0x1efa236a1e05215f:0xcbd3ff4b9e007fb0!8m2!3d-28.7556626!4d32.0662102!16s%2Fg%2F11b6df7d2k!19sChIJXyEFHmoj-h4RsH8Ankv_08s
035fresh_cuts,Barber shop,"Barbados Bay, Richards Bay Central, Richards Bay, 3900",Richards Bay Central,Richards Bay,078 273 5369,no,,4.9,18,open,-28.751627199999998,32.050103799999995,"barbers in Richards Bay, KwaZulu-Natal, South Africa",https://www.google.com/maps/place/?q=place_id:ChIJrRvgrasj-h4R1OuBO4L6T1M&cid=0x1efa23abade01bad:0x534ffa823b81ebd4
Barber on the Bay,Barber shop,"53 Anglers Rd, Meer En See, Richards Bay, 3901",Meer En See,Richards Bay,065 998 9070,no,,4.5,11,open,-28.7816679,32.0999785,"barbers in Richards Bay, KwaZulu-Natal, South Africa",https://www.google.com/maps/place/?q=place_id:ChIJTUkcPaYl-h4RczPUu3PhHpc&cid=0x1efa25a63d1c494d:0x971ee173bbd43373
CBH hair cut barbershop,Barber shop,"Phase 1, CBH haircut barbershop, Richards Bay - New, Richards Bay, 3900",Richards Bay - New,Richards Bay,079 924 7401,no,,,,open,-28.7377613,32.103706599999995,"barbers in Richards Bay, KwaZulu-Natal, South Africa",https://www.google.com/maps/place/?q=place_id:ChIJfWGD9tEl-h4RFJr8O3Cjux4&cid=0x1efa25d1f683617d:0x1ebba3703bfc9a14
Classic_empire_cutz barbershop 💈,Barber shop,"Suite 6, Absa Building, 7 Penny Lane, 1 st Floor, Richards Bay, 3900",Richards Bay Central,Richards Bay,063 207 2237,no,,5,3,open,-28.752084699999997,32.0502159,"barbers in Richards Bay, KwaZulu-Natal, South Africa",https://www.google.com/maps/place/?q=place_id:ChIJc332tvoj-h4RkdQFyBVDywk&cid=0x1efa23fab6f67d73:0x9cb4315c805d491
Cleanedup barbershop,Barber shop,"haiti mall, 14 Lira Link, Richards Bay Central, Richards Bay, 3900",,,063 178 5642,no,,4.3,37,open,-28.751102,32.0534869,"hairdressers in Richards Bay, KwaZulu-Natal, South Africa",https://www.google.com/maps/place/Cleanedup+barbershop/data=!4m7!3m6!1s0x1efa232f9c6d9ad1:0x28694b52de5245c4!8m2!3d-28.751102!4d32.0534869!16s%2Fg%2F11jk81hs0g!19sChIJ0ZptnC8j-h4RxEVS3lJLaSg
Ideal Barber Shop,Barber shop,"Richards Bay Central, Richards Bay, 3900",Richards Bay Central,Richards Bay,072 171 5512,no,,4.4,26,open,-28.752367399999997,32.0539248,"barbers in Richards Bay, KwaZulu-Natal, South Africa",https://www.google.com/maps/place/?q=place_id:ChIJUxWlcg8j-h4RzZhjEyQs5xE&cid=0x1efa230f72a51553:0x11e72c24136398cd
Master Barber,Barber shop,"Esikhawini H, Richards Bay, 3887",,,,no,,,,open,-28.8753906,31.904211,"barbers in Richards Bay, KwaZulu-Natal, South Africa",https://www.google.com/maps/place/Master+Barber/data=!4m7!3m6!1s0x1efa1f000ba2e055:0x61f4a0ef856144da!8m2!3d-28.8753906!4d31.904211!16s%2Fg%2F11zfhsh0vw!19sChIJVeCiCwAf-h4R2kRhhe-g9GE
Modern Gents Barber,Barber shop,"Calypso centre, Calypso Cove, Richards Bay Central, Richards Bay, 3900",Richards Bay Central,Richards Bay,083 964 3666,no,,5,9,open,-28.751889499999997,32.0525532,"barbers in Richards Bay, KwaZulu-Natal, South Africa",https://www.google.com/maps/place/?q=place_id:ChIJJ08ZHLkj-h4RdVwKoM0QCAk&cid=0x1efa23b91c194f27:0x90810cda00a5c75
SIMCRUSH BARBERSHOP,Barber shop,"Empangeni, Matshana, 3880",Empangeni,Matshana,067 660 1080,no,,,,open,-28.7608213,31.8961047,"barbers in Richards Bay, KwaZulu-Natal, South Africa",https://www.google.com/maps/place/?q=place_id:ChIJ02NjLuoR-h4RrG8JAHrUHf4&cid=0x1efa11ea2e6363d3:0xfe1dd47a00096fac
The Golden Touch Spa & Barber,Barber shop,"110 Rex Henderson Rd, Central Park, Empangeni, 3880",Central Park,Empangeni,068 105 5546,no,,5,2,open,-28.7533732,31.8967913,"barbers in Richards Bay, KwaZulu-Natal, South Africa",https://www.google.com/maps/place/?q=place_id:ChIJJ7Zq5TAR-h4RjE4fIOgUE3E&cid=0x1efa1130e56ab627:0x711314e8201f4e8c
The Mates Barbershop,Barber shop,"15 Union St, Empangeni Central, Empangeni, 3880",Empangeni Central,Empangeni,083 991 4628,no,,5,8,open,-28.741991199999998,31.893123499999998,"barbers in Richards Bay, KwaZulu-Natal, South Africa",https://www.google.com/maps/place/?q=place_id:ChIJgdHlYAAR-h4Rf9kOmg68wTM&cid=0x1efa110060e5d181:0x33c1bc0e9a0ed97f
The Omnia Barbershop,Barber shop,"6 Mark Strasse, Richards Bay Central, Richards Bay, 3900",Richards Bay Central,Richards Bay,063 121 9936,no,,4.2,48,open,-28.754754,32.051929,"hairdressers in Richards Bay, KwaZulu-Natal, South Africa",https://www.google.com/maps/place/?q=place_id:ChIJi4c1Dj0j-h4REF7ThsDBKCA&cid=0x1efa233d0e35878b:0x2028c1c086d35e10
Town square barber shop,Barber shop,"Bullion Blvd, Richards Bay Central, Richards Bay, 3900",Richards Bay Central,Richards Bay,074 517 4488,no,,4.2,13,open,-28.7464555,32.0510169,"barbers in Richards Bay, KwaZulu-Natal, South Africa",https://www.google.com/maps/place/?q=place_id:ChIJO-28_CMj-h4R0SksjtVZkS0&cid=0x1efa2323fcbced3b:0x2d9159d58e2c29d1
Arabella Spa Excellence,Beauty salon,"14B Whydah Wing, Birdswood, Richards Bay, 3901",Birdswood,Richards Bay,035 786 0318,no,,4.6,58,open,-28.7404755,32.076604599999996,"hairdressers in Richards Bay, KwaZulu-Natal, South Africa",https://www.google.com/maps/place/?q=place_id:ChIJ8ZJmYLMj-h4RQu6PIJzQPBg&cid=0x1efa23b3606692f1:0x183cd09c208fee42
Ellen's Hair Salon,Beauty salon,"Dune Route, Richards Bay - New, Richards Bay, 3900",Richards Bay - New,Richards Bay,063 386 8838,no,,5,2,open,-28.757562999999998,32.1339976,"hairdressers in Richards Bay, KwaZulu-Natal, South Africa",https://www.google.com/maps/place/?q=place_id:ChIJK69DQAAl-h4RnPMuvTlrWYU&cid=0x1efa25004043af2b:0x85596b39bd2ef39c
Elysian Nails,Beauty salon,"2 Mkhulu Cres, Arboretum, Richards Bay, 3900",Arboretum,Richards Bay,081 620 7694,no,,,,open,-28.7609908,32.0681645,"nail salons in Richards Bay, KwaZulu-Natal, South Africa",https://www.google.com/maps/place/?q=place_id:ChIJQ5Kf6U8j-h4R8wOUqhpdeLU&cid=0x1efa234fe99f9243:0xb5785d1aaa9403f3
Hair Quarters 101,Beauty salon,"59 Anglers Rod, Meer En See, Richards Bay, 3901",Meer En See,Richards Bay,072 102 2637,no,,5,10,open,-28.7830907,32.106007999999996,"hairdressers in Richards Bay, KwaZulu-Natal, South Africa",https://www.google.com/maps/place/?q=place_id:ChIJve4Ur2ok-h4RSPsPokctLSc&cid=0x1efa246aaf14eebd:0x272d2d47a20ffb48
Kaytee's Beauty Corner,Beauty salon,"24 Begonia Brim, Veld En Vlei, Richards Bay, 3900",,,083 562 6370,no,,4.8,24,open,-28.7373926,32.0517166,"hairdressers in Richards Bay, KwaZulu-Natal, South Africa",https://www.google.com/maps/place/Kaytee%27s+Beauty+Corner/data=!4m7!3m6!1s0x1efa232b892c699b:0xf37b7475e05f4711!8m2!3d-28.7373926!4d32.0517166!16s%2Fg%2F11tgckrpvr!19sChIJm2ksiSsj-h4REUdf4HV0e_M
Ngoni Bliss Day Spa,Beauty salon,"1 Antelope Alley, Wild En Weide, Richards Bay, 3900",Wild En Weide,Richards Bay,072 633 8853,no,,,,open,-28.736618,32.045001,"day spas in Richards Bay, KwaZulu-Natal, South Africa",https://www.google.com/maps/place/?q=place_id:ChIJeX2yhRk9-h4RnESuF34sChI&cid=0x1efa3d1985b27d79:0x120a2c7e17ae449c
Pecurliar Beauty Salon,Beauty salon,"Shop no 7A, Boulevard Shopping Centre, Richards Bay Central, Richards Bay, 3900",,,074 482 3565,no,,4.0,4,open,-28.7501755,32.0553349,"hairdressers in Richards Bay, KwaZulu-Natal, South Africa",https://www.google.com/maps/place/Pecurliar+Beauty+Salon/data=!4m7!3m6!1s0x1efa233aa3ecb0c9:0x391c93e6bdb826a6!8m2!3d-28.7501755!4d32.0553349!16s%2Fg%2F11ty5xwl0r!19sChIJybDsozoj-h4Rpia4veaTHDk
SS Beauty Bar,Beauty salon,"Unit 8, Meprax Building, Barbados Street, Richards Bay Central, Richards Bay, 3900",,,079 302 5824,no,,4.0,1,open,-28.7531764,32.043969,"hairdressers in Richards Bay, KwaZulu-Natal, South Africa",https://www.google.com/maps/place/SS+Beauty+Bar/data=!4m7!3m6!1s0x1efa234be154887d:0x1d0922ae3d5a901e!8m2!3d-28.7531764!4d32.043969!16s%2Fg%2F11y_zw75r0!19sChIJfYhU4Usj-h4RHpBaPa4iCR0
Serenity Hair & Beauty Salon,Beauty salon,"56 Anglers Rod, Meer En See, Richards Bay, 3901",Meer En See,Richards Bay,083 369 9806,no,,5,3,open,-28.781981899999998,32.101959799999996,"hairdressers in Richards Bay, KwaZulu-Natal, South Africa",https://www.google.com/maps/place/?q=place_id:ChIJQS-3snuadk8RIPtS5ILlhbw&cid=0x4f769a7bb2b72f41:0xbc85e582e452fb20
Skincare International,Beauty salon,"Shop 2, Monteg Park, 15 Lira Link, CBD, Richards Bay, 3900",CBD,Richards Bay,035 789 5776,no,,4.7,15,open,-28.7518769,32.054352099999996,"day spas in Richards Bay, KwaZulu-Natal, South Africa",https://www.google.com/maps/place/?q=place_id:ChIJQeKeODwj-h4RGh-E-5kyXVI&cid=0x1efa233c389ee241:0x525d3299fb841f1a
Slie's Nails,Beauty salon,"Shop 3, Exclusive Beauty, Bullion Blvd, Richards Bay Central, Richards Bay, 3900",Richards Bay Central,Richards Bay,078 410 7556,no,,5,4,open,-28.7584065,32.0442885,"nail salons in Richards Bay, KwaZulu-Natal, South Africa",https://www.google.com/maps/place/?q=place_id:ChIJlZk2GjEj-h4R2y0kIDQFD7c&cid=0x1efa23311a369995:0xb70f053420242ddb
The Glitter Box Spa,Beauty salon,,,,084 365 7321,no,,5.0,14,open,-34.6283864,27.2516952,"day spas in Richards Bay, KwaZulu-Natal, South Africa",https://www.google.com/maps/place/The+Glitter+Box+Spa/data=!4m7!3m6!1s0x1efa3dc79ef93f6f:0xf965c7a5c88cc8ee!8m2!3d-34.6283864!4d27.2516952!16s%2Fg%2F11h1hnckz5!19sChIJbz_5nsc9-h4R7siMyKXHZfk
Zar hair and beauty Salon,Beauty salon,"Lakeside Mall shop no 32, Richards Bay, 3900",Richards Bay Central,Richards Bay,071 590 2426,no,,4.2,5,open,-28.7523999,32.0529705,"hairdressers in Richards Bay, KwaZulu-Natal, South Africa",https://www.google.com/maps/place/?q=place_id:ChIJdYZnQRIj-h4RXMym4QqNvmE&cid=0x1efa231241678675:0x61be8d0ae1a6cc5c
Zee Beauty Salon,Beauty salon,"Suite 5, Promenade Building, Richards Bay Central, Richards Bay, 3900",,,073 140 5394,no,,2.0,1,open,-28.7528137,32.0531971,"hairdressers in Richards Bay, KwaZulu-Natal, South Africa",https://www.google.com/maps/place/Zee+Beauty+Salon/data=!4m7!3m6!1s0x1efa234641bceb7f:0x265f71401841cfca!8m2!3d-28.7528137!4d32.0531971!16s%2Fg%2F11yq5ntsbf!19sChIJf-u8QUYj-h4Rys9BGEBxXyY
Taffy's Beauty academy,Beauty school,"14 Lira Link, Richards Bay Central, Richards Bay, 3900",,,071 274 3410,no,,4.5,8,open,-28.751102,32.0534869,"beauty salons in Richards Bay, KwaZulu-Natal, South Africa",https://www.google.com/maps/place/Taffy%27s+Beauty+academy/data=!4m7!3m6!1s0x1efa2328d4d8852b:0x6e2a15856a6c8301!8m2!3d-28.751102!4d32.0534869!16s%2Fg%2F11lmm456gb!19sChIJK4XY1Cgj-h4RAYNsaoUVKm4
NN Accounting and Tax Consultants,Bookkeeping service,"95 Dollar Dr, Richards Bay Central, Richards Bay, 3900",Richards Bay Central,Richards Bay,035 940 1976,no,,,,open,-28.757164799999998,32.042420299999996,"bookkeepers in Richards Bay, KwaZulu-Natal, South Africa",https://www.google.com/maps/place/?q=place_id:ChIJo4qcKCMj-h4RbQclHtMGxEA&cid=0x1efa2323289c8aa3:0x40c406d31e25076d
Ndlela and Associates,Bookkeeping service,"7 Maxwell St, Empangeni Central, Empangeni, 3880",,,035 772 3191,no,,,,open,-28.7390316,31.8944772,"bookkeepers in Richards Bay, KwaZulu-Natal, South Africa",https://www.google.com/maps/place/Ndlela+and+Associates/data=!4m7!3m6!1s0x1efa10d6c05125df:0xe0b35e7ad4bd559a!8m2!3d-28.7390316!4d31.8944772!16s%2Fg%2F1pzy3ljhm!19sChIJ3yVRwNYQ-h4RmlW91Hpes-A
Private,Bookkeeping service,"20 Mango Grove, Arboretum Ext, Richards Bay, 3900",,,084 206 5720,no,,,,open,-28.763269,32.0523,"bookkeepers in Richards Bay, KwaZulu-Natal, South Africa",https://www.google.com/maps/place/Private/data=!4m7!3m6!1s0x1efa23b0553e4763:0x5404a27203a6d3bd!8m2!3d-28.763269!4d32.0523!16s%2Fg%2F11fnvc_tr_!19sChIJY0c-VbAj-h4RvdOmA3KiBFQ
Bay Bricks and concrete products,Brick manufacturer,"R102, Ndabayakhe, Empangeni, 3880",,,035 940 0400,no,,3.7,6,open,-28.8081776,31.8819175,"paving contractors in Richards Bay, KwaZulu-Natal, South Africa",https://www.google.com/maps/place/Bay+Bricks+and+concrete+products/data=!4m7!3m6!1s0x1efa1bf0224dab0d:0xb9820efffea171b8!8m2!3d-28.8081776!4d31.8819175!16s%2Fg%2F11sg9kqg3r!19sChIJDatNIvAb-h4RuHGh_v8Ogrk
Mega Tiles & Sanware,Building materials store,"Rupee Rif, Richards Bay Central, Richards Bay, 3900",,,035 789 0293,no,,4.8,6,open,-28.7484059,32.0484239,"tiling contractors in Richards Bay, KwaZulu-Natal, South Africa",https://www.google.com/maps/place/Mega+Tiles+%26+Sanware/data=!4m7!3m6!1s0x1efa23253e810e69:0xe7e2699d43ec570c!8m2!3d-28.7484059!4d32.0484239!16s%2Fg%2F11kmn2bnhq!19sChIJaQ6BPiUj-h4RDFfsQ51p4uc
Umfolozi Hardware & Electrical Supplies,Building materials store,"64 Tanner Rd, Kuleka, Empangeni, 3880",,,035 787 0896,no,,4.2,15,open,-28.7731717,31.9022837,"hardware stores in Richards Bay, KwaZulu-Natal, South Africa",https://www.google.com/maps/place/Umfolozi+Hardware+%26+Electrical+Supplies/data=!4m7!3m6!1s0x1efa17553140504b:0x92c02efa85e4388!8m2!3d-28.7731717!4d31.9022837!16s%2Fg%2F1pzq2d403!19sChIJS1BAMVUX-h4RiENeqO8CLAk
Z L D HARDWARE,Building materials store,"4 Ceramic Curve, Alton, Richards Bay, 3900",,,035 751 2435,no,,,,open,-28.7544149,32.0287986,"hardware stores in Richards Bay, KwaZulu-Natal, South Africa",https://www.google.com/maps/place/Z+L+D+HARDWARE/data=!4m7!3m6!1s0x1efa22dae3df19b3:0x6ec7e5810394ce7d!8m2!3d-28.7544149!4d32.0287986!16s%2Fg%2F11c6y91gqg!19sChIJsxnf49oi-h4Rfc6UA4Hlx24
ZONE 14 HARDWARE MADLANGHALA,Building materials store,"P 106, Eskhawini, Richards Bay, 3900",,,061 253 3638,no,,5.0,1,open,-28.8297842,31.9424996,"pest control in Richards Bay, KwaZulu-Natal, South Africa",https://www.google.com/maps/place/ZONE+14+HARDWARE+MADLANGHALA/data=!4m7!3m6!1s0x1efa1900522daeeb:0xaef6380552e5bb03!8m2!3d-28.8297842!4d31.9424996!16s%2Fg%2F11zgrzdjls!19sChIJ664tUgAZ-h4RA7vlUgU49q4
Zone 14 Hardware Mandlanzini,Building materials store,"Wall Street, Richards Bay - New, Richards Bay, 3900",,,071 799 8984,no,,4.8,4,open,-28.7395227,32.1001916,"pest control in Richards Bay, KwaZulu-Natal, South Africa",https://www.google.com/maps/place/Zone+14+Hardware+Mandlanzini/data=!4m7!3m6!1s0x1efa25003fe4b0c3:0x494346e3935985f5!8m2!3d-28.7395227!4d32.1001916!16s%2Fg%2F11yn9k2c8d!19sChIJw7DkPwAl-h4R9YVZk-NGQ0k
Dinalane Attorneys Inc,Business attorney,"77 Louis Botha Ave, Nyala Park, Empangeni, 3880",,,066 214 3969,no,,,,open,-28.7471379,31.9092908,"attorneys in Richards Bay, KwaZulu-Natal, South Africa",https://www.google.com/maps/place/Dinalane+Attorneys+Inc/data=!4m7!3m6!1s0x1efa1700070a1199:0x7cc40de382f541ea!8m2!3d-28.7471379!4d31.9092908!16s%2Fg%2F11yn37p76g!19sChIJmREKBwAX-h4R6kH1guMNxHw
Best Cut Butchery,Butcher shop,"20 Tanner Rd, Mpangele, Empangeni, 3880",Mpangele,Empangeni,035 772 2944,no,,4,12,open,-28.766178699999998,31.906878,"butcheries in Richards Bay, KwaZulu-Natal, South Africa",https://www.google.com/maps/place/?q=place_id:ChIJJTb8aVQX-h4RI9m8QiiVZqw&cid=0x1efa175469fc3625:0xac66952842bcd923
"Emadeleni Wholesale Butchery,",Butcher shop,"5 1st St, Kuleka, Empangeni, 3880",Kuleka,Empangeni,078 923 3663,no,,4,32,open,-28.774621399999997,31.9026157,"butcheries in Richards Bay, KwaZulu-Natal, South Africa",https://www.google.com/maps/place/?q=place_id:ChIJP5eMWFUX-h4Rx4NNt9mukCU&cid=0x1efa1755588c973f:0x2590aed9b74d83c7
Empangeni Halaal Meats,Butcher shop,"11 Commercial St, Empangeni Central, Empangeni, 3880",,,,no,,3.0,2,open,-28.7434222,31.8902228,"butcheries in Richards Bay, KwaZulu-Natal, South Africa",https://www.google.com/maps/place/Empangeni+Halaal+Meats/data=!4m7!3m6!1s0x1efa10da777bc883:0x34388f08813c800e!8m2!3d-28.7434222!4d31.8902228!16s%2Fg%2F11hhzbdrz0!19sChIJg8h7d9oQ-h4RDoA8gQiPODQ
Eskhawini J1 Kwavezi,Butcher shop,"Esikhawini J, Richards Bay, 3887",,,,no,,,,open,-28.8922615,31.8894944,"butcheries in Richards Bay, KwaZulu-Natal, South Africa",https://www.google.com/maps/place/Eskhawini+J1+Kwavezi/data=!4m7!3m6!1s0x1efa1d007f8a60dd:0xb1608408903b56fe!8m2!3d-28.8922615!4d31.8894944!16s%2Fg%2F11yp081j0f!19sChIJ3WCKfwAd-h4R_lY7kAiEYLE
Jwayelani,Butcher shop,"125 Biyela St, Empangeni Central, Empangeni, 3880",,,035 772 2271,no,,3.5,2,open,-28.7392064,31.8908341,"butcheries in Richards Bay, KwaZulu-Natal, South Africa",https://www.google.com/maps/place/Jwayelani/data=!4m7!3m6!1s0x1efa10d77b9c2477:0x71cb5757a649feee!8m2!3d-28.7392064!4d31.8908341!16s%2Fg%2F1pzrrhm4b!19sChIJdySce9cQ-h4R7v5JpldXy3E
KwaMyeza Shisanyama & Carwash,Butcher shop,"Nkoninga Rd, Birdswood, Richards Bay, 3900",,,,no,,3.8,8,open,-28.739131,32.0986392,"butcheries in Richards Bay, KwaZulu-Natal, South Africa",https://www.google.com/maps/place/KwaMyeza+Shisanyama+%26+Carwash/data=!4m7!3m6!1s0x1efa25007da21449:0xf6b60cb085e5627b!8m2!3d-28.739131!4d32.0986392!16s%2Fg%2F11yt7r9b5r!19sChIJSRSifQAl-h4Re2LlhbAMtvY
Maliee Piggery,Butcher shop,"Nkonjane Reserve, Kwadlangezwa, Empangeni, 3886",,,073 955 3335,no,,,,open,-28.8717832,31.8492101,"butcheries in Richards Bay, KwaZulu-Natal, South Africa",https://www.google.com/maps/place/Maliee+Piggery/data=!4m7!3m6!1s0x1efa1b1992187721:0xd29d970555544b64!8m2!3d-28.8717832!4d31.8492101!16s%2Fg%2F11zxp0y4y6!19sChIJIXcYkhkb-h4RZEtUVQWXndI
Mo's Butchery,Butcher shop,"92 Alumina Allee St, Alton, Richards Bay",Alton,Richards Bay,035 751 2959,no,,4.7,98,open,-28.7499289,32.031578599999996,"butcheries in Richards Bay, KwaZulu-Natal, South Africa",https://www.google.com/maps/place/?q=place_id:ChIJtSiweY8j-h4RP1zjZp6YtHk&cid=0x1efa238f79b028b5:0x79b4989e66e35c3f
Nyawo & Brothers Butchery,Butcher shop,"Rupee Rif, Richards Bay Central, Richards Bay, 3900",Richards Bay Central,Richards Bay,082 702 5300,no,,4,2,open,-28.748192,32.0479312,"butcheries in Richards Bay, KwaZulu-Natal, South Africa",https://www.google.com/maps/place/?q=place_id:ChIJ0zMrayUj-h4RaAWZGZrZmn4&cid=0x1efa23256b2b33d3:0x7e9ad99a19990568
Roots Butchery Empangeni,Butcher shop,"34 Maxwell St, Empangeni Central, Empangeni, 3880",Empangeni Central,Empangeni,031 007 0479,no,,4.6,26,open,-28.740654,31.89146,"butcheries in Richards Bay, KwaZulu-Natal, South Africa",https://www.google.com/maps/place/?q=place_id:ChIJt0mUYAAR-h4R-cl--n__9fY&cid=0x1efa1100609449b7:0xf6f5ff7ffa7ec9f9
Roots Butchery Richardsbay,Butcher shop,"Richardsbay, Shop 9 bouliore boulevard, Richards Bay, 3900",Richards Bay Central,Richards Bay,035 007 0067,no,,5,6,open,-28.749685799999998,32.0480204,"butcheries in Richards Bay, KwaZulu-Natal, South Africa",https://www.google.com/maps/place/?q=place_id:ChIJi5CwCAUj-h4RVoqnXsS0Yg8&cid=0x1efa230508b0908b:0xf62b4c45ea78a56
SS BUTCHERY & Deli,Butcher shop,"57 Tanner Rd, Mpangele, Empangeni, 3880",Mpangele,Empangeni,035 787 0396,no,,4.5,2,open,-28.772304499999997,31.9042419,"butcheries in Richards Bay, KwaZulu-Natal, South Africa",https://www.google.com/maps/place/?q=place_id:ChIJl3vnO7sX-h4ROHxAzYMV_SU&cid=0x1efa17bb3be77b97:0x25fd1583cd407c38
Shoprite Meat Market,Butcher shop,"Inside Shoprite Checkers Centre Bullian Boulevard & Krugerrand Road, Richards Bay, 3900",,,035 789 1136,no,,,,open,-28.7511652,32.048681,"butcheries in Richards Bay, KwaZulu-Natal, South Africa",https://www.google.com/maps/place/Shoprite+Meat+Market/data=!4m7!3m6!1s0x1efa232528889243:0x485fd56b164c19bf!8m2!3d-28.7511652!4d32.048681!16s%2Fg%2F11b6dp194n!19sChIJQ5KIKCUj-h4RvxlMFmvVX0g
Singh's Mutton Market,Butcher shop,"Shop 3, Pamsid Ctr, Daisy Leaf, Brackenham, Richards Bay, 3900",Brackenham,Richards Bay,035 798 2608,no,,4.3,100,open,-28.724828799999997,32.0445687,"butcheries in Richards Bay, KwaZulu-Natal, South Africa",https://www.google.com/maps/place/?q=place_id:ChIJEYY8K9o8-h4RG4pU4kVPlBw&cid=0x1efa3cda2b3c8611:0x1c944f45e2548a1b
The Chop Block,Butcher shop,"18 Peseta Parade, Richards Bay Central, Richards Bay, 3900",Richards Bay Central,Richards Bay,067 034 6695,no,,5,4,open,-28.7456331,32.0485938,"butcheries in Richards Bay, KwaZulu-Natal, South Africa",https://www.google.com/maps/place/?q=place_id:ChIJGyJ2vw0j-h4Rzrfu4YTQaCc&cid=0x1efa230dbf76221b:0x2768d084e1eeb7ce
oMzee Butchery,Butcher shop,"Mdoni Rd, Esikhawini H, Richards Bay, 3887",Esikhawini H,Richards Bay,072 573 2100,no,,4.3,3,open,-28.867568,31.926616099999997,"butcheries in Richards Bay, KwaZulu-Natal, South Africa",https://www.google.com/maps/place/?q=place_id:ChIJNeMrfssf-h4RB6pix80Roag&cid=0x1efa1fcb7e2be335:0xa8a111cdc762aa07
Brahma Bull Butchery & Shisanyama,Butcher shop deli,"Ward 12, Madlankala Reserve, Esikhawini, Empangeni, 3887",Esikhawini,Empangeni,067 057 0290,no,,5,1,open,-28.840278899999998,31.940344699999997,"butcheries in Richards Bay, KwaZulu-Natal, South Africa",https://www.google.com/maps/place/?q=place_id:ChIJJ-p8n2YZ-h4Rjyyig-tyRUQ&cid=0x1efa19669f7cea27:0x444572eb83a22c8f
ISMAIL'S MEAT CO.,Butcher shop deli,"71 Via Davallia, Brackenham, Richards Bay, 3900",Brackenham,Richards Bay,082 567 8663,no,,,,open,-28.7233503,32.0409533,"butcheries in Richards Bay, KwaZulu-Natal, South Africa",https://www.google.com/maps/place/?q=place_id:ChIJEazDp6U9-h4R3AY4wz55OlU&cid=0x1efa3da5a7c3ac11:0x553a793ec33806dc
Power Spar Butchery,Butcher shop deli,"66 Maxwell St, Empangeni Central, Empangeni, 3880",,,035 792 6021,no,,4.0,141,open,-28.7444969,31.8880939,"butcheries in Richards Bay, KwaZulu-Natal, South Africa",https://www.google.com/maps/place/Power+Spar+Butchery/data=!4m7!3m6!1s0x1efa10daf5f2a2cb:0xff7dd111031851e!8m2!3d-28.7444969!4d31.8880939!16s%2Fg%2F1tdv38hh!19sChIJy6Ly9doQ-h4RHoUxEBHd9w8
Done Deliciously,Cake shop,"35 Geranium Pl, Veld En Vlei, Richards Bay, 3900",Veld En Vlei,Richards Bay,073 191 8714,no,,4.8,6,open,-28.7324903,32.0604181,"bakery in Richards Bay, KwaZulu-Natal, South Africa",https://www.google.com/maps/place/?q=place_id:ChIJ_94XIMM9-h4R4-FiOV0Fi_0&cid=0x1efa3dc32017deff:0xfd8b055d3962e1e3
Pink And Posh Bakery,Cake shop,"71 Geranium Pl, Veld En Vlei, Richards Bay, 3900",Veld En Vlei,Richards Bay,079 936 6044,no,,5,1,open,-28.735034799999998,32.0589811,"bakery in Richards Bay, KwaZulu-Natal, South Africa",https://www.google.com/maps/place/?q=place_id:ChIJpZ2W8ngj-h4RASGM8R4Qcec&cid=0x1efa2378f2969da5:0xe771101ef18c2101
Treacly Treats,Cake shop,"23 Mack Rd, Empangeni Central, Empangeni, 3880",,,081 595 3644,no,,5.0,2,open,-28.7417717,31.887201,"bakery in Richards Bay, KwaZulu-Natal, South Africa",https://www.google.com/maps/place/Treacly+Treats/data=!4m7!3m6!1s0x1efa11c566736843:0x33525c9374369351!8m2!3d-28.7417717!4d31.887201!16s%2Fg%2F11t6w3ymjg!19sChIJQ2hzZsUR-h4RUZM2dJNcUjM
Auto Body Beat,Car repair and maintenance service,"40 Ceramic Curve, Alton, Richards Bay, 3900",Alton,Richards Bay,073 797 0525,no,,4.9,7,open,-28.7474979,32.034597999999995,"panel beaters in Richards Bay, KwaZulu-Natal, South Africa",https://www.google.com/maps/place/?q=place_id:ChIJmWnciR0j-h4RrAIJx2XiIeE&cid=0x1efa231d89dc6999:0xe121e265c70902ac
Marx Mechanical and Panelbeating,Car repair and maintenance service,"Unit 3, 115 Dollar Dr, Richards Bay Central, Richards Bay, 3900",Richards Bay Central,Richards Bay,061 418 9433,no,,3.7,3,open,-28.7537557,32.044162899999996,"panel beaters in Richards Bay, KwaZulu-Natal, South Africa",https://www.google.com/maps/place/?q=place_id:ChIJtxYuRpYj-h4RZDgdr0HXVaA&cid=0x1efa2396462e16b7:0xa055d741af1d3864
Precision Auto Richards Bay Pty Ltd,Car repair and maintenance service,"5 Ceramic Curve, Alton, Richards Bay, 3900",,,035 751 2359,no,,4.7,67,open,-28.7539681,32.0300645,"car wash in Richards Bay, KwaZulu-Natal, South Africa",https://www.google.com/maps/place/Precision+Auto+Richards+Bay+Pty+Ltd/data=!4m7!3m6!1s0x1efa229592592ced:0x3db0f772e1fdc3eb!8m2!3d-28.7539681!4d32.0300645!16s%2Fg%2F1pzwhknc8!19sChIJ7SxZkpUi-h4R68P94XL3sD0
"501 Car Wash, Restaurant & Chillas",Car wash,"Khandisa Reserve, Bantubonke street, Empangeni, 3886",,,076 553 8534,no,,4.4,33,open,-28.8611047,31.8466266,"car wash in Richards Bay, KwaZulu-Natal, South Africa","https://www.google.com/maps/place/501+Car+Wash,+Restaurant+%26+Chillas/data=!4m7!3m6!1s0x1efa1ba0edd2efa5:0x8c0707e8b0b3ace6!8m2!3d-28.8611047!4d31.8466266!16s%2Fg%2F11hz294vz8!19sChIJpe_S7aAb-h4R5qyzsOgHB4w"
"7 to 7 Car Wash, Krugerrand Grove, Richardsbay",Car wash,"Krugerrand Grv, Richards Bay Central, Richards Bay, 3900",Richards Bay Central,Richards Bay,074 559 6944,no,,2.1,18,open,-28.7497275,32.0507254,"car wash in Richards Bay, KwaZulu-Natal, South Africa",https://www.google.com/maps/place/?q=place_id:ChIJS3oXXaEj-h4RV1IOqZUQPuc&cid=0x1efa23a15d177a4b:0xe73e1095a90e5257
7 to 7 Car wash,Car wash,"64 Main Rd, Empangeni Central, Empangeni, 3880",Empangeni Central,Empangeni,072 747 1443,no,,3.7,59,open,-28.746699999999997,31.891099999999998,"car wash in Richards Bay, KwaZulu-Natal, South Africa",https://www.google.com/maps/place/?q=place_id:ChIJS33O_M8Q-h4Rz1OpfaNqBP4&cid=0x1efa10cffcce7d4b:0xfe046aa37da953cf
7to6 Car Wash,Car wash,"25 King Fish Creek, Meer En See, Richards Bay, 3901",,,,no,,1.0,1,open,-28.7816426,32.1011097,"car wash in Richards Bay, KwaZulu-Natal, South Africa",https://www.google.com/maps/place/7to6+Car+Wash/data=!4m7!3m6!1s0x1efa25005bba9661:0x10514b5cc28afd28!8m2!3d-28.7816426!4d32.1011097!16s%2Fg%2F11xrc0k5zq!19sChIJYZa6WwAl-h4RKP2KwlxLURA
Car Wash,Car wash,"Weigelia, Veld En Vlei, Richards Bay, 3900",,,,no,,3.0,2,open,-28.7361114,32.0659672,"car wash in Richards Bay, KwaZulu-Natal, South Africa",https://www.google.com/maps/place/Car+Wash/data=!4m7!3m6!1s0x1efa234bf27ee15f:0x291cc09fc2469fef!8m2!3d-28.7361114!4d32.0659672!16s%2Fg%2F11thk4q2y8!19sChIJX-F-8ksj-h4R759Gwp_AHCk
Carwash @ Minilitha,Car wash,"Nkoninga Rd, Mandlazini, Richards Bay, 3900",Mandlazini,Richards Bay,079 510 7591,no,,,,open,-28.7386545,32.097642,"car wash in Richards Bay, KwaZulu-Natal, South Africa",https://www.google.com/maps/place/?q=place_id:ChIJIwdrM-kl-h4RmgLBX73q5g8&cid=0x1efa25e9336b0723:0xfe6eabd5fc1029a
Chillas car wash,Car wash,"Mandlazini, Richards Bay",,,,no,,,,open,-28.7424392,32.0985944,"car wash in Richards Bay, KwaZulu-Natal, South Africa",https://www.google.com/maps/place/Chillas+car+wash/data=!4m7!3m6!1s0x1efa2509269647ad:0x5aaf05fc8e7e4668!8m2!3d-28.7424392!4d32.0985944!16s%2Fg%2F11k2wyk_n5!19sChIJrUeWJgkl-h4RaEZ-jvwFr1o
Esikhawini Exclusive circle car wash H2,Car wash,"Esikhawini klebe street, 3724",,,061 439 5963,no,,3.5,4,open,-28.8722832,31.906559,"car wash in Richards Bay, KwaZulu-Natal, South Africa",https://www.google.com/maps/place/Esikhawini+Exclusive+circle+car+wash+H2/data=!4m7!3m6!1s0x1efa1f4b0adf4f83:0x20979ee3b396d801!8m2!3d-28.8722832!4d31.906559!16s%2Fg%2F11g4j08vz5!19sChIJg0_fCksf-h4RAdiWs-OelyA
Global Detailing,Car wash,"1 Star of The Marsh, Aquadene, Richards Bay, 3900",Aquadene,Richards Bay,068 280 8164,no,,,,open,-28.711530399999997,32.0388296,"car wash in Richards Bay, KwaZulu-Natal, South Africa",https://www.google.com/maps/place/?q=place_id:ChIJja0oObs9-h4RvkG4aHr8U2o&cid=0x1efa3dbb3928ad8d:0x6a53fc7a68b841be
Jamsal Car Wash and Valet,Car wash,"14 Bullion Blvd, Richards Bay Central, Richards Bay, 3900",Richards Bay Central,Richards Bay,067 684 2669,no,,5,2,open,-28.746010199999997,32.0501873,"car wash in Richards Bay, KwaZulu-Natal, South Africa",https://www.google.com/maps/place/?q=place_id:ChIJ3RrmC68j-h4RU5-VDbRwQQs&cid=0x1efa23af0be61add:0xb4170b40d959f53
L&J Car Wash,Car wash,"45 Dollar Dr, Richards Bay Central, Richards Bay, 3900",Richards Bay Central,Richards Bay,079 456 0365,no,,5,1,open,-28.758519699999997,32.0436954,"car wash in Richards Bay, KwaZulu-Natal, South Africa",https://www.google.com/maps/place/?q=place_id:ChIJcwHrSAAj-h4RU0H4siiviQY&cid=0x1efa230048eb0173:0x689af28b2f84153
Mandlazini Pholas Car Wash,Car wash,"28 738354968926224, 32.09568759410011, Mandlazini, Richards Bay, 3900",Mandlazini,Richards Bay,072 474 0555,no,,,,open,-28.738277399999998,32.0958156,"car wash in Richards Bay, KwaZulu-Natal, South Africa",https://www.google.com/maps/place/?q=place_id:ChIJMQTn5zcl-h4RjBThiSpiYyE&cid=0x1efa2537e7e70431:0x2163622a89e1148c
Mazwi car wash,Car wash,"Mbuyazi Rd, Richards Bay, 3901",,,068 223 0727,no,,,,open,-28.7305382,32.1589528,"car wash in Richards Bay, KwaZulu-Natal, South Africa",https://www.google.com/maps/place/Mazwi+car+wash/data=!4m7!3m6!1s0x1efa25cbeebdfd99:0x8f2fef8794d9f3b5!8m2!3d-28.7305382!4d32.1589528!16s%2Fg%2F11yqykl92f!19sChIJmf297ssl-h4RtfPZlIfvL48
Moyo Car Wash,Car wash,"22 Union St, Empangeni Central, Empangeni, 3880",,,083 575 0389,no,,2.7,3,open,-28.741735,31.8927776,"car wash in Richards Bay, KwaZulu-Natal, South Africa",https://www.google.com/maps/place/Moyo+Car+Wash/data=!4m7!3m6!1s0x1efa114df29cc8bf:0xfbf28f61de19b88d!8m2!3d-28.741735!4d31.8927776!16s%2Fg%2F11j7ygcdgn!19sChIJv8ic8k0R-h4RjbgZ3mGP8vs
Protea Coin,Car wash,"4, 5 Brass Link, Alton, Richards Bay, 3900",,,035 751 1638,no,,4.0,1,open,-28.750854,32.029576,"car wash in Richards Bay, KwaZulu-Natal, South Africa",https://www.google.com/maps/place/Protea+Coin/data=!4m7!3m6!1s0x1efa22d063cb1437:0x15117831b9a4b623!8m2!3d-28.750854!4d32.029576!16s%2Fg%2F1pzqd6tyg!19sChIJNxTLY9Ai-h4RI7akuTF4ERU
SINQANDA carwash,Car wash,"Mbonambi road, Khondweni Ward 14, Richards Bay, 3900",,,073 510 9628,no,,,,open,-28.7403065,32.1426464,"car wash in Richards Bay, KwaZulu-Natal, South Africa",https://www.google.com/maps/place/SINQANDA+carwash/data=!4m7!3m6!1s0x1efa256a6dda0973:0xe70cadf7407cf78b!8m2!3d-28.7403065!4d32.1426464!16s%2Fg%2F11px3xmxqc!19sChIJcwnabWol-h4Ri_d8QPetDOc
SIXTEEN AUTO DETAILING,Car wash,"eNsimbini, 16, Outside J1, Esikhawini, Richards Bay, 3887",,,075 123 0067,no,,5.0,2,open,-28.9022325,31.8905647,"car wash in Richards Bay, KwaZulu-Natal, South Africa",https://www.google.com/maps/place/SIXTEEN+AUTO+DETAILING/data=!4m7!3m6!1s0x1efa1de2ce06d2d9:0xddd8e484b9421ae6!8m2!3d-28.9022325!4d31.8905647!16s%2Fg%2F11ln0mwwny!19sChIJ2dIGzuId-h4R5hpCuYTk2N0
Shinematic carwash,Car wash,,,,073 681 3369,no,,5.0,1,open,-27.770254,30.8062755,"car wash in Richards Bay, KwaZulu-Natal, South Africa",https://www.google.com/maps/place/Shinematic+carwash/data=!4m7!3m6!1s0x668dc0cab8d59873:0x9833021f42eb393e!8m2!3d-27.770254!4d30.8062755!16s%2Fg%2F11xkq3x__h!19sChIJc5jVuMrAjWYRPjnrQh8CM5g
Sparkling Pride Pty LTD,Car wash,"Anglers Rod, Meerensee, Richards Bay, 3901",,,065 848 0127,no,,5.0,1,open,-28.7547548,32.1419831,"car wash in Richards Bay, KwaZulu-Natal, South Africa",https://www.google.com/maps/place/Sparkling+Pride+Pty+LTD/data=!4m7!3m6!1s0x1efa2588935cc75f:0xd23d9aef24e59d61!8m2!3d-28.7547548!4d32.1419831!16s%2Fg%2F11vzvnwmrn!19sChIJX8dck4gl-h4RYZ3lJO-aPdI
Tashelles mobile car wash and deep cleaning services,Car wash,"24 Dicksonia Dr, Brackenham, Richards Bay, 3900",,,063 149 2607,no,,3.0,4,open,-28.7229544,32.0436433,"car wash in Richards Bay, KwaZulu-Natal, South Africa",https://www.google.com/maps/place/Tashelles+mobile+car+wash+and+deep+cleaning+services/data=!4m7!3m6!1s0x1efa3de18af7e9b9:0x38e34b31fcdd85b5!8m2!3d-28.7229544!4d32.0436433!16s%2Fg%2F11h94n38_y!19sChIJuen3iuE9-h4RtYXd_DFL4zg
The Car Spa,Car wash,"Shop 3, 23 Rupee Rif, CBD, Richards Bay, 3900",CBD,Richards Bay,073 123 2344,no,,5,1,open,-28.7450047,32.0492692,"car wash in Richards Bay, KwaZulu-Natal, South Africa",https://www.google.com/maps/place/?q=place_id:ChIJNTkW8QwR-h4RIgnHbr3_BXw&cid=0x1efa110cf1163935:0x7c05ffbd6ec70922
The Carwash Company,Car wash,"Lira Link, Richards Bay Central, Richards Bay, 3900",,,,no,,4.1,8,open,-28.7514507,32.0534003,"car wash in Richards Bay, KwaZulu-Natal, South Africa",https://www.google.com/maps/place/The+Carwash+Company/data=!4m7!3m6!1s0x1efa2309657d3393:0x53e2107c0991e8d6!8m2!3d-28.7514507!4d32.0534003!16s%2Fg%2F11rmnb3w1b!19sChIJkzN9ZQkj-h4R1uiRCXwQ4lM
The Waterfront Carwash,Car wash,Unnamed Road,,Richards Bay,061 262 1234,no,,3.3,27,open,-28.7931103,32.0780755,"car wash in Richards Bay, KwaZulu-Natal, South Africa",https://www.google.com/maps/place/?q=place_id:ChIJG1ScgvQj-h4RXkwdOrWGjuw&cid=0x1efa23f4829c541b:0xec8e86b53a1d4c5e
Zantaka Car Wash,Car wash,"Esikhawini J, Richards Bay, 3887",,,,no,,4.1,30,open,-28.8807697,31.8896446,"car wash in Richards Bay, KwaZulu-Natal, South Africa",https://www.google.com/maps/place/Zantaka+Car+Wash/data=!4m7!3m6!1s0x1efa1c178cf7d0cf:0xca3473584fe3be24!8m2!3d-28.8807697!4d31.8896446!16s%2Fg%2F11f3tt9k05!19sChIJz9D3jBcc-h4RJL7jT1hzNMo
Zwelonke MotorWash,Car wash,"Centre, Alton Rd, Richards Bay Central, Richards Bay, 3900",Richards Bay Central,Richards Bay,075 188 0447,no,,4,1,open,-28.753176399999997,32.043969,"car wash in Richards Bay, KwaZulu-Natal, South Africa",https://www.google.com/maps/place/?q=place_id:ChIJV8GiYjQj-h4R2zSiLUyS4iQ&cid=0x1efa233462a2c157:0x24e2924c2da234db
BAY WOODWORKS,Carpenter,"109 Alumina Allee St, Alton, Richards Bay, 3900",,,083 661 0165,no,,,,open,-28.7495244,32.0308158,"carpenters in Richards Bay, KwaZulu-Natal, South Africa",https://www.google.com/maps/place/BAY+WOODWORKS/data=!4m7!3m6!1s0x1efa22d0e4508cad:0x3f6c216601186cc4!8m2!3d-28.7495244!4d32.0308158!16s%2Fg%2F11d_d2cxyv!19sChIJrYxQ5NAi-h4RxGwYAWYhbD8
CJS Interiors Richards Bay,Carpenter,,,,063 905 5505,no,,5.0,2,open,-28.7785855,31.992421,"carpenters in Richards Bay, KwaZulu-Natal, South Africa",https://www.google.com/maps/place/CJS+Interiors+Richards+Bay/data=!4m7!3m6!1s0x8c1fee75584ce5e3:0x868233d6202f60b4!8m2!3d-28.7785855!4d31.992421!16s%2Fg%2F11zgrkjz2d!19sChIJ4-VMWHXuH4wRtGAvINYzgoY
Mcl Wood Kitchen,Carpenter,"Ntshona W Rd, Esikhawini H, Richards Bay, 3887",Esikhawini H,Richards Bay,083 481 5225,no,,,,open,-28.8600285,31.918474699999997,"carpenters in Richards Bay, KwaZulu-Natal, South Africa",https://www.google.com/maps/place/?q=place_id:ChIJ1ZWDTrEe-h4RDDFoSFu5oAQ&cid=0x1efa1eb14e8395d5:0x4a0b95b4868310c
Chem-Dry Richards Bay,Carpet cleaning service,"1 Pinkie Pool, Meer En See, Richards Bay, 3901",,,035 789 0434,no,,,,open,-28.7808139,32.1169609,"cleaning services in Richards Bay, KwaZulu-Natal, South Africa",https://www.google.com/maps/place/Chem-Dry+Richards+Bay/data=!4m7!3m6!1s0x1efa24380833ffff:0x61e45df6e74d9dde!8m2!3d-28.7808139!4d32.1169609!16s%2Fg%2F11tx6p7tzd!19sChIJ__8zCDgk-h4R3p1N5_Zd5GE
Sirene Cleaning Services,Carpet cleaning service,"20 St Tropez Gardens, Arboretum, Richards Bay",Arboretum,Richards Bay,079 344 6858,no,,1,1,open,-28.7664382,32.0591242,"cleaning services in Richards Bay, KwaZulu-Natal, South Africa",https://www.google.com/maps/place/?q=place_id:ChIJlzImyYUj-h4REFBPSM9EcVo&cid=0x1efa2385c9263297:0x5a7144cf484f5010
Allen D Catering & Decorators,Caterer,"24 Mangrove Maze, Aquadene, Richards Bay, 3900",Aquadene,Richards Bay,035 798 2247,no,,5,1,open,-28.712946,32.03951,"catering services in Richards Bay, KwaZulu-Natal, South Africa",https://www.google.com/maps/place/?q=place_id:ChIJHUVj9OE8-h4RyeWkoUjbPdY&cid=0x1efa3ce1f463451d:0xd63ddb48a1a4e5c9
Bingelela Foods,Caterer,"15 Gallinule Gait, St, Richards Bay, 3900",St,Richards Bay,082 870 0377,no,,5,2,open,-28.733760099999998,32.0858835,"catering services in Richards Bay, KwaZulu-Natal, South Africa",https://www.google.com/maps/place/?q=place_id:ChIJHTsjsKkk-h4Rg8XNcaTzDus&cid=0x1efa24a9b0233b1d:0xeb0ef3a471cdc583
Chefeez,Caterer,"35 Disa Dives, Veld En Vlei, Richards Bay, 3900",Veld En Vlei,Richards Bay,079 955 5078,no,,,,open,-28.7375984,32.0635708,"catering services in Richards Bay, KwaZulu-Natal, South Africa",https://www.google.com/maps/place/?q=place_id:ChIJe8mZA58j-h4Rw2xBwXvCLmA&cid=0x1efa239f0399c97b:0x602ec27bc1416cc3
Mala's Decor & Cater Hire,Caterer,"15 Bugula, Brackenham, Richards Bay, 3900",Brackenham,Richards Bay,083 984 2372,no,,4,1,open,-28.7240723,32.039673199999996,"catering services in Richards Bay, KwaZulu-Natal, South Africa",https://www.google.com/maps/place/?q=place_id:ChIJV63-Jew9-h4RO9Etesb2r1w&cid=0x1efa3dec25fead57:0x5caff6c67a2dd13b
Salted Catering,Caterer,,,,073 040 7812,no,,5.0,3,open,-28.9448254,30.8822356,"catering services in Richards Bay, KwaZulu-Natal, South Africa",https://www.google.com/maps/place/Salted+Catering/data=!4m7!3m6!1s0x6cfc1c94260c3dc3:0x1dc2f386bd23eeec!8m2!3d-28.9448254!4d30.8822356!16s%2Fg%2F11y36l5rml!19sChIJwz0MJpQc_GwR7O4jvYbzwh0
Spitbraai rentals,Caterer,"37 Loerie Lane, Birdswood, Richards Bay, 3900",Birdswood,Richards Bay,073 307 0658,no,,4.6,14,open,-28.741872899999997,32.085656199999995,"catering services in Richards Bay, KwaZulu-Natal, South Africa",https://www.google.com/maps/place/?q=place_id:ChIJ50hDzAEj-h4RC3_zJ2XRWOs&cid=0x1efa2301cc4348e7:0xeb58d16527f37f0b
Creative Events and catering,Catering food and drink supplier,"4 Gardenia Grove, Arboretum, Richards Bay, 3900",Arboretum,Richards Bay,084 865 9958,no,,5,76,open,-28.7538262,32.066977099999995,"catering services in Richards Bay, KwaZulu-Natal, South Africa",https://www.google.com/maps/place/?q=place_id:ChIJt737BmEj-h4RanGBpIYerFE&cid=0x1efa236106fbbdb7:0x51ac1e86a481716a
Shalom Catering,Catering food and drink supplier,"96 Alumina Allee St, Alton, Richards Bay, 3900",Alton,Richards Bay,082 803 0778,no,,4.5,62,open,-28.7485854,32.0324629,"catering services in Richards Bay, KwaZulu-Natal, South Africa",https://www.google.com/maps/place/?q=place_id:ChIJ7SxZkpUi-h4RFPqwIgnC18Y&cid=0x1efa229592592ced:0xc6d7c20922b0fa14
SA Chartered Business Accountants and Tax Specialist,Chartered accountant,"20 Mnqandane St, H2602, Richards Bay, 3887",H2602,Richards Bay,073 896 8359,no,,,,open,-28.8657769,31.917925699999998,"accountants in Richards Bay, KwaZulu-Natal, South Africa",https://www.google.com/maps/place/?q=place_id:ChIJDa_oJmgf-h4RMEifNPT7120&cid=0x1efa1f6826e8af0d:0x6dd7fbf4349f4830
D M V Consultants - Richards Bay,Civil engineering company,"Bldg suite 12, Palm Court, 13 Lira Link, Richards Bay Central, Richards Bay, 3900",,,081 631 1946,no,,5.0,3,open,-28.751456,32.054481,"building contractors in Richards Bay, KwaZulu-Natal, South Africa",https://www.google.com/maps/place/D+M+V+Consultants+-+Richards+Bay/data=!4m7!3m6!1s0x1efa233c172289a9:0xba5b6dc9e47ee7d4!8m2!3d-28.751456!4d32.054481!16s%2Fg%2F1pzxnsdgf!19sChIJqYkiFzwj-h4R1Od-5MltW7o
M.A.Mthethwa Attorneys,Civil law attorney,"Richards Bay Central, Richards Bay, 3900",Richards Bay Central,Richards Bay,061 508 3221,no,,5,1,open,-28.7539001,32.049239799999995,"attorneys in Richards Bay, KwaZulu-Natal, South Africa",https://www.google.com/maps/place/?q=place_id:ChIJv5dWNAAj-h4RwKXO0IQE8Q0&cid=0x1efa2300345697bf:0xdf10484d0cea5c0
Sibisi & Partners Inc,Civil law attorney,"27 Ceramic Curve, Alton, Richards Bay, 3900",,,087 729 8369,no,,,,open,-28.7488339,32.033061,"attorneys in Richards Bay, KwaZulu-Natal, South Africa",https://www.google.com/maps/place/Sibisi+%26+Partners+Inc/data=!4m7!3m6!1s0x1efa23cc1ee24ab3:0xa80cb2ed45df986d!8m2!3d-28.7488339!4d32.033061!16s%2Fg%2F11y66txr__!19sChIJs0riHswj-h4RbZjfRe2yDKg
Imela Industrial Cleaning Services CC,Cleaners,"11 Kiepersolkolk, Arboretum, Richards Bay, 3900",Arboretum,Richards Bay,035 789 8004,no,,5,1,open,-28.7593164,32.069299199999996,"cleaning services in Richards Bay, KwaZulu-Natal, South Africa",https://www.google.com/maps/place/?q=place_id:ChIJX4Lv_m4j-h4R9Lfxh6JPF8Y&cid=0x1efa236efeef825f:0xc6174fa287f1b7f4
Komaga Projects Pty Ltd Cleaning Services,Cleaning products supplier,"16 Cape Pondweed Pl, Aquadene, Richards Bay, 3900",,,076 112 2981,no,,5.0,3,open,-28.7157651,32.0380464,"cleaning services in Richards Bay, KwaZulu-Natal, South Africa",https://www.google.com/maps/place/Komaga+Projects+Pty+Ltd+Cleaning+Services/data=!4m7!3m6!1s0x1efa3deb7b78f81b:0x3650ebef875640ee!8m2!3d-28.7157651!4d32.0380464!16s%2Fg%2F11qnd16dl8!19sChIJG_h4e-s9-h4R7kBWh-_rUDY
MDI Hydroblasting and Vacuum Specialist,Cleaning service,"5 Alugang, Alton, Richards Bay",Alton,Richards Bay,035 797 3200,no,,5,5,open,-28.7613003,32.0071126,"cleaning services in Richards Bay, KwaZulu-Natal, South Africa",https://www.google.com/maps/place/?q=place_id:ChIJ5yKOVpQi-h4RPZc6i-Pb1YI&cid=0x1efa2294568e22e7:0x82d5dbe38b3a973d
AJB General Worx & Supplies Handyman,Construction company,"15 Eland St, Ballito, 4399",,,068 633 9550,no,,5.0,2,open,-29.5276654,31.2226468,"handyman services in Richards Bay, KwaZulu-Natal, South Africa",https://www.google.com/maps/place/AJB+General+Worx+%26+Supplies+Handyman/data=!4m7!3m6!1s0x1ef7155ed5de9913:0x5df68ca368289da8!8m2!3d-29.5276654!4d31.2226468!16s%2Fg%2F11zyp9zf1q!19sChIJE5ne1V4V9x4RqJ0oaKOM9l0
Amangcolwane glass and aluminium,Construction company,"Maholoholo road, Esikhawini H, Richards Bay, 3887",Esikhawini H,Richards Bay,071 075 5287,no,,,,open,-28.8605061,31.907137499999997,"aluminium and glass in Richards Bay, KwaZulu-Natal, South Africa",https://www.google.com/maps/place/?q=place_id:ChIJU9u3k9of-h4R7WO7qFuuLMo&cid=0x1efa1fda93b7db53:0xca2cae5ba8bb63ed
Bundu Construction,Construction company,"10 Eagle Ray, Meer En See, Richards Bay, 3901",,,082 354 7907,no,,4.3,3,open,-28.7869553,32.0975021,"building contractors in Richards Bay, KwaZulu-Natal, South Africa",https://www.google.com/maps/place/Bundu+Construction/data=!4m7!3m6!1s0x1efa2412dc40040d:0x643df9c0b2cfe481!8m2!3d-28.7869553!4d32.0975021!16s%2Fg%2F119vv87f3!19sChIJDQRA3BIk-h4RgeTPssD5PWQ
Cureton Engineering & Construction SA,Construction company,"10 Ceramic Curve, Alton, Richards Bay, 3900",,,035 751 1253,no,,4.4,7,open,-28.7545989,32.0305132,"building contractors in Richards Bay, KwaZulu-Natal, South Africa",https://www.google.com/maps/place/Cureton+Engineering+%26+Construction+SA/data=!4m7!3m6!1s0x1efa22dbb1c6f4eb:0xe141b96e66c51b9c!8m2!3d-28.7545989!4d32.0305132!16s%2Fg%2F11f4qlwwbw!19sChIJ6_TGsdsi-h4RnBvFZm65QeE
DRIVEWAYS AND SURFACES,Construction company,"Richards Bay - New, Richards Bay, 3900",,,073 980 5828,no,,,,open,-28.7409504,32.1016521,"paving contractors in Richards Bay, KwaZulu-Natal, South Africa",https://www.google.com/maps/place/DRIVEWAYS+AND+SURFACES/data=!4m7!3m6!1s0x1efa253e54c74bbd:0xda053aace9d54d88!8m2!3d-28.7409504!4d32.1016521!16s%2Fg%2F11j5f5bfx_!19sChIJvUvHVD4l-h4RiE3V6aw6Bdo
Devine Development Partners,Construction company,"Richards Bay Central, Richards Bay, 3900",,,061 017 6912,no,,5.0,1,open,-28.7501755,32.0553349,"paving contractors in Richards Bay, KwaZulu-Natal, South Africa",https://www.google.com/maps/place/Devine+Development+Partners/data=!4m7!3m6!1s0x1efa235e404bfa99:0x2722a2400f169fc6!8m2!3d-28.7501755!4d32.0553349!16s%2Fg%2F11xzl8g35g!19sChIJmfpLQF4j-h4Rxp8WD0CiIic
E&X Maintenance and Renovation,Construction company,"25 Delonix Dune, Arboretum, Richards Bay, 3900",,,082 572 0128,no,,5.0,8,open,-28.7650324,32.0563338,"building contractors in Richards Bay, KwaZulu-Natal, South Africa",https://www.google.com/maps/place/E%26X+Maintenance+and+Renovation/data=!4m7!3m6!1s0x1efa23b98d87caff:0xf26100d69c41a69a!8m2!3d-28.7650324!4d32.0563338!16s%2Fg%2F11x_81fg5p!19sChIJ_8qHjbkj-h4RmqZBnNYAYfI
Ekuvukeni Contractors,Construction company,"Kolstertkring, Meer En See, Richards Bay, 3901",,,072 893 8832,no,,,,open,-28.767086,32.119741,"building contractors in Richards Bay, KwaZulu-Natal, South Africa",https://www.google.com/maps/place/Ekuvukeni+Contractors/data=!4m7!3m6!1s0x1efa2562ffeff0db:0x32b40c219f97f74f!8m2!3d-28.767086!4d32.119741!16s%2Fg%2F11zbplk7hm!19sChIJ2_Dv_2Il-h4RT_eXnyEMtDI
GREENDOT HOLDINGS PTY LTD,Construction company,"19 Kabelring, Alton, Richards Bay, 3900",,,035 760 1532,no,,5.0,2,open,-28.7662093,32.0075607,"building contractors in Richards Bay, KwaZulu-Natal, South Africa",https://www.google.com/maps/place/GREENDOT+HOLDINGS+PTY+LTD/data=!4m7!3m6!1s0x1efa23f348d265f3:0xb0550f271e897765!8m2!3d-28.7662093!4d32.0075607!16s%2Fg%2F11p18mf4qn!19sChIJ82XSSPMj-h4RZXeJHicPVbA
Icebolethu Construction,Construction company,"10, Mabuyeni Reserves, Esikhawini H, Richards Bay, 3887",,,073 139 1831,no,,3.0,1,open,-28.86754,31.9160496,"tiling contractors in Richards Bay, KwaZulu-Natal, South Africa",https://www.google.com/maps/place/Icebolethu+Construction/data=!4m7!3m6!1s0x1efa1f17530c058d:0x525f069604c8c009!8m2!3d-28.86754!4d31.9160496!16s%2Fg%2F11r7_gdyj7!19sChIJjQUMUxcf-h4RCcDIBJYGX1I
Joe Mec Guns plumbers,Construction company,"KWANDAYA RESERVE, Empangeni, 3880",,,062 075 8553,no,,,,open,-28.8902906,31.9029635,"plumbers in Richards Bay, KwaZulu-Natal, South Africa",https://www.google.com/maps/place/Joe+Mec+Guns+plumbers/data=!4m7!3m6!1s0x1efa1f9cb117c78b:0xdeb7f33220bd00b5!8m2!3d-28.8902906!4d31.9029635!16s%2Fg%2F11yc11pz8v!19sChIJi8cXsZwf-h4RtQC9IDLzt94
Kwenza Industrial Contractors (Pty) Ltd,Construction company,"62 Dollar Dr, Richards Bay Central, Richards Bay, 3900",,,035 789 3863,no,,4.3,3,open,-28.7594934,32.0419448,"building contractors in Richards Bay, KwaZulu-Natal, South Africa",https://www.google.com/maps/place/Kwenza+Industrial+Contractors+%28Pty%29+Ltd/data=!4m7!3m6!1s0x1efa231f64cae18b:0xecde94c6664fd938!8m2!3d-28.7594934!4d32.0419448!16s%2Fg%2F1tlk3xh5!19sChIJi-HKZB8j-h4RONlPZsaU3uw
Makumba Projects Pty Ltd.,Construction company,"NORTH, COMMUNITY PARK, DACT, ZCBF, S Central Arterial, Alton, Richards Bay, 3900",,,087 147 0529,no,,4.9,37,open,-28.756489,32.034878,"building contractors in Richards Bay, KwaZulu-Natal, South Africa",https://www.google.com/maps/place/Makumba+Projects+Pty+Ltd./data=!4m7!3m6!1s0x1efa1925bcb5bd5d:0xa1b3df40164323bc!8m2!3d-28.756489!4d32.034878!16s%2Fg%2F11ggbs1d24!19sChIJXb21vCUZ-h4RvCNDFkDfs6E
Maziya Electrical Construction & Labour Hire,Construction company,"25 Ceramic Curve, Alton, Richards Bay, 3900",,,035 751 1142,no,,2.0,1,open,-28.7497123,32.0325522,"electricians in Richards Bay, KwaZulu-Natal, South Africa",https://www.google.com/maps/place/Maziya+Electrical+Construction+%26+Labour+Hire/data=!4m7!3m6!1s0x1efa22d74a8be237:0x838b8a50a64183d7!8m2!3d-28.7497123!4d32.0325522!16s%2Fg%2F1tcwccz0!19sChIJN-KLStci-h4R14NBplCKi4M
Phakathwayo JMS,Construction company,"H2, 974 Intengu Street, Esikhawini H, Richards Bay, 3887",,,067 657 7059,no,,5.0,22,open,-28.8771438,31.9079917,"building contractors in Richards Bay, KwaZulu-Natal, South Africa",https://www.google.com/maps/place/Phakathwayo+JMS/data=!4m7!3m6!1s0x1efa1f71b73f2171:0x52a7986d4de67658!8m2!3d-28.8771438!4d31.9079917!16s%2Fg%2F11x73f1_n2!19sChIJcSE_t3Ef-h4RWHbmTW2Yp1I
Posa Kanoyalo G Trading Services,Construction company,"Kwandaya ward 22, Richards Bay, 3887",,,078 602 8361,no,,,,open,-28.8743942,31.910331,"tiling contractors in Richards Bay, KwaZulu-Natal, South Africa",https://www.google.com/maps/place/Posa+Kanoyalo+G+Trading+Services/data=!4m7!3m6!1s0x1efa1ffa5102bfa1:0x30ea4e10ed4d528b!8m2!3d-28.8743942!4d31.910331!16s%2Fg%2F11nhgz3gjn!19sChIJob8CUfof-h4Ri1JN7RBO6jA
Rajan H Construction (Pty) Ltd,Construction company,"153C Pioneer Rd, Meer En See, Richards Bay, 3900",,,072 408 0285,no,,,,open,-28.7935089,32.0794946,"building contractors in Richards Bay, KwaZulu-Natal, South Africa",https://www.google.com/maps/place/Rajan+H+Construction+%28Pty%29+Ltd/data=!4m7!3m6!1s0x1efa23da878c3283:0xdaa72e36907cf755!8m2!3d-28.7935089!4d32.0794946!16s%2Fg%2F11ywnt0c7x!19sChIJgzKMh9oj-h4RVfd8kDYup9o
Sika South Africa - Richards Bay,Construction company,"87 Alumina Allee St, Alton, Richards Bay, 3900",,,035 797 3814,no,,4.3,9,open,-28.7558449,32.0249862,"building contractors in Richards Bay, KwaZulu-Natal, South Africa",https://www.google.com/maps/place/Sika+South+Africa+-+Richards+Bay/data=!4m7!3m6!1s0x1efa22db2329dfa1:0xb81e4c8a20bcb15a!8m2!3d-28.7558449!4d32.0249862!16s%2Fg%2F1pzyf36vt!19sChIJod8pI9si-h4RWrG8IIpMHrg
Simpradoor Trading Projects,Construction company,"27 Olienhoutkoppie, Arboretum, Richards Bay, 3900",,,072 808 1808,no,,5.0,2,open,-28.7665237,32.0669751,"paving contractors in Richards Bay, KwaZulu-Natal, South Africa",https://www.google.com/maps/place/Simpradoor+Trading+Projects/data=!4m7!3m6!1s0x1efa237160c786a1:0x8f9b9dc908d893b8!8m2!3d-28.7665237!4d32.0669751!16s%2Fg%2F11r7xnp_4q!19sChIJoYbHYHEj-h4RuJPYCMmdm48
TAR /BRICK PAVING INSTALLERS,Construction company,"Mandlazini, Birdswood, Richards Bay, 3901",Birdswood,Richards Bay,073 980 5828,no,,4,3,open,-28.7401959,32.0690571,"paving contractors in Richards Bay, KwaZulu-Natal, South Africa",https://www.google.com/maps/place/?q=place_id:ChIJx74xOssl-h4R0AZWAa3Vo0k&cid=0x1efa25cb3a31bec7:0x49a3d5ad015606d0
TITAN MAINTENANCE SERVICES,Construction company,"55 Weigelia, Veld En Vlei, Richards Bay, 3900",Veld En Vlei,Richards Bay,061 239 7352,no,,,,open,-28.7411787,32.0628154,"handyman services in Richards Bay, KwaZulu-Natal, South Africa",https://www.google.com/maps/place/?q=place_id:ChIJc9lluT4j-h4Ry64z6VL3NOw&cid=0x1efa233eb965d973:0xec34f752e933aecb
UDAH Construction,Construction company,"17 Ceramic Curve, Alton, Richards Bay, 3900",,,087 095 9293,no,,,,open,-28.7511854,32.0316916,"building contractors in Richards Bay, KwaZulu-Natal, South Africa",https://www.google.com/maps/place/UDAH+Construction/data=!4m7!3m6!1s0x1efa22d0a77c0001:0x8d8e81216c9accf5!8m2!3d-28.7511854!4d32.0316916!16s%2Fg%2F11t9h47q04!19sChIJAQB8p9Ai-h4R9cyabCGBjo0
uMhlathuze Construction,Construction company,"AVKN Complex, 41 Dollar Dr, CBD, Richards Bay, 3900",,,035 068 0989,no,,,,open,-28.7579507,32.0439246,"building contractors in Richards Bay, KwaZulu-Natal, South Africa",https://www.google.com/maps/place/uMhlathuze+Construction/data=!4m7!3m6!1s0x1efa2321f8900001:0x2998ed62306790f7!8m2!3d-28.7579507!4d32.0439246!16s%2Fg%2F11t30yp1vr!19sChIJAQCQ-CEj-h4R95BnMGLtmCk
Balondo Tradings (Pty) Ltd,Contractor,"Richards Bay Central, Richards Bay, 3900",,,072 996 5854,no,,,,open,-28.7526513,32.0450168,"painters in Richards Bay, KwaZulu-Natal, South Africa",https://www.google.com/maps/place/Balondo+Tradings+%28Pty%29+Ltd/data=!4m7!3m6!1s0x1efa232a6a460307:0x33b06ed3ea39bdae!8m2!3d-28.7526513!4d32.0450168!16s%2Fg%2F11nq15_jrd!19sChIJBwNGaioj-h4Rrr056tNusDM
D.S Solutions,Contractor,,,,072 529 9937,no,,5.0,1,open,-34.246635,21.7671499,"handyman services in Richards Bay, KwaZulu-Natal, South Africa",https://www.google.com/maps/place/D.S+Solutions/data=!4m7!3m6!1s0x68c46a76f0641911:0x8ba34aa31f464f6a!8m2!3d-34.246635!4d21.7671499!16s%2Fg%2F11v3r8ytxc!19sChIJERlk8HZqxGgRak9GH6NKo4s
Dicks Construction,Contractor,"Kuleka, Empangeni, 3880",,,,no,,4.7,3,open,-28.7763128,31.8869115,"building contractors in Richards Bay, KwaZulu-Natal, South Africa",https://www.google.com/maps/place/Dicks+Construction/data=!4m7!3m6!1s0x1efa11b81a8920a9:0x5f0a88ae182f2d58!8m2!3d-28.7763128!4d31.8869115!16s%2Fg%2F1tjwl0yf!19sChIJqSCJGrgR-h4RWC0vGK6ICl8
Handyman Works,Contractor,"Azalia St, Mtunzini, eMthunzini, 3867",Mtunzini,eMthunzini,065 999 0813,no,,,,open,-28.9575613,31.7462375,"handyman services in Richards Bay, KwaZulu-Natal, South Africa",https://www.google.com/maps/place/?q=place_id:ChIJR4TmXKzoVwMR2Y4hGg5yTTY&cid=0x357e8ac5ce68447:0x364d720e1a218ed9
Somkhanda Projects,Contractor,,,,071 009 2794,no,,5.0,3,open,-28.7785855,31.98598,"tiling contractors in Richards Bay, KwaZulu-Natal, South Africa",https://www.google.com/maps/place/Somkhanda+Projects/data=!4m7!3m6!1s0x35180d3435260ad:0xd1fb659cbc4039e9!8m2!3d-28.7785855!4d31.98598!16s%2Fg%2F11yxnfjc_t!19sChIJrWBSQ9OAUQMR6TlAvJxl-9E
Wall And Paving,Contractor,"9 Brass Link, Alton, Richards Bay",,,,no,,,,open,-28.7516698,32.0283307,"paving contractors in Richards Bay, KwaZulu-Natal, South Africa",https://www.google.com/maps/place/Wall+And+Paving/data=!4m7!3m6!1s0x1efa22d0731587e5:0x40d51667bdc03d17!8m2!3d-28.7516698!4d32.0283307!16s%2Fg%2F11fnwhqqp2!19sChIJ5YcVc9Ai-h4RFz3AvWcW1UA
Canon Business Center,Copier repair service,"64 Dollar Dr, Richards Bay Central, Richards Bay, 3900",,,035 789 6541,no,,3.1,11,open,-28.75924,32.0420318,"printers in Richards Bay, KwaZulu-Natal, South Africa",https://www.google.com/maps/place/Canon+Business+Center/data=!4m7!3m6!1s0x1efa231f649b89bf:0x233190cba75fae10!8m2!3d-28.75924!4d32.0420318!16s%2Fg%2F12nqgnqvg!19sChIJv4mbZB8j-h4REK5fp8uQMSM
Delsy J Trading Events & Printing,Corporate office,"Nzalabantu Empangele, Richards Bay Central, Richards Bay, 3900",,,071 617 3735,no,,,,open,-28.7501755,32.0553349,"printers in Richards Bay, KwaZulu-Natal, South Africa",https://www.google.com/maps/place/Delsy+J+Trading+Events+%26+Printing/data=!4m7!3m6!1s0x1efa250025e21481:0xa46fad2fa41bb3a8!8m2!3d-28.7501755!4d32.0553349!16s%2Fg%2F11nqygh39k!19sChIJgRTiJQAl-h4RqLMbpC-tb6Q
Reinhardt Transport Group Richardsbay,Corporate office,"N2, Richards Bay",,,078 386 2373,no,,4.5,44,open,-28.6791523,32.0426295,"transport and logistics companies in Richards Bay, KwaZulu-Natal, South Africa",https://www.google.com/maps/place/Reinhardt+Transport+Group+Richardsbay/data=!4m7!3m6!1s0x1efa3d34c8ed776b:0xad7d18c504cb9a85!8m2!3d-28.6791523!4d32.0426295!16s%2Fg%2F11kp5v64jy!19sChIJa3ftyDQ9-h4RhZrLBMUYfa0
STEEL PLATE SOLUTIONS (PTY) LTD,Corporate office,"6 Geleier Gang, Alton, Richards Bay, 3900",Alton,Richards Bay,035 797 3034,no,,4.5,22,open,-28.769414899999997,32.0115013,"welding services in Richards Bay, KwaZulu-Natal, South Africa",https://www.google.com/maps/place/?q=place_id:ChIJBbR6MpQi-h4RJpzSWKqUuhU&cid=0x1efa2294327ab405:0x15ba94aa58d29c26
WF ALUMINIUM AND GLASS,Corporate office,"56 Grandiceps, Brackenham, Richards Bay, 3900",Brackenham,Richards Bay,083 301 2594,no,,,,open,-28.717388999999997,32.0404273,"aluminium and glass in Richards Bay, KwaZulu-Natal, South Africa",https://www.google.com/maps/place/?q=place_id:ChIJC9pzkxQ9-h4RLgo9ZsYkKtQ&cid=0x1efa3d149373da0b:0xd42a24c6663d0a2e
Eagle Express,Courier service,"124 Dollar Dr, Richards Bay Central, Richards Bay, 3900",,,035 789 5151,no,,3.4,63,open,-28.752934,32.045136,"transport and logistics companies in Richards Bay, KwaZulu-Natal, South Africa",https://www.google.com/maps/place/Eagle+Express/data=!4m7!3m6!1s0x1efa2323f5946733:0x3199eccbe879237b!8m2!3d-28.752934!4d32.045136!16s%2Fg%2F1pzwcxf_g!19sChIJM2eU9SMj-h4ReyN56MvsmTE
North Coast Courier and Logistics,Courier service,,,,083 255 7403,no,,,,open,-27.8976295,31.24741,"courier services in Richards Bay, KwaZulu-Natal, South Africa",https://www.google.com/maps/place/North+Coast+Courier+and+Logistics/data=!4m7!3m6!1s0x2129a80c15f3f9bb:0x83ffcfe80ffee719!8m2!3d-27.8976295!4d31.24741!16s%2Fg%2F11yvt71lsy!19sChIJu_nzFQyoKSERGef-D-jP_4M
Ram Hand To Hand Couriers,Courier service,"90 Ceramic Curve, Alton, Richards Bay, 3900",Alton,Richards Bay,035 751 1425,no,,2.2,59,open,-28.733483099999997,32.0359615,"courier services in Richards Bay, KwaZulu-Natal, South Africa",https://www.google.com/maps/place/?q=place_id:ChIJUeBwmik9-h4R3dPVmNn0hBU&cid=0x1efa3d299a70e051:0x1584f4d998d5d3dd
Spy Express,Courier service,"Unit 10, 115 Dollar Dr, Richards Bay Central, Richards Bay, 3900",,,035 789 9560,no,,2.9,10,open,-28.7537557,32.0441629,"transport and logistics companies in Richards Bay, KwaZulu-Natal, South Africa",https://www.google.com/maps/place/Spy+Express/data=!4m7!3m6!1s0x1efa23215ea88601:0x630b6fdd65a718ab!8m2!3d-28.7537557!4d32.0441629!16s%2Fg%2F11cnd59mj0!19sChIJAYaoXiEj-h4RqxinZd1vC2M
Time Freight,Courier service,"1 Ferro Gang, Alton, Richards Bay, 3900",,,035 751 1028,no,,3.5,12,open,-28.7350047,32.0378427,"courier services in Richards Bay, KwaZulu-Natal, South Africa",https://www.google.com/maps/place/Time+Freight/data=!4m7!3m6!1s0x1efa3d2a13a3f4bf:0x212cf8d8c403a5c0!8m2!3d-28.7350047!4d32.0378427!16s%2Fg%2F11f4qkng3l!19sChIJv_SjEyo9-h4RwKUDxNj4LCE
World Courier,Courier service,"8 Ouhoutoord, Arboretum, Richards Bay, 3900",Arboretum,Richards Bay,035 789 1496,no,,2.3,3,open,-28.763225,32.069063,"courier services in Richards Bay, KwaZulu-Natal, South Africa",https://www.google.com/maps/place/?q=place_id:ChIJCf88yXEj-h4RRM1lDMHB0eQ&cid=0x1efa2371c93cff09:0xe4d1c1c10c65cd44
Snowy Bakes,Cupcake shop,"Dunne Rd, Fairview, Empangeni, 3880",,,081 560 3413,no,,4.8,15,open,-28.7538242,31.8939479,"bakery in Richards Bay, KwaZulu-Natal, South Africa",https://www.google.com/maps/place/Snowy+Bakes/data=!4m7!3m6!1s0x1efa1102b5f5f7a7:0x72282ccfff538201!8m2!3d-28.7538242!4d31.8939479!16s%2Fg%2F11xn__jh5n!19sChIJp_f1tQIR-h4RAYJT_88sKHI
Cribs to Crayons Daycare,Day care center,"22 Greenwood Rd, Richem, Empangeni, 3880",,,074 252 8363,no,,5.0,6,open,-28.7634411,31.8908734,"creche and daycare in Richards Bay, KwaZulu-Natal, South Africa",https://www.google.com/maps/place/Cribs+to+Crayons+Daycare/data=!4m7!3m6!1s0x1efa11cf407ec671:0x504817dbe1d396b3!8m2!3d-28.7634411!4d31.8908734!16s%2Fg%2F11mlxpm782!19sChIJccZ-QM8R-h4Rs5bT4dsXSFA
El Shaddai Day Care,Day care center,"43 Pinkie Pool, Meer En See, Richards Bay, 3901",Meer En See,Richards Bay,035 753 4483,no,,4.5,2,open,-28.7752873,32.1185989,"creche and daycare in Richards Bay, KwaZulu-Natal, South Africa",https://www.google.com/maps/place/?q=place_id:ChIJPTxFskgk-h4Rta2s2M9IoTM&cid=0x1efa2448b2453c3d:0x33a148cfd8acadb5
Mums Angel's Daycare,Day care center,"72 Kiepersolkolk, Arboretum, Richards Bay, 3900",Arboretum,Richards Bay,060 997 3830,no,,5,4,open,-28.7603953,32.068273399999995,"creche and daycare in Richards Bay, KwaZulu-Natal, South Africa",https://www.google.com/maps/place/?q=place_id:ChIJ363HHqQj-h4RdK435vIMxWo&cid=0x1efa23a41ec7addf:0x6ac50cf2e637ae74
Solid Rock Creche,Day care center,Empangeni,,,072 421 6961,no,,5.0,5,open,-28.7707658,31.8833743,"creche and daycare in Richards Bay, KwaZulu-Natal, South Africa",https://www.google.com/maps/place/Solid+Rock+Creche/data=!4m7!3m6!1s0x1efa10a36ac09b33:0x8b76f29cc1b9d976!8m2!3d-28.7707658!4d31.8833743!16s%2Fg%2F11dyzlsg1d!19sChIJM5vAaqMQ-h4Rdtm5wZzydos
Stepping Stones Pre Primary,Day care center,"102 Via Cassiandra, Arboretum, Richards Bay, 3900",Arboretum,Richards Bay,035 789 9396,no,,4.7,18,open,-28.7572345,32.0547178,"creche and daycare in Richards Bay, KwaZulu-Natal, South Africa",https://www.google.com/maps/place/?q=place_id:ChIJb2F0cRYj-h4RYEic7yzR9so&cid=0x1efa23167174616f:0xcaf6d12cef9c4860
Tiny Todz,Day care center,"8 Wagtail Walk, Birdswood, Richards Bay, 3900",Birdswood,Richards Bay,072 380 2763,no,,5,4,open,-28.741505999999998,32.072967999999996,"creche and daycare in Richards Bay, KwaZulu-Natal, South Africa",https://www.google.com/maps/place/?q=place_id:ChIJ6zG6t1oj-h4RuSJ4F5SAC8Y&cid=0x1efa235ab7ba31eb:0xc60b8094177822b9
Tiny Tots Daycare,Day care center,"28 Cassia Rd, Grantham Park, Empangeni, 3880",Grantham Park,Empangeni,035 772 2310,no,,5,1,open,-28.7623708,31.9002353,"creche and daycare in Richards Bay, KwaZulu-Natal, South Africa",https://www.google.com/maps/place/?q=place_id:ChIJqTf44bIQ-h4Ru2xKaFNmx8Y&cid=0x1efa10b2e1f837a9:0xc6c76653684a6cbb
Dr Z Njoko,Dental clinic,"Shop 4, 15 Union St, Empangeni Central, Empangeni, 3880",,,035 772 2279,no,,5.0,4,open,-28.7419053,31.8933779,"dentists in Richards Bay, KwaZulu-Natal, South Africa",https://www.google.com/maps/place/Dr+Z+Njoko/data=!4m7!3m6!1s0x1efa119307e03921:0x9f2666782cfcc079!8m2!3d-28.7419053!4d31.8933779!16s%2Fg%2F11f6y2ppnx!19sChIJITngB5MR-h4RecD8LHhmJp8
MPOFU DENTAL,Dental clinic,"SHOP NO.4, 15 Union St, Empangeni Central, Empangeni, 3880",,,063 577 3456,no,,,,open,-28.7422128,31.8931369,"dentists in Richards Bay, KwaZulu-Natal, South Africa",https://www.google.com/maps/place/MPOFU+DENTAL/data=!4m7!3m6!1s0x1efa1177e6545ca1:0xbce48f0d2e3335aa!8m2!3d-28.7422128!4d31.8931369!16s%2Fg%2F11z0ftqy99!19sChIJoVxU5ncR-h4RqjUzLg2P5Lw
S Soobramoney Prime Dental,Dental clinic,"Unit 9, Partridge Place, 23 Lira Link, CBD, Richards Bay, 3900",CBD,Richards Bay,063 118 7686,no,,4.2,25,open,-28.752993099999998,32.0537857,"dentists in Richards Bay, KwaZulu-Natal, South Africa",https://www.google.com/maps/place/?q=place_id:ChIJAYQVACUj-h4ReW8AtU9ydjo&cid=0x1efa232500158401:0x3a76724fb5006f79
Sizo,Dental clinic,"Building, 24 Lira Link, Richards Bay Central, Richards Bay, 3900",Richards Bay Central,Richards Bay,035 628 0421,no,,2.8,9,open,-28.753946199999998,32.052279999999996,"dentists in Richards Bay, KwaZulu-Natal, South Africa",https://www.google.com/maps/place/?q=place_id:ChIJY0E8WFkj-h4R_E3m51FoPMw&cid=0x1efa2359583c4163:0xcc3c6851e7e64dfc
Umhlathuze Dental,Dental clinic,"Shop 25 Lakeside Mall, Richards Bay, 3900",Richards Bay Central,Richards Bay,035 789 1662,no,,3.4,16,open,-28.754749999999998,32.05202,"dentists in Richards Bay, KwaZulu-Natal, South Africa",https://www.google.com/maps/place/?q=place_id:ChIJb8JEDD0j-h4Ribv2SXuLxJQ&cid=0x1efa233d0c44c26f:0x94c48b7b49f6bb89
SmileDent Lelanie Stuart Oral Hygienist,Dental hygienist,"Caredoc medical centre, 3 Lira Link, Arboretum, Richards Bay, 3900",Arboretum,Richards Bay,064 513 5325,no,,5,5,open,-28.7494837,32.0536811,"dentists in Richards Bay, KwaZulu-Natal, South Africa",https://www.google.com/maps/place/?q=place_id:ChIJ71y08Mwl-h4RhLvadqNNEJ0&cid=0x1efa25ccf0b45cef:0x9d104da376dabb84
"SmileDent, Lelanie Stuart",Dental hygienist,"Caredoc Medical Centre, 3 Lira Link, Arboretum, Richards Bay, 3900",,,064 513 5325,no,,,,open,-28.749487,32.053781,"dentists in Richards Bay, KwaZulu-Natal, South Africa","https://www.google.com/maps/place/SmileDent,+Lelanie+Stuart/data=!4m7!3m6!1s0x1efa25a59ea0ba47:0xb36d40655f22c8e6!8m2!3d-28.749487!4d32.053781!16s%2Fg%2F11hdf8s_6p!19sChIJR7qgnqUl-h4R5sgiX2VAbbM"
Nu Dental Laboratory,Dental laboratory,"10 Galjoengolf, Meer En See, Richards Bay, 3901",,,082 077 4281,no,,5.0,3,open,-28.782104,32.095904,"dentists in Richards Bay, KwaZulu-Natal, South Africa",https://www.google.com/maps/place/Nu+Dental+Laboratory/data=!4m7!3m6!1s0x1efa246dede076bd:0xa72d49ea08940588!8m2!3d-28.782104!4d32.095904!16s%2Fg%2F1pzslzj4p!19sChIJvXbg7W0k-h4RiAWUCOpJLac
Dr AML Klopper,Dentist,"Bay Hospital, Krugerrand Rd, Arboretum, Richards Bay, 3900",,,035 789 1596,no,,3.7,3,open,-28.75,32.05,"dentists in Richards Bay, KwaZulu-Natal, South Africa",https://www.google.com/maps/place/Dr+AML+Klopper/data=!4m7!3m6!1s0x1efa233b341d3bb7:0xf3eea732a96cb1a4!8m2!3d-28.75!4d32.05!16s%2Fg%2F11b6dg5jy6!19sChIJtzsdNDsj-h4RpLFsqTKn7vM
Dr EA Vawda,Dentist,"16 Union St, Empangeni Central, Empangeni, 3880",,,035 792 4877,no,,5.0,4,open,-28.7422196,31.8921182,"dentists in Richards Bay, KwaZulu-Natal, South Africa",https://www.google.com/maps/place/Dr+EA+Vawda/data=!4m7!3m6!1s0x1efa10d0c74b2a91:0xba6f53fb822d1235!8m2!3d-28.7422196!4d31.8921182!16s%2Fg%2F1pzxnsq6f!19sChIJkSpLx9AQ-h4RNRItgvtTb7o
Dr L Boshoff & Dr P Moodley Dental Surgeons,Dentist,"Unit 4, Montego park, 15 Lira Link, Richards Bay Central, Richards Bay, 3900",Richards Bay Central,Richards Bay,082 431 8433,no,,4.9,72,open,-28.7518,32.0543246,"dentists in Richards Bay, KwaZulu-Natal, South Africa",https://www.google.com/maps/place/?q=place_id:ChIJ-XqUNrkj-h4RhpGmijE0cFI&cid=0x1efa23b936947af9:0x527034318aa69186
Dr L MHLONGO,Dentist,"19 Krugerrand Grv, Richards Bay Central, Richards Bay, 3900",Richards Bay Central,Richards Bay,035 789 2955,no,,4.4,7,open,-28.749504199999997,32.0502022,"dentists in Richards Bay, KwaZulu-Natal, South Africa",https://www.google.com/maps/place/?q=place_id:ChIJYTbKLzsj-h4RjEFseElI4MI&cid=0x1efa233b2fca3661:0xc2e04849786c418c
Dr Lethu Mhlongo,Dentist,"Mzingazi Offce Park, 15 Club Road, Meer En See, Richards Bay, 3901",,,,no,,,,open,-28.776821,32.1121466,"dentists in Richards Bay, KwaZulu-Natal, South Africa",https://www.google.com/maps/place/Dr+Lethu+Mhlongo/data=!4m7!3m6!1s0x1efa244155555555:0xecc004ba82273e05!8m2!3d-28.776821!4d32.1121466!16s%2Fg%2F11sjtlxbz_!19sChIJVVVVVUEk-h4RBT4ngroEwOw
Dr NB GUMEDE,Dentist,"19 Krugerrand Grv, Richards Bay Central, Richards Bay, 3900",,,035 789 2955,no,,,,open,-28.7495042,32.0502022,"dentists in Richards Bay, KwaZulu-Natal, South Africa",https://www.google.com/maps/place/Dr+NB+GUMEDE/data=!4m7!3m6!1s0x1efa233b2fca3661:0xb3316d77366b6f65!8m2!3d-28.7495042!4d32.0502022!16s%2Fg%2F11bzvv1d8l!19sChIJYTbKLzsj-h4RZW9rNndtMbM
Dr P D Swan Dental Practice,Dentist,"9 Addison St, Empangeni Central, Empangeni, 3880",,,035 772 7231,no,,4.8,14,open,-28.7378509,31.8945256,"dentists in Richards Bay, KwaZulu-Natal, South Africa",https://www.google.com/maps/place/Dr+P+D+Swan+Dental+Practice/data=!4m7!3m6!1s0x1efa10d6f2e834bb:0x2e0a7686d5105ab0!8m2!3d-28.7378509!4d31.8945256!16s%2Fg%2F11b5ymcdm9!19sChIJuzTo8tYQ-h4RsFoQ1YZ2Ci4
Dr RP NEL,Dentist,"68 Anglers Rod, Meer En See, Richards Bay, 3901",Meer En See,Richards Bay,035 789 1596,no,,4.1,14,open,-28.781513,32.102416999999996,"dentists in Richards Bay, KwaZulu-Natal, South Africa",https://www.google.com/maps/place/?q=place_id:ChIJEdWpo2sk-h4RhnlrJVaChW4&cid=0x1efa246ba3a9d511:0x6e858256256b7986
Dr S Reddy,Dentist,"10 Byrne St, Empangeni Central, Empangeni, 3880",,,035 792 5463,no,,4.7,3,open,-28.7440536,31.8873158,"dentists in Richards Bay, KwaZulu-Natal, South Africa",https://www.google.com/maps/place/Dr+S+Reddy/data=!4m7!3m6!1s0x1efa10dbb3b4cf0b:0x43fbc613817ff16e!8m2!3d-28.7440536!4d31.8873158!16s%2Fg%2F1pzr449hx!19sChIJC8-0s9sQ-h4RbvF_gRPG-0M
Dr. Boshoff C M,Dentist,"Meer En See, Richards Bay, 3900",Meer En See,Richards Bay,035 753 2070,no,,3.9,16,open,-28.776039599999997,32.121213,"dentists in Richards Bay, KwaZulu-Natal, South Africa",https://www.google.com/maps/place/?q=place_id:ChIJNXFdGEkk-h4RLuJRuPa1NgI&cid=0x1efa2449185d7135:0x236b5f6b851e22e
F.Khan Prime Dental,Dentist,"Unit 9, 23 Lira Link, CBD, Richards Bay, 3900",CBD,Richards Bay,035 786 0573,no,,4.6,9,open,-28.752993099999998,32.0537857,"dentists in Richards Bay, KwaZulu-Natal, South Africa",https://www.google.com/maps/place/?q=place_id:ChIJ0f15g7oj-h4R6Ih2vfaiJVk&cid=0x1efa23ba8379fdd1:0x5925a2f6bd7688e8
Family Dental Care,Dentist,"Richards Bay 1st Floor Unit 15-16 Calypso Centre, 2 Krugerrand Grv, Richards Bay, 3900",Richards Bay Central,Richards Bay,035 789 1596,no,,,,open,-28.750908499999998,32.0533778,"dentists in Richards Bay, KwaZulu-Natal, South Africa",https://www.google.com/maps/place/?q=place_id:ChIJvVFRvFQj-h4RIjc-z331Lgo&cid=0x1efa2354bc5151bd:0xa2ef57dcf3e3722
Govender D,Dentist,"Shop 7 Richards Park, Richards Bay, 3900",Richards Bay Central,Richards Bay,035 789 0634,no,,4.4,9,open,-28.7516274,32.0501305,"dentists in Richards Bay, KwaZulu-Natal, South Africa",https://www.google.com/maps/place/?q=place_id:ChIJg6qqqj4j-h4RrI-K7WQ3JNg&cid=0x1efa233eaaaaaa83:0xd8243764ed8a8fac
Makgato Dental Practice,Dentist,"Shop No 17 CNR Rex Henderson and Paul Avenue, Five ways Mall, Empangeni, 3880",,,035 799 5497,no,,2.8,23,open,-28.7579183,31.9009812,"dentists in Richards Bay, KwaZulu-Natal, South Africa",https://www.google.com/maps/place/Makgato+Dental+Practice/data=!4m7!3m6!1s0x1efa1733547ba6c7:0x3d39ea3a19d318e1!8m2!3d-28.7579183!4d31.9009812!16s%2Fg%2F11kctt8tlc!19sChIJx6Z7VDMX-h4R4RjTGTrqOT0
Netcare Medicross Richards Bay,Dentist,"Richards Bay 1st Floor Unit 15-16 Calypso Centre, 2 Krugerrand Grv, Richards Bay, 3900",Richards Bay Central,Richards Bay,035 789 1596,no,,3.7,27,open,-28.7504,32.0526,"dentists in Richards Bay, KwaZulu-Natal, South Africa",https://www.google.com/maps/place/?q=place_id:ChIJs7lZgjsj-h4RkmnPpSYfp0M&cid=0x1efa233b8259b9b3:0x43a71f26a5cf6992
P Sivalingum Dental Therapist Prestige Smiles Dental,Dentist,"Shop 7.1 Phase 2 Town Square Mall, Bullion Blvd, Arboretum, Richards Bay, 3900",Arboretum,Richards Bay,073 663 5931,no,,4.4,7,open,-28.7489545,32.051057,"dentists in Richards Bay, KwaZulu-Natal, South Africa",https://www.google.com/maps/place/?q=place_id:ChIJH4usYsgj-h4RIzEq4PUzCSE&cid=0x1efa23c862ac8b1f:0x210933f5e02a3123
Rugnat A M T/a Bay Dental,Dentist,"Shop 10b Checkers Centre, Bullion Boulevard, Richards Bay, 3900",,,035 789 3892,no,,,,open,-28.7482779,32.0523898,"dentists in Richards Bay, KwaZulu-Natal, South Africa",https://www.google.com/maps/place/Rugnat+A+M+T%2Fa+Bay+Dental/data=!4m7!3m6!1s0x1efa233baaaaaaab:0x9744252f6fd18140!8m2!3d-28.7482779!4d32.0523898!16s%2Fg%2F11b5ynwxq7!19sChIJq6qqqjsj-h4RQIHRby8lRJc
Sibeko V J,Dentist,"Shop 8, Nbs Building, 11 Commercial St, Empangeni Central, Empangeni, 3880",,,035 772 4981,no,,4.0,8,open,-28.7433283,31.8903887,"dentists in Richards Bay, KwaZulu-Natal, South Africa",https://www.google.com/maps/place/Sibeko+V+J/data=!4m7!3m6!1s0x1efa10da77952f79:0x530502e5ac1caf95!8m2!3d-28.7433283!4d31.8903887!16s%2Fg%2F11b5ytbv95!19sChIJeS-Vd9oQ-h4Rla8crOUCBVM
Thulkanam V,Dentist,"19 Via Davallia, Brackenham, Richards Bay, 3900",,,035 798 2732,no,,4.3,7,open,-28.7282762,32.041426,"dentists in Richards Bay, KwaZulu-Natal, South Africa",https://www.google.com/maps/place/Thulkanam+V/data=!4m7!3m6!1s0x1efa3cd77bd486e1:0x96a58a0cb422b0f!8m2!3d-28.7282762!4d32.041426!16s%2Fg%2F11b5yxf5qb!19sChIJ4YbUe9c8-h4RDytCy6BYagk
Angel Berry Lakeside Richards Bay,Dessert restaurant,"5 Mark Strasse, Richards Bay Central, Richards Bay, 3900",Richards Bay Central,Richards Bay,083 632 1189,no,,4.5,10,open,-28.753978399999998,32.0497262,"takeaways in Richards Bay, KwaZulu-Natal, South Africa",https://www.google.com/maps/place/?q=place_id:ChIJ0yPZxDwj-h4RYOd3sVTMVC8&cid=0x1efa233cc4d923d3:0x2f54cc54b177e760
DIAGNOSTIC SERVICE CENTRE,Diagnostic center,"122 Alumina Allee St, Alton, Richards Bay, 3900",,,035 751 1081,no,,3.3,10,open,-28.7478988,32.0318166,"car repair mechanics in Richards Bay, KwaZulu-Natal, South Africa",https://www.google.com/maps/place/DIAGNOSTIC+SERVICE+CENTRE/data=!4m7!3m6!1s0x1efa22d13caec403:0x96adcad6fd3d5f12!8m2!3d-28.7478988!4d32.0318166!16s%2Fg%2F11bzvyh84x!19sChIJA8SuPNEi-h4REl89_dbKrZY
RB PRINTING,Digital printing service,"33 Via Mammalia, Wild En Weide, Richards Bay, 3900",,,073 853 0595,no,,,,open,-28.7314478,32.0509409,"printers in Richards Bay, KwaZulu-Natal, South Africa",https://www.google.com/maps/place/RB+PRINTING/data=!4m7!3m6!1s0x1efa1190f2e4d775:0x48dde795632f8a17!8m2!3d-28.7314478!4d32.0509409!16s%2Fg%2F11q85xcwjj!19sChIJddfk8pAR-h4RF4ovY5Xn3Ug
S A MBATHA AND ASSOCIATES,Divorce lawyer,"Unit 14, Standard bank house, 9 Maxwell St, Empangeni Central, Empangeni, 3880",,,076 826 9224,no,,4.8,5,open,-28.7393143,31.8944374,"attorneys in Richards Bay, KwaZulu-Natal, South Africa",https://www.google.com/maps/place/S+A+MBATHA+AND+ASSOCIATES/data=!4m7!3m6!1s0x1efa11fff8f43b59:0xf7588c1064438ad!8m2!3d-28.7393143!4d31.8944374!16s%2Fg%2F11swm0zs95!19sChIJWTv0-P8R-h4RrThEBsGIdQ8
Atuhaire & Malende,Doctor,"1 Bonanza Building, 1 Ruppe Ruf Street, Richards Bay, 3900",Richards Bay Central,Richards Bay,035 789 9614,no,,4.2,25,open,-28.748326,32.0478601,"doctors general practitioners in Richards Bay, KwaZulu-Natal, South Africa",https://www.google.com/maps/place/?q=place_id:ChIJg6qqqj4j-h4R4lihJBffwJU&cid=0x1efa233eaaaaaa83:0x95c0df1724a158e2
Dr H Malan,Doctor,"The Bay Hospital, Krugerrand Rd, CBD, Richards Bay, 3900",Richards Bay Central,Richards Bay,035 789 1564,no,,5,5,open,-28.750500799999998,32.0537998,"doctors general practitioners in Richards Bay, KwaZulu-Natal, South Africa",https://www.google.com/maps/place/?q=place_id:ChIJzTLyijsj-h4RKTBdyCdSdmg&cid=0x1efa233b8af232cd:0x68765227c85d3029
Dr PLS Van Rooyen,Doctor,"The Bay Hospital, Krugerrand Rd, CBD, Richards Bay, 3900",Richards Bay Central,Richards Bay,035 789 6266,no,,4.9,18,open,-28.750500799999998,32.0537998,"doctors general practitioners in Richards Bay, KwaZulu-Natal, South Africa",https://www.google.com/maps/place/?q=place_id:ChIJzTLyijsj-h4Rw4HPfkVUcuc&cid=0x1efa233b8af232cd:0xe77254457ecf81c3
Dr WP Wasserman,Doctor,"Kruger Rand Bay Hospital, CBD, Richards Bay, 3900",Richards Bay Central,Richards Bay,035 789 4237,no,,4.7,3,open,-28.7499617,32.0533064,"optometrists in Richards Bay, KwaZulu-Natal, South Africa",https://www.google.com/maps/place/?q=place_id:ChIJzTLyijsj-h4RogT2meMjqso&cid=0x1efa233b8af232cd:0xcaaa23e399f604a2
Dr. Ndumiso Bulunga Medical Practice,Doctor,"Shop 19, Checkers Centre, 53 Bullion Blvd, Richards Bay Central, Richards Bay, 3900",Richards Bay Central,Richards Bay,078 588 5692,no,,5,6,open,-28.752586599999997,32.0487087,"doctors general practitioners in Richards Bay, KwaZulu-Natal, South Africa",https://www.google.com/maps/place/?q=place_id:ChIJ03i1s1wj-h4R84enyz8IUKg&cid=0x1efa235cb3b578d3:0xa850083fcba787f3
Green G W,Doctor,"Suite 5a Richards Park Building, Richards Bay, 3900",Richards Bay Central,Richards Bay,035 789 1491,no,,4.7,10,open,-28.751481499999997,32.0497075,"doctors general practitioners in Richards Bay, KwaZulu-Natal, South Africa",https://www.google.com/maps/place/?q=place_id:ChIJq6qqqjsj-h4R0n8hNkBhETs&cid=0x1efa233baaaaaaab:0x3b11614036217fd2
Lacey C S,Doctor,"Suite M7, Netcare the Bay Hospital, 6 Krugerrand Grv, Richards Bay Central, Richards Bay, 3900",Richards Bay Central,Richards Bay,035 789 6266,no,,4.8,13,open,-28.749945699999998,32.0541687,"doctors general practitioners in Richards Bay, KwaZulu-Natal, South Africa",https://www.google.com/maps/place/?q=place_id:ChIJS6FrhTsj-h4RuBmi5drnjrs&cid=0x1efa233b856ba14b:0xbb8ee7dae5a219b8
Mathenjwa S S,Doctor,"Suite 2 Sher-Meer Bay, Cnr Boullion Boulevard & Krugerrand Street, Richards Bay, 3900",Richards Bay Central,Richards Bay,035 789 0054,no,,3.6,11,open,-28.7485736,32.0487505,"doctors general practitioners in Richards Bay, KwaZulu-Natal, South Africa",https://www.google.com/maps/place/?q=place_id:ChIJZYAjJiUj-h4Rgi0wxYtxtFw&cid=0x1efa232526238065:0x5cb4718bc5302d82
Professor 3 SECONDS,Doctor,"28°44'24.2""S 31°48'06.1""E Mtengu, Movamhlone, 3880",,,073 326 6782,no,,5.0,2,open,-28.7398777,31.8014688,"handyman services in Richards Bay, KwaZulu-Natal, South Africa",https://www.google.com/maps/place/Professor+3+SECONDS/data=!4m7!3m6!1s0x1efa0ff4c51bf4eb:0x5b1e6826875c27df!8m2!3d-28.7398777!4d31.8014688!16s%2Fg%2F11lfq3qpww!19sChIJ6_QbxfQP-h4R3ydchyZoHls
Manqobo Driving Academy,Drivers license training school,"Manqobo Driving Academy, Shop 5 Peseta Parade, Richards Bay Central, Richards Bay, 3900",Richards Bay Central,Richards Bay,084 798 8547,no,,5,1,open,-28.74722,32.047039999999996,"driving schools in Richards Bay, KwaZulu-Natal, South Africa",https://www.google.com/maps/place/?q=place_id:ChIJ8z4MkiUj-h4RH-KUuqmWbeg&cid=0x1efa2325920c3ef3:0xe86d96a9ba94e21f
Mr Propshaft & CV Joints,Driveshaft shop,"105 Dollar Dr, Richards Bay Central, Richards Bay, 3900",,,035 789 6600,no,,4.6,57,open,-28.7554395,32.0431383,"car repair mechanics in Richards Bay, KwaZulu-Natal, South Africa",https://www.google.com/maps/place/Mr+Propshaft+%26+CV+Joints/data=!4m7!3m6!1s0x1efa23217014f15d:0x18ecc6e9bf75a27d!8m2!3d-28.7554395!4d32.0431383!16s%2Fg%2F11b6d3j3d1!19sChIJXfEUcCEj-h4RfaJ1v-nG7Bg
Ace Driving School,Driving school,"1 Msimbithi St, Arboretum, Richards Bay, 3900",Arboretum,Richards Bay,083 462 4958,no,,,,open,-28.762355999999997,32.0736065,"driving schools in Richards Bay, KwaZulu-Natal, South Africa",https://www.google.com/maps/place/?q=place_id:ChIJ0ciYlXoj-h4RsI6EP_cYVyE&cid=0x1efa237a9598c8d1:0x215718f73f848eb0
DEXRO DRIVING ACADEMY,Driving school,"1b Elandengte, Wild En Weide, Richards Bay, 3900",Wild En Weide,Richards Bay,072 424 7734,no,,4.5,2,open,-28.734444,32.050503899999995,"driving schools in Richards Bay, KwaZulu-Natal, South Africa",https://www.google.com/maps/place/?q=place_id:ChIJg6U3aM08-h4R2m9j3LdgE4M&cid=0x1efa3ccd6837a583:0x831360b7dc636fda
Don's Driving School,Driving school,,,,083 292 8137,no,,,,open,-28.7785855,31.992421,"driving schools in Richards Bay, KwaZulu-Natal, South Africa",https://www.google.com/maps/place/Don%27s+Driving+School/data=!4m7!3m6!1s0x2f68347f4701d48d:0x5e59adead74f813c!8m2!3d-28.7785855!4d31.992421!16s%2Fg%2F11rsr19bhc!19sChIJjdQBR380aC8RPIFP1-qtWV4
Donga Driving School,Driving school,"Mdlebe Mpuma Rd, Esikhawini H, Richards Bay, 3887",,,060 855 1265,no,,,,open,-28.8829309,31.9043226,"driving schools in Richards Bay, KwaZulu-Natal, South Africa",https://www.google.com/maps/place/Donga+Driving+School/data=!4m7!3m6!1s0x1efa1e9e645db571:0xc010557050c7fcce!8m2!3d-28.8829309!4d31.9043226!16s%2Fg%2F11s7tc833g!19sChIJcbVdZJ4e-h4RzvzHUHBVEMA
Dorothy's Driving School,Driving school,,,,082 372 1262,no,,5.0,26,open,-28.7785855,31.98598,"driving schools in Richards Bay, KwaZulu-Natal, South Africa",https://www.google.com/maps/place/Dorothy%27s+Driving+School/data=!4m7!3m6!1s0x1efa2394c1c86bab:0xcb75901e9aeb56c9!8m2!3d-28.7785855!4d31.98598!16s%2Fg%2F11h3mmfywl!19sChIJq2vIwZQj-h4RyVbrmh6Qdcs
K53 Specialist Driving School,Driving school,"26 Jacopever, Meer En See, Richards Bay, 3901",Meer En See,Richards Bay,082 936 9596,no,,5,1,open,-28.786098,32.096877899999996,"driving schools in Richards Bay, KwaZulu-Natal, South Africa",https://www.google.com/maps/place/?q=place_id:ChIJQzlWyxIk-h4REcFpg1cFsCs&cid=0x1efa2412cb563943:0x2bb005578369c111
Mthethwa's Driving School,Driving school,"44 Biyela St, Empangeni Central, Empangeni, 3880",Empangeni Central,Empangeni,035 772 4009,no,,4,3,open,-28.738930999999997,31.890504999999997,"driving schools in Richards Bay, KwaZulu-Natal, South Africa",https://www.google.com/maps/place/?q=place_id:ChIJX3u4f9cQ-h4RDiz5yatoELY&cid=0x1efa10d77fb87b5f:0xb61068abc9f92c0e
Naz's Driving School,Driving school,"Union St, Empangeni Central, Empangeni, 3880",Empangeni Central,Empangeni,035 772 4200,no,,1,1,open,-28.7396018,31.8951329,"driving schools in Richards Bay, KwaZulu-Natal, South Africa",https://www.google.com/maps/place/?q=place_id:ChIJgR12ptYQ-h4R4TaR2D-xivI&cid=0x1efa10d6a6761d81:0xf28ab13fd89136e1
On The Wheels Driving School,Driving school,"Kenart Building, 6 Union St, Empangeni Central, Empangeni, 3880",Empangeni Central,Empangeni,079 993 5428,no,,3,2,open,-28.743464,31.890756,"driving schools in Richards Bay, KwaZulu-Natal, South Africa",https://www.google.com/maps/place/?q=place_id:ChIJY4aYygER-h4R_uiqm1i1Hqc&cid=0x1efa1101ca988663:0xa71eb5589baae8fe
R&B Driving School,Driving school,"Kingfisher Creek, Bottlebrushbend, Veld En Vlei, Richards Bay, 3900",Veld En Vlei,Richards Bay,071 059 1055,no,,,,open,-28.740361999999998,32.056854,"driving schools in Richards Bay, KwaZulu-Natal, South Africa",https://www.google.com/maps/place/?q=place_id:ChIJue7Zzcgj-h4R9LMgO0Xouhk&cid=0x1efa23c8cdd9eeb9:0x19bae8453b20b3f4
Ricky's Driving School KZN,Driving school,"Pelserplaat, Meer En See, Richards Bay, 3900",Meer En See,Richards Bay,083 813 4803,no,,5,2,open,-28.7668534,32.1157993,"driving schools in Richards Bay, KwaZulu-Natal, South Africa",https://www.google.com/maps/place/?q=place_id:ChIJVWBHeDzHsyERuczxEZclgg4&cid=0x21b3c73c78476055:0xe82259711f1ccb9
Zama Driving School,Driving school,"office number 9, 4 Union St, Empangeni Central, Empangeni, 3880",,,072 334 0739,no,,,,open,-28.7423622,31.8909144,"driving schools in Richards Bay, KwaZulu-Natal, South Africa",https://www.google.com/maps/place/Zama+Driving+School/data=!4m7!3m6!1s0x1efa1191a0b371b5:0xce7099f4fdc41874!8m2!3d-28.7423622!4d31.8909144!16s%2Fg%2F11mqw6vkck!19sChIJtXGzoJER-h4RdBjE_fSZcM4
Zululand driving academy,Driving school,"67 Dollar Dr, Alton, Richards Bay, 3900",Alton,Richards Bay,082 370 2713,no,,1.8,5,open,-28.76071,32.041869,"driving schools in Richards Bay, KwaZulu-Natal, South Africa",https://www.google.com/maps/place/?q=place_id:ChIJkZ1x294i-h4Rb1s5SiZl8M8&cid=0x1efa22dedb719d91:0xcff065264a395b6f
kwakhumalo driving school,Driving school,"manguni, Esikhawini H, Richards Bay, 3887",Esikhawini H,Richards Bay,061 554 2337,no,,5,1,open,-28.8692557,31.9097458,"driving schools in Richards Bay, KwaZulu-Natal, South Africa",https://www.google.com/maps/place/?q=place_id:ChIJidHdXAcf-h4RS7b6AdzIadM&cid=0x1efa1f075cddd189:0xd369c8dc01fab64b
Bay Laundry & Dry Cleaning,Dry cleaner,"Krugerrand Grv, Richards Bay Central, Richards Bay, 3900",,,,no,,4.5,2,open,-28.7483199,32.0478277,"cleaning services in Richards Bay, KwaZulu-Natal, South Africa",https://www.google.com/maps/place/Bay+Laundry+%26+Dry+Cleaning/data=!4m7!3m6!1s0x1efa232514a07239:0x9a148cbe2fadecdc!8m2!3d-28.7483199!4d32.0478277!16s%2Fg%2F11jwsm6nth!19sChIJOXKgFCUj-h4R3OytL76MFJo
Kuthula Rewind (Pty) Ltd,Electric motor repair shop,"Unit 5 & 6, Bermart Park, 96 Alumina Allee St, Alton, Richards Bay, 3900",,,035 751 1313,no,,4.6,13,open,-28.7483342,32.0323321,"electricians in Richards Bay, KwaZulu-Natal, South Africa",https://www.google.com/maps/place/Kuthula+Rewind+%28Pty%29+Ltd/data=!4m7!3m6!1s0x1efa229592592ced:0x6b122009727637d8!8m2!3d-28.7483342!4d32.0323321!16s%2Fg%2F1pztd4c_t!19sChIJ7SxZkpUi-h4R2Dd2cgkgEms
Scribante Construction,Electrical engineer,"31 Bauxite Bay, Alton, Richards Bay, 3900",,,035 797 4716,no,,4.5,22,open,-28.7515478,32.0166291,"electricians in Richards Bay, KwaZulu-Natal, South Africa",https://www.google.com/maps/place/Scribante+Construction/data=!4m7!3m6!1s0x1efa22c9c6af6a19:0xaa0c39e4bf92371d!8m2!3d-28.7515478!4d32.0166291!16s%2Fg%2F1pzyj2knk!19sChIJGWqvxski-h4RHTeSv-Q5DKo
BTZ Electrical,Electrical installation service,"Unit 2, 7 Copper Corner, Alton, Richards Bay, 3900",,,066 125 4794,no,,5.0,1,open,-28.7554368,32.0280494,"electricians in Richards Bay, KwaZulu-Natal, South Africa",https://www.google.com/maps/place/BTZ+Electrical/data=!4m7!3m6!1s0x1efa2369910d3f75:0x3ae7506250f37857!8m2!3d-28.7554368!4d32.0280494!16s%2Fg%2F11ngnzmt2x!19sChIJdT8NkWkj-h4RV3jzUGJQ5zo
Kwena Electrical Industries (PTY) ltd,Electrical installation service,"str 55, Knorhaanbaai, Meer En See, Richards Bay, 3901",,,076 422 8421,no,,5.0,1,open,-28.7798541,32.1101868,"electricians in Richards Bay, KwaZulu-Natal, South Africa",https://www.google.com/maps/place/Kwena+Electrical+Industries+%28PTY%29+ltd/data=!4m7!3m6!1s0x1efa24411da0a58b:0x59bba9c2efea2736!8m2!3d-28.7798541!4d32.1101868!16s%2Fg%2F11gr7rh7k0!19sChIJi6WgHUEk-h4RNifq78Kpu1k
Ncuka all nations energy solutions,Electrical installation service,"73 Dollar Dr, Richards Bay Central, Richards Bay, 3900",,,073 070 7637,no,,,,open,-28.7600822,32.0408721,"electricians in Richards Bay, KwaZulu-Natal, South Africa",https://www.google.com/maps/place/Ncuka+all+nations+energy+solutions/data=!4m7!3m6!1s0x1efa23d123f5d8a3:0x28f9bc70297d34fd!8m2!3d-28.7600822!4d32.0408721!16s%2Fg%2F11nvvb5d2y!19sChIJo9j1I9Ej-h4R_TR9KXC8-Sg
Psitron Electrical Contracting & Engineering PTY LTD,Electrical installation service,"92 Alumina Allee St, Alton, Richards Bay, 3900",,,035 751 1109,no,,4.6,5,open,-28.7496331,32.0314995,"electricians in Richards Bay, KwaZulu-Natal, South Africa",https://www.google.com/maps/place/Psitron+Electrical+Contracting+%26+Engineering+PTY+LTD/data=!4m7!3m6!1s0x1efa23eeef95e787:0x839c8d78b13118e6!8m2!3d-28.7496331!4d32.0314995!16s%2Fg%2F11gw32zqw9!19sChIJh-eV7-4j-h4R5hgxsXiNnIM
SB ELECTRICAL AND PROJECTS (Pty)LTD,Electrical installation service,,,,087 550 3279,no,,5.0,5,open,-28.7221209,28.8391,"electricians in Richards Bay, KwaZulu-Natal, South Africa",https://www.google.com/maps/place/SB+ELECTRICAL+AND+PROJECTS+%28Pty%29LTD/data=!4m7!3m6!1s0x1efa1d1872f8dd7d:0xf0ff67d01a96912d!8m2!3d-28.7221209!4d28.8391!16s%2Fg%2F11ghsgm1rk!19sChIJfd34chgd-h4RLZGWGtBn__A
Trueamp Electrical Engineering,Electrical substation,"Unit 9&10, Barossa Park, 4 Ceramic Curve, Alton, Richards Bay, 3900",,,035 464 1148,no,,5.0,3,open,-28.7545262,32.0288275,"electricians in Richards Bay, KwaZulu-Natal, South Africa",https://www.google.com/maps/place/Trueamp+Electrical+Engineering/data=!4m7!3m6!1s0x1efa25fb85aeba47:0x1657ed3d70a50dc5!8m2!3d-28.7545262!4d32.0288275!16s%2Fg%2F11rfn2m8z8!19sChIJR7quhfsl-h4RxQ2lcD3tVxY
A/C Mthembu Electrical,Electrical supply store,"Richards Bay - New, Richards Bay, 3900",,,035 789 5732,no,,5.0,1,open,-28.7437228,32.1093067,"electricians in Richards Bay, KwaZulu-Natal, South Africa",https://www.google.com/maps/place/A%2FC+Mthembu+Electrical/data=!4m7!3m6!1s0x1efa23243078c087:0xc7dc048fe120493c!8m2!3d-28.7437228!4d32.1093067!16s%2Fg%2F1trqdlvw!19sChIJh8B4MCQj-h4RPEkg4Y8E3Mc
Rehoboth Electrical Suppliers,Electrical supply store,"Shop 5, 7 Dollar Dr, Cbd, Richards Bay, 3900",,,035 285 0042,no,,4.9,23,open,-28.7537949,32.0457894,"electricians in Richards Bay, KwaZulu-Natal, South Africa",https://www.google.com/maps/place/Rehoboth+Electrical+Suppliers/data=!4m7!3m6!1s0x1efa230f8ee88729:0x30d72ec2199f20ce!8m2!3d-28.7537949!4d32.0457894!16s%2Fg%2F11rpdb9g_h!19sChIJKYfojg8j-h4RziCfGcIu1zA
Super Team Electrical,Electrical supply store,"16 Brass Link, Alton, Richards Bay",,,035 751 2005,no,,4.5,2,open,-28.7508377,32.0236325,"electricians in Richards Bay, KwaZulu-Natal, South Africa",https://www.google.com/maps/place/Super+Team+Electrical/data=!4m7!3m6!1s0x1efa22cf022d94d5:0x6e1e890d7b8c33f5!8m2!3d-28.7508377!4d32.0236325!16s%2Fg%2F1pzy7hhb6!19sChIJ1ZQtAs8i-h4R9TOMew2JHm4
Electrical maintenance and general service,Electrician,,,,,no,,5.0,3,open,-28.7785855,31.992421,"handyman services in Richards Bay, KwaZulu-Natal, South Africa",https://www.google.com/maps/place/Electrical+maintenance+and+general+service/data=!4m7!3m6!1s0x89db6b8a9ae75b67:0x939f64abf831160e!8m2!3d-28.7785855!4d31.992421!16s%2Fg%2F11wfxvpmy2!19sChIJZ1vnmopr24kRDhYx-Ktkn5M
Grabe Electrical Contractors (Pty) Ltd,Electrician,"Unit 5, Rhino Park, 81 Ceramic Curve, Alton, Richards Bay, 3900",,,035 797 4579,no,,3.5,2,open,-28.7364785,32.0389039,"electricians in Richards Bay, KwaZulu-Natal, South Africa",https://www.google.com/maps/place/Grabe+Electrical+Contractors+%28Pty%29+Ltd/data=!4m7!3m6!1s0x1efa3cd570a1d829:0x1444dba7ce95591e!8m2!3d-28.7364785!4d32.0389039!16s%2Fg%2F11h_wypyvf!19sChIJKdihcNU8-h4RHlmVzqfbRBQ
Gridshift Electrical and Solar Services,Electrician,"55 Olienhoutkoppie, Arboretum, Richards Bay, 3900",,,068 976 7855,no,,,,open,-28.7659873,32.0696339,"electricians in Richards Bay, KwaZulu-Natal, South Africa",https://www.google.com/maps/place/Gridshift+Electrical+and+Solar+Services/data=!4m7!3m6!1s0x1efa23616d70c1eb:0xddfe540a718f28d!8m2!3d-28.7659873!4d32.0696339!16s%2Fg%2F11z8kxs0d6!19sChIJ68FwbWEj-h4RjfIYp0Dl3w0
J J Murray Electrical Contractors,Electrician,"4 Galjoengolf, Meer En See, Richards Bay, 3901",,,083 232 2710,no,,5.0,3,open,-28.781989,32.096742,"electricians in Richards Bay, KwaZulu-Natal, South Africa",https://www.google.com/maps/place/J+J+Murray+Electrical+Contractors/data=!4m7!3m6!1s0x1efa246dc10fb689:0xc693c0abe37c37b4!8m2!3d-28.781989!4d32.096742!16s%2Fg%2F1pzpv_py0!19sChIJibYPwW0k-h4RtDd846vAk8Y
KRAFT LIGHTING & POWER,Electrician,"Unit 1 Macgra Pk, 3 Brass Link, Alton, Richards Bay, 3900",,,083 417 1493,no,,5.0,1,open,-28.750272,32.029578,"electricians in Richards Bay, KwaZulu-Natal, South Africa",https://www.google.com/maps/place/KRAFT+LIGHTING+%26+POWER/data=!4m7!3m6!1s0x1efa22d05efd9497:0xea3c2fb8c0477732!8m2!3d-28.750272!4d32.029578!16s%2Fg%2F11ghff9nf3!19sChIJl5T9XtAi-h4RMndHwLgvPOo
Khuluma Electrical,Electrician,"6, 81 Ceramic Curve, Alton, Richards Bay, 3900",,,082 056 2705,no,,,,open,-28.7364785,32.0389039,"electricians in Richards Bay, KwaZulu-Natal, South Africa",https://www.google.com/maps/place/Khuluma+Electrical/data=!4m7!3m6!1s0x1efa3cd570a1d829:0x79e24b4af5ff4a4!8m2!3d-28.7364785!4d32.0389039!16s%2Fg%2F1pzrkl5j0!19sChIJKdihcNU8-h4RpPRfr7Qkngc
PEAK VOLTAGE SOLUTIONS AND SOLAR,Electrician,"Bulbul Bend, Birdswood, Richards Bay, 3900",,,084 944 3607,no,,5.0,9,open,-28.7360669,32.0792756,"electricians in Richards Bay, KwaZulu-Natal, South Africa",https://www.google.com/maps/place/PEAK+VOLTAGE+SOLUTIONS+AND+SOLAR/data=!4m7!3m6!1s0x1efa23ba5f945bc3:0x8073742eca35b57!8m2!3d-28.7360669!4d32.0792756!16s%2Fg%2F11xcvjqhhl!19sChIJw1uUX7oj-h4RV1uj7EI3Bwg
S M ELECTRICAL AND CIVIL ENGINEERING,Electrician,"86 Ceramic Curve, Alton, Richards Bay, 3900",,,072 050 6023,no,,4.4,9,open,-28.733143,32.037607,"electricians in Richards Bay, KwaZulu-Natal, South Africa",https://www.google.com/maps/place/S+M+ELECTRICAL+AND+CIVIL+ENGINEERING/data=!4m7!3m6!1s0x1efa3d29e8f2cae7:0x6d0b04aaa692f24e!8m2!3d-28.733143!4d32.037607!16s%2Fg%2F11bzvytp20!19sChIJ58ry6Ck9-h4RTvKSpqoEC20
Umhlathuze Electrical,Electrician,"Unit 7, 7 Peseta Parade, Richards Bay Central, Richards Bay, 3900",,,035 789 1385,no,,5.0,2,open,-28.74696,32.04716,"electricians in Richards Bay, KwaZulu-Natal, South Africa",https://www.google.com/maps/place/Umhlathuze+Electrical/data=!4m7!3m6!1s0x1efa232f812a9f73:0xeb42508d6a08c359!8m2!3d-28.74696!4d32.04716!16s%2Fg%2F11fktrjqqz!19sChIJc58qgS8j-h4RWcMIao1QQus
Wired Right,Electrician,,,,081 021 9831,no,,5.0,4,open,-28.6282579,32.125482,"electricians in Richards Bay, KwaZulu-Natal, South Africa",https://www.google.com/maps/place/Wired+Right/data=!4m7!3m6!1s0xa0a3c3ade3f9abc1:0x62b349f320c868b2!8m2!3d-28.6282579!4d32.125482!16s%2Fg%2F11z1xxfknx!19sChIJwav5463Do6ARsmjIIPNJs2I
DIVERSIFIED POWER,Electronics store,"35 Ceramic Curve, Alton, Richards Bay, 3670",,,035 751 1971,no,,4.6,10,open,-28.7474273,32.0340075,"electricians in Richards Bay, KwaZulu-Natal, South Africa",https://www.google.com/maps/place/DIVERSIFIED+POWER/data=!4m7!3m6!1s0x1efa22d6c2d8df13:0x54fd7977bd1662c3!8m2!3d-28.7474273!4d32.0340075!16s%2Fg%2F11c0q0jjxv!19sChIJE9_YwtYi-h4Rw2IWvXd5_VQ
POWERITE Electrical & Industrial Supplies,Electronics store,"Richards Bay Central, Richards Bay, 3900",,,035 789 5856,no,,4.6,39,open,-28.7473913,32.046989,"electricians in Richards Bay, KwaZulu-Natal, South Africa",https://www.google.com/maps/place/POWERITE+Electrical+%26+Industrial+Supplies/data=!4m7!3m6!1s0x1efa23257ef36e25:0x7a11401baf85286d!8m2!3d-28.7473913!4d32.046989!16s%2Fg%2F11f5jq0ym0!19sChIJJW7zfiUj-h4RbSiFrxtAEXo
NB Khanyezi Dental surgery,Emergency dental service,"Dune route Richardsbay Ntshingimpisi (Mzingazi, 3900",,,084 305 0849,no,,5.0,6,open,-28.7454782,32.1405787,"dentists in Richards Bay, KwaZulu-Natal, South Africa",https://www.google.com/maps/place/NB+Khanyezi+Dental+surgery/data=!4m7!3m6!1s0x1efa258124eebcd7:0x2c2b411f903ec0a3!8m2!3d-28.7454782!4d32.1405787!16s%2Fg%2F11hdw96b8v!19sChIJ17zuJIEl-h4Ro8A-kB9BKyw
DNK Engineering & Manufacturing CC,Engineer,"31 Ceramic Curve, Alton, Richards Bay, 3900",,,087 147 9643,no,,4.5,16,open,-28.747966,32.0336717,"welding services in Richards Bay, KwaZulu-Natal, South Africa",https://www.google.com/maps/place/DNK+Engineering+%26+Manufacturing+CC/data=!4m7!3m6!1s0x1efa22d6d85f3f09:0x9f93fac645770acd!8m2!3d-28.747966!4d32.0336717!16s%2Fg%2F1td35b5d!19sChIJCT9f2NYi-h4RzQp3Rcb6k58
ROW MAC ENGINEERING,Engineering consultant,"9 Betastraal, Alton, Richards Bay, 3900",,,035 751 1248,no,,4.3,11,open,-28.7505107,32.0245528,"welding services in Richards Bay, KwaZulu-Natal, South Africa",https://www.google.com/maps/place/ROW+MAC+ENGINEERING/data=!4m7!3m6!1s0x1efa22cfaccc01b7:0xd832ffe1807a0773!8m2!3d-28.7505107!4d32.0245528!16s%2Fg%2F1v2sjc_1!19sChIJtwHMrM8i-h4Rcwd6gOH_Mtg
"SKM Engineering, Hydraulics & Projects",Engineering consultant,"63 Kabelring, Alton, Richards Bay, 3900",,,035 880 0412,no,,5.0,6,open,-28.7622171,32.004749,"welding services in Richards Bay, KwaZulu-Natal, South Africa","https://www.google.com/maps/place/SKM+Engineering,+Hydraulics+%26+Projects/data=!4m7!3m6!1s0x1efa22bd191d4e81:0x209b86cf6cb8cc60!8m2!3d-28.7622171!4d32.004749!16s%2Fg%2F1pztd4psn!19sChIJgU4dGb0i-h4RYMy4bM-GmyA"
Thembekile Engineering & Welding School,Engineering school,"Unit 8, 25 Ceramic Curve, Alton, Richards Bay, 3900",Alton,Richards Bay,035 751 1265,no,,,,open,-28.749696699999998,32.032562299999995,"welding services in Richards Bay, KwaZulu-Natal, South Africa",https://www.google.com/maps/place/?q=place_id:ChIJjWmaytAi-h4Rpq0Ao6mMNRY&cid=0x1efa22d0ca9a698d:0x16358ca9a300ada6
Nixo Photography Studio (Empangeni and Kwambonambi),Event management company,"11 Copper Drive Empangeni Khuleka Khuleka, Richem, Empangeni, 3880",Richem,Empangeni,079 912 5498,no,,5,2,open,-28.775005999999998,31.895827999999998,"photographers in Richards Bay, KwaZulu-Natal, South Africa",https://www.google.com/maps/place/?q=place_id:ChIJ0aaP9lMj-h4R8_ayzadpT1Q&cid=0x1efa2353f68fa6d1:0x544f69a7cdb2f6f3
Your Flowers Events,Event management company,"Esikhawini H, Richards Bay, 3887",Esikhawini H,Richards Bay,079 871 4126,no,,,,open,-28.874394199999998,31.910331,"florists in Richards Bay, KwaZulu-Natal, South Africa",https://www.google.com/maps/place/?q=place_id:ChIJsXNH9Csf-h4RNjGAqCvupMw&cid=0x1efa1f2bf44773b1:0xcca4ee2ba8803136
bydzine,Event planner,"20 Bauxite Bay, Alton, Richards Bay, 3900",Alton,Richards Bay,035 797 3305,no,,4.7,3,open,-28.7519244,32.0201256,"catering services in Richards Bay, KwaZulu-Natal, South Africa",https://www.google.com/maps/place/?q=place_id:ChIJjx-Dopsj-h4RjWpHeBmEIqI&cid=0x1efa239ba2831f8f:0xa222841978476a8d
MSAT CONSTRUCTION SERVICES,Excavating contractor,"Esikhawini, 70 Ceramic Curve, Alton, Richards Bay, 3900",,,078 589 9300,no,,5.0,1,open,-28.7395297,32.0386878,"building contractors in Richards Bay, KwaZulu-Natal, South Africa",https://www.google.com/maps/place/MSAT+CONSTRUCTION+SERVICES/data=!4m7!3m6!1s0x1efa23d3cf411111:0xc56e04be511a3aca!8m2!3d-28.7395297!4d32.0386878!16s%2Fg%2F11vhr82s8n!19sChIJERFBz9Mj-h4RyjoaUb4EbsU
D MOODLEY OPTOMETRIST,Eye care center,"1 Mark Strasse, Richards Bay Central, Richards Bay, 3900",Richards Bay Central,Richards Bay,035 789 7805,no,,5,1,open,-28.753573,32.0478847,"optometrists in Richards Bay, KwaZulu-Natal, South Africa",https://www.google.com/maps/place/?q=place_id:ChIJ0eeCFCMj-h4RRABz2MSqaWQ&cid=0x1efa23231482e7d1:0x6469aac4d8730044
Porkys at The Lake,Family restaurant,"Richards Bay Country Club Mzingazi Golf Estate, 17 Club Rd, Meer En See, Richards Bay, 3901",,,035 492 0220,no,,4.2,1473,open,-28.7705533,32.1015024,"takeaways in Richards Bay, KwaZulu-Natal, South Africa",https://www.google.com/maps/place/Porkys+at+The+Lake/data=!4m7!3m6!1s0x1efa23243ae3307b:0xcb7c8c57977229cc!8m2!3d-28.7705533!4d32.1015024!16s%2Fg%2F1tctp1s6!19sChIJezDjOiQj-h4RzClyl1eMfMs
133 kasi combo,Fast food restaurant,"Agril village phase2, Mandlazini, Richards Bay, 3900",Mandlazini,Richards Bay,063 084 7202,no,,5,1,open,-28.7481792,32.100766899999996,"takeaways in Richards Bay, KwaZulu-Natal, South Africa",https://www.google.com/maps/place/?q=place_id:ChIJO9bsZo09-h4RRY_05DVKX2E&cid=0x1efa3d8d66ecd63b:0x615f4a35e4f48f45
Backdoor restaurant,Fast food restaurant,"50 Bullion Blvd, Richards Bay Central, Richards Bay, 3900",,,072 041 1225,no,,4.3,3,open,-28.7539492,32.0464652,"takeaways in Richards Bay, KwaZulu-Natal, South Africa",https://www.google.com/maps/place/Backdoor+restaurant/data=!4m7!3m6!1s0x1efa23001856e01d:0xa54da5d235eb3883!8m2!3d-28.7539492!4d32.0464652!16s%2Fg%2F11mcbqpc53!19sChIJHeBWGAAj-h4RgzjrNdKlTaU
IDEAL TIKKA & SHAWARMA,Fast food restaurant,"34 Bullion Blvd, Richards Bay Central, Richards Bay, 3900",Richards Bay Central,Richards Bay,067 670 7087,no,,4.4,8,open,-28.749119999999998,32.0511948,"takeaways in Richards Bay, KwaZulu-Natal, South Africa",https://www.google.com/maps/place/?q=place_id:ChIJPRkwhhoj-h4RPhSKaDi7-cQ&cid=0x1efa231a8630193d:0xc4f9bb38688a143e
Thethu Fire Services,Fire protection system supplier,"7 Copper Corner, Alton, Richards Bay, 3900",,,035 797 3221,no,,4.7,3,open,-28.7551778,32.027999,"security companies in Richards Bay, KwaZulu-Natal, South Africa",https://www.google.com/maps/place/Thethu+Fire+Services/data=!4m7!3m6!1s0x1efa23c8629182cf:0x340fbd8f25e30db!8m2!3d-28.7551778!4d32.027999!16s%2Fg%2F11x2b70zm8!19sChIJz4KRYsgj-h4R2zBe8tj7QAM
Beyond Fitness,Fitness center,"19 Lira Link, Richards Bay Central, Richards Bay, 3900",Richards Bay Central,Richards Bay,071 037 0845,no,,5,1,open,-28.7522816,32.0541029,"gyms and fitness centres in Richards Bay, KwaZulu-Natal, South Africa",https://www.google.com/maps/place/?q=place_id:ChIJq6oBOTwj-h4RBf0EA1fQcv0&cid=0x1efa233c3901aaab:0xfd72d0570304fd05
Zululand Flooring and Blinds,Flooring store,"14 High Water, Meer En See, Richards Bay, 3900",,,079 012 8508,no,,5.0,1,open,-28.781438,32.098777,"tiling contractors in Richards Bay, KwaZulu-Natal, South Africa",https://www.google.com/maps/place/Zululand+Flooring+and+Blinds/data=!4m7!3m6!1s0x1efa250f0b2a23cf:0xa1eca189aa2a51e1!8m2!3d-28.781438!4d32.098777!16s%2Fg%2F11lg50h3kr!19sChIJzyMqCw8l-h4R4VEqqomh7KE
Cosmos Florist & Gift Shop,Florist,"23 Bullion Blvd, Richards Bay Central, Richards Bay, 3900",Richards Bay Central,Richards Bay,035 789 4499,no,,4.6,13,open,-28.7536554,32.046337799999996,"florists in Richards Bay, KwaZulu-Natal, South Africa",https://www.google.com/maps/place/?q=place_id:ChIJz1qUGTAj-h4RAwur72cAOvs&cid=0x1efa233019945acf:0xfb3a0067efab0b03
Cosmos Florist and Gift Shop,Florist,"59 Wildebees St, Panorama, Empangeni, 3880",Panorama,Empangeni,035 772 6188,no,,4.3,13,open,-28.754386699999998,31.8830316,"florists in Richards Bay, KwaZulu-Natal, South Africa",https://www.google.com/maps/place/?q=place_id:ChIJVREpy9AQ-h4R8YFffdGMBI0&cid=0x1efa10d0cb291155:0x8d048cd17d5f81f1
Hlengy Florist,Florist,"51 Tanner Rd, Mpangele, Empangeni, 3880",Mpangele,Empangeni,073 398 0339,no,,,,open,-28.7714228,31.905122,"florists in Richards Bay, KwaZulu-Natal, South Africa",https://www.google.com/maps/place/?q=place_id:ChIJm_9_GAAX-h4RV1P063mrlag&cid=0x1efa1700187fff9b:0xa895ab79ebf45357
Jenny's Florist,Florist,"32 Hancock Ave, Empangeni Central, Empangeni, 3880",Empangeni Central,Empangeni,072 133 9612,no,,4,1,open,-28.7397875,31.889440399999998,"florists in Richards Bay, KwaZulu-Natal, South Africa",https://www.google.com/maps/place/?q=place_id:ChIJjSGEw9kQ-h4R-ATMGmrTggg&cid=0x1efa10d9c384218d:0x882d36a1acc04f8
Little Something Extra,Florist,"Empangeni rail, Empangeni, 3880",Empangeni rail,Empangeni,083 843 5423,no,,5,8,open,-28.7736821,31.860418499999998,"florists in Richards Bay, KwaZulu-Natal, South Africa",https://www.google.com/maps/place/?q=place_id:ChIJ7-liqj8zTUcRNxvzo1BWj2M&cid=0x474d333faa62e9ef:0x638f5650a3f31b37
Maua Mazuri,Florist,"Esikhawini H, Richards Bay, 3887",Esikhawini H,Richards Bay,072 397 3949,no,,2.9,13,open,-28.874394199999998,31.910331,"florists in Richards Bay, KwaZulu-Natal, South Africa",https://www.google.com/maps/place/?q=place_id:ChIJESmJCuQf-h4RWIwCZF5V-AI&cid=0x1efa1fe40a892911:0x2f8555e64028c58
Petals & Pots,Florist,"54 Anglers Rod, Meer En See, Richards Bay, 3901",Meer En See,Richards Bay,035 753 1550,no,,,,open,-28.7818521,32.101798599999995,"florists in Richards Bay, KwaZulu-Natal, South Africa",https://www.google.com/maps/place/?q=place_id:ChIJq9rwm2sk-h4Rzzg1k3npZBg&cid=0x1efa246b9bf0daab:0x1864e979933538cf
SHEILA'S FLORIST,Florist,"Shop 4 Bay Ctr, Bullion Blvrd, CBD, Richards Bay, 3900",Richards Bay Central,Richards Bay,035 789 2188,no,,1,1,open,-28.7466665,32.0494382,"florists in Richards Bay, KwaZulu-Natal, South Africa",https://www.google.com/maps/place/?q=place_id:ChIJjZX_VCUj-h4Ruz2OKsr_jO4&cid=0x1efa232554ff958d:0xee8cffca2a8e3dbb
THE FLOWER HOUSE,Florist,"5 Maritz Rd, Kildare, Empangeni, 3880",Kildare,Empangeni,082 587 4934,no,,,,open,-28.762826,31.89348,"florists in Richards Bay, KwaZulu-Natal, South Africa",https://www.google.com/maps/place/?q=place_id:ChIJX9F8H7EQ-h4RZLV94VODeBM&cid=0x1efa10b11f7cd15f:0x13788353e17db564
"""THE SNACK ATTACK """,Food processing company,"Arboretum, Richards Bay, 3900",Arboretum,Richards Bay,073 184 7745,no,,,,open,-28.7614944,32.0590774,"catering services in Richards Bay, KwaZulu-Natal, South Africa",https://www.google.com/maps/place/?q=place_id:ChIJT8FNZhoj-h4RrHluymDHfb4&cid=0x1efa231a664dc14f:0xbe7dc760ca6e79ac
FML Freight Solutions,Freight forwarding service,"Tern Tide St, Birdswood, Richards Bay, 3900",,,035 786 0694,no,,,,open,-28.7435585,32.073731,"transport and logistics companies in Richards Bay, KwaZulu-Natal, South Africa",https://www.google.com/maps/place/FML+Freight+Solutions/data=!4m7!3m6!1s0x1efa235b17840a7b:0x7683da1fa521ddcf!8m2!3d-28.7435585!4d32.073731!16s%2Fg%2F11qpp33wd_!19sChIJewqEF1sj-h4Rz90hpR_ag3Y
Furniture Warehouse,Furniture store,"52 Maxwell St, Empangeni Central, Empangeni, 3880",,,035 772 3074,no,,3.0,2,open,-28.7434414,31.8894256,"furniture stores in Richards Bay, KwaZulu-Natal, South Africa",https://www.google.com/maps/place/Furniture+Warehouse/data=!4m7!3m6!1s0x1efa10da655523dd:0xe2675a781fb79e4d!8m2!3d-28.7434414!4d31.8894256!16s%2Fg%2F1pzs72zwf!19sChIJ3SNVZdoQ-h4RTZ63H3haZ-I
Home Hub,Furniture store,"Metica Moon, Richards Bay Central, Richards Bay, 3900",,,,no,,5.0,1,open,-28.7524837,32.048152,"furniture stores in Richards Bay, KwaZulu-Natal, South Africa",https://www.google.com/maps/place/Home+Hub/data=!4m7!3m6!1s0x1efa2323673b6dbd:0xef5e7e5846de5a7c!8m2!3d-28.7524837!4d32.048152!16s%2Fg%2F11tfc4c4g0!19sChIJvW07ZyMj-h4RfFreRlh-Xu8
R B Furniture Removers,Furniture store,"9 Copper Corner, Alton, Richards Bay, 3900",,,035 797 4786,no,,,,open,-28.7557653,32.0287077,"furniture stores in Richards Bay, KwaZulu-Natal, South Africa",https://www.google.com/maps/place/R+B+Furniture+Removers/data=!4m7!3m6!1s0x1efa22db13931c05:0x7e28f78e9be110c8!8m2!3d-28.7557653!4d32.0287077!16s%2Fg%2F1pzwkxb5w!19sChIJBRyTE9si-h4RyBDhm473KH4
Your Furniture Warehouse,Furniture store,"6 Rupee Rif, Road, Richards Bay, 3900",Road,Richards Bay,069 875 0313,no,,,,open,-28.7478846,32.0486685,"furniture stores in Richards Bay, KwaZulu-Natal, South Africa",https://www.google.com/maps/place/?q=place_id:ChIJ34shRyUj-h4RVcQdZU8nURw&cid=0x1efa232547218bdf:0x1c51274f651dc455
Schatzi Garden Centre,Garden center,"Meerensee, 1 Medway Road, Off the R34, R619, Richards Bay, 3901",,,035 628 0101,no,,,,open,-28.7745445,32.0685866,"landscaping and garden services in Richards Bay, KwaZulu-Natal, South Africa",https://www.google.com/maps/place/Schatzi+Garden+Centre/data=!4m7!3m6!1s0x1efa230b4af5f149:0xfd56b67c6c1a4f84!8m2!3d-28.7745445!4d32.0685866!16s%2Fg%2F11nvm4z4mh!19sChIJSfH1Sgsj-h4RhE8abHy2Vv0
AA GARDEN SERVICE,Gardener,,,,073 347 4162,no,,5.0,1,open,-28.769885,31.8722184,"landscaping and garden services in Richards Bay, KwaZulu-Natal, South Africa",https://www.google.com/maps/place/AA+GARDEN+SERVICE/data=!4m7!3m6!1s0x1efa11e0e918a1c5:0x5c7cb32d1fb956ce!8m2!3d-28.769885!4d31.8722184!16s%2Fg%2F11f69pww32!19sChIJxaEY6eAR-h4Rzla5Hy2zfFw
Amazonke Garden Service,Gardener,,,,071 641 3564,no,,5.0,1,open,-28.7785855,31.992421,"landscaping and garden services in Richards Bay, KwaZulu-Natal, South Africa",https://www.google.com/maps/place/Amazonke+Garden+Service/data=!4m7!3m6!1s0xad71fc969b569c89:0x4d7d8510fbd81c9d!8m2!3d-28.7785855!4d31.992421!16s%2Fg%2F11smkpg6y9!19sChIJiZxWm5b8ca0RnRzY-xCFfU0
Ekwandeniservices,Gardener,"Mandlazini agri-village phase 5 13796, Richards Bay, 3900",,,066 462 5705,no,,,,open,-28.736153,32.1187492,"landscaping and garden services in Richards Bay, KwaZulu-Natal, South Africa",https://www.google.com/maps/place/Ekwandeniservices/data=!4m7!3m6!1s0x1efa2572c6871b7b:0x5357743af343a8d4!8m2!3d-28.736153!4d32.1187492!16s%2Fg%2F11vwq86mrw!19sChIJexuHxnIl-h4R1KhD8zp0V1M
Garden Resq,Gardener,"31 Pipit Pl, Birdswood, Richards Bay, 3900",Birdswood,Richards Bay,073 127 8664,no,,,,open,-28.739940299999997,32.0807037,"landscaping and garden services in Richards Bay, KwaZulu-Natal, South Africa",https://www.google.com/maps/place/?q=place_id:ChIJOya8ixoj-h4ROrAwZ8f8iik&cid=0x1efa231a8bbc263b:0x298afcc76730b03a
Bayside Enterprises (Pty) Ltd,General contractor,"35 Cinnamon Cres, Brackenham, Richards Bay, 3900",,,066 231 4469,no,,,,open,-28.7264622,32.0457453,"painters in Richards Bay, KwaZulu-Natal, South Africa",https://www.google.com/maps/place/Bayside+Enterprises+%28Pty%29+Ltd/data=!4m7!3m6!1s0x40eb95592dc8677f:0xcc6e8dea4a2d8f2a!8m2!3d-28.7264622!4d32.0457453!16s%2Fg%2F11zbc3ff68!19sChIJf2fILVmV60ARKo8tSuqNbsw
DR JAMES HUISAMEN,General practitioner,"Mark Strasse, Richards Bay Central, Richards Bay, 3900",Richards Bay Central,Richards Bay,035 789 7805,no,,3.5,19,open,-28.753333899999998,32.0490111,"doctors general practitioners in Richards Bay, KwaZulu-Natal, South Africa",https://www.google.com/maps/place/?q=place_id:ChIJMSDaIiMj-h4RQogSoeLpVkg&cid=0x1efa232322da2031:0x4856e9e2a1128842
Dr MM Thabede (Ubuntu Medcare Practice),General practitioner,"Shop 7 Phase 2, Town Square Mall, Richards Bay Central, Richards Bay, 3900",Richards Bay Central,Richards Bay,067 947 8802,no,,5,35,open,-28.748855499999998,32.0512272,"doctors general practitioners in Richards Bay, KwaZulu-Natal, South Africa",https://www.google.com/maps/place/?q=place_id:ChIJ4zZwRyMj-h4RFNFzeHH0Hw8&cid=0x1efa2323477036e3:0xf1ff4717873d114
Dr NP Mthembe,General practitioner,"1 Peseta Parade, Richards Bay Central, Richards Bay, 3900",Richards Bay Central,Richards Bay,035 789 0322,no,,5,1,open,-28.7478052,32.046774299999996,"doctors general practitioners in Richards Bay, KwaZulu-Natal, South Africa",https://www.google.com/maps/place/?q=place_id:ChIJPXrOKocj-h4RJ4RhS15u7Co&cid=0x1efa23872ace7a3d:0x2aec6e5e4b618427
Dr. NSK Sangweni General Practice and Skin Aesthetics,General practitioner,"Unit 3, Calypso Centre, 2 Krugerrand Grv, Richards Bay Central, Richards Bay, 3900",Richards Bay Central,Richards Bay,035 001 5665,no,,,,open,-28.7509409,32.0534438,"doctors general practitioners in Richards Bay, KwaZulu-Natal, South Africa",https://www.google.com/maps/place/?q=place_id:ChIJE1RxbyUj-h4Rw09F24AVSLU&cid=0x1efa23256f715413:0xb5481580db454fc3
Rollo Accounting,General store,"Meer En See, Richards Bay, 3900",,,081 889 0848,no,,4.8,6,open,-28.7800647,32.1122954,"accountants in Richards Bay, KwaZulu-Natal, South Africa",https://www.google.com/maps/place/Rollo+Accounting/data=!4m7!3m6!1s0x1efa2528a1387e95:0x2a21ee7c638b704b!8m2!3d-28.7800647!4d32.1122954!16s%2Fg%2F11jgyqnr9f!19sChIJlX44oSgl-h4RS3CLY3zuISo
Just Glass & Alluminium,Glass repair service,"123 Dollar Dr, Richards Bay Central, Richards Bay, 3900",Richards Bay Central,Richards Bay,082 503 5282,no,,3,1,open,-28.752816799999998,32.0444506,"aluminium and glass in Richards Bay, KwaZulu-Natal, South Africa",https://www.google.com/maps/place/?q=place_id:ChIJpzwrASQj-h4R94deFjbex1M&cid=0x1efa2324012b3ca7:0x53c7de36165e87f7
Be Our Guest,Guest house,"16 Canterbury Bell, Veld En Vlei, Richards Bay, 3900",Veld En Vlei,Richards Bay,082 680 2715,no,,5,10,open,-28.7421036,32.0595912,"guest houses in Richards Bay, KwaZulu-Natal, South Africa",https://www.google.com/maps/place/?q=place_id:ChIJMUP5LsMj-h4RQXEsEsb01o8&cid=0x1efa23c32ef94331:0x8fd6f4c6122c7141
Sea la vie,Guest house,"10 Manta Wing, Meer En See, Richards Bay, 3901",,,071 883 3644,no,,4.9,12,open,-28.7755866,32.1147293,"guest houses in Richards Bay, KwaZulu-Natal, South Africa",https://www.google.com/maps/place/Sea+la+vie/data=!4m7!3m6!1s0x1efa254e7ea3dba5:0xb22ef33e4155d787!8m2!3d-28.7755866!4d32.1147293!16s%2Fg%2F11yg3rzsn5!19sChIJpdujfk4l-h4Rh9dVQT7zLrI
THE NIGHT guest house,Guest house,"2 Felt Fern, Brackenham, Richards Bay, 3900",Brackenham,Richards Bay,076 807 3351,no,,5,7,open,-28.720519,32.038168,"guest houses in Richards Bay, KwaZulu-Natal, South Africa",https://www.google.com/maps/place/?q=place_id:ChIJdWnotjA9-h4RiwyydYy-n6c&cid=0x1efa3d30b6e86975:0xa79fbe8c75b20c8b
ZATS GUEST HOUSE,Guest house,"20 Kruisbessie, Veld En Vlei, Richards Bay, 3900",,,067 378 7426,no,,3.4,9,open,-28.7346218,32.0671416,"guest houses in Richards Bay, KwaZulu-Natal, South Africa",https://www.google.com/maps/place/ZATS+GUEST+HOUSE/data=!4m7!3m6!1s0x1efa232093dacb53:0xfd406621ea4e7deb!8m2!3d-28.7346218!4d32.0671416!16s%2Fg%2F11rf8zcj10!19sChIJU8vakyAj-h4R631O6iFmQP0
ALFOME FATIGUE AND STRESS MANAGERS,Gym,"15111 Xaba Rd, Richards Bay - New, Richards Bay, 3901",,,073 858 8417,no,,3.7,7,open,-28.757051,32.1315389,"gyms and fitness centres in Richards Bay, KwaZulu-Natal, South Africa",https://www.google.com/maps/place/ALFOME+FATIGUE+AND+STRESS+MANAGERS/data=!4m7!3m6!1s0x1efa25d0308b1f47:0x9c821197c28d50cf!8m2!3d-28.757051!4d32.1315389!16s%2Fg%2F11gzrdd_54!19sChIJRx-LMNAl-h4Rz1CNwpcRgpw
Bay Aerial Fitness,Gym,"11 Coucal Cover, Birdswood, Richards Bay, 3900",Birdswood,Richards Bay,083 521 0555,no,,4.6,8,open,-28.737078999999998,32.080661899999996,"gyms and fitness centres in Richards Bay, KwaZulu-Natal, South Africa",https://www.google.com/maps/place/?q=place_id:ChIJAaPudFcj-h4R4_fMefFSBNk&cid=0x1efa235774eea301:0xd90452f179ccf7e3
CaféJump Richards Bay,Gym,"Townsquare mall CBD, Richards Bay, 3900",Richards Bay Central,Richards Bay,064 541 0674,no,,4.3,28,open,-28.749535899999998,32.0513438,"gyms and fitness centres in Richards Bay, KwaZulu-Natal, South Africa",https://www.google.com/maps/place/?q=place_id:ChIJEf9pdkgl-h4RigagyIYeyj4&cid=0x1efa25487669ff11:0x3eca1e86c8a0068a
Dynamic lab,Gym,"shop 7.2 phase 2, Town square mall, Richards Bay Central, Richards Bay, 3900",Richards Bay Central,Richards Bay,083 738 6814,no,,5,16,open,-28.7488872,32.0514976,"gyms and fitness centres in Richards Bay, KwaZulu-Natal, South Africa",https://www.google.com/maps/place/?q=place_id:ChIJ3xBC9W4j-h4RTKV8pSRkeoI&cid=0x1efa236ef54210df:0x827a6424a57ca54c
Fitness Lab (Crossfit Richards Bay),Gym,"18 Strelitzia, Arboretum, Richards Bay, 3900",Arboretum,Richards Bay,067 561 2035,no,,4.9,61,open,-28.7619999,32.0601343,"gyms and fitness centres in Richards Bay, KwaZulu-Natal, South Africa",https://www.google.com/maps/place/?q=place_id:ChIJMSDaIiMj-h4RJS9oGmMkZpw&cid=0x1efa232322da2031:0x9c6624631a682f25
Maxim Health and Fitness Pty Ltd,Gym,"10 Kurper Kurwe, Meer En See, Richards Bay, 3901",Meer En See,Richards Bay,071 277 4997,no,,5,10,open,-28.7702708,32.101593199999996,"gyms and fitness centres in Richards Bay, KwaZulu-Natal, South Africa",https://www.google.com/maps/place/?q=place_id:ChIJKTs384Il-h4ROlo8xaKN8sY&cid=0x1efa2582f3373b29:0xc6f28da2c53c5a3a
Senior Citizen Fitness Hub,Gym,"Esikhawini H, Richards Bay, 3887",Esikhawini H,Richards Bay,066 589 9510,no,,4,1,open,-28.867539999999998,31.916049599999997,"gyms and fitness centres in Richards Bay, KwaZulu-Natal, South Africa",https://www.google.com/maps/place/?q=place_id:ChIJlznSLcEf-h4Ri6eH_8BKnq4&cid=0x1efa1fc12dd23997:0xae9e4ac0ff87a78b
Tennis court,Gym,Richards Bay,,,,no,,4.0,4,open,-28.7628495,32.1307003,"gyms and fitness centres in Richards Bay, KwaZulu-Natal, South Africa",https://www.google.com/maps/place/Tennis+court/data=!4m7!3m6!1s0x1efa25aceac716e1:0x527e0d0f6895afe4!8m2!3d-28.7628495!4d32.1307003!16s%2Fg%2F11c6_fk1v_!19sChIJ4RbH6qwl-h4R5K-VaA8NflI
The Cage Fitness Centre,Gym,"4 Baines Rd, Fairview, Empangeni, 3880",Fairview,Empangeni,072 865 2752,no,,5,6,open,-28.7517554,31.8970728,"gyms and fitness centres in Richards Bay, KwaZulu-Natal, South Africa",https://www.google.com/maps/place/?q=place_id:ChIJ6RlytFUR-h4R45lAs6ETu_Q&cid=0x1efa1155b47219e9:0xf4bb13a1b34099e3
Women in Fitness Richards Bay,Gym,"Shop 3A, Calypso Centre, Krugerrand Grv, Richards Bay, 3900",Richards Bay Central,Richards Bay,035 789 4704,no,,3,2,open,-28.751232599999998,32.053032,"gyms and fitness centres in Richards Bay, KwaZulu-Natal, South Africa",https://www.google.com/maps/place/?q=place_id:ChIJlwpYnAsj-h4R2rzOslVa6Fo&cid=0x1efa230b9c580a97:0x5ae85a55b2cebcda
Ntokozo fridge repairs,HVAC contractor,"Mandlankala reserve Skhawini, Shawini, Richards Bay, 3800",,,079 910 9077,no,,,,open,-28.8236711,31.9470192,"air conditioning installation in Richards Bay, KwaZulu-Natal, South Africa",https://www.google.com/maps/place/Ntokozo+fridge+repairs/data=!4m7!3m6!1s0x1efa198349c2f469:0x22463672d649aff7!8m2!3d-28.8236711!4d31.9470192!16s%2Fg%2F11nr3gzcf4!19sChIJafTCSYMZ-h4R969J1nI2RiI
Bellissima Richards Bay,Hair salon,"9 Tassel-Berry, Arboretum, Richards Bay, 3900",,,076 215 3542,no,,3.0,1,open,-28.7550412,32.0571035,"hairdressers in Richards Bay, KwaZulu-Natal, South Africa",https://www.google.com/maps/place/Bellissima+Richards+Bay/data=!4m7!3m6!1s0x1efa23554f5afa31:0x81860ecf945b842b!8m2!3d-28.7550412!4d32.0571035!16s%2Fg%2F11h6n23tgh!19sChIJMfpaT1Uj-h4RK4RblM8OhoE
Caetano's Hair Studio,Hair salon,"7 Appelblaar, Arboretum, Richards Bay, 3900",,,035 789 8266,no,,5.0,1,open,-28.7517757,32.0587395,"hairdressers in Richards Bay, KwaZulu-Natal, South Africa",https://www.google.com/maps/place/Caetano%27s+Hair+Studio/data=!4m7!3m6!1s0x1efa233f08040015:0xf34327ef25ce90e1!8m2!3d-28.7517757!4d32.0587395!16s%2Fg%2F1pzxqs_nv!19sChIJFQAECD8j-h4R4ZDOJe8nQ_M
Cozy beauty salon,Hair salon,"19 Lira Link, Richards Bay Central, Richards Bay, 3900",Richards Bay Central,Richards Bay,083 623 9589,no,,4.6,13,open,-28.7522861,32.0540927,"hairdressers in Richards Bay, KwaZulu-Natal, South Africa",https://www.google.com/maps/place/?q=place_id:ChIJoW5tMNIj-h4R5rfx-WUvdwU&cid=0x1efa23d2306d6ea1:0x5772f65f9f1b7e6
De Canha International Hairstylist,Hair salon,"38 Jacopever, Meer En See, Richards Bay, 3901",Meer En See,Richards Bay,084 645 9877,no,,5,1,open,-28.785674,32.0988381,"hairdressers in Richards Bay, KwaZulu-Natal, South Africa",https://www.google.com/maps/place/?q=place_id:ChIJEV-G1HQl-h4R7a9gprhs4LY&cid=0x1efa2574d4865f11:0xb6e06cb8a660afed
Hair By Ilene,Hair salon,"42 Essenwood Way, Arboretum, Richards Bay, 3900",,,,no,,5.0,1,open,-28.756381,32.0665887,"hairdressers in Richards Bay, KwaZulu-Natal, South Africa",https://www.google.com/maps/place/Hair+By+Ilene/data=!4m7!3m6!1s0x1efa236be025c487:0x678e70b28afae576!8m2!3d-28.756381!4d32.0665887!16s%2Fg%2F11p73jppys!19sChIJh8Ql4Gsj-h4RduX6irJwjmc
Images Hair And Beauty Salon,Hair salon,"24 Lira Link, Richards Bay Central, Richards Bay, 3900",,,,no,,5.0,1,open,-28.752722,32.052978,"hairdressers in Richards Bay, KwaZulu-Natal, South Africa",https://www.google.com/maps/place/Images+Hair+And+Beauty+Salon/data=!4m7!3m6!1s0x1efa233c4fdd95c3:0xc710887eaab3c6cd!8m2!3d-28.752722!4d32.052978!16s%2Fg%2F11jwskt0tf!19sChIJw5XdTzwj-h4Rzcazqn6IEMc
Oppi Hawe Hair Salon / Duck Inn B&B,Hair salon,"3 Dageraad St, Meer En See, Richards Bay, 3900",,,,no,,4.7,67,open,-28.78866,32.09497,"hairdressers in Richards Bay, KwaZulu-Natal, South Africa",https://www.google.com/maps/place/Oppi+Hawe+Hair+Salon+%2F+Duck+Inn+B%26B/data=!4m7!3m6!1s0x1efa23ee78afa74d:0x670b03435de223a9!8m2!3d-28.78866!4d32.09497!16s%2Fg%2F11gj33mbxt!19sChIJTaeveO4j-h4RqSPiXUMDC2c
Radiance Hair & Beauty Team,Hair salon,"2 Krugerrand Grv, Richards Bay Central, Richards Bay, 3900",,,035 789 3039,no,,5.0,1,open,-28.7495044,32.0502021,"hairdressers in Richards Bay, KwaZulu-Natal, South Africa",https://www.google.com/maps/place/Radiance+Hair+%26+Beauty+Team/data=!4m7!3m6!1s0x1efa233b2fca3679:0x190b0d8b1f7d4cad!8m2!3d-28.7495044!4d32.0502021!16s%2Fg%2F1pzrvb_1c!19sChIJeTbKLzsj-h4RrUx9H4sNCxk
Salon Cut & Curl,Hair salon,"38 Mkhulu Cres, Arboretum, Richards Bay, 3900",,,035 789 8810,no,,,,open,-28.762009,32.071722,"hair salons in Richards Bay, KwaZulu-Natal, South Africa",https://www.google.com/maps/place/Salon+Cut+%26+Curl/data=!4m7!3m6!1s0x1efa2370053ac1d3:0x978de5cbdd9afd4c!8m2!3d-28.762009!4d32.071722!16s%2Fg%2F1pzsblw3h!19sChIJ08E6BXAj-h4RTP2a3cvljZc
Salon Natalie,Hair salon,"70 Lobatum, Brackenham, Richards Bay, 3900",Brackenham,Richards Bay,079 462 2695,no,,4.8,19,open,-28.715552,32.043745,"hairdressers in Richards Bay, KwaZulu-Natal, South Africa",https://www.google.com/maps/place/?q=place_id:ChIJgxF7vwU9-h4RUmpapYQjJsw&cid=0x1efa3d05bf7b1183:0xcc262384a55a6a52
Salon Pamela,Hair salon,"5 Ysterhout, Arboretum, Richards Bay, 3900",Arboretum,Richards Bay,035 789 4536,no,,4.7,72,open,-28.7538989,32.0594854,"hairdressers in Richards Bay, KwaZulu-Natal, South Africa",https://www.google.com/maps/place/?q=place_id:ChIJ3z541z8j-h4RKpw4I7XKSRI&cid=0x1efa233fd7783edf:0x1249cab523389c2a
Tiffany's Hairdressing Salon,Hair salon,"23 Anglers Rod, Meer En See, Richards Bay, 3901",,,035 753 1832,no,,5.0,2,open,-28.7847884,32.0952268,"hairdressers in Richards Bay, KwaZulu-Natal, South Africa",https://www.google.com/maps/place/Tiffany%27s+Hairdressing+Salon/data=!4m7!3m6!1s0x1efa246d6231c119:0x4f7e9f2b671abf84!8m2!3d-28.7847884!4d32.0952268!16s%2Fg%2F1pzs293_p!19sChIJGcExYm0k-h4RhL8aZyuffk8
Dinale Hair Salon,Hairdresser,"Shop 107b Boardwalk Inkwazi Shopping Centre, Kruger Rand Road, Richards Bay Central, Richards Bay, 3900",Richards Bay Central,Richards Bay,035 789 2305,no,,3.5,45,open,-28.7531079,32.0521379,"hairdressers in Richards Bay, KwaZulu-Natal, South Africa",https://www.google.com/maps/place/?q=place_id:ChIJu9cp-jwj-h4Rzx3mQ8KVbCM&cid=0x1efa233cfa29d7bb:0x236c95c243e61dcf
FoxGlove Salon & Spa,Hairdresser,"Unit 10, 14 Lira Link Road, Haiti Mall, Richards Bay, 3900",Richards Bay Central,Richards Bay,082 222 5818,no,,4,1,open,-28.751509499999997,32.053108099999996,"hairdressers in Richards Bay, KwaZulu-Natal, South Africa",https://www.google.com/maps/place/?q=place_id:ChIJLYC2lzQj-h4RIuMhsokTqdQ&cid=0x1efa233497b6802d:0xd4a91389b221e322
Hair & Nails @Chantelle,Hairdresser,"Sycamore Spread, Arboretum, Richards Bay, 3900",,,078 533 0663,no,,5.0,3,open,-28.7583852,32.062186,"hairdressers in Richards Bay, KwaZulu-Natal, South Africa",https://www.google.com/maps/place/Hair+%26+Nails+@Chantelle/data=!4m7!3m6!1s0x1efa23cda0657b41:0x8104546dccbac710!8m2!3d-28.7583852!4d32.062186!16s%2Fg%2F11n788vpz5!19sChIJQXtloM0j-h4REMe6zG1UBIE
KALON,Hairdresser,"2 Pinkie Pool, Meer En See, Richards Bay, 3900",,,084 247 1441,no,,5.0,35,temporarily closed,-28.780503,32.117723,"hair salons in Richards Bay, KwaZulu-Natal, South Africa",https://www.google.com/maps/place/KALON/data=!4m7!3m6!1s0x1efa25e18c0b6c43:0x60516d58a5d74b8b!8m2!3d-28.780503!4d32.117723!16s%2Fg%2F11nwwsd5xw!19sChIJQ2wLjOEl-h4Ri0vXpVhtUWA
Melis hair and beauty salon,Hairdresser,"20b Angler's rod meerensee, Meer En See, Richards Bay, 3901",Meer En See,Richards Bay,060 555 4601,no,,4.8,29,open,-28.7854587,32.0933967,"hairdressers in Richards Bay, KwaZulu-Natal, South Africa",https://www.google.com/maps/place/?q=place_id:ChIJRfYAODol-h4RjvTkEtGMWKE&cid=0x1efa253a3800f645:0xa1588cd112e4f48e
WOW HAIR,Hairdresser,"Anglers Rod, Meer En See, Richards Bay, 3901",,,079 880 0620,no,,,,open,-28.7819901,32.0984884,"hairdressers in Richards Bay, KwaZulu-Natal, South Africa",https://www.google.com/maps/place/WOW+HAIR/data=!4m7!3m6!1s0x1efa25caea218999:0xbfa085666b7f6eaf!8m2!3d-28.7819901!4d32.0984884!16s%2Fg%2F11ss504qyq!19sChIJmYkh6sol-h4Rr25_a2aFoL8
APC & Eshowe Garden Services,Handyman/Handywoman/Handyperson,,,,074 504 4449,no,,5.0,1,open,-28.8879529,31.4670716,"handyman services in Richards Bay, KwaZulu-Natal, South Africa",https://www.google.com/maps/place/APC+%26+Eshowe+Garden+Services/data=!4m7!3m6!1s0xadb94b1e33c76499:0x3239ffad8de9cd70!8m2!3d-28.8879529!4d31.4670716!16s%2Fg%2F11xn7lx2y1!19sChIJmWTHMx5Lua0RcM3pja3_OTI
Building Handyman Garden,Handyman/Handywoman/Handyperson,"Ballito Dr, Ballito, 4399",,,078 524 2022,no,,5.0,1,open,-29.5327545,31.2085993,"handyman services in Richards Bay, KwaZulu-Natal, South Africa",https://www.google.com/maps/place/Building+Handyman+Garden/data=!4m7!3m6!1s0x1ef71590dda8e509:0xe4a04ea510d3cef9!8m2!3d-29.5327545!4d31.2085993!16s%2Fg%2F11f69stv56!19sChIJCeWo3ZAV9x4R-c7TEKVOoOQ
Endless Creations & Personal Designs,Handyman/Handywoman/Handyperson,"26 Pompano Pl, Meer En See, Richards Bay, 3901",Meer En See,Richards Bay,063 738 7228,no,,,,open,-28.781767199999997,32.1063188,"handyman services in Richards Bay, KwaZulu-Natal, South Africa",https://www.google.com/maps/place/?q=place_id:ChIJzS2yZYol-h4Rr1wlIbc6mhY&cid=0x1efa258a65b22dcd:0x169a3ab721255caf
KD Handyman Services,Handyman/Handywoman/Handyperson,,,,064 354 8066,no,,5.0,1,open,-28.9448254,30.8822356,"handyman services in Richards Bay, KwaZulu-Natal, South Africa",https://www.google.com/maps/place/KD+Handyman+Services/data=!4m7!3m6!1s0xa95a432b98b0a99b:0x670ef454b0127c4!8m2!3d-28.9448254!4d30.8822356!16s%2Fg%2F11zf0dwjwd!19sChIJm6mwmCtDWqkRxCcBS0XvcAY
A.S.Hardware,Hardware store,"39 Bullion Blvd, Richards Bay Central, Richards Bay, 3900",,,,no,,,,open,-28.74734,32.0490799,"hardware stores in Richards Bay, KwaZulu-Natal, South Africa",https://www.google.com/maps/place/A.S.Hardware/data=!4m7!3m6!1s0x1efa23254bbee975:0xa79fec2e66f1a4dc!8m2!3d-28.74734!4d32.0490799!16s%2Fg%2F11kzck3nlf!19sChIJdem-SyUj-h4R3KTxZi7sn6c
African Hardware,Hardware store,"6WR2+QJ, 2 Paul Ave, Fairview, Empangeni, 3880",,,,no,,,,open,-28.7579489,31.9016328,"hardware stores in Richards Bay, KwaZulu-Natal, South Africa",https://www.google.com/maps/place/African+Hardware/data=!4m7!3m6!1s0x1efa110037ad1a91:0x14a881a4ff5b8dff!8m2!3d-28.7579489!4d31.9016328!16s%2Fg%2F11mt7bc06p!19sChIJkRqtNwAR-h4R_41b_6SBqBQ
Easy build Richards bay,Hardware store,"147 Dollar Dr, Richards Bay Central, Richards Bay, 3900",,,084 744 1800,no,,4.8,5,open,-28.75167,32.046924,"pest control in Richards Bay, KwaZulu-Natal, South Africa",https://www.google.com/maps/place/Easy+build+Richards+bay/data=!4m7!3m6!1s0x1efa231c7ae19287:0xb93ad041cd817060!8m2!3d-28.75167!4d32.046924!16s%2Fg%2F11q1vspkrm!19sChIJh5Lhehwj-h4RYHCBzUHQOrk
Finishing Touches,Hardware store,"154 Dollar Dr, Richards Bay Central, Richards Bay, 3900",,,035 789 0153,no,,,,open,-28.7524309,32.0459448,"hardware stores in Richards Bay, KwaZulu-Natal, South Africa",https://www.google.com/maps/place/Finishing+Touches/data=!4m7!3m6!1s0x1efa23a5113e5597:0xab3d126afe10ae6!8m2!3d-28.7524309!4d32.0459448!16s%2Fg%2F11vd3b2pct!19sChIJl1U-EaUj-h4R5grhrybRswo
King Star Hardware Esikhawini,Hardware store,"Ntshona W Rd, Esikhawini H, Richards Bay, 3887",Esikhawini H,Richards Bay,061 381 2232,no,,3,1,open,-28.861121299999997,31.9162219,"hardware stores in Richards Bay, KwaZulu-Natal, South Africa",https://www.google.com/maps/place/?q=place_id:ChIJAaApHgAf-h4RasY3TYp9OFE&cid=0x1efa1f001e29a001:0x51387d8a4d37c66a
MEERENSEE DIY & HARDWARE,Hardware store,"72 Anglers Rod, Meer En See, Richards Bay, 3901",,,060 382 8719,no,,5.0,1,open,-28.781863,32.102549,"hardware stores in Richards Bay, KwaZulu-Natal, South Africa",https://www.google.com/maps/place/MEERENSEE+DIY+%26+HARDWARE/data=!4m7!3m6!1s0x1efa255f89638b21:0xc48342edbc8afb4c!8m2!3d-28.781863!4d32.102549!16s%2Fg%2F11ycspct7y!19sChIJIYtjiV8l-h4RTPuKvO1Cg8Q
THEMBAKOSI EQUIPMENT AND HARDWARE,Hardware store,"12 Peseta Parade, Richards Bay Central, Richards Bay, 3900",Richards Bay Central,Richards Bay,035 789 0159,no,,5,3,open,-28.746677599999998,32.0480977,"hardware stores in Richards Bay, KwaZulu-Natal, South Africa",https://www.google.com/maps/place/?q=place_id:ChIJWZpxXCUj-h4RVEHd7J_qLo0&cid=0x1efa23255c719a59:0x8d2eea9fecdd4154
ZONE 14 HARDWARE MZINGAZI,Hardware store,"Current Mzingazi, Dune Route, Richards Bay - New, Richards Bay, 3900",Richards Bay - New,Richards Bay,083 629 1250,no,,5,1,open,-28.7587513,32.132903,"hardware stores in Richards Bay, KwaZulu-Natal, South Africa",https://www.google.com/maps/place/?q=place_id:ChIJX4whazIl-h4RDCLeQn2TWKQ&cid=0x1efa25326b218c5f:0xa458937d42de220c
zone 14 Hardware,Hardware store,"Peseta Parade, Richards Bay Central, Richards Bay, 3900",,,073 762 9583,no,,3.8,71,open,-28.7479333,32.0468324,"pest control in Richards Bay, KwaZulu-Natal, South Africa",https://www.google.com/maps/place/zone+14+Hardware/data=!4m7!3m6!1s0x1efa232577b0dbfd:0xda3b81164d308ae1!8m2!3d-28.7479333!4d32.0468324!16s%2Fg%2F11jwshxvm4!19sChIJ_duwdyUj-h4R4YowTRaBO9o
Elite Wellness NRB,Health and beauty shop,"14 Lira Link, Richards Bay Central, Richards Bay, 3900",Richards Bay Central,Richards Bay,078 667 4272,no,,4.9,61,open,-28.751102,32.053486899999996,"day spas in Richards Bay, KwaZulu-Natal, South Africa",https://www.google.com/maps/place/?q=place_id:ChIJVVVVVVUi-h4RdCvd3rkK-fA&cid=0x1efa225555555555:0xf0f90ab9dedd2b74
Roong Rueang Thai Massage,Health and beauty shop,"Unit 01A, Tuzi Gazi Esplanade, Tuzi Gazi Waterfront, Richards Bay, Small Craft Harbour, 3900",,Richards Bay,082 568 2633,no,,4.5,42,open,-28.7930972,32.079459899999996,"day spas in Richards Bay, KwaZulu-Natal, South Africa",https://www.google.com/maps/place/?q=place_id:ChIJKSS3VIsj-h4RfOsKOCrX-mo&cid=0x1efa238b54b72429:0x6afad72a380aeb7c
Bravely Beauty and Laser,Health spa,"13 Rupee Rif, Cbd, Richards Bay, 3900",,,062 937 1552,no,,5.0,20,open,-28.7462684,32.0488187,"hair salons in Richards Bay, KwaZulu-Natal, South Africa",https://www.google.com/maps/place/Bravely+Beauty+and+Laser/data=!4m7!3m6!1s0x1efa23e598bdac05:0x226cca66a2debb7f!8m2!3d-28.7462684!4d32.0488187!16s%2Fg%2F11yjv5jt1p!19sChIJBay9mOUj-h4Rf7veombKbCI
Meraki Eco Health & Lymph Spa,Health spa,"103 Krewelkring, Meer En See, Richards Bay, 3901",Meer En See,Richards Bay,084 410 9829,no,,5,2,open,-28.776578299999997,32.1028835,"massage therapists in Richards Bay, KwaZulu-Natal, South Africa",https://www.google.com/maps/place/?q=place_id:ChIJNzWBffsl-h4RNZjf1ii_bzY&cid=0x1efa25fb7d813537:0x366fbf28d6df9835
Ozone Thai spa and massage Empangeni,Health spa,"9 Baines Rd, Fairview, Empangeni, 3880",,,073 382 9741,no,,5.0,1,open,-28.7521786,31.8975941,"massage therapists in Richards Bay, KwaZulu-Natal, South Africa",https://www.google.com/maps/place/Ozone+Thai+spa+and+massage+Empangeni/data=!4m7!3m6!1s0x1efa11276097aa97:0xa0c7594ab92eff01!8m2!3d-28.7521786!4d31.8975941!16s%2Fg%2F11tcyr262l!19sChIJl6qXYCcR-h4RAf8uuUpZx6A
Velvet Spa and Aesthetics,Health spa,"Haiti Mall, 14 Lira Link, CBD, Richards Bay, 3900",CBD,Richards Bay,081 442 2658,no,,4.5,2,open,-28.7512507,32.0529426,"day spas in Richards Bay, KwaZulu-Natal, South Africa",https://www.google.com/maps/place/?q=place_id:ChIJuStN91kj-h4RlfbZELv-hyA&cid=0x1efa2359f74d2bb9:0x2087febb10d9f695
Umhlathuze Glass & Aluminium,Home goods store,"Peseta Parade, Richards Bay Central, Richards Bay, 3900",Richards Bay Central,Richards Bay,035 789 0151,no,,,,open,-28.7484649,32.0467314,"aluminium and glass in Richards Bay, KwaZulu-Natal, South Africa",https://www.google.com/maps/place/?q=place_id:ChIJKbm1GBAj-h4R95G8xxugQAo&cid=0x1efa231018b5b929:0xa40a01bc7bc91f7
M&M Self-Catering,Homestay,"15 Robbin Rif, Birdswood, Richards Bay, 3900",,,,no,,5.0,1,open,-28.7440848,32.0815475,"catering services in Richards Bay, KwaZulu-Natal, South Africa",https://www.google.com/maps/place/M%26M+Self-Catering/data=!4m7!3m6!1s0x1efa23006962407d:0xa1e9ba3293992925!8m2!3d-28.7440848!4d32.0815475!16s%2Fg%2F11v_26c4pq!19sChIJfUBiaQAj-h4RJSmZkzK66aE
The Bay Hospital Physiotherapists,Hospice,"The Bay Hospital, Kruger Rand Road, Richards Bay, 3900",Richards Bay Central,Richards Bay,035 789 4411,no,,3,1,open,-28.750024,32.0531,"physiotherapists in Richards Bay, KwaZulu-Natal, South Africa",https://www.google.com/maps/place/?q=place_id:ChIJA0zqmjsj-h4R0dBZ7Hr_HRY&cid=0x1efa233b9aea4c03:0x161dff7aec59d0d1
Raylin Cleaning Services,House cleaning service,"1 Copper Corner, Alton, Richards Bay, 3900",Alton,Richards Bay,035 797 4622,no,,3.7,3,open,-28.754418599999997,32.0263912,"cleaning services in Richards Bay, KwaZulu-Natal, South Africa",https://www.google.com/maps/place/?q=place_id:ChIJ_exDMMUi-h4R3Kuu5skUUwo&cid=0x1efa22c53043ecfd:0xa5314c9e6aeabdc
K N K CURRIES,Indian restaurant,"Shop 1, Newark Rd, Richards Bay, 3900",,Richards Bay,079 819 4597,no,,4.5,985,open,-28.7959551,32.0781134,"takeaways in Richards Bay, KwaZulu-Natal, South Africa",https://www.google.com/maps/place/?q=place_id:ChIJzzw2yKIj-h4R6mUT5h6W5yM&cid=0x1efa23a2c8363ccf:0x23e7961ee61365ea
"Kelsey, Richards Bay Agent",Industrial real estate agency,"Lira Link Road Partridge Place Suite 8, CBD, Richards Bay, 3900",,,082 859 7876,no,,1.0,1,open,-28.753141,32.053242,"estate agents in Richards Bay, KwaZulu-Natal, South Africa","https://www.google.com/maps/place/Kelsey,+Richards+Bay+Agent/data=!4m7!3m6!1s0x1efa2300a0dcb807:0xec16f218c18cfb11!8m2!3d-28.753141!4d32.053242!16s%2Fg%2F11g1gmc2xb!19sChIJB7jcoAAj-h4REfuMwRjyFuw"
Bonny Maraj Insurance Brokers and Consultants CC,Insurance agency,"5 Lira Link, Richards Bay Central, Richards Bay, 3900",Richards Bay Central,Richards Bay,035 789 3410,no,,,,open,-28.749769299999997,32.0541917,"insurance brokers in Richards Bay, KwaZulu-Natal, South Africa",https://www.google.com/maps/place/?q=place_id:ChIJ8xjx7Tsj-h4RuYU5TxXwOss&cid=0x1efa233bedf118f3:0xcb3af0154f3985b9
R J Insurance Brokers,Insurance agency,"21 Union St, Empangeni Central, Empangeni, 3880",Empangeni Central,Empangeni,035 772 4478,no,,3,1,open,-28.7410054,31.8943716,"insurance brokers in Richards Bay, KwaZulu-Natal, South Africa",https://www.google.com/maps/place/?q=place_id:ChIJmRKdMdEQ-h4RrCgFFSh0WZ0&cid=0x1efa10d1319d1299:0x9d597428150528ac
Wilida Insurance Brokers CC,Insurance agency,"72 Turnbull St, Empangeni Central, Empangeni, 3880",Empangeni Central,Empangeni,035 772 1619,no,,4,3,open,-28.7475331,31.8900622,"insurance brokers in Richards Bay, KwaZulu-Natal, South Africa",https://www.google.com/maps/place/?q=place_id:ChIJ4cmUV8UQ-h4RtQz4NsEHj8I&cid=0x1efa10c55794c9e1:0xc28f07c136f80cb5
Nexus Riskmaster pty ltd,Insurance broker,"Sybas, Arboretum, Richards Bay, 3900",,,063 870 5494,no,,,,open,-28.7550866,32.0548619,"insurance brokers in Richards Bay, KwaZulu-Natal, South Africa",https://www.google.com/maps/place/Nexus+Riskmaster+pty+ltd/data=!4m7!3m6!1s0x1efa2375550a398b:0x318e576592651a4b!8m2!3d-28.7550866!4d32.0548619!16s%2Fg%2F11x2hwtqwg!19sChIJizkKVXUj-h4RSxplkmVXjjE
Silvey Chetty Brokers,Insurance broker,"37 Buscom Centre Entrance Gate 5, Alton, Richards Bay, 3900",Alton,Richards Bay,076 508 4947,no,,,,open,-28.756455,32.0348851,"insurance brokers in Richards Bay, KwaZulu-Natal, South Africa",https://www.google.com/maps/place/?q=place_id:ChIJqRLpVT8j-h4R78TBb6nG7q0&cid=0x1efa233f55e912a9:0xadeec6a96fc1c4ef
World Focus 314,Insurance broker,"Chamber House, 38 Union St, Empangeni Central, Empangeni, 3880",Empangeni Central,Empangeni,035 792 5031,no,,5,2,open,-28.739615399999998,31.8951194,"insurance brokers in Richards Bay, KwaZulu-Natal, South Africa",https://www.google.com/maps/place/?q=place_id:ChIJDZ_pudYQ-h4Rg3HicXrM_Do&cid=0x1efa10d6b9e99f0d:0x3afccc7a71e27183
Griffindale,Kindergarten,"10 Dove Cres, Nyala Park, Empangeni, 3880",,,071 493 4452,no,,5.0,16,open,-28.7526739,31.9059522,"creche and daycare in Richards Bay, KwaZulu-Natal, South Africa",https://www.google.com/maps/place/Griffindale/data=!4m7!3m6!1s0x1efa175a370489cf:0xdcb4008682a5fa18!8m2!3d-28.7526739!4d31.9059522!16s%2Fg%2F11sk8ftv7_!19sChIJz4kEN1oX-h4RGPqlgoYAtNw
Richards Bay Christian School Pre-Primary,Kindergarten,"32 Disa Dives, Veld En Vlei, Richards Bay, 3900",,,035 786 0184,no,,5.0,3,open,-28.738232,32.0631019,"creche and daycare in Richards Bay, KwaZulu-Natal, South Africa",https://www.google.com/maps/place/Richards+Bay+Christian+School+Pre-Primary/data=!4m7!3m6!1s0x1efa232d8aca50c1:0x5f05585af3e530a9!8m2!3d-28.738232!4d32.0631019!16s%2Fg%2F1pzqmg84j!19sChIJwVDKii0j-h4RqTDl81pYBV8
Monalisa Cleaning Service,Landscape designer,"9 E Central Arterial, Richards Bay Central, Richards Bay, 3900",Richards Bay Central,Richards Bay,074 702 0082,no,,5,1,open,-28.746461,32.059063,"cleaning services in Richards Bay, KwaZulu-Natal, South Africa",https://www.google.com/maps/place/?q=place_id:ChIJDZcvAwEj-h4R4sNdDEDmZ6Y&cid=0x1efa2301032f970d:0xa667e6400c5dc3e2
Tshikiza Projects and Supply(Pty)ltd,Landscape designer,"2 Sand Olive Cl, Arboretum, Richards Bay, 3900",Arboretum,Richards Bay,065 951 9218,no,,5,1,open,-28.7581609,32.0558455,"landscaping and garden services in Richards Bay, KwaZulu-Natal, South Africa",https://www.google.com/maps/place/?q=place_id:ChIJiUv93sQj-h4RoXixX-aU18M&cid=0x1efa23c4defd4b89:0xc3d794e65fb178a1
Youthlegacylandscape(pty)ltd,Landscape designer,"D887 mpembeni road, Esikhawini H, Mabuyeni, 3887",,,064 037 8212,no,,,,open,-28.8537978,31.9439461,"landscaping and garden services in Richards Bay, KwaZulu-Natal, South Africa",https://www.google.com/maps/place/Youthlegacylandscape%28pty%29ltd/data=!4m7!3m6!1s0x1efa1f7a9ca026e5:0x2edd77a23bb69a0e!8m2!3d-28.8537978!4d31.9439461!16s%2Fg%2F11xvlsz_sw!19sChIJ5SagnHof-h4RDpq2O6J33S4
Core Blend Grounds Maintenance,Landscaper,"1535 Inkankane St, Esikhawini H, Richards Bay, 3887",Esikhawini H,Richards Bay,062 881 0932,no,,,,open,-28.8716586,31.918127799999997,"landscaping and garden services in Richards Bay, KwaZulu-Natal, South Africa",https://www.google.com/maps/place/?q=place_id:ChIJ312FLGQf-h4RZHS66GH7mRM&cid=0x1efa1f642c855ddf:0x1399fb61e8ba7464
Green Brothers Landscaping,Landscaper,"Esikhawini H, Richards Bay, 3887",Esikhawini H,Richards Bay,082 638 6303,no,,2.3,3,open,-28.8723352,31.9001651,"landscaping and garden services in Richards Bay, KwaZulu-Natal, South Africa",https://www.google.com/maps/place/?q=place_id:ChIJ9VJsGJgf-h4RNp-O55YNk5g&cid=0x1efa1f98186c52f5:0x98930d96e78e9f36
Phakamisa Garden Services,Landscaper,"29 Disa Dives, Veld En Vlei, Richards Bay, 3900",Veld En Vlei,Richards Bay,082 373 7346,no,,4.5,14,open,-28.737461999999997,32.062877,"landscaping and garden services in Richards Bay, KwaZulu-Natal, South Africa",https://www.google.com/maps/place/?q=place_id:ChIJexaiJkoj-h4Rjd-SOczELxQ&cid=0x1efa234a26a2167b:0x142fc4cc3992df8d
Tannies laundry,Laundromat,"Lakeside Mall, 6 Mark Strasse, Richards Bay Central, Richards Bay, 3900",,,076 881 3583,no,,3.3,14,open,-28.7560106,32.050344,"cleaning services in Richards Bay, KwaZulu-Natal, South Africa",https://www.google.com/maps/place/Tannies+laundry/data=!4m7!3m6!1s0x1efa235fbee02063:0x98a917326ae7cdad!8m2!3d-28.7560106!4d32.050344!16s%2Fg%2F11h75r5tth!19sChIJYyDgvl8j-h4Rrc3najIXqZg
Eco Laundry (Pty) Ltd Richards Bay,Laundry service,"Next to Taylor's consepts, 13B Betastraal, Alton, Richards Bay, 3900",Alton,Richards Bay,083 422 6999,no,,4.8,56,open,-28.750021999999998,32.023545999999996,"cleaning services in Richards Bay, KwaZulu-Natal, South Africa",https://www.google.com/maps/place/?q=place_id:ChIJx5YE3eQl-h4RjUTPoLZE1_Y&cid=0x1efa25e4dd0496c7:0xf6d744b6a0cf448d
Kwanele’s Washing Services,Laundry service,"RBM Road Nzalabantu, Reserve, EMpangele, Richards Bay, 3900",,Richards Bay,065 890 8948,no,,5,8,open,-28.7243459,32.161327899999996,"cleaning services in Richards Bay, KwaZulu-Natal, South Africa",https://www.google.com/maps/place/?q=place_id:ChIJ38XcBN0l-h4RssoyfIE4FZA&cid=0x1efa25dd04dcc5df:0x901538817c32cab2
Pressed In Time Laundry and Dry Cleaner's Richards Bay,Laundry service,"Anglers Rod, Mall, Richards Bay, 3900",,,063 960 4370,no,,2.8,33,open,-28.7820504,32.1007052,"cleaning services in Richards Bay, KwaZulu-Natal, South Africa",https://www.google.com/maps/place/Pressed+In+Time+Laundry+and+Dry+Cleaner%27s+Richards+Bay/data=!4m7!3m6!1s0x1efa244803856c47:0x565c7ed7d0a0eb5b!8m2!3d-28.7820504!4d32.1007052!16s%2Fg%2F11f54r0627!19sChIJR2yFA0gk-h4RW-ug0Nd-XFY
Prestige Industrial Laundry,Laundry service,"Unit 6 & 7 Ngoya Park, 109 Alumina Allee St, Alton, Richards Bay, 3900",,,082 321 1006,no,,3.0,2,open,-28.7495244,32.0308158,"cleaning services in Richards Bay, KwaZulu-Natal, South Africa",https://www.google.com/maps/place/Prestige+Industrial+Laundry/data=!4m7!3m6!1s0x1efa22d0e4508cab:0xf06bda91ff738ecc!8m2!3d-28.7495244!4d32.0308158!16s%2Fg%2F11hc_fwldv!19sChIJq4xQ5NAi-h4RzI5z_5Haa_A
A.P Mthiyane and Associates,Law firm,"1st floor, Old mutual building, 38 Turnbull St, Central, Empangeni, 3880",,,075 484 6337,no,,5.0,5,open,-28.7448591,31.8918812,"attorneys in Richards Bay, KwaZulu-Natal, South Africa",https://www.google.com/maps/place/A.P+Mthiyane+and+Associates/data=!4m7!3m6!1s0x1efa23d5ce9326d5:0xa9ea604d9248f4f3!8m2!3d-28.7448591!4d31.8918812!16s%2Fg%2F11vz8_pr47!19sChIJ1SaTztUj-h4R8_RIkk1g6qk
FI GINA ATTORNEYS,Law firm,"4th Floor, Lakeview Terrace, Penny Ln, Richards Bay Central, Richards Bay, 3900",Richards Bay Central,Richards Bay,078 560 2203,no,,,,open,-28.7525646,32.0494856,"attorneys in Richards Bay, KwaZulu-Natal, South Africa",https://www.google.com/maps/place/?q=place_id:ChIJJXY19SMj-h4RMaaxJ-Mbbe0&cid=0x1efa2323f5357625:0xed6d1be327b1a631
Kruger Attorneys,Law firm,"10 Kurperkurwe, Mzingazi Golf Estate, Richards Bay, 3901",Mzingazi Golf Estate,Richards Bay,087 086 5742,no,,5,1,open,-28.7764004,32.0996206,"attorneys in Richards Bay, KwaZulu-Natal, South Africa",https://www.google.com/maps/place/?q=place_id:ChIJPbThPm8k-h4RDYYSBnCEBUQ&cid=0x1efa246f3ee1b43d:0x440584700612860d
VAN NIEKERK ATTORNEYS,Law firm,"45 Anglers Rod, Meer En See, Richards Bay, 3901",Meer En See,Richards Bay,035 788 0360,no,,3.2,5,open,-28.7829849,32.0990238,"attorneys in Richards Bay, KwaZulu-Natal, South Africa",https://www.google.com/maps/place/?q=place_id:ChIJBdN19mwk-h4RRPXR4T78O_E&cid=0x1efa246cf675d305:0xf13bfc3ee1d1f544
Cycad Garden Services,Lawn care service,,,,082 415 0007,no,,5.0,1,open,-28.7785855,31.992421,"landscaping and garden services in Richards Bay, KwaZulu-Natal, South Africa",https://www.google.com/maps/place/Cycad+Garden+Services/data=!4m7!3m6!1s0x833641b334989d4b:0x116d2fe25b4310d9!8m2!3d-28.7785855!4d31.992421!16s%2Fg%2F11nj0wtlwd!19sChIJS52YNLNBNoMR2RBDW-IvbRE
Lawnmower centre,Lawn mower store,"107 Dollar Dr, cbd, Richards Bay, 3900",,,035 789 0051,no,,5.0,5,open,-28.755017,32.0432031,"landscaping and garden services in Richards Bay, KwaZulu-Natal, South Africa",https://www.google.com/maps/place/Lawnmower+centre/data=!4m7!3m6!1s0x1efa23b01450f3e9:0x3748fd03f1f2999d!8m2!3d-28.755017!4d32.0432031!16s%2Fg%2F11spvv62r6!19sChIJ6fNQFLAj-h4RnZny8QP9SDc
Chris Van Der Merwe & Partners,Lawyer,"16 Hancock Ave, Empangeni Central, Empangeni, 3880",,,035 792 3971,no,,4.5,2,open,-28.739678,31.8894344,"attorneys in Richards Bay, KwaZulu-Natal, South Africa",https://www.google.com/maps/place/Chris+Van+Der+Merwe+%26+Partners/data=!4m7!3m6!1s0x1efa10d9cf66c615:0x52feca7cab2d2f0c!8m2!3d-28.739678!4d31.8894344!16s%2Fg%2F1pztd4c_q!19sChIJFcZmz9kQ-h4RDC8tq3zK_lI
Christine Wade and Co,Lawyer,"4 Union St, Empangeni Central, Empangeni, 3880",,,035 772 1244,no,,4.2,9,open,-28.743555,31.89066,"attorneys in Richards Bay, KwaZulu-Natal, South Africa",https://www.google.com/maps/place/Christine+Wade+and+Co/data=!4m7!3m6!1s0x1efa10d086ece7b5:0xfbed7b5bcef982c0!8m2!3d-28.743555!4d31.89066!16s%2Fg%2F1pzs12cs3!19sChIJtefshtAQ-h4RwIL5zlt77fs
GABELLAH ATTORNEYS,Lawyer,"Alton, 17 Guldengracht St, Richards Bay Central, Richards Bay, 3900",Richards Bay Central,Richards Bay,083 392 7326,no,,5,2,open,-28.7557883,32.044219,"attorneys in Richards Bay, KwaZulu-Natal, South Africa",https://www.google.com/maps/place/?q=place_id:ChIJ0eR1miEj-h4R5ZuaKgQdnUE&cid=0x1efa23219a75e4d1:0x419d1d042a9a9be5
MTHIYANE & PARTNERS,Lawyer,"14 Bellingham Pk, Penny Ln, CBD, Richards Bay, 3900",Richards Bay Central,Richards Bay,035 789 7217,no,,,,open,-28.753109799999997,32.0497114,"attorneys in Richards Bay, KwaZulu-Natal, South Africa",https://www.google.com/maps/place/?q=place_id:ChIJvzLOyjwj-h4R5FIw6mItW9g&cid=0x1efa233ccace32bf:0xd85b2d62ea3052e4
Mthembu VB Attorney,Lawyer,"4 Union St, Empangeni Central, Empangeni, 3880",,,035 772 3735,no,,5.0,1,open,-28.7436603,31.8909078,"attorneys in Richards Bay, KwaZulu-Natal, South Africa",https://www.google.com/maps/place/Mthembu+VB+Attorney/data=!4m7!3m6!1s0x1efa10d066ccd323:0x8f5dee9eab96f5c8!8m2!3d-28.7436603!4d31.8909078!16s%2Fg%2F1pzyqdpxp!19sChIJI9PMZtAQ-h4RyPWWq57uXY8
Mthethwa Attorneys,Lawyer,"10 Union St, Empangeni Central, Empangeni, 3880",,,035 772 7411,no,,4.3,3,open,-28.74317,31.8912361,"attorneys in Richards Bay, KwaZulu-Natal, South Africa",https://www.google.com/maps/place/Mthethwa+Attorneys/data=!4m7!3m6!1s0x1efa10d0907a062b:0xf426f206f9ab902f!8m2!3d-28.74317!4d31.8912361!16s%2Fg%2F1pzrzmwht!19sChIJKwZ6kNAQ-h4RL5Cr-QbyJvQ
Anand Govender & Co,Legal services,"Union Street, 1 Pasteur Rd, Empangeni Central, Empangeni, 3880",,,035 772 2845,no,,5.0,5,open,-28.737802,31.897585,"attorneys in Richards Bay, KwaZulu-Natal, South Africa",https://www.google.com/maps/place/Anand+Govender+%26+Co/data=!4m7!3m6!1s0x1efa10d0837e8d2d:0x58a680b0f547fed3!8m2!3d-28.737802!4d31.897585!16s%2Fg%2F1pzxw6zpm!19sChIJLY1-g9AQ-h4R0_5H9bCAplg
NGL Ngwenya & Zwane Attorneys,Legal services,"Noordsig, Empangeni, 3880",,,035 792 4450,no,,2.0,2,open,-28.7387214,31.8972178,"attorneys in Richards Bay, KwaZulu-Natal, South Africa",https://www.google.com/maps/place/NGL+Ngwenya+%26+Zwane+Attorneys/data=!4m7!3m6!1s0x1efa11027e114057:0xffcfe5f11edc4d42!8m2!3d-28.7387214!4d31.8972178!16s%2Fg%2F1pzt98428!19sChIJV0ARfgIR-h4RQk3cHvHlz_8
SEESA Richards Bay,Legal services,"72 Anglers Rod, Meer En See, Richards Bay, 3901",Meer En See,Richards Bay,035 780 5750,no,,5,46,open,-28.781862999999998,32.102548999999996,"attorneys in Richards Bay, KwaZulu-Natal, South Africa",https://www.google.com/maps/place/?q=place_id:ChIJW3nMoGsk-h4RkIp-EKb0ynA&cid=0x1efa246ba0cc795b:0x70caf4a6107e8a90
Bhebhethi Logistics (Pty) Ltd,Logistics service,"46 Ceramic Curve, Alton, Richards Bay, 3900",,,035 760 1953,no,,5.0,1,open,-28.7460796,32.0355699,"transport and logistics companies in Richards Bay, KwaZulu-Natal, South Africa",https://www.google.com/maps/place/Bhebhethi+Logistics+%28Pty%29+Ltd/data=!4m7!3m6!1s0x1efa233ec929ee73:0x87bb90a8107b3d2c!8m2!3d-28.7460796!4d32.0355699!16s%2Fg%2F11yljgq0mv!19sChIJc-4pyT4j-h4RLD17EKiQu4c
Mthwalo Trading and Logistics,Logistics service,"unit 7, 31 Alumina Alley, Alton, Richards Bay, KwaZulu- Natal, South Africa 102536 Meerensee, 3901",,,035 285 0059,no,,3.0,2,open,-28.76563,32.01696,"transport and logistics companies in Richards Bay, KwaZulu-Natal, South Africa",https://www.google.com/maps/place/Mthwalo+Trading+and+Logistics/data=!4m7!3m6!1s0x1efa22eaa027b465:0xbe11ab2cd109803e!8m2!3d-28.76563!4d32.01696!16s%2Fg%2F11v4kp6nt7!19sChIJZbQnoOoi-h4RPoAJ0SyrEb4
Zidedele Warehousing & Logistics Solutions,Logistics service,"39 Kabelkring, Alton, Richards Bay, 3900",,,035 797 4025,no,,4.1,28,open,-28.7644644,32.0043663,"transport and logistics companies in Richards Bay, KwaZulu-Natal, South Africa",https://www.google.com/maps/place/Zidedele+Warehousing+%26+Logistics+Solutions/data=!4m7!3m6!1s0x1efa22bcab4698a3:0xfe70e0ebb27de927!8m2!3d-28.7644644!4d32.0043663!16s%2Fg%2F1pztfdjhj!19sChIJo5hGq7wi-h4RJ-l9suvgcP4
EKZ Engineering & Machining,Machine shop,"Unit 3, 11 Copper Corner, Alton, Richards Bay",Alton,Richards Bay,083 394 8567,no,,3,2,open,-28.7560185,32.0293231,"welding services in Richards Bay, KwaZulu-Natal, South Africa",https://www.google.com/maps/place/?q=place_id:ChIJR7zRjq0j-h4Rdj2KzxIN1V0&cid=0x1efa23ad8ed1bc47:0x5dd50d12cf8a3d76
Albatross Engineering,Manufacturer,"49 Ceramic Curve, St, Richards Bay, 3900",,,078 256 2061,no,,,,open,-28.7451491,32.0351356,"welding services in Richards Bay, KwaZulu-Natal, South Africa",https://www.google.com/maps/place/Albatross+Engineering/data=!4m7!3m6!1s0x1efa3cd37b226381:0xa4a954757399b70a!8m2!3d-28.7451491!4d32.0351356!16s%2Fg%2F11b6dpf9rd!19sChIJgWMie9M8-h4RCreZc3VUqaQ
Apex Roofing,Manufacturer,"81 Ceramic Curve, Alton, Richards Bay, 3900",Alton,Richards Bay,078 164 7814,no,,,,open,-28.7369202,32.0387992,"roofing contractors in Richards Bay, KwaZulu-Natal, South Africa",https://www.google.com/maps/place/?q=place_id:ChIJL_Yp8sY9-h4RsHAPOcNpwlI&cid=0x1efa3dc6f229f62f:0x52c269c3390f70b0
KZN Canvas & General Marketing,Manufacturer,"UNIT 8 SHOP 123, Same building as leaf Technology, Rondo industrial Park, Dollar Dr, Richards Bay Central, Richards Bay, 3900",,,083 460 7495,no,,3.7,3,open,-28.7528858,32.0441527,"printers in Richards Bay, KwaZulu-Natal, South Africa",https://www.google.com/maps/place/KZN+Canvas+%26+General+Marketing/data=!4m7!3m6!1s0x1efa2322d6ecdcb9:0x13db4463856cacb!8m2!3d-28.7528858!4d32.0441527!16s%2Fg%2F11rd8x3cnn!19sChIJudzs1iIj-h4Ry8pWOEa0PQE
Mr Sign,Manufacturer,"Unit 9, Kingfisher Park, 16 Ceramic Curve, Alton, Richards Bay, 3900",,,035 751 1880,no,,3.0,2,open,-28.7529546,32.0316801,"printers in Richards Bay, KwaZulu-Natal, South Africa",https://www.google.com/maps/place/Mr+Sign/data=!4m7!3m6!1s0x1efa22da3a5afc09:0xd0559058b1bb51d9!8m2!3d-28.7529546!4d32.0316801!16s%2Fg%2F11hbqq6s93!19sChIJCfxaOtoi-h4R2VG7sViQVdA
Rainbow Engineering,Manufacturer,"1 Ferro Gang, Road, Richards Bay, 3900",,,035 880 0049,no,,5.0,1,open,-28.7350744,32.0376575,"building contractors in Richards Bay, KwaZulu-Natal, South Africa",https://www.google.com/maps/place/Rainbow+Engineering/data=!4m7!3m6!1s0x1efa3dcde7eb6b61:0xd17768729eddef70!8m2!3d-28.7350744!4d32.0376575!16s%2Fg%2F11smv47k39!19sChIJYWvr5809-h4RcO_dnnJod9E
Ammalia day spa,Massage spa,"5 Copper Dr, Kuleka, Empangeni, 3880",Kuleka,Empangeni,063 331 3443,no,,5,1,open,-28.77488,31.896936,"day spas in Richards Bay, KwaZulu-Natal, South Africa",https://www.google.com/maps/place/?q=place_id:ChIJVQZp5AcR-h4RMhJfH-i5OME&cid=0x1efa1107e4690655:0xc138b9e81f5f1232
Lisa's Thai Massage,Massage spa,"54 Anglers Rod, Meer En See, Richards Bay, 3900",Meer En See,Richards Bay,074 621 2511,no,,5,2,open,-28.7818521,32.101798599999995,"day spas in Richards Bay, KwaZulu-Natal, South Africa",https://www.google.com/maps/place/?q=place_id:ChIJYY-zDHkl-h4RjvyBjNdy_N0&cid=0x1efa25790cb38f61:0xddfc72d78c81fc8e
Elshadia's Indian Massage Therapy,Massage therapist,"7 Satrins Centre Brackenham, Richards Bay, 3900",Brackenham,Richards Bay,078 368 5850,no,,,,open,-28.7252425,32.041081399999996,"massage therapists in Richards Bay, KwaZulu-Natal, South Africa",https://www.google.com/maps/place/?q=place_id:ChIJq6qqqtk8-h4RTaITledxGJM&cid=0x1efa3cd9aaaaaaab:0x931871e79513a24d
Adt auto,Mechanic,"18 Peseta Parade, CBD, Richards Bay, 3980",CBD,Richards Bay,076 482 5919,no,,5,16,open,-28.7456331,32.0485938,"car repair mechanics in Richards Bay, KwaZulu-Natal, South Africa",https://www.google.com/maps/place/?q=place_id:ChIJ73Ul4Mgj-h4RE8lz57aucyc&cid=0x1efa23c8e02575ef:0x2773aeb6e773c913
Moodley's Auto Repairs,Mechanic,"Unit Number 3, 122 Alumina Allee St, Alton, Richards Bay, 3900",Alton,Richards Bay,035 751 8033,no,,4.2,5,open,-28.7389498,32.037331,"car repair mechanics in Richards Bay, KwaZulu-Natal, South Africa",https://www.google.com/maps/place/?q=place_id:ChIJw46n-b4j-h4R2kczaD_bRJ0&cid=0x1efa23bef9a78ec3:0x9d44db3f683347da
N.S Automotive Maintenance,Mechanic,,,,063 950 1019,no,,5.0,1,open,-29.8684734,30.990952,"car repair mechanics in Richards Bay, KwaZulu-Natal, South Africa",https://www.google.com/maps/place/N.S+Automotive+Maintenance/data=!4m7!3m6!1s0x610839cd1a96307b:0x5f7cc98f8a07fecd!8m2!3d-29.8684734!4d30.990952!16s%2Fg%2F11nvm842m3!19sChIJezCWGs05CGERzf4Hio_JfF8
Point S Empangeni,Mechanic,"53 Knutzen St, Mpangele, Empangeni, 3880",,,035 787 0065,no,,4.1,9,open,-28.7717279,31.9027513,"tyre shops in Richards Bay, KwaZulu-Natal, South Africa",https://www.google.com/maps/place/Point+S+Empangeni/data=!4m7!3m6!1s0x1efa11509a90d935:0x6aabfde8a5176433!8m2!3d-28.7717279!4d31.9027513!16s%2Fg%2F11rcncq_vd!19sChIJNdmQmlAR-h4RM2QXpej9q2o
Sp Speed (Pty) Ltd,Mechanic,"68 Ceramic Curve, Alton, Richards Bay, 3900",Alton,Richards Bay,081 339 9175,no,,3.8,13,open,-28.740052,32.038868,"car repair mechanics in Richards Bay, KwaZulu-Natal, South Africa",https://www.google.com/maps/place/?q=place_id:ChIJ149iX9Ui-h4ROByhloZ-Zuc&cid=0x1efa22d55f628fd7:0xe7667e8696a11c38
The Workshop,Mechanic,"55 Ceramic Curve, Alton, Richards Bay, 3900",Alton,Richards Bay,035 001 0098,no,,4.7,58,open,-28.743046699999997,32.035998899999996,"car repair mechanics in Richards Bay, KwaZulu-Natal, South Africa",https://www.google.com/maps/place/?q=place_id:ChIJTT9lBLUj-h4R43eDwzscp7U&cid=0x1efa23b504653f4d:0xb5a71c3bc38377e3
Hakuna Matata Engineering and Lubrication PTY Ltd,Mechanical engineer,"Unit 13, Barossa Park, 4 Ceramic Curve, Alton, Richards Bay, 3900",Alton,Richards Bay,035 001 0373,no,,4.7,3,open,-28.7544149,32.0287986,"welding services in Richards Bay, KwaZulu-Natal, South Africa",https://www.google.com/maps/place/?q=place_id:ChIJL-CnStMj-h4RBY3mxuLBlx0&cid=0x1efa23d34aa7e02f:0x1d97c1e2c6e68d05
Civic Centre Clinic,Medical clinic,"Richards Bay Central, Richards Bay, 3900",,,035 907 5303,no,,1.0,1,open,-28.7542,32.0491,"dentists in Richards Bay, KwaZulu-Natal, South Africa",https://www.google.com/maps/place/Civic+Centre+Clinic/data=!4m7!3m6!1s0x1efa237742086589:0x34dbfb59d3e50ce5!8m2!3d-28.7542!4d32.0491!16s%2Fg%2F11fnxpl6cv!19sChIJiWUIQncj-h4R5Qzl01n72zQ
Dr JC Mogambery Specialist Physician and Infectious Diseases Specialist Melomed Richards Bay,Medical clinic,"Corner N2 and Mr 496, John Ross Hwy, Eco Centre, Richards Bay, 3900",Eco Centre,Richards Bay,035 772 2002,no,,5,2,open,-28.771244399999997,31.940490699999998,"doctors general practitioners in Richards Bay, KwaZulu-Natal, South Africa",https://www.google.com/maps/place/?q=place_id:ChIJQ--osiQZ-h4RgT4R7UDBuHQ&cid=0x1efa1924b2a8ef43:0x74b8c140ed113e81
HW Jones Optometrists,Medical clinic,"uMhlathuze 125 Sanlam Cntr,Empangeni (KwaZulu Natal, 3880",Empangeni Central,Empangeni,035 772 6021,no,,5,1,open,-28.7409,31.8906,"optometrists in Richards Bay, KwaZulu-Natal, South Africa",https://www.google.com/maps/place/?q=place_id:ChIJ77IEhGgR-h4RGvc1gsQ08f8&cid=0x1efa11688404b2ef:0xfff134c48235f71a
L G Mtshali Inc Physiotherapy,Medical clinic,"Richards Bay Central, Richards Bay, 3900",Richards Bay Central,Richards Bay,035 870 1123,no,,,,open,-28.7502,32.055299999999995,"physiotherapists in Richards Bay, KwaZulu-Natal, South Africa",https://www.google.com/maps/place/?q=place_id:ChIJ0QTmpwgj-h4RJ2LDOh9kxDY&cid=0x1efa2308a7e604d1:0x36c4641f3ac36227
Mandulo Physiotheraphy Services,Medical clinic,"Unit 14C , Calypso Centre ,Cnr kruger Rand, Lira Link, Road, Richards Bay, 3900",Road,Richards Bay,035 789 2028,no,,5,2,open,-28.7513063,32.0539167,"physiotherapists in Richards Bay, KwaZulu-Natal, South Africa",https://www.google.com/maps/place/?q=place_id:ChIJ_z02oVoj-h4RwtBDx-b6l3U&cid=0x1efa235aa1363dff:0x7597fae6c743d0c2
Moodley M Physiotherapy,Medical clinic,"Birdswood, Richards Bay, 3900",Birdswood,Richards Bay,035 760 1002,no,,,,open,-28.740715599999998,32.072775799999995,"physiotherapists in Richards Bay, KwaZulu-Natal, South Africa",https://www.google.com/maps/place/?q=place_id:ChIJUTuHvyIj-h4R-2sIBqntY24&cid=0x1efa2322bf873b51:0x6e63eda906086bfb
Schilz M V & Cloete J K Physio.,Medical clinic,"Richards Bay Central, Richards Bay, 3900",Richards Bay Central,Richards Bay,035 789 4411,no,,,,open,-28.7496652,32.0532628,"physiotherapists in Richards Bay, KwaZulu-Natal, South Africa",https://www.google.com/maps/place/?q=place_id:ChIJH6BB7voj-h4Rd0BkXSzHYjg&cid=0x1efa23faee41a01f:0x3862c72c5d644077
Mexigo,Mexican restaurant,"Shop7b, 24 Lira Link, CBD, Richards Bay, 3900",,,035 789 1669,no,,5.0,4,open,-28.752722,32.052978,"takeaways in Richards Bay, KwaZulu-Natal, South Africa",https://www.google.com/maps/place/Mexigo/data=!4m7!3m6!1s0x1efa23792f39c529:0x599770a8f8d21a19!8m2!3d-28.752722!4d32.052978!16s%2Fg%2F11ff28gpg5!19sChIJKcU5L3kj-h4RGRrS-Khwl1k
@ Erika Nail Studio,Nail salon,"14 Lantern Reef, rd, Richards Bay, 3901",,,064 943 8864,no,,4.6,79,open,-28.7750872,32.1022309,"hairdressers in Richards Bay, KwaZulu-Natal, South Africa",https://www.google.com/maps/place/%27@+Erika+Nail+Studio%27/data=!4m7!3m6!1s0x1efa244155555555:0x10e1bc9d539de47e!8m2!3d-28.7750872!4d32.1022309!16s%2Fg%2F11fylssq17!19sChIJVVVVVUEk-h4RfuSdU5284RA
Blush nails co.,Nail salon,"6 Bream Hill, Meer En See, Richards Bay, 3900",Meer En See,Richards Bay,062 070 7326,no,,5,1,open,-28.786098199999998,32.0913699,"nail salons in Richards Bay, KwaZulu-Natal, South Africa",https://www.google.com/maps/place/?q=place_id:ChIJn_g85Yol-h4RyKh5Y2m5FXg&cid=0x1efa258ae53cf89f:0x7815b9696379a8c8
Cherry’s nails,Nail salon,"7 Proteaprag, Veld En Vlei, Richards Bay, 3900",Veld En Vlei,Richards Bay,064 683 7686,no,,,,open,-28.7348075,32.0701399,"nail salons in Richards Bay, KwaZulu-Natal, South Africa",https://www.google.com/maps/place/?q=place_id:ChIJC2gzedYj-h4RZHqJ3ErCHZY&cid=0x1efa23d67933680b:0x961dc24adc897a64
Crazy Nails by Yolandi,Nail salon,"12 Egret Estuary, Birdswood, Richards Bay, 3900",Birdswood,Richards Bay,082 076 1434,no,,5,15,open,-28.7341999,32.0819913,"nail salons in Richards Bay, KwaZulu-Natal, South Africa",https://www.google.com/maps/place/?q=place_id:ChIJ4QLbCRkj-h4RWkYINpDni94&cid=0x1efa231909db02e1:0xde8be7903608465a
Lemon Tree Nail & Beauty Studio,Nail salon,"Warbler Walk, Birdswood, Richards Bay, 3900",Birdswood,Richards Bay,083 454 8019,no,,4.8,9,open,-28.7454616,32.0782652,"nail salons in Richards Bay, KwaZulu-Natal, South Africa",https://www.google.com/maps/place/?q=place_id:ChIJ5cjjHjQj-h4RI9To3RXSfps&cid=0x1efa23341ee3c8e5:0x9b7ed215dde8d423
Grannies Chrechè,Nursery school,"24 Farewell Rd, Fairview, Empangeni, 3880",,,082 337 9758,no,,3.0,2,open,-28.755675,31.892707,"creche and daycare in Richards Bay, KwaZulu-Natal, South Africa",https://www.google.com/maps/place/Grannies+Chrech%C3%A8/data=!4m7!3m6!1s0x1efa1173d99096cd:0xe00eed1597e70a05!8m2!3d-28.755675!4d31.892707!16s%2Fg%2F11fjv4_lls!19sChIJzZaQ2XMR-h4RBQrnlxXtDuA
Oompaloompa Early Learning Centre,Nursery school,"5 Pearce Cres, Empangeni Central, Empangeni, 3880",,,072 425 0500,no,,5.0,9,open,-28.7450798,31.8925478,"creche and daycare in Richards Bay, KwaZulu-Natal, South Africa",https://www.google.com/maps/place/Oompaloompa+Early+Learning+Centre/data=!4m7!3m6!1s0x1efa10d037587809:0xdffe3112a79e77ff!8m2!3d-28.7450798!4d31.8925478!16s%2Fg%2F11f_4rpg72!19sChIJCXhYN9AQ-h4R_3eepxIx_t8
Dr VP Kalapdeo,Occupational medical physician,"Shop 6, 1 Peseta Parade, Richards Bay Central, Richards Bay, 3900",Richards Bay Central,Richards Bay,032 061 0406,no,,4.4,5,open,-28.7478052,32.046774299999996,"doctors general practitioners in Richards Bay, KwaZulu-Natal, South Africa",https://www.google.com/maps/place/?q=place_id:ChIJ5QtpJiUj-h4Rbg3fqNsGXjE&cid=0x1efa232526690be5:0x315e06dba8df0d6e
Nashua Zululand,Office equipment repair service,"97 Dollar Dr, CBD, Richards Bay, 3900",,,035 799 1300,no,,4.2,56,open,-28.7568054,32.0424881,"printers in Richards Bay, KwaZulu-Natal, South Africa",https://www.google.com/maps/place/Nashua+Zululand/data=!4m7!3m6!1s0x1efa2321bd37d843:0x2fa24b578b8ed619!8m2!3d-28.7568054!4d32.0424881!16s%2Fg%2F1v2f2stk!19sChIJQ9g3vSEj-h4RGdaOi1dLoi8
Audio Computer World Pty Ltd,Office furniture store,"North, 54 Ceramic Curve, Alton, Richards Bay, 3900",,,035 751 1504,no,,4.3,7,open,-28.7428071,32.0369572,"furniture stores in Richards Bay, KwaZulu-Natal, South Africa",https://www.google.com/maps/place/Audio+Computer+World+Pty+Ltd/data=!4m7!3m6!1s0x1efa3cd37b226381:0xb3f1ce3e02c2a154!8m2!3d-28.7428071!4d32.0369572!16s%2Fg%2F11b6dnr8bk!19sChIJgWMie9M8-h4RVKHCAj7O8bM
Practice of Dr Singh - Eye Specialist,Ophthalmologist,"Room 115, Melomed Hospital, Cnr N2 &, John Ross Hwy, Richards Bay",,Richards Bay,035 772 1631,no,,4.4,5,open,-28.7703982,31.934800499999998,"optometrists in Richards Bay, KwaZulu-Natal, South Africa",https://www.google.com/maps/place/?q=place_id:ChIJXTyGtNcQ-h4RB-VWKJTwUUs&cid=0x1efa10d7b4863c5d:0x4b51f0942856e507
MBUYISELO OPTOMETRIST,Optometrist,"Shop 19, Old Shoprite Centre, Checkers Centre, Between PEP & Ackerman, 53 Bullion Blvd, Richards Bay, 3900",Richards Bay Central,Richards Bay,081 427 6909,no,,3.7,3,open,-28.7509907,32.048775,"optometrists in Richards Bay, KwaZulu-Natal, South Africa",https://www.google.com/maps/place/?q=place_id:ChIJNyrzy8Mj-h4RV9JfeHI76Vg&cid=0x1efa23c3cbf32a37:0x58e93b72785fd257
RA Optometrist,Optometrist,"13 Grunter Gully, Meer En See, Richards Bay, 3901",Meer En See,Richards Bay,066 014 3978,no,,5,6,open,-28.7835514,32.0973311,"optometrists in Richards Bay, KwaZulu-Natal, South Africa",https://www.google.com/maps/place/?q=place_id:ChIJow8cjpkl-h4RwviC3Ik42ls&cid=0x1efa25998e1c0fa3:0x5bda3889dc82f8c2
Selepe optometrists,Optometrist,"Shop SF, 67, 21 Tanner Rd, Kuleka, Empangeni, 3880",Kuleka,Empangeni,078 712 1964,no,,,,open,-28.7730145,31.9051194,"optometrists in Richards Bay, KwaZulu-Natal, South Africa",https://www.google.com/maps/place/?q=place_id:ChIJh6fJiFYR-h4R-xL8wsN9H8g&cid=0x1efa115688c9a787:0xc81f7dc3c2fc12fb
Sight-Setters Optometrist,Optometrist,"54 Maxwell St, Empangeni Central, Empangeni, 3880",Empangeni Central,Empangeni,035 772 3421,no,,5,3,open,-28.7436637,31.8894827,"optometrists in Richards Bay, KwaZulu-Natal, South Africa",https://www.google.com/maps/place/?q=place_id:ChIJYVsSZdoQ-h4RksgyFd-jzR8&cid=0x1efa10da65125b61:0x1fcda3df1532c892
Value-Specs Richards Bay,Optometrist,"7 Richards Park, Barbados Bay, Richards Bay, 3900",Richards Bay Central,Richards Bay,035 789 8010,no,,5,17,open,-28.751638099999997,32.050114199999996,"optometrists in Richards Bay, KwaZulu-Natal, South Africa",https://www.google.com/maps/place/?q=place_id:ChIJK-MD3MEj-h4Rp6uCx6qJkYQ&cid=0x1efa23c1dc03e32b:0x849189aac782aba7
De Muelenaere Dr Karline,Orthodontist,"26 Crayfish Creek, Meer En See, Richards Bay, 3901",Meer En See,Richards Bay,035 753 1941,no,,4.9,10,open,-28.788544599999998,32.093614099999996,"dentists in Richards Bay, KwaZulu-Natal, South Africa",https://www.google.com/maps/place/?q=place_id:ChIJI_2IbA0k-h4RgRwPFm9qWI4&cid=0x1efa240d6c88fd23:0x8e586a6f160f1c81
Paint And All,Paint store,"1 Chrome Cres, Kuleka, Empangeni, 3880",,,082 791 2999,no,,4.8,12,open,-28.7760446,31.8979092,"painters in Richards Bay, KwaZulu-Natal, South Africa",https://www.google.com/maps/place/Paint+And+All/data=!4m7!3m6!1s0x1efa10aa7aeb89b7:0x14aafc30075c75b9!8m2!3d-28.7760446!4d31.8979092!16s%2Fg%2F11byygf3s4!19sChIJt4nreqoQ-h4RuXVcBzD8qhQ
Paint Centre-Zululand (Pty) Ltd,Paint store,"Empangela, 35 Knutzen St, Empangeni, 3880",,,035 787 1770,no,,4.5,82,open,-28.7681136,31.9049232,"painters in Richards Bay, KwaZulu-Natal, South Africa",https://www.google.com/maps/place/Paint+Centre-Zululand+%28Pty%29+Ltd/data=!4m7!3m6!1s0x1efa17539ced0215:0xebf6e890adc7bc52!8m2!3d-28.7681136!4d31.9049232!16s%2Fg%2F1v5xgyhd!19sChIJFQLtnFMX-h4RUrzHrZDo9us
SHILOH INDUSTRIAL PAINTERS,Paint store,"11 Copper Corner, Alton, Richards Bay, 3900",,,083 301 2923,no,,,,open,-28.7560185,32.0293231,"painters in Richards Bay, KwaZulu-Natal, South Africa",https://www.google.com/maps/place/SHILOH+INDUSTRIAL+PAINTERS/data=!4m7!3m6!1s0x1efa22db73c142bf:0x815e21fe44582b87!8m2!3d-28.7560185!4d32.0293231!16s%2Fg%2F11bzvtrrjw!19sChIJv0LBc9si-h4RhytYRP4hXoE
Lucky's brush painter,Painting,"woodpecker, Richards Bay, 3900",,,066 579 0187,no,,,,open,-28.7401206,32.07451,"painters in Richards Bay, KwaZulu-Natal, South Africa",https://www.google.com/maps/place/Lucky%27s+brush+painter/data=!4m7!3m6!1s0x1efa25b490413b35:0x7e024f940a912cb5!8m2!3d-28.7401206!4d32.07451!16s%2Fg%2F11thfx3nw4!19sChIJNTtBkLQl-h4RtSyRCpRPAn4
Mr MAINTENANCE,Paving contractor,"15 Fucus Fen, Aquadene, Richards Bay, 3900",Aquadene,Richards Bay,073 262 7697,no,,,,open,-28.7143937,32.0385853,"paving contractors in Richards Bay, KwaZulu-Natal, South Africa",https://www.google.com/maps/place/?q=place_id:ChIJx0DARy49-h4Rqh8NaiL2-2I&cid=0x1efa3d2e47c040c7:0x62fbf6226a0d1faa
NK Projects (PTY) LTD,Paving contractor,"Bulbul Bend, Birdswood, Richards Bay, 3900",Birdswood,Richards Bay,071 955 5653,no,,,,open,-28.735720999999998,32.079749,"paving contractors in Richards Bay, KwaZulu-Natal, South Africa",https://www.google.com/maps/place/?q=place_id:ChIJZQa_Bbol-h4RJBlwhVnQsGM&cid=0x1efa25ba05bf0665:0x63b0d05985701924
Power Pave,Paving contractor,"Loodvislyn, Meer En See, Richards Bay, 3901",,,079 628 0401,no,,5.0,2,open,-28.774174,32.116611,"landscaping and garden services in Richards Bay, KwaZulu-Natal, South Africa",https://www.google.com/maps/place/Power+Pave/data=!4m7!3m6!1s0x1efa244594561fc5:0xfbd47765c3023fe9!8m2!3d-28.774174!4d32.116611!16s%2Fg%2F11b6dnz175!19sChIJxR9WlEUk-h4R6T8Cw2V31Ps
Bhomane Pest Control Solutions,Pest control service,"1129 Office No.12, Hluhluwe mall, Mtubatuba, 3935",,,083 543 4248,no,,,,open,-28.4059334,32.2143323,"pest control in Richards Bay, KwaZulu-Natal, South Africa",https://www.google.com/maps/place/Bhomane+Pest+Control+Solutions/data=!4m7!3m6!1s0x1efa4f9c1f74a2cd:0x7acc5196f01e2e3a!8m2!3d-28.4059334!4d32.2143323!16s%2Fg%2F11zh914pc6!19sChIJzaJ0H5xP-h4ROi4e8JZRzHo
CHEMICALIST MTIMANDE,Pest control service,"Ntshingimpisi, street, Richards Bay, 3901",street,Richards Bay,068 456 1932,no,,,,open,-28.776820999999998,32.112146599999996,"pest control in Richards Bay, KwaZulu-Natal, South Africa",https://www.google.com/maps/place/?q=place_id:ChIJE-nU8Bgl-h4Rfoi7peIddNs&cid=0x1efa2518f0d4e913:0xdb741de2a5bb887e
Dorine Pest Control,Pest control service,"msasandla, Ngwelezane Rd, Empangeni, 3880",,Empangeni,071 983 9191,no,,,,open,-28.7780159,31.8813769,"pest control in Richards Bay, KwaZulu-Natal, South Africa",https://www.google.com/maps/place/?q=place_id:ChIJ5TgTXW8R-h4RdSqYDqQS3jQ&cid=0x1efa116f5d1338e5:0x34de12a40e982a75
EyabantuChem Pty Ltd,Pest control service,"Dumisane Makhaye Village, 12021 Insimba Street, Empangeni, 3880",,Empangeni,079 428 2135,no,,5,3,open,-28.7745671,31.8772836,"pest control in Richards Bay, KwaZulu-Natal, South Africa",https://www.google.com/maps/place/?q=place_id:ChIJeeBNjGER-h4RSYA8qyASmHA&cid=0x1efa11618c4de079:0x70981220ab3c8049
Fikelela Isidingo,Pest control service,"No. 27 John Ross Hwy, Arboretum, Richards Bay, 3900",Arboretum,Richards Bay,073 889 9339,no,,,,open,-28.7701571,32.0372397,"pest control in Richards Bay, KwaZulu-Natal, South Africa",https://www.google.com/maps/place/?q=place_id:ChIJNwY0seIi-h4RQ6p3oWkKPic&cid=0x1efa22e2b1340637:0x273e0a69a177aa43
Global Integral Hygiene Pty Ltd,Pest control service,"ward 13, Empembeni reserve, Esikhawini, Richards Bay, 3887",Esikhawini,Richards Bay,081 747 0950,no,,5,2,open,-28.8623688,31.981020299999997,"pest control in Richards Bay, KwaZulu-Natal, South Africa",https://www.google.com/maps/place/?q=place_id:ChIJbal21BMf-h4RKDm41nYuqko&cid=0x1efa1f13d476a96d:0x4aaa2e76d6b83928
Rentokil Initial (Pty) Ltd,Pest control service,"3 Nickel St, Kuleka, Empangeni, 3880",Kuleka,Empangeni,084 811 5805,no,,3.3,4,open,-28.7747469,31.8919607,"pest control in Richards Bay, KwaZulu-Natal, South Africa",https://www.google.com/maps/place/?q=place_id:ChIJEUKC86gQ-h4RMdkYjjlY8TE&cid=0x1efa10a8f3824211:0x31f158398e18d931
Supercare Services Group (Pty) Ltd,Pest control service,"130 Alumina Allee St, Alton, Richards Bay",,,,no,,,,open,-28.73601,32.03761,"pest control in Richards Bay, KwaZulu-Natal, South Africa",https://www.google.com/maps/place/Supercare+Services+Group+%28Pty%29+Ltd/data=!4m7!3m6!1s0x1efa3d2a7ab036af:0x4eae8601e16533b2!8m2!3d-28.73601!4d32.03761!16s%2Fg%2F11j00s8tq1!19sChIJrzaweio9-h4RsjNl4QGGrk4
Vital Pest Control,Pest control service,,,,035 789 9695,no,,3.7,3,open,-27.989538,31.66811,"pest control in Richards Bay, KwaZulu-Natal, South Africa",https://www.google.com/maps/place/Vital+Pest+Control/data=!4m7!3m6!1s0x1efa256fafdb65cb:0x239b6863416f29b0!8m2!3d-27.989538!4d31.66811!16s%2Fg%2F11g0yxg_cs!19sChIJy2Xbr28l-h4RsClvQWNomyM
Tail Waggers,Pet groomer,"79 Mackerel, Meer En See, Richards Bay, 3900",Meer En See,Richards Bay,066 203 3412,no,,4.7,40,open,-28.7764775,32.1163619,"pet shops in Richards Bay, KwaZulu-Natal, South Africa",https://www.google.com/maps/place/?q=place_id:ChIJs8XVl0wj-h4Rl6eQDc0gyV0&cid=0x1efa234c97d5c5b3:0x5dc920cd0d90a797
Reef River Reptile,Pet store,"JBV building, 75 Dollar Dr, Alton, Richards Bay, 3900",Alton,Richards Bay,060 480 5750,no,,4.8,30,open,-28.759725699999997,32.041094099999995,"pet shops in Richards Bay, KwaZulu-Natal, South Africa",https://www.google.com/maps/place/?q=place_id:ChIJL-GaV5E_-h4RD0fTwFeIXBc&cid=0x1efa3f91579ae12f:0x175c8857c0d3470f
The Out Post Pet Shop,Pet store,"6 Mark Strasse Shop 11A Lakeside Mall Corner of Lira Link, Mark Strasse, CBD, Richards Bay, 3900",CBD,Richards Bay,071 249 5394,no,,3.3,6,open,-28.754861899999998,32.052161,"pet shops in Richards Bay, KwaZulu-Natal, South Africa",https://www.google.com/maps/place/?q=place_id:ChIJG-zLlBcj-h4RTU5ZjG3jyUQ&cid=0x1efa231794cbec1b:0x44c9e36d8c594e4d
Tropical Pets Kzn and Fishing Tackle Pty Ltd,Pet store,,,,069 631 7353,no,,3.3,18,open,-30.2689999,26.1920324,"pet shops in Richards Bay, KwaZulu-Natal, South Africa",https://www.google.com/maps/place/Tropical+Pets+Kzn+and+Fishing+Tackle+Pty+Ltd/data=!4m7!3m6!1s0x1efa235e1cc7924f:0xdc74da7722805385!8m2!3d-30.2689999!4d26.1920324!16s%2Fg%2F11qnhc9fpy!19sChIJT5LHHF4j-h4RhVOAInfadNw
Umfula Aquatics,Pet store,"Richards Bay Central, Richards Bay, 3900",Richards Bay Central,Richards Bay,064 559 3742,no,,,,open,-28.750175499999997,32.0553349,"pet shops in Richards Bay, KwaZulu-Natal, South Africa",https://www.google.com/maps/place/?q=place_id:ChIJKZqxESwj-h4RnjvY8Cz5thA&cid=0x1efa232c11b19a29:0x10b6f92cf0d83b9e
Kit's Photos CC,Photo lab,"43 Boardwalk Ctr, Krugerrand Rd, Arboretum, Richards Bay, 3900",,,083 232 6578,no,,2.5,2,open,-28.75206,32.05053,"photographers in Richards Bay, KwaZulu-Natal, South Africa",https://www.google.com/maps/place/Kit%27s+Photos+CC/data=!4m7!3m6!1s0x1efa233ca5285e23:0x3890a50666dfcd36!8m2!3d-28.75206!4d32.05053!16s%2Fg%2F1pzxq30kn!19sChIJI14opTwj-h4RNs3fZgalkDg
BayClix Photographic Studio & Framing,Photographer,"Tasselberry Road, Richards Bay, 3900",,,035 789 9453,no,,,,open,-28.753899,32.054457,"photographers in Richards Bay, KwaZulu-Natal, South Africa",https://www.google.com/maps/place/BayClix+Photographic+Studio+%26+Framing/data=!4m7!3m6!1s0x1efa233dc4f503e1:0xf1d017fbd0a7acc6!8m2!3d-28.753899!4d32.054457!16s%2Fg%2F1hf2p9f32!19sChIJ4QP1xD0j-h4Rxqyn0PsX0PE
CASW ART GALLERY,Photographer,,,,073 671 7094,no,,5.0,13,open,-34.6283864,27.2516952,"photographers in Richards Bay, KwaZulu-Natal, South Africa",https://www.google.com/maps/place/CASW+ART+GALLERY/data=!4m7!3m6!1s0x225c5178cde0f305:0xda820f9df71ca89d!8m2!3d-34.6283864!4d27.2516952!16s%2Fg%2F11ssqf2285!19sChIJBfPgzXhRXCIRnagc950Pgto
Just Shoot Me In Studio,Photographer,"13 Wagtail Walk, Birdswood, Richards Bay, 3900",Birdswood,Richards Bay,073 242 7364,no,,,,open,-28.7425119,32.0740239,"photographers in Richards Bay, KwaZulu-Natal, South Africa",https://www.google.com/maps/place/?q=place_id:ChIJoxsFI0Ij-h4Rd41zVmupS6c&cid=0x1efa234223051ba3:0xa74ba96b56738d77
Pauline Hibbert Photography,Photographer,"16 Naboomnek, Arboretum, Richards Bay, 3900",,,072 012 6989,no,,,,open,-28.765452,32.0758124,"photographers in Richards Bay, KwaZulu-Natal, South Africa",https://www.google.com/maps/place/Pauline+Hibbert+Photography/data=!4m7!3m6!1s0x1efa23367618478f:0xa76a451094301acf!8m2!3d-28.765452!4d32.0758124!16s%2Fg%2F11f7sy7fcv!19sChIJj0cYdjYj-h4RzxowlBBFaqc
Photo Phactory,Photographer,,,,065 832 8977,no,,5.0,3,open,-34.6283864,27.2516952,"photographers in Richards Bay, KwaZulu-Natal, South Africa",https://www.google.com/maps/place/Photo+Phactory/data=!4m7!3m6!1s0x1efa3d1889727563:0x41983000d2a647b4!8m2!3d-34.6283864!4d27.2516952!16s%2Fg%2F11f9vyj28b!19sChIJY3VyiRg9-h4RtEem0gAwmEE
SG PHOTOGRAPHY,Photographer,"Metica Moon, Richards Bay Central, Richards Bay, 3900",,,073 668 5049,no,,,,open,-28.7531255,32.0477195,"photographers in Richards Bay, KwaZulu-Natal, South Africa",https://www.google.com/maps/place/SG+PHOTOGRAPHY/data=!4m7!3m6!1s0x1efa23e0fba94ead:0xb769d201357c56af!8m2!3d-28.7531255!4d32.0477195!16s%2Fg%2F11lnp17bcr!19sChIJrU6p--Aj-h4Rr1Z8NQHSabc
SIMON PHOTOPRENUIRSHIP (PTY)LTD,Photographer,"24 Nkoninga Rd, Birdswood, Richards Bay, 3900",Birdswood,Richards Bay,084 333 3634,no,,4.8,15,open,-28.7396015,32.0756414,"photographers in Richards Bay, KwaZulu-Natal, South Africa",https://www.google.com/maps/place/?q=place_id:ChIJebktUHgj-h4Ra95DOCHfx_A&cid=0x1efa2378502db979:0xf0c7df213843de6b
Verbal Photography,Photographer,"J1, Iqhina St, Esikhawini H, Richards Bay, 3887",,,078 519 1101,no,,5.0,2,open,-28.8883412,31.8918871,"photographers in Richards Bay, KwaZulu-Natal, South Africa",https://www.google.com/maps/place/Verbal+Photography/data=!4m7!3m6!1s0x1efa1d98da708389:0x3abcf27cbd3fe78!8m2!3d-28.8883412!4d31.8918871!16s%2Fg%2F11j4yxmdm9!19sChIJiYNw2pgd-h4ReP7TyyfPqwM
lizzys photography,Photographer,"Kabeljoukade, Meer En See, Richards Bay, 3901",,,071 285 5333,no,,,,open,-28.7787308,32.1039103,"photographers in Richards Bay, KwaZulu-Natal, South Africa",https://www.google.com/maps/place/lizzys+photography/data=!4m7!3m6!1s0x1efa25a0dfbc82cf:0x2dcbb629270bfaee!8m2!3d-28.7787308!4d32.1039103!16s%2Fg%2F11s84_z45f!19sChIJz4K836Al-h4R7voLJym2yy0
Bathathe Photography,Photography service,"Esikhawini H, Richards Bay, 3887",Esikhawini H,Richards Bay,082 049 6974,no,,4.9,40,open,-28.8582799,31.9221807,"photographers in Richards Bay, KwaZulu-Natal, South Africa",https://www.google.com/maps/place/?q=place_id:ChIJ2VZrG48f-h4ReJ2lldGuD4Y&cid=0x1efa1f8f1b6b56d9:0x860faed195a59d78
CharioStudio,Photography service,"KwaNdaya Reserve, Esikhawini H, Richards Bay, 3887",,,066 071 0109,no,,5.0,1,open,-28.86754,31.9160496,"photographers in Richards Bay, KwaZulu-Natal, South Africa",https://www.google.com/maps/place/CharioStudio/data=!4m7!3m6!1s0x1efa1f69db02f565:0x7258d4168dca28a2!8m2!3d-28.86754!4d31.9160496!16s%2Fg%2F11h6xh_ytr!19sChIJZfUC22kf-h4RoijKjRbUWHI
Sanele Photography,Photography service,"thembagumedes304@gmail.com Photography, Esikhawini H, Richards Bay, 3887",,,076 561 7244,no,,,,open,-28.8675889,31.9160348,"photographers in Richards Bay, KwaZulu-Natal, South Africa",https://www.google.com/maps/place/Sanele+Photography/data=!4m7!3m6!1s0x1efa1f5c04f8c5d1:0x255c31a13b8ff3e1!8m2!3d-28.8675889!4d31.9160348!16s%2Fg%2F11vk2t56tj!19sChIJ0cX4BFwf-h4R4fOPO6ExXCU
Shutter-fly Photography By Lielie van Zyl,Photography service,"Ricardia Street, Arboretum, Richards Bay, 3900",Arboretum,Richards Bay,067 872 2433,no,,5,3,open,-28.7608881,32.0638462,"photographers in Richards Bay, KwaZulu-Natal, South Africa",https://www.google.com/maps/place/?q=place_id:ChIJWe5xz60j-h4R0TAL1mZlHLQ&cid=0x1efa23adcf71ee59:0xb41c6566d60b30d1
Emdonini Gym,Physical fitness program,"10 Maxwell St, Empangeni Central, Empangeni, 3880",Empangeni Central,Empangeni,035 772 5516,no,,4.4,66,open,-28.7385272,31.8944123,"gyms and fitness centres in Richards Bay, KwaZulu-Natal, South Africa",https://www.google.com/maps/place/?q=place_id:ChIJPUDnktYQ-h4RcmfxirWyiyA&cid=0x1efa10d692e7403d:0x208bb2b58af16772
Kresan Naidoo Physiotherapy INC,Physical therapist,"CNR of 1 kruggerand road &, Lira Link, CBD, Richards Bay, 3900",CBD,Richards Bay,072 224 4070,no,,5,2,open,-28.750671999999998,32.0539869,"physiotherapists in Richards Bay, KwaZulu-Natal, South Africa",https://www.google.com/maps/place/?q=place_id:ChIJA9jnWh9H9x4RGH4DnyusECI&cid=0x1ef7471f5ae7d803:0x2210ac2b9f037e18
MP Physiotherapy,Physical therapist,"48 Biyela St, Empangeni Central, Empangeni, 3880",Empangeni Central,Empangeni,076 577 2242,no,,5,3,open,-28.737122099999997,31.893096999999997,"physiotherapists in Richards Bay, KwaZulu-Natal, South Africa",https://www.google.com/maps/place/?q=place_id:ChIJR4B4ezpRzB0RRTTSkpVWKRc&cid=0x1dcc513a7b788047:0x1729569592d23445
Marie Roodt Physiotherapist,Physical therapist,"Medicross, Meer En See, Richards Bay, 3901",Meer En See,Richards Bay,035 753 3671,no,,5,3,open,-28.7821525,32.1022348,"physiotherapists in Richards Bay, KwaZulu-Natal, South Africa",https://www.google.com/maps/place/?q=place_id:ChIJQTShlTsj-h4RXNEWTD5XIMM&cid=0x1efa233b95a13441:0xc320573e4c16d15c
Serendipity Framing Studio,Picture frame shop,"126 Dollar Dr, Richards Bay Central, Richards Bay, 3900",,,035 789 0554,no,,4.5,153,open,-28.752265,32.045456,"painters in Richards Bay, KwaZulu-Natal, South Africa",https://www.google.com/maps/place/Serendipity+Framing+Studio/data=!4m7!3m6!1s0x1efa23247e77996d:0x1c323c511ef8c204!8m2!3d-28.752265!4d32.045456!16s%2Fg%2F1pzxy0k17!19sChIJbZl3fiQj-h4RBML4HlE8Mhw
Zabo Projects,Plant nursery,"6 Bluebuck St, Panorama, Empangeni, 3880",,,076 512 4138,no,,5.0,1,open,-28.7565851,31.8862478,"landscaping and garden services in Richards Bay, KwaZulu-Natal, South Africa",https://www.google.com/maps/place/Zabo+Projects/data=!4m7!3m6!1s0x1efa1199295442f7:0xe05a952c1c350eb6!8m2!3d-28.7565851!4d31.8862478!16s%2Fg%2F11jpkv_z67!19sChIJ90JUKZkR-h4Rtg41HCyVWuA
Little Angels baby and todler Centre,Playgroup,"7 Oak St, Grantham Park, Empangeni, 3880",,,072 314 9204,no,,,,open,-28.7646346,31.896586,"creche and daycare in Richards Bay, KwaZulu-Natal, South Africa",https://www.google.com/maps/place/Little+Angels+baby+and+todler+Centre/data=!4m7!3m6!1s0x1efa10b2220859f9:0xad32c22a6b219941!8m2!3d-28.7646346!4d31.896586!16s%2Fg%2F11gdtqjj3z!19sChIJ-VkIIrIQ-h4RQZkhayrCMq0
Boss Plumbers (PTY) Ltd,Plumber,"5 Dageraad St, Meer En See, Richards Bay, 3901",,,082 464 8920,no,,3.3,4,open,-28.7888333,32.0952882,"plumbers in Richards Bay, KwaZulu-Natal, South Africa",https://www.google.com/maps/place/Boss+Plumbers+%28PTY%29+Ltd/data=!4m7!3m6!1s0x1efa22dae502498d:0x9a705c8790d0760b!8m2!3d-28.7888333!4d32.0952882!16s%2Fg%2F113hqbr49!19sChIJjUkC5doi-h4RC3bQkIdccJo
EMPANGENI PLUMBERS,Plumber,"Unit 21, Stepping Stones, 13 Kitefish, Meer En See, Richards Bay, 3900",,,082 902 4021,no,,3.0,2,open,-28.7868483,32.100949,"plumbers in Richards Bay, KwaZulu-Natal, South Africa",https://www.google.com/maps/place/EMPANGENI+PLUMBERS/data=!4m7!3m6!1s0x1efa25f372f142f5:0xf90760b04caac3d4!8m2!3d-28.7868483!4d32.100949!16s%2Fg%2F11p0625zz2!19sChIJ9ULxcvMl-h4R1MOqTLBgB_k
Inyala Plumbers,Plumber,"6 Nyala Burry St, Arboretum, Richards Bay, 3900",,,035 789 5286,no,,5.0,1,open,-28.7608881,32.0638462,"plumbers in Richards Bay, KwaZulu-Natal, South Africa",https://www.google.com/maps/place/Inyala+Plumbers/data=!4m7!3m6!1s0x1efa236daaaaaaab:0xe648d17ba0ec9eaa!8m2!3d-28.7608881!4d32.0638462!16s%2Fg%2F11b6d22j69!19sChIJq6qqqm0j-h4Rqp7soHvRSOY
JiL Plumbing and Building,Plumber,"73 Main Rd, Fairview, Empangeni, 3880",,,082 953 2622,no,,5.0,4,open,-28.74998,31.89643,"plumbers in Richards Bay, KwaZulu-Natal, South Africa",https://www.google.com/maps/place/JiL+Plumbing+and+Building/data=!4m7!3m6!1s0x1efa10cc01562571:0x544ba9d0144ed4af!8m2!3d-28.74998!4d31.89643!16s%2Fg%2F1tgft0dc!19sChIJcSVWAcwQ-h4Rr9ROFNCpS1Q
K L C Plumbing Services,Plumber,"Ceramic Curve, Wild En Weide, Richards Bay, 3900",,,035 753 3554,no,,,,open,-28.73538,32.0444699,"plumbers in Richards Bay, KwaZulu-Natal, South Africa",https://www.google.com/maps/place/K+L+C+Plumbing+Services/data=!4m7!3m6!1s0x1efa3cd37b226381:0xb580f640c8fa6e8f!8m2!3d-28.73538!4d32.0444699!16s%2Fg%2F11b6dp05dc!19sChIJgWMie9M8-h4Rj276yED2gLU
Pipeline Plumbers,Plumber,"66 Dollar Dr, Richards Bay Central, Richards Bay, 3900",,,035 789 8521,no,,,,open,-28.75905,32.042223,"plumbers in Richards Bay, KwaZulu-Natal, South Africa",https://www.google.com/maps/place/Pipeline+Plumbers/data=!4m7!3m6!1s0x1efa231f617b322f:0x85b3493f5a3fe9c9!8m2!3d-28.75905!4d32.042223!16s%2Fg%2F1pzxpby0s!19sChIJLzJ7YR8j-h4Ryek_Wj9Js4U
Plumbing Doctor Richards Bay,Plumber,"18 Rooibos Ridge, Arboretum, Richards Bay, 3900",,,035 789 7012,no,,5.0,1,open,-28.76333,32.06182,"plumbers in Richards Bay, KwaZulu-Natal, South Africa",https://www.google.com/maps/place/Plumbing+Doctor+Richards+Bay/data=!4m7!3m6!1s0xe969c7db011d87f:0x656d2b1119d6675b!8m2!3d-28.76333!4d32.06182!16s%2Fg%2F11x22rwbx4!19sChIJf9gRsH2clg4RW2fWGRErbWU
Richards Bay Plumbing Pros,Plumber,,,,060 327 3640,no,,5.0,1,open,-28.7785855,31.992421,"plumbers in Richards Bay, KwaZulu-Natal, South Africa",https://www.google.com/maps/place/Richards+Bay+Plumbing+Pros/data=!4m7!3m6!1s0x2b2b7b32a460b807:0xb5777fdd98fbf698!8m2!3d-28.7785855!4d31.992421!16s%2Fg%2F11zf52cpxp!19sChIJB7hgpDJ7KysRmPb7mN1_d7U
The Drain Corporation,Plumber,"4A Bulbul Bend, Birdswood, Richards Bay, 3900",,,084 911 2513,no,,1.0,3,open,-28.7377869,32.0775937,"plumbers in Richards Bay, KwaZulu-Natal, South Africa",https://www.google.com/maps/place/The+Drain+Corporation/data=!4m7!3m6!1s0x1efa2350b61e189f:0xa71a73f04aa79395!8m2!3d-28.7377869!4d32.0775937!16s%2Fg%2F11h7s3x2tk!19sChIJnxgetlAj-h4RlZOnSvBzGqc
Tolexplumbers,Plumber,,,,078 648 2155,no,,,,open,-34.6283864,27.2516952,"plumbers in Richards Bay, KwaZulu-Natal, South Africa",https://www.google.com/maps/place/Tolexplumbers/data=!4m7!3m6!1s0x21d928666e182e93:0xafc061ba34a55e9b!8m2!3d-34.6283864!4d27.2516952!16s%2Fg%2F11xlntm0tb!19sChIJky4YbmYo2SERm16lNLphwK8
XP Plumbers (Pty) Ltd,Plumber,,,,061 581 7608,no,,4.6,9,open,-28.7785855,31.98598,"plumbers in Richards Bay, KwaZulu-Natal, South Africa",https://www.google.com/maps/place/XP+Plumbers+%28Pty%29+Ltd/data=!4m7!3m6!1s0x1ef7aa6225bc1ba7:0x4186abf6cd4e4660!8m2!3d-28.7785855!4d31.98598!16s%2Fg%2F11c4jvx3tz!19sChIJpxu8JWKq9x4RYEZOzfarhkE
Amamvelase Amahle Plumbing,Plumbing supply store,"A 9 Khanyisa Road Ngwelezane, township, Empangeni, 3880",,,079 012 0205,no,,,,open,-28.7680839,31.8616648,"plumbers in Richards Bay, KwaZulu-Natal, South Africa",https://www.google.com/maps/place/Amamvelase+Amahle+Plumbing/data=!4m7!3m6!1s0x1efa112240ef3e0b:0x3113a0370cd1a29e!8m2!3d-28.7680839!4d31.8616648!16s%2Fg%2F11ltcs_lfr!19sChIJCz7vQCIR-h4RnqLRDDegEzE
MSV Plumbing,Plumbing supply store,"61 Gemini Dr, Richem, Empangeni, 3880",,,081 248 7553,no,,,,open,-28.7660575,31.8878008,"plumbers in Richards Bay, KwaZulu-Natal, South Africa",https://www.google.com/maps/place/MSV+Plumbing/data=!4m7!3m6!1s0x1efa11fb3aa823e5:0x90aebeb4747f5d45!8m2!3d-28.7660575!4d31.8878008!16s%2Fg%2F11z692rc_7!19sChIJ5SOoOvsR-h4RRV1_dLS-rpA
Pool Specialists,Pool cleaning service,"34 Grunter Gully, Meer En See, Richards Bay, 3900",Meer En See,Richards Bay,082 957 7701,no,,5,4,open,-28.781105,32.097557,"pool cleaning services in Richards Bay, KwaZulu-Natal, South Africa",https://www.google.com/maps/place/?q=place_id:ChIJd-G6MlEl-h4R2gz71oLudDo&cid=0x1efa255132bae177:0x3a74ee82d6fb0cda
Umhlathuze Pool Cleaners,Pool cleaning service,"66 Via Cassiandra, Arboretum, Richards Bay, 3900",Arboretum,Richards Bay,076 293 7400,no,,,,open,-28.7635395,32.051072399999995,"pool cleaning services in Richards Bay, KwaZulu-Natal, South Africa",https://www.google.com/maps/place/?q=place_id:ChIJVYLWkhAj-h4RMyq3PfZ8IfM&cid=0x1efa231092d68255:0xf3217cf63db72a33
GQUAMANI PORTRAITS,Portrait studio,"25 Elephant Walk, Wild En Weide, Richards Bay, 3900",,,035 789 2577,no,,,,open,-28.7376967,32.0479428,"photographers in Richards Bay, KwaZulu-Natal, South Africa",https://www.google.com/maps/place/GQUAMANI+PORTRAITS/data=!4m7!3m6!1s0x1efa232d3e6bffff:0x4d209d68a5e7a8ad!8m2!3d-28.7376967!4d32.0479428!16s%2Fg%2F11q36hvdch!19sChIJ__9rPi0j-h4RrajnpWidIE0
CLEVER KIDS,Preschool,"24 Witstinkhout, Arboretum, Richards Bay, 3900",Arboretum,Richards Bay,066 548 2473,no,,5,1,open,-28.753260899999997,32.0603737,"creche and daycare in Richards Bay, KwaZulu-Natal, South Africa",https://www.google.com/maps/place/?q=place_id:ChIJ__8z8D8j-h4Rk5lPUh5KH84&cid=0x1efa233ff033ffff:0xce1f4a1e524f9993
Edukidz Learning Center Empangeni,Preschool,"7 Conrad Ave, Kildare, Empangeni, 3880",,,076 302 5770,no,,5.0,9,open,-28.7590817,31.890285,"creche and daycare in Richards Bay, KwaZulu-Natal, South Africa",https://www.google.com/maps/place/Edukidz+Learning+Center+Empangeni/data=!4m7!3m6!1s0x1efa10b8287646e3:0x1bb26274d3dae277!8m2!3d-28.7590817!4d31.890285!16s%2Fg%2F11f3wrkxzb!19sChIJ40Z2KLgQ-h4Rd-La03Rishs
Elkana Early Childhood Development Centre,Preschool,"28 Boekenhout, Arboretum, Richards Bay, 3900",,,082 386 9649,no,,,,open,-28.7469437,32.0622689,"creche and daycare in Richards Bay, KwaZulu-Natal, South Africa",https://www.google.com/maps/place/Elkana+Early+Childhood+Development+Centre/data=!4m7!3m6!1s0x1efa23a0104812b5:0xeb4d04632a71a52a!8m2!3d-28.7469437!4d32.0622689!16s%2Fg%2F11xcqk4f2j!19sChIJtRJIEKAj-h4RKqVxKmMETes
Emmanuel Pre - School & Creche,Preschool,"17 Button Fern, Brackenham, Richards Bay, 3900",Brackenham,Richards Bay,035 798 1919,no,,4.7,3,open,-28.727209,32.0393384,"creche and daycare in Richards Bay, KwaZulu-Natal, South Africa",https://www.google.com/maps/place/?q=place_id:ChIJLaGJE9g8-h4RKsxrIu0MNRQ&cid=0x1efa3cd81389a12d:0x14350ced226bcc2a
Kepeza Creche,Preschool,"Nzalabantu Ward 5 KwaMbonambi, Richards Bay, 3900",,,071 403 1504,no,,,,open,-28.7086459,32.1746272,"creche and daycare in Richards Bay, KwaZulu-Natal, South Africa",https://www.google.com/maps/place/Kepeza+Creche/data=!4m7!3m6!1s0x1efa257562b69a7b:0x9d7a17554eb4d6f2!8m2!3d-28.7086459!4d32.1746272!16s%2Fg%2F11nqxn8lqk!19sChIJe5q2YnUl-h4R8ta0TlUXep0
"LITTLE RASCALS PRESCHOOL MEERENSEE, RICHARDS BAY PRE SCHOOL",Preschool,"14 Grunter Gully, Meer En See, Richards Bay, 3901",,,035 753 1400,no,,5.0,2,open,-28.783889,32.0981049,"creche and daycare in Richards Bay, KwaZulu-Natal, South Africa","https://www.google.com/maps/place/LITTLE+RASCALS+PRESCHOOL+MEERENSEE,+RICHARDS+BAY+PRE+SCHOOL/data=!4m7!3m6!1s0x1efa246d1d64f42b:0x761c6844055a489a!8m2!3d-28.783889!4d32.0981049!16s%2Fg%2F11hd1pt49t!19sChIJK_RkHW0k-h4RmkhaBURoHHY"
Pda Preschool & Creché,Preschool,"20 Jakkalsdraai, Wild En Weide, Richards Bay, 3900",,,,no,,,,open,-28.732806,32.0571228,"creche and daycare in Richards Bay, KwaZulu-Natal, South Africa",https://www.google.com/maps/place/Pda+Preschool+%26+Crech%C3%A9/data=!4m7!3m6!1s0x1efa3ccb3dfcde47:0x2c4b196f536ec010!8m2!3d-28.732806!4d32.0571228!16s%2Fg%2F11p73l98h3!19sChIJR978Pcs8-h4REMBuU28ZSyw
Royal Scholars,Preschool,"Knorhaanbaai, Meer En See, Richards Bay, 3900",Meer En See,Richards Bay,062 184 9604,no,,5,2,open,-28.7811886,32.1106402,"creche and daycare in Richards Bay, KwaZulu-Natal, South Africa",https://www.google.com/maps/place/?q=place_id:ChIJzYZzC9Yl-h4RWxvdWT-yHrk&cid=0x1efa25d60b7386cd:0xb91eb23f59dd1b5b
Wonderkids Pre-School & Day Care Centre,Preschool,"3 Arterial Rd, Arboretum, Richards Bay, 3900",Arboretum,Richards Bay,035 797 3264,no,,4.4,5,open,-28.753148999999997,32.057278,"creche and daycare in Richards Bay, KwaZulu-Natal, South Africa",https://www.google.com/maps/place/?q=place_id:ChIJdwlLRD4j-h4RvxLpgGZ57mg&cid=0x1efa233e444b0977:0x68ee796680e912bf
Brakenham Pre-Primary School,Primary school,"1 Dicksonia Dr, Brackenham, Richards Bay, 3900",,,035 798 1678,no,,,,open,-28.7240987,32.0424383,"creche and daycare in Richards Bay, KwaZulu-Natal, South Africa",https://www.google.com/maps/place/Brakenham+Pre-Primary+School/data=!4m7!3m6!1s0x1efa3cd9131e775f:0x75b472e3b5d1e6d1!8m2!3d-28.7240987!4d32.0424383!16s%2Fg%2F1pzvnz58z!19sChIJX3ceE9k8-h4R0ebRteNytHU
DFT PRINTING - RICHARDS BAY,Print shop,"Coral Shower, Veld En Vlei, Richards Bay, 3900",,,,no,,,,open,-28.7433619,32.0635053,"printers in Richards Bay, KwaZulu-Natal, South Africa",https://www.google.com/maps/place/DFT+PRINTING+-+RICHARDS+BAY/data=!4m7!3m6!1s0x1efa23d31a5def91:0x53933c381ad29477!8m2!3d-28.7433619!4d32.0635053!16s%2Fg%2F11x13n_hm9!19sChIJke9dGtMj-h4Rd5TSGjg8k1M
LYNETTES P C P,Print shop,"CBD sharing offices with KENTEC, 87 Bullion Blvd, Richards Bay Central, Richards Bay, 3900",,,083 395 9509,no,,5.0,2,open,-28.7546528,32.0456452,"printers in Richards Bay, KwaZulu-Natal, South Africa",https://www.google.com/maps/place/LYNETTES+P+C+P/data=!4m7!3m6!1s0x1efa233c5a70896f:0x7138043cbde6becc!8m2!3d-28.7546528!4d32.0456452!16s%2Fg%2F11bzvwrbf3!19sChIJb4lwWjwj-h4RzL7mvTwEOHE
Rafiki's Creation station,Print shop,,,,061 490 0181,no,,5.0,1,open,-34.6283864,27.2516952,"printers in Richards Bay, KwaZulu-Natal, South Africa",https://www.google.com/maps/place/Rafiki%27s+Creation+station/data=!4m7!3m6!1s0xa24408f653d87eb1:0x8d237b5550ebd5d6!8m2!3d-34.6283864!4d27.2516952!16s%2Fg%2F11nr2505rh!19sChIJsX7YU_YIRKIR1tXrUFV7I40
uMhlathuze General Services,Property maintenance,,,,074 677 7819,no,,5.0,4,open,-28.742708,31.992421,"handyman services in Richards Bay, KwaZulu-Natal, South Africa",https://www.google.com/maps/place/uMhlathuze+General+Services/data=!4m7!3m6!1s0x4e84a40ec8522521:0x756932942c0c495a!8m2!3d-28.742708!4d31.992421!16s%2Fg%2F11nvc_zbhj!19sChIJISVSyA6khE4RWkkMLJQyaXU
Property Citi,Property management company,"25 Bullion Blvd, Richards Bay Central, Richards Bay, 3900",,,035 789 1023,no,,,,open,-28.745445,32.0499514,"estate agents in Richards Bay, KwaZulu-Natal, South Africa",https://www.google.com/maps/place/Property+Citi/data=!4m7!3m6!1s0x1efa239d2622d10b:0xc625c4b0cbf019f6!8m2!3d-28.745445!4d32.0499514!16s%2Fg%2F11fl0xtvx8!19sChIJC9EiJp0j-h4R9hnwy7DEJcY
Bonanza Estates (Eiendomme),Real estate agency,"18 Anglers Rod, Meer En See, Richards Bay, 3901",,,035 753 4181,no,,4.0,3,open,-28.7856021,32.0931364,"estate agents in Richards Bay, KwaZulu-Natal, South Africa",https://www.google.com/maps/place/Bonanza+Estates+%28Eiendomme%29/data=!4m7!3m6!1s0x1efa24729f71e619:0x61b52b19e3641d36!8m2!3d-28.7856021!4d32.0931364!16s%2Fg%2F1pzs0pp0g!19sChIJGeZxn3Ik-h4RNh1k4xkrtWE
Cam Golding Properties,Real estate agency,"Richards Bay Central, Empangeni, 3880",,,,no,,,,open,-28.753141,32.053241,"estate agents in Richards Bay, KwaZulu-Natal, South Africa",https://www.google.com/maps/place/Cam+Golding+Properties/data=!4m7!3m6!1s0x1efa2388c26aad45:0x4f45fc1ab7e40d9e!8m2!3d-28.753141!4d32.053241!16s%2Fg%2F11fvkm2fjv!19sChIJRa1qwogj-h4Rng3ktxr8RU8
Evolate Properties Richards Bay,Real estate agency,"66 Honey Suckle, Veld En Vlei, Richards Bay, 3900",,,065 105 4875,no,,3.0,1,open,-28.7392064,32.0679826,"estate agents in Richards Bay, KwaZulu-Natal, South Africa",https://www.google.com/maps/place/Evolate+Properties+Richards+Bay/data=!4m7!3m6!1s0x1efa23ac0e27b34f:0x4ac3351c63646146!8m2!3d-28.7392064!4d32.0679826!16s%2Fg%2F11xvq3blqz!19sChIJT7MnDqwj-h4RRmFkYxw1w0o
FROLINE ESTATES,Real estate agency,"11 Ouhoutoord, Arboretum, Richards Bay, 3900",,,035 789 4126,no,,4.5,2,open,-28.7630578,32.0692519,"estate agents in Richards Bay, KwaZulu-Natal, South Africa",https://www.google.com/maps/place/FROLINE+ESTATES/data=!4m7!3m6!1s0x1efa2371cbf26fa7:0xaa6d704fe87685a3!8m2!3d-28.7630578!4d32.0692519!16s%2Fg%2F11dxhbdsqr!19sChIJp2_yy3Ej-h4Ro4V26E9wbao
Homezone Real Estates,Real estate agency,"15 Lira Link, Arboretum, Richards Bay, 3900",,,035 789 0541,no,,,,open,-28.75182,32.05438,"estate agents in Richards Bay, KwaZulu-Natal, South Africa",https://www.google.com/maps/place/Homezone+Real+Estates/data=!4m7!3m6!1s0x1efa233c3dbe78f3:0xbaa2181a9649282f!8m2!3d-28.75182!4d32.05438!16s%2Fg%2F1pzr1wk2y!19sChIJ83i-PTwj-h4RLyhJlhoYoro
RGI Properties KZN,Real estate agency,"suite 3, 21 Lira Link Road, Partridge Place, Richards Bay Central, Richards Bay, 3900",Richards Bay Central,Richards Bay,078 984 2057,no,,5,15,open,-28.7523487,32.0537503,"estate agents in Richards Bay, KwaZulu-Natal, South Africa",https://www.google.com/maps/place/?q=place_id:ChIJQQPWPfskCoERTOohQaT3pL8&cid=0x810a24fb3dd60341:0xbfa4f7a44121ea4c
Trudy van der Vlies,Real estate agency,"2 Apiesdoring, Arboretum, Richards Bay, 3900",,,082 875 5838,no,,,,open,-28.754138,32.058574,"estate agents in Richards Bay, KwaZulu-Natal, South Africa",https://www.google.com/maps/place/Trudy+van+der+Vlies/data=!4m7!3m6!1s0x1efa236c621e1dfd:0x2fa49d6eb102db89!8m2!3d-28.754138!4d32.058574!16s%2Fg%2F11hzpnm2g6!19sChIJ_R0eYmwj-h4RidsCsW6dpC8
U Bet Properties,Real estate agency,"29 Enkeldoringdraai, Arboretum, Richards Bay, 3900",,,083 660 8688,no,,5.0,2,open,-28.7466989,32.0672818,"estate agents in Richards Bay, KwaZulu-Natal, South Africa",https://www.google.com/maps/place/U+Bet+Properties/data=!4m7!3m6!1s0x1efa23440564fc75:0x6597d254f568035f!8m2!3d-28.7466989!4d32.0672818!16s%2Fg%2F11b6dggw5r!19sChIJdfxkBUQj-h4RXwNo9VTSl2U
Power Property Developments (Pty) Ltd,Real estate developer,"2 Apiesdoring, Arboretum, Richards Bay, 3900",,,072 338 1911,no,,5.0,1,open,-28.7540908,32.0584648,"estate agents in Richards Bay, KwaZulu-Natal, South Africa",https://www.google.com/maps/place/Power+Property+Developments+%28Pty%29+Ltd/data=!4m7!3m6!1s0x1efa23d592d8897f:0x19a129acf9399b3!8m2!3d-28.7540908!4d32.0584648!16s%2Fg%2F11rhv_5v5v!19sChIJf4nYktUj-h4Rs5mTz5oSmgE
J.S REPAIRS ALL APLIANCE AND FRIDGE REPAIR,Refrigerator repair service,"2 Raas Blaarlaagte, Arboretum, Richards Bay, 3900",,,073 050 1225,no,,4.2,102,open,-28.7635616,32.0638237,"air conditioning installation in Richards Bay, KwaZulu-Natal, South Africa",https://www.google.com/maps/place/J.S+REPAIRS+ALL+APLIANCE+AND+FRIDGE+REPAIR/data=!4m7!3m6!1s0x1efa23c9b53241bf:0xc331034739f1b807!8m2!3d-28.7635616!4d32.0638237!16s%2Fg%2F11lt2s5zqr!19sChIJv0Eytckj-h4RB7jxOUcDMcM
0-Three-5 Shisanyama & Carwash,Restaurant,"11960 Mzingazi, Meer En See, Richards Bay, 3901",,,081 551 9548,no,,4.0,55,open,-28.7615885,32.1350876,"car wash in Richards Bay, KwaZulu-Natal, South Africa",https://www.google.com/maps/place/0-Three-5+Shisanyama+%26+Carwash/data=!4m7!3m6!1s0x1efa254fdbf242a3:0xa33eef1e9bd9a48f!8m2!3d-28.7615885!4d32.1350876!16s%2Fg%2F11n0blnkh_!19sChIJo0Ly208l-h4Rj6TZmx7vPqM
Bean Tree Cafe,Restaurant,"29 Bullion Blvd, Richards Bay Central, Richards Bay, 3900",,,,no,,3.9,15,open,-28.746001,32.0497769,"restaurants in Richards Bay, KwaZulu-Natal, South Africa",https://www.google.com/maps/place/Bean+Tree+Cafe/data=!4m7!3m6!1s0x1efa233aa21e3bf9:0x463bfe7a90bb18bb!8m2!3d-28.746001!4d32.0497769!16s%2Fg%2F11c0xsgq7l!19sChIJ-Tseojoj-h4Ruxi7kHr-O0Y
Blantire Royal Palace,Restaurant,"129 Dollar Dr, Richards Bay Central, Richards Bay, 3900",Richards Bay Central,Richards Bay,035 760 1302,no,,4.6,7,open,-28.751739099999998,32.0449275,"restaurants in Richards Bay, KwaZulu-Natal, South Africa",https://www.google.com/maps/place/?q=place_id:ChIJcaF0KS4j-h4ROBzNMcxINMI&cid=0x1efa232e2974a171:0xc23448cc31cd1c38
Gather Culture & Coffee,Restaurant,"Cnr Krewelkring &, King Fish Creek, Meer En See, Richards Bay, 3901",,,082 457 1325,no,,4.7,189,open,-28.7812697,32.099843,"restaurants in Richards Bay, KwaZulu-Natal, South Africa",https://www.google.com/maps/place/Gather+Culture+%26+Coffee/data=!4m7!3m6!1s0x1efa254e3f0358a3:0xabcb4220624e2ff1!8m2!3d-28.7812697!4d32.099843!16s%2Fg%2F11k6mcj2wp!19sChIJo1gDP04l-h4R8S9OYiBCy6s
KWA-MALUME AFRICAN FOOD,Restaurant,"11 Metica Moon, Mark Strasse, Richards Bay Central, Richards Bay, 3900",,,072 220 1335,no,,4.0,21,open,-28.753497,32.049074,"catering services in Richards Bay, KwaZulu-Natal, South Africa",https://www.google.com/maps/place/KWA-MALUME+AFRICAN+FOOD/data=!4m7!3m6!1s0x1efa2394163d7dd7:0x881705b7c7accc78!8m2!3d-28.753497!4d32.049074!16s%2Fg%2F11gy88htqt!19sChIJ1309FpQj-h4ReMysx7cFF4g
Lakeside Curries,Restaurant,"Richards Bay Central, Richards Bay, 3900",,,068 427 5923,no,,3.7,3,open,-28.7531764,32.043969,"takeaways in Richards Bay, KwaZulu-Natal, South Africa",https://www.google.com/maps/place/Lakeside+Curries/data=!4m7!3m6!1s0x1efa2355b4de748d:0x49eb5bbcc20c6e65!8m2!3d-28.7531764!4d32.043969!16s%2Fg%2F11swmkmmwd!19sChIJjXTetFUj-h4RZW4Mwrxb60k
Lion's Den Restaurant,Restaurant,"140 Dollar Dr, Richards Bay Central, Richards Bay, 3900",,,,no,,2.5,4,open,-28.75115,32.04481,"restaurants in Richards Bay, KwaZulu-Natal, South Africa",https://www.google.com/maps/place/Lion%27s+Den+Restaurant/data=!4m7!3m6!1s0x1efa23243ae3307b:0x11d93454831759e1!8m2!3d-28.75115!4d32.04481!16s%2Fg%2F1tq4hmbn!19sChIJezDjOiQj-h4R4VkXg1Q02RE
Mainly Coffee Mobile Coffee Boutique,Restaurant,"22 Batterybank, Alton, Richards Bay, 3900",,,066 475 5718,no,,5.0,1,open,-28.7501308,32.0223,"restaurants in Richards Bay, KwaZulu-Natal, South Africa",https://www.google.com/maps/place/Mainly+Coffee+Mobile+Coffee+Boutique/data=!4m7!3m6!1s0x1efa2321884c74cb:0xa73651176ae8a50!8m2!3d-28.7501308!4d32.0223!16s%2Fg%2F11c73c1x82!19sChIJy3RMiCEj-h4RUIqudhFlcwo
Nongalo butchery & shisanyama,Restaurant,"Mandlazini, Richards Bay, 3900",,,,no,,4.7,22,open,-28.7428553,32.0985637,"butcheries in Richards Bay, KwaZulu-Natal, South Africa",https://www.google.com/maps/place/Nongalo+butchery+%26+shisanyama/data=!4m7!3m6!1s0x1efa25e3c8c5a93d:0xffcc4197f0ffc9c4!8m2!3d-28.7428553!4d32.0985637!16s%2Fg%2F11k2kt20_q!19sChIJPanFyOMl-h4RxMn_8JdBzP8
Sindu Restaurant,Restaurant,"Walk Building, Pioneer Rd, Richards Bay, 3900",,,068 731 1935,no,,4.1,139,open,-28.7938399,32.0788943,"takeaways in Richards Bay, KwaZulu-Natal, South Africa",https://www.google.com/maps/place/Sindu+Restaurant/data=!4m7!3m6!1s0x1efa230009dc4565:0x7285bb0e9917f617!8m2!3d-28.7938399!4d32.0788943!16s%2Fg%2F11y2k_1_ls!19sChIJZUXcCQAj-h4RF_YXmQ67hXI
The Foodman,Restaurant,"Shop4, 10 Peseta Parade, Richards Bay Central, Richards Bay, 3900",Richards Bay Central,Richards Bay,064 643 3971,no,,5,5,open,-28.7469696,32.0479631,"takeaways in Richards Bay, KwaZulu-Natal, South Africa",https://www.google.com/maps/place/?q=place_id:ChIJg87rlbIX-h4RYCgZ8bwDdrI&cid=0x1efa17b295ebce83:0xb27603bcf1192860
The Magic Pot,Restaurant,"ZCBF, Richards Bay Central, Richards Bay, 3900",Richards Bay Central,Richards Bay,072 098 4257,no,,4.9,49,open,-28.7564827,32.034046599999996,"takeaways in Richards Bay, KwaZulu-Natal, South Africa",https://www.google.com/maps/place/?q=place_id:ChIJLaZRaXAj-h4RJqIqnS3OWKU&cid=0x1efa23706951a62d:0xa558ce2d9d2aa226
The Ridge Restaurant,Restaurant,"22 Davidson Ln, Meer En See, Richards Bay, 3901",,,076 051 6401,no,,4.1,233,open,-28.7951545,32.0961143,"takeaways in Richards Bay, KwaZulu-Natal, South Africa",https://www.google.com/maps/place/The+Ridge+Restaurant/data=!4m7!3m6!1s0x1efa25005b918919:0x4073152cd6649408!8m2!3d-28.7951545!4d32.0961143!16s%2Fg%2F11j3s8c2tx!19sChIJGYmRWwAl-h4RCJRk1iwVc0A
Waterfront lounge,Restaurant,"1 Pioneer Rd, Harbour, Richards Bay, 3901",,,,no,,4.1,87,open,-28.7930992,32.0778451,"restaurants in Richards Bay, KwaZulu-Natal, South Africa",https://www.google.com/maps/place/Waterfront+lounge/data=!4m7!3m6!1s0x1efa235fd270a759:0xfc863e1f0811b428!8m2!3d-28.7930992!4d32.0778451!16s%2Fg%2F11j1jgspkc!19sChIJWadw0l8j-h4RKLQRCB8-hvw
Zula Beach Richards Bay,Restaurant,"Anchors Cast Building, 2 Bridgetown Rd, Tuzigazi, Richards Bay, 3900",Tuzigazi,Richards Bay,035 788 0041,no,,3.9,277,open,-28.7940996,32.081239499999995,"restaurants in Richards Bay, KwaZulu-Natal, South Africa",https://www.google.com/maps/place/?q=place_id:ChIJ3yFQ6mEj-h4RD3LFUCMydDo&cid=0x1efa2361ea5021df:0x3a74322350c5720f
eGawozi Shisanyama & Car Wash,Restaurant,Richards Bay,,,,no,,4.0,71,open,-28.7469849,32.0889934,"car wash in Richards Bay, KwaZulu-Natal, South Africa",https://www.google.com/maps/place/eGawozi+Shisanyama+%26+Car+Wash/data=!4m7!3m6!1s0x1efa249f519f71df:0xd98dfc601d00ced3!8m2!3d-28.7469849!4d32.0889934!16s%2Fg%2F11gfncjgrq!19sChIJ33GfUZ8k-h4R084AHWD8jdk
Bethu Plant Hire,Road construction company,"No.9, ED Village, 3900 E Central Arterial, Esikhawini H, Richards Bay, 3887",,,078 497 6373,no,,,,open,-28.746461,32.059063,"paving contractors in Richards Bay, KwaZulu-Natal, South Africa",https://www.google.com/maps/place/Bethu+Plant+Hire/data=!4m7!3m6!1s0x1efa23385857e341:0x6f25f0cc6b70b2d5!8m2!3d-28.746461!4d32.059063!16s%2Fg%2F11ppc9nfr5!19sChIJQeNXWDgj-h4R1bJwa8zwJW8
Quality Thatch,Roofing contractor,"Ohmzone, Alton, Richards Bay, 3900",Alton,Richards Bay,084 500 8342,no,,1,2,open,-28.769418299999998,32.008474299999996,"roofing contractors in Richards Bay, KwaZulu-Natal, South Africa",https://www.google.com/maps/place/?q=place_id:ChIJoyX7aZYi-h4RjCMbRpT9yM0&cid=0x1efa229669fb25a3:0xcdc8fd94461b238c
ZZ Engineering & Roofing Solutions,Roofing contractor,"18 Kabelring, Alton, Richards Bay, 3900",,,035 797 3021,no,,4.0,37,open,-28.7663367,32.0067551,"building contractors in Richards Bay, KwaZulu-Natal, South Africa",https://www.google.com/maps/place/ZZ+Engineering+%26+Roofing+Solutions/data=!4m7!3m6!1s0x1efa22bcab4698a3:0x3111794f4169ad90!8m2!3d-28.7663367!4d32.0067551!16s%2Fg%2F1pzr7rsnr!19sChIJo5hGq7wi-h4RkK1pQU95ETE
Richards Bay Trusses,Roofing supply store,"31A Kabelkring, Alton, Richards Bay, 3900",Alton,Richards Bay,035 797 3573,no,,4.5,2,open,-28.7639069,32.004157299999996,"roofing contractors in Richards Bay, KwaZulu-Natal, South Africa",https://www.google.com/maps/place/?q=place_id:ChIJo5hGq7wi-h4RQqhkhVISdAA&cid=0x1efa22bcab4698a3:0x7412528564a842
Action Blast CC,Sandblasting service,"1 Ohmzone, Alton, Richards Bay, 3900",,,082 328 9575,no,,4.8,9,open,-28.7699384,32.0096053,"painters in Richards Bay, KwaZulu-Natal, South Africa",https://www.google.com/maps/place/Action+Blast+CC/data=!4m7!3m6!1s0x1efa22967e3f9197:0x28a69f742d4d1738!8m2!3d-28.7699384!4d32.0096053!16s%2Fg%2F1pzq5_vy7!19sChIJl5E_fpYi-h4ROBdNLXSfpig
Hydro Tech Blasting & Spray Painting (PTY) LTD,Sandblasting service,,,,078 597 3160,no,,4.9,13,open,-34.6283864,27.2516952,"painters in Richards Bay, KwaZulu-Natal, South Africa",https://www.google.com/maps/place/Hydro+Tech+Blasting+%26+Spray+Painting+%28PTY%29+LTD/data=!4m7!3m6!1s0x1efa23efde727207:0x6583a662a0acf89!8m2!3d-34.6283864!4d27.2516952!16s%2Fg%2F11ffkytlgj!19sChIJB3Jy3u8j-h4Ric8KKmY6WAY
Kumza Scaffolding & General Maintenance Services,Scaffolding rental service,"13 Witstinkhout, Arboretum, Richards Bay, 3900",,,083 677 7086,no,,5.0,1,open,-28.753852,32.061138,"paving contractors in Richards Bay, KwaZulu-Natal, South Africa",https://www.google.com/maps/place/Kumza+Scaffolding+%26+General+Maintenance+Services/data=!4m7!3m6!1s0x1efa234000277c2f:0x93f6d65cd044a4a6!8m2!3d-28.753852!4d32.061138!16s%2Fg%2F1pzr2k1rq!19sChIJL3wnAEAj-h4RpqRE0FzW9pM
Little junior centre,School center,"grounds gate 4, ZCBF, Alton, Richards Bay, 3900",Alton,Richards Bay,082 876 2699,no,,5,1,open,-28.755623,32.0344969,"creche and daycare in Richards Bay, KwaZulu-Natal, South Africa",https://www.google.com/maps/place/?q=place_id:ChIJPc7bSQQj-h4RF7Gy6FijRM4&cid=0x1efa230449dbce3d:0xce44a358e8b2b117
BNT SCREEN PRINTERS,Screen printer,"18 Bramble Terrace, Brackenham, Richards Bay, 3900",,,035 798 1428,no,,4.0,2,open,-28.72698,32.0413,"printers in Richards Bay, KwaZulu-Natal, South Africa",https://www.google.com/maps/place/BNT+SCREEN+PRINTERS/data=!4m7!3m6!1s0x1efa3de33741d0f9:0xe520570db5715321!8m2!3d-28.72698!4d32.0413!16s%2Fg%2F11rsbvgd4b!19sChIJ-dBBN-M9-h4RIVNxtQ1XIOU
AK JT Protection,Security guard service,"23 Bullion Blvd, Richards Bay Central, Richards Bay, 3900",,,067 947 7152,no,,5.0,2,open,-28.7537429,32.0463333,"security companies in Richards Bay, KwaZulu-Natal, South Africa",https://www.google.com/maps/place/AK+JT+Protection/data=!4m7!3m6!1s0x1efa2321bc20babd:0xb77c1719082cd0c2!8m2!3d-28.7537429!4d32.0463333!16s%2Fg%2F11r3ztw0lw!19sChIJvbogvCEj-h4RwtAsCBkXfLc
Sphiwo Protection and Security Services,Security guard service,"2360Mzingwenya street, Esikhawini H, Empangeni, 3887",,,082 406 4161,no,,1.0,1,open,-28.86754,31.9160496,"security companies in Richards Bay, KwaZulu-Natal, South Africa",https://www.google.com/maps/place/Sphiwo+Protection+and+Security+Services/data=!4m7!3m6!1s0x1efa1f3f5c55b4bd:0xa7e619a3c934df7c!8m2!3d-28.86754!4d31.9160496!16s%2Fg%2F11tfrm0sys!19sChIJvbRVXD8f-h4RfN80yaMZ5qc
Yebo Force Security VIP,Security guard service,"Office No 2, Gazi Centre, Waterfront, Richards Bay, 3900",,,032 586 0095,no,,5.0,1,open,-28.7501755,32.0553349,"security companies in Richards Bay, KwaZulu-Natal, South Africa",https://www.google.com/maps/place/Yebo+Force+Security+VIP/data=!4m7!3m6!1s0x1efa233bffffffff:0xab38836f56700da9!8m2!3d-28.7501755!4d32.0553349!16s%2Fg%2F11h94zz251!19sChIJ_____zsj-h4RqQ1wVm-DOKs
Amabhokobhoko security company,Security service,"Jan Smith, Richards Bay, 3909",,,077 464 7332,no,,,,open,-28.7807276,32.0382856,"security companies in Richards Bay, KwaZulu-Natal, South Africa",https://www.google.com/maps/place/Amabhokobhoko+security+company/data=!4m7!3m6!1s0x1efa23219b74c397:0x28a75cf5213c28b4!8m2!3d-28.7807276!4d32.0382856!16s%2Fg%2F11r9yd3_d3!19sChIJl8N0myEj-h4RtCg8IfVcpyg
BIDVEST PROTEA COIN GROUP,Security service,"37 Dollar Dr, Richards Bay Central, Richards Bay, 3900",Richards Bay Central,Richards Bay,035 789 8600,no,,4.4,11,open,-28.757458,32.044264,"security companies in Richards Bay, KwaZulu-Natal, South Africa",https://www.google.com/maps/place/?q=place_id:ChIJZZRlHCIj-h4RZbqqDiWyG-A&cid=0x1efa23221c659465:0xe01bb2250eaaba65
INFINITE SECURITY SOLUTIONS,Security service,"34 Weaver Wing, Birdswood, Richards Bay, 3900",,,064 008 3935,no,,4.8,6,open,-28.740944,32.0786399,"security companies in Richards Bay, KwaZulu-Natal, South Africa",https://www.google.com/maps/place/INFINITE+SECURITY+SOLUTIONS/data=!4m7!3m6!1s0x1efa235984e7c97d:0x801c05c349ca2b1d!8m2!3d-28.740944!4d32.0786399!16s%2Fg%2F11my6lymf7!19sChIJfcnnhFkj-h4RHSvKScMFHIA
Makadebona VIP Protection Services,Security service,"Unit 1-9 Sakhisizwe Building 01 South Arterial, ZCBF, Alton, Richards Bay, 3900",,,035 797 3067,no,,5.0,1,open,-28.755623,32.0344969,"security companies in Richards Bay, KwaZulu-Natal, South Africa",https://www.google.com/maps/place/Makadebona+VIP+Protection+Services/data=!4m7!3m6!1s0x1efa231e6819103b:0xd356ab445888cc3c!8m2!3d-28.755623!4d32.0344969!16s%2Fg%2F11jzth2jy9!19sChIJOxAZaB4j-h4RPMyIWESrVtM
Stholokuhle Security Training,Security service,"11 Brass Link, Alton next to Shell Garage opposite Reclamation, Richards Bay, 3900",,,084 608 0802,no,,3.7,3,open,-28.7676712,32.03687,"security companies in Richards Bay, KwaZulu-Natal, South Africa",https://www.google.com/maps/place/Stholokuhle+Security+Training/data=!4m7!3m6!1s0x1efa2358a22db9df:0x10760e9a55798956!8m2!3d-28.7676712!4d32.03687!16s%2Fg%2F11sz3zwzh6!19sChIJ37ktolgj-h4RVol5VZoOdhA
TRANSPOFY STOKVEL GROUP,Security service,"58 Dollar Dr, Richards Bay Central, Richards Bay, 3900",,,011 038 2168,no,,3.5,2,open,-28.760212,32.042147,"security companies in Richards Bay, KwaZulu-Natal, South Africa",https://www.google.com/maps/place/TRANSPOFY+STOKVEL+GROUP/data=!4m7!3m6!1s0x1efa231f134556bd:0x94f4e3fea40a975a!8m2!3d-28.760212!4d32.042147!16s%2Fg%2F11fls3xmry!19sChIJvVZFEx8j-h4RWpcKpP7j9JQ
World Class Security Services,Security service,"8 Sakhisizwe Building Alton, Richards Bay, 3900",,,078 978 5472,no,,,,open,-28.7557637,32.0347188,"security companies in Richards Bay, KwaZulu-Natal, South Africa",https://www.google.com/maps/place/World+Class+Security+Services/data=!4m7!3m6!1s0x1efa2398b0e3a63f:0xa5e07ce5cdcac159!8m2!3d-28.7557637!4d32.0347188!16s%2Fg%2F11m_h23jj7!19sChIJP6bjsJgj-h4RWcHKzeV84KU
Futronicservices,Security system supplier,"Via Cassiandra, Arboretum, Richards Bay, 3900",,,035 789 0131,no,,2.3,3,open,-28.760914,32.0527323,"security companies in Richards Bay, KwaZulu-Natal, South Africa",https://www.google.com/maps/place/Futronicservices/data=!4m7!3m6!1s0x1efa2316c65c4bb9:0x2e968cc79c27774c!8m2!3d-28.760914!4d32.0527323!16s%2Fg%2F1tl_1gd0!19sChIJuUtcxhYj-h4RTHcnnMeMli4
Sodladla Guest House,Self-catering accommodation,"N 0. 13618B Sodladla Guest House Madlanzini, Richards Bay, 3990",Richards Bay - New,Richards Bay,083 293 7514,no,,4.3,12,open,-28.7346874,32.122823499999996,"guest houses in Richards Bay, KwaZulu-Natal, South Africa",https://www.google.com/maps/place/?q=place_id:ChIJ4WxMfRgl-h4RP6ifEg-Xn-I&cid=0x1efa25187d4c6ce1:0xe29f970f129fa83f
Xaba Guest Lodge,Self-catering accommodation,"Current Area, Mzingazi, Main Road, Richards Bay, 3900",Richards Bay - New,Richards Bay,071 102 7782,no,,3.9,124,open,-28.7575932,32.1336751,"guest houses in Richards Bay, KwaZulu-Natal, South Africa",https://www.google.com/maps/place/?q=place_id:ChIJs5OcVq8l-h4RixHvzk3dtz8&cid=0x1efa25af569c93b3:0x3fb7dd4dceef118b
Thetha Guest House,Serviced accommodation,"Ward 14, Mzingazi area, Richards Bay Central, Richards Bay, 3900",,,,no,,3.0,1,open,-28.7501755,32.0553349,"guest houses in Richards Bay, KwaZulu-Natal, South Africa",https://www.google.com/maps/place/Thetha+Guest+House/data=!4m7!3m6!1s0x1efa23c716c0157d:0xed2e9498483fe28c!8m2!3d-28.7501755!4d32.0553349!16s%2Fg%2F11mzg_f8k0!19sChIJfRXAFscj-h4RjOI_SJiULu0
HOUSE HYPER,Shopping mall,"9 Krugerrand Grv, Richards Bay Central, Richards Bay, 3900",Richards Bay Central,Richards Bay,035 789 1050,no,,3.9,813,open,-28.7496062,32.051719,"furniture stores in Richards Bay, KwaZulu-Natal, South Africa",https://www.google.com/maps/place/?q=place_id:ChIJYTbKLzsj-h4RCDEYsJCqMA4&cid=0x1efa233b2fca3661:0xe30aa90b0183108
J.R. Signs,Sign shop,"5 Peseta Parade, Richards Bay Central, Richards Bay, 3900",,,035 789 5909,no,,4.4,14,open,-28.74722,32.04704,"printers in Richards Bay, KwaZulu-Natal, South Africa",https://www.google.com/maps/place/J.R.+Signs/data=!4m7!3m6!1s0x1efa23257c79511f:0x1b22634ba561b5cc!8m2!3d-28.74722!4d32.04704!16s%2Fg%2F1hc76gdyj!19sChIJH1F5fCUj-h4RzLVhpUtjIhs
Just 4U Designs,Sign shop,"18 Geelhoutkruin, Richards Bay Central, Richards Bay, 3900",,,087 138 4016,no,,5.0,4,open,-28.7502509,32.067763,"printers in Richards Bay, KwaZulu-Natal, South Africa",https://www.google.com/maps/place/Just+4U+Designs/data=!4m7!3m6!1s0x1efa23423971b223:0x30684d2dfc55374a!8m2!3d-28.7502509!4d32.067763!16s%2Fg%2F11xfpx2yq!19sChIJI7JxOUIj-h4RSjdV_C1NaDA
SIGNFORCE,Sign shop,"Unit 10 & 11, Bermart Business Park, 27 Ceramic Curve, Alton, Richards Bay, 3900",,,035 789 7230,no,,3.7,16,open,-28.7488564,32.0331126,"printers in Richards Bay, KwaZulu-Natal, South Africa",https://www.google.com/maps/place/SIGNFORCE/data=!4m7!3m6!1s0x1efa2323c9eaf2e3:0xf686650303b02483!8m2!3d-28.7488564!4d32.0331126!16s%2Fg%2F11bzwlqxns!19sChIJ4_LqySMj-h4RgySwAwNlhvY
Ros Stilla Skin Institute,Skin care clinic,"Shop 7.2 Phase 2 Town Square Mall, Richards Bay, 3900",,,068 328 9768,no,,4.4,5,open,-28.7488891,32.0514961,"hair salons in Richards Bay, KwaZulu-Natal, South Africa",https://www.google.com/maps/place/Ros+Stilla+Skin+Institute/data=!4m7!3m6!1s0x1efa234f88affeed:0x5d2cd0b84a8efa42!8m2!3d-28.7488891!4d32.0514961!16s%2Fg%2F11rx30w8c4!19sChIJ7f6viE8j-h4RQvqOSrjQLF0
Top Grade Abattoir,Slaughterhouse,"6 1st St, Kuleka, Empangeni, 3880",,,035 940 0279,no,,4.3,6,open,-28.775519,31.902776,"butcheries in Richards Bay, KwaZulu-Natal, South Africa",https://www.google.com/maps/place/Top+Grade+Abattoir/data=!4m7!3m6!1s0x1efa19ffef21d1c9:0xa9140ce75cb5d1e5!8m2!3d-28.775519!4d31.902776!16s%2Fg%2F1pzpxb069!19sChIJydEh7_8Z-h4R5dG1XOcMFKk
CCGS Systems (Pty) Ltd,Software company,"110 Dollar Dr, Richards Bay Central, Richards Bay, 3900",,,035 789 1268,no,,4.3,12,open,-28.7552011,32.0439331,"IT support services in Richards Bay, KwaZulu-Natal, South Africa",https://www.google.com/maps/place/CCGS+Systems+%28Pty%29+Ltd/data=!4m7!3m6!1s0x1efa2323d7cdfa0f:0x28d857871920033!8m2!3d-28.7552011!4d32.0439331!16s%2Fg%2F1pzq04zq3!19sChIJD_rN1yMj-h4RMwCScXiFjQI
KZN I.T Solutions,Software company,"9 Tassel-Berry, Dolphin Park, Richards Bay, 3900",Dolphin Park,Richards Bay,068 975 3117,no,,,,open,-28.754985899999998,32.0571209,"IT support services in Richards Bay, KwaZulu-Natal, South Africa",https://www.google.com/maps/place/?q=place_id:ChIJaYOyID4j-h4RgZXqRc6j9fc&cid=0x1efa233e20b28369:0xf7f5a3ce45ea9581
Graaff & Kie Renewable Energy,Solar Energy Company,"109 Dollar Drive, Alton, Richards Bay, 3900",,,071 608 8886,no,,5,8,open,-28.754776999999997,32.04363,"solar installers in Richards Bay, KwaZulu-Natal, South Africa",https://www.google.com/maps/place/?q=place_id:&cid=0x1efa23d6b8eb0d4b:0xdbeec6e47512ccf5
LE ZURI SPA,Spa,"Hibberd Dr, Meer En See, Richards Bay, 3901",Meer En See,Richards Bay,035 753 1111,no,,3.4,38,open,-28.7909698,32.0936691,"day spas in Richards Bay, KwaZulu-Natal, South Africa",https://www.google.com/maps/place/?q=place_id:ChIJU2kUpw0k-h4R9c4QqpRQ_j8&cid=0x1efa240da7146953:0x3ffe5094aa10cef5
Lamessa IV drip & Wellness Spa,Spa,"At Imvubu Lodge, Meer En See, Richards Bay, 3900",,,079 319 1039,no,,4.9,35,open,-28.790754,32.100934,"hairdressers in Richards Bay, KwaZulu-Natal, South Africa",https://www.google.com/maps/place/Lamessa+IV+drip+%26+Wellness+Spa/data=!4m7!3m6!1s0x1efa25ebdc2fd48f:0x556dd9b5610ae84e!8m2!3d-28.790754!4d32.100934!16s%2Fg%2F11y4lpwl2k!19sChIJj9Qv3Osl-h4RTugKYbXZbVU
Resting and Healing Spa,Spa,"54 Anglers Rod, Meer En See, Richards Bay, 3901",Meer En See,Richards Bay,062 155 9155,no,,5,7,open,-28.781884599999998,32.1018184,"day spas in Richards Bay, KwaZulu-Natal, South Africa",https://www.google.com/maps/place/?q=place_id:ChIJjZGnnaEl-h4RRQiKoq-InZw&cid=0x1efa25a19da7918d:0x9c9d88afa28a0845
Fiducia Contstruction,Steel construction company,"Unit 10, 25 Ceramic Curve, Alton, Richards Bay, 3900",,,082 801 0454,no,,4.7,3,open,-28.7486828,32.0324641,"building contractors in Richards Bay, KwaZulu-Natal, South Africa",https://www.google.com/maps/place/Fiducia+Contstruction/data=!4m7!3m6!1s0x1efa23a5bad8372b:0xf7ed1ef236445d9a!8m2!3d-28.7486828!4d32.0324641!16s%2Fg%2F11f646bst2!19sChIJKzfYuqUj-h4Rml1ENvIe7fc
Allied Glass And Micro Industries Cc,Store,"46 Tanner Rd, Mpangele, Empangeni, 3880",Mpangele,Empangeni,035 787 0397,no,,3.6,8,open,-28.770955999999998,31.9046135,"aluminium and glass in Richards Bay, KwaZulu-Natal, South Africa",https://www.google.com/maps/place/?q=place_id:ChIJq-0GWFQX-h4R7IoXQbIWgCY&cid=0x1efa17545806edab:0x268016b241178aec
I AND J THAI TAKE AWAY,Sushi takeaway,"Bullion Blvd, Richards Bay Central, Richards Bay, 3900",,,082 893 2030,no,,5.0,4,open,-28.7492369,32.0514427,"takeaways in Richards Bay, KwaZulu-Natal, South Africa",https://www.google.com/maps/place/I+AND+J+THAI+TAKE+AWAY/data=!4m7!3m6!1s0x1efa23aa12647633:0x2ef5d7031b46c942!8m2!3d-28.7492369!4d32.0514427!16s%2Fg%2F11wxt2jxhn!19sChIJM3ZkEqoj-h4RQslGGwPX9S4
JSS Bay Service Group,Swimming pool contractor,"16 Elephant Walk, Wild En Weide, Richards Bay, 3900",,,,no,,4.0,1,open,-28.7368964,32.0489482,"pool cleaning services in Richards Bay, KwaZulu-Natal, South Africa",https://www.google.com/maps/place/JSS+Bay+Service+Group/data=!4m7!3m6!1s0x1efa237d33b53ffd:0xec84d0c779b34167!8m2!3d-28.7368964!4d32.0489482!16s%2Fg%2F11z7nmmhg5!19sChIJ_T-1M30j-h4RZ0GzecfQhOw
Bay Landscaping and pool,Swimming pool repair service,"45 Angelersrod rod, Meer En See, Richards Bay, 3901",Meer En See,Richards Bay,071 903 4964,no,,1,1,open,-28.783003899999997,32.099024799999995,"pool cleaning services in Richards Bay, KwaZulu-Natal, South Africa",https://www.google.com/maps/place/?q=place_id:ChIJbQbY0Zwl-h4RZciwZ5iQzrY&cid=0x1efa259cd1d8066d:0xb6ce909867b0c865
Hlehle's Kitchen,Takeout restaurant,"Sybas, Arboretum, Richards Bay, 3900",,,082 885 7082,no,,4.5,2,open,-28.7554932,32.0552049,"takeaways in Richards Bay, KwaZulu-Natal, South Africa",https://www.google.com/maps/place/Hlehle%27s+Kitchen/data=!4m7!3m6!1s0x1efa23635ccf00a5:0x13080041f43a8e33!8m2!3d-28.7554932!4d32.0552049!16s%2Fg%2F11pz09nsp7!19sChIJpQDPXGMj-h4RM4469EEACBM
Shisanyama,Takeout restaurant,"Shop 29 Taxi City, Bullion Blvrd, CBD, Richards Bay, 3900",,,035 789 5744,no,,4.0,26,open,-28.746422,32.049972,"takeaways in Richards Bay, KwaZulu-Natal, South Africa",https://www.google.com/maps/place/Shisanyama/data=!4m7!3m6!1s0x1efa233aaa1ad32b:0x836d5f500f803bc0!8m2!3d-28.746422!4d32.049972!16s%2Fg%2F1pzrvhw9p!19sChIJK9Maqjoj-h4RwDuAD1BfbYM
Khrua Thai Food & Sushi,Thai restaurant,"Gazi, Richards Bay",,,076 110 0527,no,,4.5,371,open,-28.7932669,32.0797043,"takeaways in Richards Bay, KwaZulu-Natal, South Africa",https://www.google.com/maps/place/Khrua+Thai+Food+%26+Sushi/data=!4m7!3m6!1s0x1efa246c7067771b:0xcc2034e950cac069!8m2!3d-28.7932669!4d32.0797043!16s%2Fg%2F11b6swkr6r!19sChIJG3dncGwk-h4RacDKUOk0IMw
Kwality Tiles,Tile store,"14 Tanner Rd, Mpangele, Empangeni, 3880",,,,no,,5.0,1,open,-28.7656239,31.9069451,"tiling contractors in Richards Bay, KwaZulu-Natal, South Africa",https://www.google.com/maps/place/Kwality+Tiles/data=!4m7!3m6!1s0x1efa17522cfa1cef:0x342d82523df28249!8m2!3d-28.7656239!4d31.9069451!16s%2Fg%2F11jx4pp6kk!19sChIJ7xz6LFIX-h4RSYLyPVKCLTQ
Tile Warehouse,Tile store,"10 Ngwelezane Rd, Empangeni Rail, Empangeni, 3880",,,067 025 3416,no,,5.0,4,open,-28.7774324,31.8948375,"tiling contractors in Richards Bay, KwaZulu-Natal, South Africa",https://www.google.com/maps/place/Tile+Warehouse/data=!4m7!3m6!1s0x1efa1be2ca45f93d:0x468cf2863e84a3de!8m2!3d-28.7774324!4d31.8948375!16s%2Fg%2F11txs5cyf7!19sChIJPflFyuIb-h4R3qOEPobyjEY
Jundu Tyre Fixer,Tire repair shop,"77 Alumina Allee St, Alton, Richards Bay, 3900",,,071 420 5958,no,,,,open,-28.7598325,32.0229878,"tyre shops in Richards Bay, KwaZulu-Natal, South Africa",https://www.google.com/maps/place/Jundu+Tyre+Fixer/data=!4m7!3m6!1s0x1efa23c8da7fcb81:0x10bfd9ae9b133b2c!8m2!3d-28.7598325!4d32.0229878!16s%2Fg%2F11vzbjtj2m!19sChIJgct_2sgj-h4RLDsTm67ZvxA
Tyre Trax Richards Bay,Tire repair shop,"122 Alumina Allee St, Alton, Richards Bay, 3900",,,035 065 0976,no,,,,open,-28.7389461,32.0373311,"tyre shops in Richards Bay, KwaZulu-Natal, South Africa",https://www.google.com/maps/place/Tyre+Trax+Richards+Bay/data=!4m7!3m6!1s0x1efa3d5fc21404f9:0x3b1a90a358bc0af!8m2!3d-28.7389461!4d32.0373311!16s%2Fg%2F11q7fty_jl!19sChIJ-QQUwl89-h4Rr8CLNQqpsQM
*TYRE BOYZ*,Tire shop,"54 Rex Henderson Rd, Empangeni Central, Empangeni, 3880",,,035 772 2841,no,,4.8,49,open,-28.7460665,31.8896158,"tyre shops in Richards Bay, KwaZulu-Natal, South Africa",https://www.google.com/maps/place/*TYRE+BOYZ*/data=!4m7!3m6!1s0x1efa117c3313d7f5:0x5040873049417098!8m2!3d-28.7460665!4d31.8896158!16s%2Fg%2F11fjz7txly!19sChIJ9dcTM3wR-h4RmHBBSTCHQFA
Africa Tyres Richardsbay,Tire shop,"10 Bauxite Bay, Alton, Richards Bay, 3900",Alton,Richards Bay,072 621 7786,no,,4.6,7,open,-28.7529357,32.023209099999995,"tyre shops in Richards Bay, KwaZulu-Natal, South Africa",https://www.google.com/maps/place/?q=place_id:ChIJyThqZAAj-h4R9yOYKpnH1Fo&cid=0x1efa2300646a38c9:0x5ad4c7992a9823f7
Dunlop Zone,Tire shop,"4 Mangaan Baan, Alton, Richards Bay, 3900",Alton,Richards Bay,035 797 4143,no,,,,open,-28.7640352,32.0068002,"tyre shops in Richards Bay, KwaZulu-Natal, South Africa",https://www.google.com/maps/place/?q=place_id:ChIJIXXIi7wi-h4RmGU-63ndk1U&cid=0x1efa22bc8bc87521:0x5593dd79eb3e6598
SESFIKILE TYRES & EXHAUSTS,Tire shop,"Lood Ave, Kuleka, Empangeni, 3880",,,035 787 0269,no,,5.0,5,open,-28.7751094,31.8983033,"tyre shops in Richards Bay, KwaZulu-Natal, South Africa",https://www.google.com/maps/place/SESFIKILE+TYRES+%26+EXHAUSTS/data=!4m7!3m6!1s0x1efa10aa65718fa1:0x6b95d0570b252f87!8m2!3d-28.7751094!4d31.8983033!16s%2Fg%2F11x2pg9g9b!19sChIJoY9xZaoQ-h4Rhy8lC1fQlWs
SUPA TECH TYRES & EXHAUST,Tire shop,"4 Ngwelezane Rd, Mpangele, Empangeni, 3910",,,035 787 2425,no,,4.3,10,open,-28.7782897,31.8969282,"tyre shops in Richards Bay, KwaZulu-Natal, South Africa",https://www.google.com/maps/place/SUPA+TECH+TYRES+%26+EXHAUST/data=!4m7!3m6!1s0x1efa1bbaf3906bbb:0x804b03432082dfce!8m2!3d-28.7782897!4d31.8969282!16s%2Fg%2F11gpnjxt6y!19sChIJu2uQ87ob-h4Rzt-CIEMDS4A
Tufftrac OTR,Tire shop,"Kraft Link, Alton, Richards Bay, 3900",Alton,Richards Bay,035 797 3055,no,,5,3,open,-28.768373699999998,32.0116791,"tyre shops in Richards Bay, KwaZulu-Natal, South Africa",https://www.google.com/maps/place/?q=place_id:ChIJtaLPhrgj-h4RwJid5LYcpPM&cid=0x1efa23b886cfa2b5:0xf3a41cb6e49d98c0
uShaka Eng - Tyre Division,Tire shop,"27 Ceramic Curve, Alton, Richards Bay, 3900",,,035 751 1155,no,,,,open,-28.7488609,32.0331904,"tyre shops in Richards Bay, KwaZulu-Natal, South Africa",https://www.google.com/maps/place/uShaka+Eng+-+Tyre+Division/data=!4m7!3m6!1s0x1efa22d72e0c7cbd:0x8328c61d0beabead!8m2!3d-28.7488609!4d32.0331904!16s%2Fg%2F1pztw_c8q!19sChIJvXwMLtci-h4Rrb7qCx3GKIM
035 Towing,Towing service,"Dube Village, Esikhawini H, Richards Bay, 3887",,,,no,,,,open,-28.8558358,31.927807,"towing services in Richards Bay, KwaZulu-Natal, South Africa",https://www.google.com/maps/place/035+Towing/data=!4m7!3m6!1s0x1efa1f2d880b78f9:0xadd09a9783ecb74a!8m2!3d-28.8558358!4d31.927807!16s%2Fg%2F11vym0xt4m!19sChIJ-XgLiC0f-h4RSrfsg5ea0K0
Allways Towing Natal,Towing service,"70 Saligna Crescent, KwaMbonambi, 3915",,KwaMbonambi,082 891 6975,no,,4.9,21,open,-28.601264699999998,32.089423499999995,"towing services in Richards Bay, KwaZulu-Natal, South Africa",https://www.google.com/maps/place/?q=place_id:ChIJ_____yo5-h4RumF6Z9aVGqA&cid=0x1efa392affffffff:0xa01a95d6677a61ba
Auto Service Towing,Towing service,"Platina Dr, Kuleka, Empangeni, 3880",Kuleka,Empangeni,065 506 0433,no,,5,12,open,-28.7743862,31.8930886,"towing services in Richards Bay, KwaZulu-Natal, South Africa",https://www.google.com/maps/place/?q=place_id:ChIJXW8fNAAR-h4RMH3ZJ9a_cvE&cid=0x1efa1100341f6f5d:0xf172bfd627d97d30
BTR TOWING AND RECOVERY,Towing service,,,,073 536 6850,no,,4.3,8,open,-34.6283864,27.2516952,"towing services in Richards Bay, KwaZulu-Natal, South Africa",https://www.google.com/maps/place/BTR+TOWING+AND+RECOVERY/data=!4m7!3m6!1s0x1efa3d1606760101:0x985557a0cef67fb2!8m2!3d-34.6283864!4d27.2516952!16s%2Fg%2F11hdnvjvc4!19sChIJAQF2BhY9-h4Rsn_2zqBXVZg
Bay Towing & Recovery,Towing service,"17 Peseta Parade, Richards Bay Central, Richards Bay, 3900",Richards Bay Central,Richards Bay,083 423 3671,no,,5,1,open,-28.74562,32.047799999999995,"towing services in Richards Bay, KwaZulu-Natal, South Africa",https://www.google.com/maps/place/?q=place_id:ChIJT1HyvS8j-h4Rj4GQ2EPgeaI&cid=0x1efa232fbdf2514f:0xa279e043d890818f
CHLOANNA TOWING SERVICE'S,Towing service,"4 Ceramic Curve, Alton, Richards Bay, 3900",Alton,Richards Bay,081 581 6622,no,,5,1,open,-28.754526199999997,32.0288275,"towing services in Richards Bay, KwaZulu-Natal, South Africa",https://www.google.com/maps/place/?q=place_id:ChIJFxG34X8j-h4RRnBqypIglNE&cid=0x1efa237fe1b71117:0xd1942092ca6a7046
Goadfather Breakdown,Towing service,"6 Ngwelezane Rd, Kuleka, Empangeni, 3880",Kuleka,Empangeni,073 078 9698,no,,4.8,5,open,-28.7780484,31.895801,"towing services in Richards Bay, KwaZulu-Natal, South Africa",https://www.google.com/maps/place/?q=place_id:ChIJy47-jbcb-h4RaC51W8Gyy14&cid=0x1efa1bb78dfe8ecb:0x5ecbb2c15b752e68
KEITH'S TOWING SERVICE,Towing service,"46 Dollar Dr, Richards Bay Central, Richards Bay, 3900",Richards Bay Central,Richards Bay,082 515 8862,no,,4.7,15,open,-28.758461999999998,32.043078,"towing services in Richards Bay, KwaZulu-Natal, South Africa",https://www.google.com/maps/place/?q=place_id:ChIJOUVV4iEj-h4R6SvlXJJHw9o&cid=0x1efa2321e2554539:0xdac347925ce52be9
Mthothongo,Towing service,"Community Park, 30 Buscom, ZCBF, Alton, Richards Bay, 3900",Alton,Richards Bay,073 983 2057,no,,5,1,open,-28.7564952,32.034866799999996,"towing services in Richards Bay, KwaZulu-Natal, South Africa",https://www.google.com/maps/place/?q=place_id:ChIJj51VFJIl-h4RW-1OKSxS6xE&cid=0x1efa259214559d8f:0x11eb522c294eed5b
On call towing,Towing service,"kingfisher park, 16 Ceramic Curve, Alton, Richards Bay, 3900",Alton,Richards Bay,065 876 9128,no,,4.8,9,open,-28.753044,32.0320277,"towing services in Richards Bay, KwaZulu-Natal, South Africa",https://www.google.com/maps/place/?q=place_id:ChIJ3cHLQlMj-h4R5sScYVAi_sk&cid=0x1efa235342cbc1dd:0xc9fe2250619cc4e6
Perry's Breakdown Service,Towing service,"7 Copper Dr, Kuleka, Empangeni, 3880",Kuleka,Empangeni,083 255 5001,no,,4.4,26,open,-28.775022999999997,31.896521,"towing services in Richards Bay, KwaZulu-Natal, South Africa",https://www.google.com/maps/place/?q=place_id:ChIJuydz-KgQ-h4RtcqMPAM1lvE&cid=0x1efa10a8f87327bb:0xf19635033c8ccab5
R B Towing,Towing service,"57 Ceramic Curve, Alton, Richards Bay, 3900",Alton,Richards Bay,073 617 0323,no,,5,3,open,-28.74222,32.036136,"towing services in Richards Bay, KwaZulu-Natal, South Africa",https://www.google.com/maps/place/?q=place_id:ChIJ2-4BqNUi-h4RzELVn_X7LMg&cid=0x1efa22d5a801eedb:0xc82cfbf59fd542cc
Robotic Towing,Towing service,"A33 Nkanyezi St, Kwa Dlangezwa, Empangeni, 3886",Kwa Dlangezwa,Empangeni,074 748 9045,no,,5,10,open,-28.8550029,31.8365773,"towing services in Richards Bay, KwaZulu-Natal, South Africa",https://www.google.com/maps/place/?q=place_id:ChIJg5_Rbukb-h4R-V8dn3lGPTQ&cid=0x1efa1be96ed19f83:0x343d46799f1d5ff9
Tow-In Services,Towing service,"29 Bronze St, Kuleka, Empangeni, 3880",Kuleka,Empangeni,035 787 3173,no,,4.4,16,open,-28.77619,31.88853,"towing services in Richards Bay, KwaZulu-Natal, South Africa",https://www.google.com/maps/place/?q=place_id:ChIJDxVhsacQ-h4RakMEqT3xVzU&cid=0x1efa10a7b161150f:0x3557f13da904436a
Crossmoor Transport & Plant,Transportation service,"15 Emalje Turn, Alton, Richards Bay",,,035 751 2302,no,,3.9,10,open,-28.73658,32.03601,"transport and logistics companies in Richards Bay, KwaZulu-Natal, South Africa",https://www.google.com/maps/place/Crossmoor+Transport+%26+Plant/data=!4m7!3m6!1s0x1efa3d2a50fa54cd:0xa0c2a678c641436d!8m2!3d-28.73658!4d32.03601!16s%2Fg%2F11by_pc1wj!19sChIJzVT6UCo9-h4RbUNBxnimwqA
Safiri Logistics PTY,Transportation service,"35 Bauxite Bay, Alton, Richards Bay",,,035 940 4850,no,,5.0,1,open,-28.751202,32.015737,"transport and logistics companies in Richards Bay, KwaZulu-Natal, South Africa",https://www.google.com/maps/place/Safiri+Logistics+PTY/data=!4m7!3m6!1s0x1efa238a850928f5:0x5a350364e9846297!8m2!3d-28.751202!4d32.015737!16s%2Fg%2F11r3z5my4y!19sChIJ9SgJhYoj-h4Rl2KE6WQDNVo
Wandile's Transportation,Transportation service,"Mzingazi Village, 12077, Meerensee, Richards Bay, 3900",,,076 338 3394,no,,5.0,2,open,-28.7526325,32.0502237,"transport and logistics companies in Richards Bay, KwaZulu-Natal, South Africa",https://www.google.com/maps/place/Wandile%27s+Transportation/data=!4m7!3m6!1s0x1efa23cf87b147d1:0xb014e05f70410a96!8m2!3d-28.7526325!4d32.0502237!16s%2Fg%2F11z76y2ws4!19sChIJ0Uexh88j-h4RlgpBcF_gFLA
Tree Felling,Tree service,"11 Sable Rd, Nyala Park, Empangeni, 3880",Nyala Park,Empangeni,035 772 2126,no,,5,2,open,-28.7565173,31.9049652,"landscaping and garden services in Richards Bay, KwaZulu-Natal, South Africa",https://www.google.com/maps/place/?q=place_id:ChIJT_70pUsX-h4RrvMpamjMKkk&cid=0x1efa174ba5f4fe4f:0x492acc686a29f3ae
KempstonTruck Hire Richards Bay,Truck rental agency,"19 Ceramic Curve, Alton, Richards Bay",,,035 751 1490,no,,4.0,11,open,-28.75073,32.031809,"transport and logistics companies in Richards Bay, KwaZulu-Natal, South Africa",https://www.google.com/maps/place/KempstonTruck+Hire+Richards+Bay/data=!4m7!3m6!1s0x1efa22d0a5979251:0x8499d69f1f28c792!8m2!3d-28.75073!4d32.031809!16s%2Fg%2F1ptvrwj21!19sChIJUZKXpdAi-h4RkscoH5_WmYQ
HTS Services & Breakdown Repairs and Washbay,Truck repair shop,"46 Kabelring, Alton, Richards Bay, 3900",Alton,Richards Bay,076 591 3224,no,,4.5,35,open,-28.7624598,32.0052612,"car repair mechanics in Richards Bay, KwaZulu-Natal, South Africa",https://www.google.com/maps/place/?q=place_id:ChIJr3IspTAj-h4Rb0IOz3PwmmQ&cid=0x1efa2330a52c72af:0x649af073cf0e426f
RoadRunner Repair Services,Truck repair shop,"10 Matryshoek, Alton, Richards Bay, 3900",Alton,Richards Bay,076 114 5856,no,,4.6,11,open,-28.7631101,32.0050289,"car repair mechanics in Richards Bay, KwaZulu-Natal, South Africa",https://www.google.com/maps/place/?q=place_id:ChIJYURbBWoj-h4RYBSv1UZ4iC0&cid=0x1efa236a055b4461:0x2d887846d5af1460
Socool deep cleaners,Upholstery cleaning service,"Via Cassiandra, Arboretum, Richards Bay, 3900",Arboretum,Richards Bay,075 498 5718,no,,,,open,-28.761180399999997,32.0525066,"cleaning services in Richards Bay, KwaZulu-Natal, South Africa",https://www.google.com/maps/place/?q=place_id:ChIJQbvWPzYj-h4Rq4MIS1K5sRQ&cid=0x1efa23363fd6bb41:0x14b1b9524b0883ab
AMPTECH INDUSTRIAL ELECTRICAL SERVICE,Utility contractor,"66 Dollar Dr, CBD, Richards Bay, 3900",,,035 789 3654,no,,,,open,-28.75905,32.042223,"electricians in Richards Bay, KwaZulu-Natal, South Africa",https://www.google.com/maps/place/AMPTECH+INDUSTRIAL+ELECTRICAL+SERVICE/data=!4m7!3m6!1s0x1efa231f617b322f:0x6b7eeb71909a10c5!8m2!3d-28.75905!4d32.042223!16s%2Fg%2F11f4qlv_v5!19sChIJLzJ7YR8j-h4RxRCakHHrfms
Aligator Sign Supplies,Vinyl sign shop,"20 Peseta Parade, Richards Bay Central, Richards Bay, 3900",,,035 789 0046,no,,5.0,1,open,-28.7453671,32.0486865,"printers in Richards Bay, KwaZulu-Natal, South Africa",https://www.google.com/maps/place/Aligator+Sign+Supplies/data=!4m7!3m6!1s0x1efa2349726f9025:0xc0551edddf6efb8f!8m2!3d-28.7453671!4d32.0486865!16s%2Fg%2F11wjbkkm0s!19sChIJJZBvckkj-h4Rj_tu390eVcA
ULS Logistics Services[Maz],Warehouse,Richards Bay,,,,no,,2.0,2,open,-28.7499662,31.9944787,"transport and logistics companies in Richards Bay, KwaZulu-Natal, South Africa",https://www.google.com/maps/place/ULS+Logistics+Services%5BMaz%5D/data=!4m7!3m6!1s0x1efa234a0eaac115:0x84fed8f5a7a32751!8m2!3d-28.7499662!4d31.9944787!16s%2Fg%2F11h89fjnrp!19sChIJFcGqDkoj-h4RUSejp_XY_oQ
Reload Logistics,Warehouse store,"37 Carbonode Cell, Alton, Richards Bay",,,,no,,4.1,49,open,-28.7533323,32.0135607,"transport and logistics companies in Richards Bay, KwaZulu-Natal, South Africa",https://www.google.com/maps/place/Reload+Logistics/data=!4m7!3m6!1s0x1efa22b6347faf4d:0xa2ee72edecc1e94e!8m2!3d-28.7533323!4d32.0135607!16s%2Fg%2F11c4nrb5dy!19sChIJTa9_NLYi-h4RTunB7O1y7qI
TNS Cleaning And Solutions,Waste management service,"WARD 3, NHLABANE, Richards Bay Central, Richards Bay, 3900",,,073 859 6579,no,,,,open,-28.7501755,32.0553349,"cleaning services in Richards Bay, KwaZulu-Natal, South Africa",https://www.google.com/maps/place/TNS+Cleaning+And+Solutions/data=!4m7!3m6!1s0x1efa2365d424e76b:0x8be04cc3199a6e11!8m2!3d-28.7501755!4d32.0553349!16s%2Fg%2F11xv7t1ln1!19sChIJa-ck1GUj-h4REW6aGcNM4Is
WILCOTE WATERPROOFING ROOFING & PAINTING,Waterproofing service,"69 Dollar Dr, Richards Bay Central, Richards Bay, 3900",,,082 458 0223,no,,1.0,1,open,-28.760578,32.041581,"painters in Richards Bay, KwaZulu-Natal, South Africa",https://www.google.com/maps/place/WILCOTE+WATERPROOFING+ROOFING+%26+PAINTING/data=!4m7!3m6!1s0x1efa231f0c3e5c07:0x575c156696d21677!8m2!3d-28.760578!4d32.041581!16s%2Fg%2F11bzv_2rcl!19sChIJB1w-DB8j-h4RdxbSlmYVXFc
UMQONDISI Bakery Productions (PTY) ltd,Wedding bakery,"RBM Rd, Mzingazi, Richards Bay, 3900",,,078 650 0788,no,,5.0,1,open,-28.7029711,32.1604678,"bakery in Richards Bay, KwaZulu-Natal, South Africa",https://www.google.com/maps/place/UMQONDISI+Bakery+Productions+%28PTY%29+ltd/data=!4m7!3m6!1s0x1efa3b09417d5637:0x4b31a599d94d5509!8m2!3d-28.7029711!4d32.1604678!16s%2Fg%2F11q3snz_99!19sChIJN1Z9QQk7-h4RCVVN2ZmlMUs
Elisha WeldTech,Welder,"68Nkoninga Rd, Richards Bay - New, Richards Bay, 3900",Richards Bay - New,Richards Bay,068 671 5995,no,,5,1,open,-28.7405643,32.0945861,"welding services in Richards Bay, KwaZulu-Natal, South Africa",https://www.google.com/maps/place/?q=place_id:ChIJ_zLTK_El-h4ReYOW7EL-9D4&cid=0x1efa25f12bd332ff:0x3ef4fe42ec968379
NEVILLE'S TRAINING CENTRE,Welder,"27 Ceramic Curve, Alton, Richards Bay, 3900",Alton,Richards Bay,035 751 1069,no,,5,5,open,-28.7488609,32.033190399999995,"welding services in Richards Bay, KwaZulu-Natal, South Africa",https://www.google.com/maps/place/?q=place_id:ChIJvXwMLtci-h4R2Rck0sJdSGU&cid=0x1efa22d72e0c7cbd:0x65485dc2d22417d9
MDC Industrial Trading,Welding supply store,"Unit 29, Alumina Business Park, 113 Alumina Allee St, Alton, Richards Bay, 3900",,,079 861 9287,no,,,,open,-28.74827,32.03111,"welding services in Richards Bay, KwaZulu-Natal, South Africa",https://www.google.com/maps/place/MDC+Industrial+Trading/data=!4m7!3m6!1s0x1efa23ef25419407:0x2c72ba30a8fc1878!8m2!3d-28.74827!4d32.03111!16s%2Fg%2F11m6tx3m0_!19sChIJB5RBJe8j-h4ReBj8qDC6ciw
Selrod Welding,Welding supply store,"20 Ceramic Curve, Alton, Richards Bay, 3900",,,035 751 2476,no,,,,open,-28.7522094,32.0326167,"welding services in Richards Bay, KwaZulu-Natal, South Africa",https://www.google.com/maps/place/Selrod+Welding/data=!4m7!3m6!1s0x1efa3cd37b226381:0x5c8d665712140fa1!8m2!3d-28.7522094!4d32.0326167!16s%2Fg%2F11b6dfql9n!19sChIJgWMie9M8-h4RoQ8UEldmjVw
SteelCraftSolutions101,Welding supply store,"Nkoninga Rd, Birdswood, Richards Bay, 3900 Birdswood, Richards Bay, 3900 Madlanzini, 3900",,,,no,,,,open,-28.7416817,32.0812284,"welding services in Richards Bay, KwaZulu-Natal, South Africa",https://www.google.com/maps/place/SteelCraftSolutions101/data=!4m7!3m6!1s0x1efa23105614cbd5:0x47ae1c529f6df4ea!8m2!3d-28.7416817!4d32.0812284!16s%2Fg%2F11zjq8b__y!19sChIJ1csUVhAj-h4R6vRtn1Icrkc
Wiac Welding Distributors,Welding supply store,"16 Bauxite Bay, Alton, Richards Bay, 3900",,,035 797 4389,no,,,,open,-28.7523842,32.0215805,"welding services in Richards Bay, KwaZulu-Natal, South Africa",https://www.google.com/maps/place/Wiac+Welding+Distributors/data=!4m7!3m6!1s0x1efa22cf3698801d:0x61d1743259897834!8m2!3d-28.7523842!4d32.0215805!16s%2Fg%2F1pzrb6z26!19sChIJHYCYNs8i-h4RNHiJWTJ00WE
Metro Chicken Centre Richards Bay,Wholesale food store,"Cnr mark Strasser and, Penny Ln, Richards Bay, 3900",,,031 500 3038,no,,4.3,6,open,-28.753089,32.0483871,"catering services in Richards Bay, KwaZulu-Natal, South Africa",https://www.google.com/maps/place/Metro+Chicken+Centre+Richards+Bay/data=!4m7!3m6!1s0x1efa23dc04aa11fb:0xfcf4a3c5a8663520!8m2!3d-28.753089!4d32.0483871!16s%2Fg%2F11p3bcp7k3!19sChIJ-xGqBNwj-h4RIDVmqMWj9Pw
Marlin's Aluminium,Window supplier,"22 Peseta Parade, Richards Bay Central, Richards Bay, 3900",Richards Bay Central,Richards Bay,083 797 1404,no,,5,1,open,-28.7450896,32.0489314,"aluminium and glass in Richards Bay, KwaZulu-Natal, South Africa",https://www.google.com/maps/place/?q=place_id:ChIJGwhowy8j-h4RzBIhwMYxlUw&cid=0x1efa232fc368081b:0x4c9531c6c02112cc
V & J Glass & Aluminium C C,Window supplier,"123 Dollar Dr, Richards Bay Central, Richards Bay, 3900",Richards Bay Central,Richards Bay,035 789 8069,no,,,,open,-28.752888499999997,32.0445055,"aluminium and glass in Richards Bay, KwaZulu-Natal, South Africa",https://www.google.com/maps/place/?q=place_id:ChIJpzwrASQj-h4RtE86oI9y4dk&cid=0x1efa2324012b3ca7:0xd9e1728fa03a4fb4
Woodies Woodworks,Woodworker,"115 Dollar Dr, Richards Bay Central, Richards Bay, 3900",,,035 789 8419,no,,4.0,1,open,-28.7537557,32.0441629,"carpenters in Richards Bay, KwaZulu-Natal, South Africa",https://www.google.com/maps/place/Woodies+Woodworks/data=!4m7!3m6!1s0x1efa232158504aa3:0x8a5f36a9eb559bb5!8m2!3d-28.7537557!4d32.0441629!16s%2Fg%2F1pzr_k4_c!19sChIJo0pQWCEj-h4RtZtV66k2X4o
