name,category,address,suburb,city,phone,has_website,website,rating,reviews_n,status,lat,lon,query,place_url
A B Sambane Services,,"10/12 Buscom Office Park 1/5333 South Arterial Rd, Arboretum, Richards Bay, 3900",,,035 797 3454,no,,5.0,1,open,-28.7609484,32.0638586,"cleaning services in Richards Bay, KwaZulu-Natal, South Africa",https://www.google.com/maps/place/A+B+Sambane+Services/data=!4m7!3m6!1s0x1efa236daaaaaaab:0x1e2e3c465709fdd0!8m2!3d-28.7609484!4d32.0638586!16s%2Fg%2F11b6dpl795!19sChIJq6qqqm0j-h4R0P0JV0Y8Lh4
Ashlyns Cleaning Services,,"67 Via Davallia, Brackenham, Richards Bay, 3900",,,082 872 0390,no,,,,open,-28.723944,32.041167,"cleaning services in Richards Bay, KwaZulu-Natal, South Africa",https://www.google.com/maps/place/Ashlyns+Cleaning+Services/data=!4m7!3m6!1s0x1efa3cd92002de89:0x84812722f1a01b!8m2!3d-28.723944!4d32.041167!16s%2Fg%2F1pzsg9d6k!19sChIJid4CINk8-h4RG6DxIieBhAA
BON Hotel Waterfront Richards Bay,,"Corner of Bridgetown and, Pioneer Rd, TuziGazi Waterfront, Richards Bay, 3901",,,035 788 0448,yes,https://www.bonhotels.com/waterfront,4.3,1538,open,-28.7933948,32.080763,"restaurants in Richards Bay, KwaZulu-Natal, South Africa",https://www.google.com/maps/place/BON+Hotel+Waterfront+Richards+Bay/data=!4m10!3m9!1s0x1efa244155555555:0x3f7cefb617005e6c!5m2!4m1!1i2!8m2!3d-28.7933948!4d32.080763!16s%2Fg%2F1tfysmyd!19sChIJVVVVVUEk-h4RbF4AF7bvfD8
Bay Sun Lodge,,"3 Tassel-Berry, Arboretum, Richards Bay, 3900",,,035 789 1012,yes,http://www.baysunlodge.co.za/,4.1,596,open,-28.7564564,32.0569542,"catering services in Richards Bay, KwaZulu-Natal, South Africa",https://www.google.com/maps/place/Bay+Sun+Lodge/data=!4m10!3m9!1s0x1efa2315bcbcbe0d:0x1425ad5e04c5d408!5m2!4m1!1i2!8m2!3d-28.7564564!4d32.0569542!16s%2Fg%2F11b6dp6b12!19sChIJDb68vBUj-h4RCNTFBF6tJRQ
Dreamers Nest Accomodation,,"19 Hardekool, Arboretum, Richards Bay, 3900",,,082 797 9665,no,,4.9,31,open,-28.7556555,32.0679955,"guest houses in Richards Bay, KwaZulu-Natal, South Africa",https://www.google.com/maps/place/Dreamers+Nest+Accomodation/data=!4m10!3m9!1s0x1efa232ec8f91873:0xa50e3ec9cde20655!5m2!4m1!1i2!8m2!3d-28.7556555!4d32.0679955!16s%2Fg%2F11hf39yzcy!19sChIJcxj5yC4j-h4RVQbizck-DqU
Gremick Security,,"38 Dollar Dr, Richards Bay Central, Richards Bay, 3900",,,035 789 2728,no,,3.0,1,open,-28.757457,32.043455,"security companies in Richards Bay, KwaZulu-Natal, South Africa",https://www.google.com/maps/place/Gremick+Security/data=!4m7!3m6!1s0x1efa2321f3b5c501:0x25136db3fffa8537!8m2!3d-28.757457!4d32.043455!16s%2Fg%2F1pzvgsjnn!19sChIJAcW18yEj-h4RN4X6_7NtEyU
Heritage Water and Butchery Empangeni,,"6 4th St, Kuleka, Empangeni, 3880",,,081 597 6736,no,,5.0,1,open,-28.7795169,31.9013286,"butcheries in Richards Bay, KwaZulu-Natal, South Africa",https://www.google.com/maps/place/Heritage+Water+and+Butchery+Empangeni/data=!4m7!3m6!1s0x1efa1b4ca002774d:0x6ccd9a61e14db3df!8m2!3d-28.7795169!4d31.9013286!16s%2Fg%2F11fp88c228!19sChIJTXcCoEwb-h4R37NN4WGazWw
INQABA DRIVING SCHOOL,,"Ntshona W Rd, Esikhawini H, Richards Bay, 3887",,,,no,,5.0,1,open,-28.8622268,31.9136195,"driving schools in Richards Bay, KwaZulu-Natal, South Africa",https://www.google.com/maps/place/INQABA+DRIVING+SCHOOL/data=!4m7!3m6!1s0x1efa1eb1dbc0a927:0x2cd5477d7f5269f9!8m2!3d-28.8622268!4d31.9136195!16s%2Fg%2F11x2pd8_ht!19sChIJJ6nA27Ee-h4R-WlSf31H1Sw
Imvubu Lodge,,"Krewelkring &, Hibberd Dr, Meer En See, Richards Bay, 3900",,,035 797 3332,yes,https://www.imvubulodge.co.za/,4.2,800,open,-28.790754,32.100934,"guest houses in Richards Bay, KwaZulu-Natal, South Africa",https://www.google.com/maps/place/Imvubu+Lodge/data=!4m10!3m9!1s0x1efa2416ad0c27c9:0x4241061b68300716!5m2!4m1!1i2!8m2!3d-28.790754!4d32.100934!16s%2Fg%2F1tnhjzxl!19sChIJyScMrRYk-h4RFgcwaBsGQUI
Integritas professional accountants,,"1 Pioneer Rd, Harbour, Richards Bay, 3901",,,035 788 0033,no,,5.0,3,open,-28.7924758,32.0786175,"bookkeepers in Richards Bay, KwaZulu-Natal, South Africa",https://www.google.com/maps/place/Integritas+professional+accountants/data=!4m7!3m6!1s0x1efa233c4d84e129:0x491374565fa9de92!8m2!3d-28.7924758!4d32.0786175!16s%2Fg%2F11b6d0k1mt!19sChIJKeGETTwj-h4Rkt6pX1Z0E0k
Leekam High Pressure Cleaning Services & Industria,,"120 Dollar Dr, Richards Bay Central, Richards Bay, 3900",,,035 789 3726,no,,,,open,-28.753688,32.044779,"cleaning services in Richards Bay, KwaZulu-Natal, South Africa",https://www.google.com/maps/place/Leekam+High+Pressure+Cleaning+Services+%26+Industria/data=!4m7!3m6!1s0x1efa2323efc0586b:0xd74ce05d338df24c!8m2!3d-28.753688!4d32.044779!16s%2Fg%2F1tmd9bxs!19sChIJa1jA7yMj-h4RTPKNM13gTNc
Long Dog Trading,,"Promenade Building 1C, 24 Lira Link, Richards Bay, 3900",Richards Bay Central,Richards Bay,078 138 0690,yes,https://longdogtrading.co.za/pages/contact-us,5,8,open,-28.753784699999997,32.0520718,"pet shops in Richards Bay, KwaZulu-Natal, South Africa",https://www.google.com/maps/place/?q=place_id:ChIJAQA0Aj0j-h4RqI55D7pjU6A&cid=0x1efa233d02340001:0xa05363ba0f798ea8
Mavundla Guest House,,"38 Weigelia, Veld En Vlei, Richards Bay, 3900",,,073 596 7926,no,,3.7,58,open,-28.74115,32.06035,"guest houses in Richards Bay, KwaZulu-Natal, South Africa",https://www.google.com/maps/place/Mavundla+Guest+House/data=!4m10!3m9!1s0x1efa2337d29a849b:0x4eeb04e48e5062b5!5m2!4m1!1i2!8m2!3d-28.74115!4d32.06035!16s%2Fg%2F11fyhpf2_m!19sChIJm4Sa0jcj-h4RtWJQjuQE604
Mzingeli Guesthouse,,"53 Perlemoen, Meer En See, Richards Bay, 3900",,,063 377 9088,no,,4.4,31,open,-28.775884,32.119568,"guest houses in Richards Bay, KwaZulu-Natal, South Africa",https://www.google.com/maps/place/Mzingeli+Guesthouse/data=!4m10!3m9!1s0x1efa25fda3c216f3:0x1756289398789787!5m2!4m1!1i2!8m2!3d-28.775884!4d32.119568!16s%2Fg%2F11q9852pm9!19sChIJ8xbCo_0l-h4Rh5d4mJMoVhc
N R B Aluminium Glass and Building Maintenance,,"Unit 2, 13 Bronze Bar Alton, Richards Bay P.O.Box 80230, 7 Peseta Parade, Richards Bay Central, Richards Bay, 3900",Richards Bay Central,Richards Bay,035 789 4239,yes,http://www.nrbaluminium.co.za/,3.5,2,open,-28.746959999999998,32.04716,"aluminium and glass in Richards Bay, KwaZulu-Natal, South Africa",https://www.google.com/maps/place/?q=place_id:ChIJc58qgS8j-h4R5wQB_79Biek&cid=0x1efa232f812a9f73:0xe98941bfff0104e7
Nobelina Guest House,,"6 Seilvis, Meer En See, Richards Bay, 3901",,,063 428 2072,yes,https://www.booking.com/Share-R0ivlxX,5.0,2,open,-28.7672209,32.1174092,"guest houses in Richards Bay, KwaZulu-Natal, South Africa",https://www.google.com/maps/place/Nobelina+Guest+House/data=!4m10!3m9!1s0x1efa25000d814025:0x82dfc792df39c5c7!5m2!4m1!1i2!8m2!3d-28.7672209!4d32.1174092!16s%2Fg%2F11yv16mlhh!19sChIJJUCBDQAl-h4Rx8U535LH34I
Northern Cleaning Services,,"78 Dollar Dr, Richards Bay Central, Richards Bay, 3900",,,,no,,,,open,-28.7572456,32.0430785,"cleaning services in Richards Bay, KwaZulu-Natal, South Africa",https://www.google.com/maps/place/Northern+Cleaning+Services/data=!4m7!3m6!1s0x1efa232192e09ca5:0xd1bc4ed7ba979261!8m2!3d-28.7572456!4d32.0430785!16s%2Fg%2F11kmpc0njp!19sChIJpZzgkiEj-h4RYZKXutdOvNE
Number Plate City CC,,"1 Mark Strasse, Richards Bay Central, Richards Bay, 3900",,,035 789 8977,no,,4.1,18,open,-28.7544597,32.0523433,"printers in Richards Bay, KwaZulu-Natal, South Africa",https://www.google.com/maps/place/Number+Plate+City+CC/data=!4m7!3m6!1s0x1efa2324759697a9:0xed34012b926b149f!8m2!3d-28.7544597!4d32.0523433!16s%2Fg%2F1pzy5sb8j!19sChIJqZeWdSQj-h4RnxRrkisBNO0
Nyathi Lodge,,"21 Drongo Domain, Birdswood, Richards Bay, 3900",,,035 786 0692,yes,http://www.nyathilodge.co.za/,4.2,115,open,-28.7331011,32.0806819,"guest houses in Richards Bay, KwaZulu-Natal, South Africa",https://www.google.com/maps/place/Nyathi+Lodge/data=!4m10!3m9!1s0x1efa23270d2a72d9:0x2a6201b3a82edd05!5m2!4m1!1i2!8m2!3d-28.7331011!4d32.0806819!16s%2Fg%2F11b620zq41!19sChIJ2XIqDScj-h4RBd0uqLMBYio
Richards Bay Industrial Cleaning Services,,"10 Boekenhout, Arboretum, Richards Bay, 3900",Arboretum,Richards Bay,035 789 7395,no,,3,1,open,-28.749066199999998,32.0630498,"cleaning services in Richards Bay, KwaZulu-Natal, South Africa",https://www.google.com/maps/place/?q=place_id:ChIJsYrLxUAj-h4RyNY8SQ1gvXo&cid=0x1efa2340c5cb8ab1:0x7abd600d493cd6c8
Road Lodge Richards Bay,,"12 Tassel-Berry, Arboretum, Richards Bay, 3900",,,035 901 9800,yes,https://citylodgehotels.com/our-hotels/road-lodge-richards-bay,3.9,867,open,-28.7539814,32.0546935,"guest houses in Richards Bay, KwaZulu-Natal, South Africa",https://www.google.com/maps/place/Road+Lodge+Richards+Bay/data=!4m10!3m9!1s0x1efa233dde16ab75:0x5e80f39cdfb50da0!5m2!4m1!1i2!8m2!3d-28.7539814!4d32.0546935!16s%2Fg%2F1q5gkdv6q!19sChIJdasW3j0j-h4RoA2135zzgF4
Seagull Lodge,,"97 Via Cassiandra, Arboretum, Richards Bay, 3900",,,035 789 3709,yes,http://www.seagulllodge.co.za/,4.4,625,open,-28.7589857,32.0538321,"catering services in Richards Bay, KwaZulu-Natal, South Africa",https://www.google.com/maps/place/Seagull+Lodge/data=!4m10!3m9!1s0x1efa231692a5f4a3:0xefcd95960f233114!5m2!4m1!1i2!8m2!3d-28.7589857!4d32.0538321!16s%2Fg%2F1pp2v02hy!19sChIJo_SlkhYj-h4RFDEjD5aVze8
Sivande B&B,,"14 Appelblaar, Arboretum, Richards Bay, 3900",,,082 545 3893,no,,4.0,61,open,-28.7510185,32.0588749,"guest houses in Richards Bay, KwaZulu-Natal, South Africa",https://www.google.com/maps/place/Sivande+B%26B/data=!4m10!3m9!1s0x1efa235aea5c9499:0xa26553f740dd03e1!5m2!4m1!1i2!8m2!3d-28.7510185!4d32.0588749!16s%2Fg%2F11fj5ldxjs!19sChIJmZRc6loj-h4R4QPdQPdTZaI
Treetops Self Catering Accommodation,,"Meer En See, Richards Bay, 3900",,,082 854 3513,yes,http://www.treetopsaccommodation.co.za/,4.5,103,open,-28.7944831,32.0970841,"guest houses in Richards Bay, KwaZulu-Natal, South Africa",https://www.google.com/maps/place/Treetops+Self+Catering+Accommodation/data=!4m10!3m9!1s0x1efa25228d902511:0x7d6dfcf133a3e0fe!5m2!4m1!1i2!8m2!3d-28.7944831!4d32.0970841!16s%2Fg%2F11ftc922qv!19sChIJESWQjSIl-h4R_uCjM_H8bX0
Ushaka Bed & Breakfast,,"6 Coral Shower, Veld En Vlei, Richards Bay, 3900",,,035 789 8389,yes,http://www.ushakabnb.co.za/,4.4,67,open,-28.7419282,32.0642305,"guest houses in Richards Bay, KwaZulu-Natal, South Africa",https://www.google.com/maps/place/Ushaka+Bed+%26+Breakfast/data=!4m10!3m9!1s0x1efa23cbac29c44b:0xd0eacea5a01d9b98!5m2!4m1!1i2!8m2!3d-28.7419282!4d32.0642305!16s%2Fg%2F1pzyclwv3!19sChIJS8QprMsj-h4RmJsdoKXO6tA
iMpongo Royal Lodge,,"20 Teal Terrain, Birdswood, Richards Bay, 3900",,,079 181 6760,no,,3.6,92,open,-28.7431383,32.0716021,"guest houses in Richards Bay, KwaZulu-Natal, South Africa",https://www.google.com/maps/place/iMpongo+Royal+Lodge/data=!4m10!3m9!1s0x1efa23a4446ffc85:0x41ff43b7ac003631!5m2!4m1!1i2!8m2!3d-28.7431383!4d32.0716021!16s%2Fg%2F11qnhmq9w_!19sChIJhfxvRKQj-h4RMTYArLdD_0E
20 Sided Dice - 3D Print Studio,3D printing service,"96 Kabeljoukade, Meer En See, Richards Bay, 3900",,,067 993 6889,no,,3.0,2,open,-28.7784248,32.1051878,"printers in Richards Bay, KwaZulu-Natal, South Africa",https://www.google.com/maps/place/20+Sided+Dice+-+3D+Print+Studio/data=!4m7!3m6!1s0x1efa2337facdf77d:0xdf0b92590aa2dec5!8m2!3d-28.7784248!4d32.1051878!16s%2Fg%2F11jtymwv30!19sChIJfffN-jcj-h4Rxd6iClmSC98
3D Inc (3D printing),3D printing service,"10 Geelhoutkruin, Arboretum, Richards Bay, 3900",,,072 453 6355,yes,http://3dinc.co.za/,4.9,25,open,-28.7504616,32.0668106,"printers in Richards Bay, KwaZulu-Natal, South Africa",https://www.google.com/maps/place/3D+Inc+%283D+printing%29/data=!4m7!3m6!1s0x1efa23792a830cd7:0xe9bb68a4934aa276!8m2!3d-28.7504616!4d32.0668106!16s%2Fg%2F11q9633pnt!19sChIJ1wyDKnkj-h4RdqJKk6Rou-k
"Apex Accounting & Tax Services, Richards Bay",Accountant,"53 Anglers Rod, Meer En See, Richards Bay, 3900",Meer En See,Richards Bay,035 753 1960,yes,http://www.apexacc.co.za/,5,1,open,-28.7836006,32.1011861,"accountants in Richards Bay, KwaZulu-Natal, South Africa",https://www.google.com/maps/place/?q=place_id:ChIJUZw431Al-h4RaoSEHc_c4pM&cid=0x1efa2550df389c51:0x93e2dccf1d84846a
Business Zone the 369 CC T/a CK Accounting Service,Accountant,"60 Dollar Dr, Richards Bay Central, Richards Bay, 3900",Richards Bay Central,Richards Bay,035 789 6306,no,,5,4,open,-28.759925,32.041832899999996,"accountants in Richards Bay, KwaZulu-Natal, South Africa",https://www.google.com/maps/place/?q=place_id:ChIJf-3_cR8j-h4RHU91OZROYzw&cid=0x1efa231f71ffed7f:0x3c634e9439754f1d
Hills Howard & Associates (Pty) Ltd,Accountant,"11 Ukula St, Empangeni Central, Empangeni, 3880",,,035 772 6876,yes,http://www.hillshowardzld.co.za/contact.html,4.1,8,open,-28.7371586,31.8935779,"bookkeepers in Richards Bay, KwaZulu-Natal, South Africa",https://www.google.com/maps/place/Hills+Howard+%26+Associates+%28Pty%29+Ltd/data=!4m7!3m6!1s0x1efa10dbaaaaaaab:0xe4420b07cd29e07c!8m2!3d-28.7371586!4d31.8935779!16s%2Fg%2F11b6dnr7w7!19sChIJq6qqqtsQ-h4RfOApzQcLQuQ
Khulubone Accounting Services,Accountant,"25 Elephant Walk, Wild En Weide, Richards Bay, 3900",Wild En Weide,Richards Bay,035 492 0040,no,,4.7,3,open,-28.73771,32.047939,"accountants in Richards Bay, KwaZulu-Natal, South Africa",https://www.google.com/maps/place/?q=place_id:ChIJQY5sPi0j-h4R-njKiZjDeo4&cid=0x1efa232d3e6c8e41:0x8e7ac39889ca78fa
NKUNZI ZUNGU BOOKKEEPING,Accountant,"30 Addison St, Empangeni Central, Empangeni, 3880",,,035 772 1080,no,,5.0,2,open,-28.7391342,31.8923537,"bookkeepers in Richards Bay, KwaZulu-Natal, South Africa",https://www.google.com/maps/place/NKUNZI+ZUNGU+BOOKKEEPING/data=!4m7!3m6!1s0x1efa10d71274a5bf:0xe33bbb5a7779422!8m2!3d-28.7391342!4d31.8923537!16s%2Fg%2F1tf1ky3c!19sChIJv6V0EtcQ-h4RIpR3p7W7Mw4
Protax Services,Accountant,"31 Honey Suckle, Veld En Vlei, Richards Bay, 3900",Veld En Vlei,Richards Bay,035 786 0854,yes,https://www.protaxservices.co.za/,,,open,-28.7379814,32.068976299999996,"accountants in Richards Bay, KwaZulu-Natal, South Africa",https://www.google.com/maps/place/?q=place_id:ChIJAQAAAEsj-h4RXXNvUYiQddc&cid=0x1efa234b00000001:0xd7759088516f735d
SM Accounting And Tax Consultants,Accountant,"11 Metica Moon, Central, Richards Bay, 3900",Central,Richards Bay,035 789 3150,no,,3,3,open,-28.7534274,32.0491927,"accountants in Richards Bay, KwaZulu-Natal, South Africa",https://www.google.com/maps/place/?q=place_id:ChIJH__PMCMj-h4RZc3-5ogTp0E&cid=0x1efa232330cfff1f:0x41a71388e6fecd65
Scully's Business Solutions,Accountant,"13 Mullet Leap, Meer En See, Richards Bay, 3901",,,035 032 0500,yes,https://www.scullysbusinesssolutions.co.za/,,,open,-28.7751633,32.1085571,"bookkeepers in Richards Bay, KwaZulu-Natal, South Africa",https://www.google.com/maps/place/Scully%27s+Business+Solutions/data=!4m7!3m6!1s0x1efa25e4deb16b8f:0x6055104df21d1093!8m2!3d-28.7751633!4d32.1085571!16s%2Fg%2F11rcncjgf_!19sChIJj2ux3uQl-h4RkxAd8k0QVWA
Sneddon & Co,Accountant,"Carrington Place 10 Ukula St, Empangeni Central, Empangeni, 3880",,,035 792 3451,yes,http://www.zululandauditors.co.za/,5.0,1,open,-28.73636,31.892141,"bookkeepers in Richards Bay, KwaZulu-Natal, South Africa",https://www.google.com/maps/place/Sneddon+%26+Co/data=!4m7!3m6!1s0x1efa10d7dcbd1e87:0x3579ec49c592eee0!8m2!3d-28.73636!4d31.892141!16s%2Fg%2F11b6d4zrzy!19sChIJhx693NcQ-h4R4O6SxUnseTU
Symwest and Associates,Accountant,"39 Krewelkring, Meer En See, Richards Bay, 3901",,,035 753 1601,no,,5.0,1,open,-28.7860105,32.0991928,"bookkeepers in Richards Bay, KwaZulu-Natal, South Africa",https://www.google.com/maps/place/Symwest+and+Associates/data=!4m7!3m6!1s0x1efa2413370ff325:0x530927ceb1c40090!8m2!3d-28.7860105!4d32.0991928!16s%2Fg%2F11c6y93158!19sChIJJfMPNxMk-h4RkADEsc4nCVM
V D M ACCOUNTING,Accountant,"99 Bullion Blvd, CBD, Richards Bay, 3900",,,035 789 9096,no,,,,open,-28.7556415,32.0450554,"accountants in Richards Bay, KwaZulu-Natal, South Africa",https://www.google.com/maps/place/V+D+M+ACCOUNTING/data=!4m7!3m6!1s0x1efa2324e82ff343:0x6aef794bcbddfa19!8m2!3d-28.7556415!4d32.0450554!16s%2Fg%2F11bzv_flvg!19sChIJQ_Mv6CQj-h4RGfrdy0t572o
WJ Mitchell & Associates,Accountant,"12 Crayfish Creek, Meer En See, Richards Bay, 3901",Meer En See,Richards Bay,035 789 7498,yes,https://www.wjmitchell.co.za/,3.9,11,open,-28.788221699999998,32.093362899999995,"accountants in Richards Bay, KwaZulu-Natal, South Africa",https://www.google.com/maps/place/?q=place_id:ChIJZz_EPQ0k-h4RXdghxhibUmU&cid=0x1efa240d3dc43f67:0x65529b18c621d85d
Waller Gilliver and Associates,Accountant,"2 Krugerrand Grv, Richards Bay Central, Richards Bay, 3900",Richards Bay Central,Richards Bay,035 789 1257,no,,5,1,open,-28.750961999999998,32.053530699999996,"accountants in Richards Bay, KwaZulu-Natal, South Africa",https://www.google.com/maps/place/?q=place_id:ChIJeTbKLzsj-h4RYLHqFxUpArs&cid=0x1efa233b2fca3679:0xbb02291517eab160
YES AND AMEN ACCCOUNTANTS,Accountant,"95 Dollar Dr, Richards Bay Central, Richards Bay, 3900",,,067 542 1585,yes,http://www.yesaccounting.co.za/,,,open,-28.7571648,32.0424203,"accountants in Richards Bay, KwaZulu-Natal, South Africa",https://www.google.com/maps/place/YES+AND+AMEN+ACCCOUNTANTS/data=!4m7!3m6!1s0x1efa233a01e72e19:0xa57d5f8d425a0f7f!8m2!3d-28.7571648!4d32.0424203!16s%2Fg%2F11f6shcswl!19sChIJGS7nAToj-h4Rfw9aQo1ffaU
Zime Holding Accontants,Accountant,"2nd Floor, Lakeview Terrace, 7 Penny Ln, Richards Bay Central, Richards Bay, 3900",Richards Bay Central,Richards Bay,035 004 1020,yes,http://www.zimeholding.co.za/,5,8,open,-28.7525646,32.0494856,"accountants in Richards Bay, KwaZulu-Natal, South Africa",https://www.google.com/maps/place/?q=place_id:ChIJg1mmi2gj-h4RfVx60cnl61c&cid=0x1efa23688ba65983:0x57ebe5c9d17a5c7d
AGG SERVICES,Accounting firm,"CBD, Richards Bay, 3900",,Richards Bay,081 458 8930,no,,5,1,open,-28.7807276,32.0382856,"accountants in Richards Bay, KwaZulu-Natal, South Africa",https://www.google.com/maps/place/?q=place_id:ChIJVVVVVVUi-h4R_YJ5QE11_1o&cid=0x1efa225555555555:0x5aff754d407982fd
BeeSeeWells Accountants,Accounting firm,"1st Floor, Unit 47 Bellingham Park, Penny Ln, CBD, Richards Bay, 3900",,,076 728 5182,no,,,,open,-28.7531219,32.049706,"bookkeepers in Richards Bay, KwaZulu-Natal, South Africa",https://www.google.com/maps/place/BeeSeeWells+Accountants/data=!4m7!3m6!1s0x1efa23233532a5c7:0xc8fbcc6013f03a0d!8m2!3d-28.7531219!4d32.049706!16s%2Fg%2F11j86pg7q_!19sChIJx6UyNSMj-h4RDTrwE2DM-8g
Blue Sky Accounting,Accounting firm,"1, 70 Dollar Dr, Richards Bay Central, Richards Bay, 3900",Richards Bay Central,Richards Bay,035 789 0409,no,,4.8,4,open,-28.7582213,32.0424775,"accountants in Richards Bay, KwaZulu-Natal, South Africa",https://www.google.com/maps/place/?q=place_id:ChIJLx4oOLAj-h4Rr44is1_0ZRA&cid=0x1efa23b038281e2f:0x1065f45fb3228eaf
Chaps Bookkeeper,Accounting firm,"3 Ladyfish Nook, Meer En See, Richards Bay, 3900",Meer En See,Richards Bay,062 382 8546,no,,,,open,-28.778316099999998,32.1021013,"bookkeepers in Richards Bay, KwaZulu-Natal, South Africa",https://www.google.com/maps/place/?q=place_id:ChIJSdSuLecl-h4R5HYD70NOkB0&cid=0x1efa25e72daed449:0x1d904e43ef0376e4
Dunga Creation Pty Ltd,Accounting firm,"36 Turnbull St, Empangeni Central, Empangeni, 3880",,,079 170 0663,yes,http://www.dungacreation.co.za/,4.9,8,open,-28.744916,31.8923477,"bookkeepers in Richards Bay, KwaZulu-Natal, South Africa",https://www.google.com/maps/place/Dunga+Creation+Pty+Ltd/data=!4m7!3m6!1s0x1ef707c00a485617:0xbbb898e194389ce5!8m2!3d-28.744916!4d31.8923477!16s%2Fg%2F11jg1p295c!19sChIJF1ZICsAH9x4R5Zw4lOGYuLs
Edu Accounting and Auditors,Accounting firm,"Lakeview Terraces Building 4th Floor, Regus Central Business District, Richards Bay, 3900",Richards Bay Central,Richards Bay,031 003 5562,no,,5,2,open,-28.7527138,32.049465399999995,"accountants in Richards Bay, KwaZulu-Natal, South Africa",https://www.google.com/maps/place/?q=place_id:ChIJhXOnHfEj-h4RBLbyo9apFII&cid=0x1efa23f11da77385:0x8214a9d6a3f2b604
Inkazimulo Business and Advisory Services,Accounting firm,"8 Galjoengolf, Meer En See, Richards Bay, 3901",Meer En See,Richards Bay,035 753 1150,no,,4.8,8,open,-28.782062,32.096208,"accountants in Richards Bay, KwaZulu-Natal, South Africa",https://www.google.com/maps/place/?q=place_id:ChIJxfiaX6Ml-h4RKWgiLhh3O2k&cid=0x1efa25a35f9af8c5:0x693b77182e226829
LSLW Business Consultation,Accounting firm,"Office 408, 4th Floor, Terraces, Penny Ln, Richards Bay Central, Richards Bay, 3900",Richards Bay Central,Richards Bay,083 938 2717,no,,5,1,open,-28.7531219,32.049706,"accountants in Richards Bay, KwaZulu-Natal, South Africa",https://www.google.com/maps/place/?q=place_id:ChIJPyXC1WIj-h4R9lvpxmC1x68&cid=0x1efa2362d5c2253f:0xafc7b560c6e95bf6
MM Accounting Professionals,Accounting firm,"4th Floor, Lakeview Terrace, 7 Penny Ln, Richards Bay Central, Richards Bay, 3900",,,060 358 1093,no,,,,open,-28.7525646,32.0494856,"accountants in Richards Bay, KwaZulu-Natal, South Africa",https://www.google.com/maps/place/MM+Accounting+Professionals/data=!4m7!3m6!1s0x1efa237a6784b051:0xea518b3031d41da1!8m2!3d-28.7525646!4d32.0494856!16s%2Fg%2F11v44hzlg0!19sChIJUbCEZ3oj-h4RoR3UMTCLUeo
PX Accountants and tax consultants.,Accounting firm,"98 Bullion Blvd, Richards Bay Central, Richards Bay, 3900",Richards Bay Central,Richards Bay,078 558 2486,no,,2,1,open,-28.755747799999998,32.0455872,"accountants in Richards Bay, KwaZulu-Natal, South Africa",https://www.google.com/maps/place/?q=place_id:ChIJMRUhNR6KQ6wRimO-1T7V3VI&cid=0xac438a1e35211531:0x52ddd53ed5be638a
Premier Professional Accountants Richardsbay,Accounting firm,"89 Rex Henderson Road, Master Builders Suite 2 First Floor, Fairview, Empangeni, 3880",Fairview,Empangeni,035 772 1976,yes,http://www.pparsa.co.za/,5,2,open,-28.7568827,31.8996033,"accountants in Richards Bay, KwaZulu-Natal, South Africa",https://www.google.com/maps/place/?q=place_id:ChIJQYCgzdYQ-h4RjqpKxho6Pzw&cid=0x1efa10d6cda08041:0x3c3f3a1ac64aaa8e
Renier Botha & Associates Inc,Accounting firm,,,,035 792 4151,yes,http://www.rbainc.co.za/,5.0,1,open,-34.6283864,27.2516952,"bookkeepers in Richards Bay, KwaZulu-Natal, South Africa",https://www.google.com/maps/place/Renier+Botha+%26+Associates+Inc/data=!4m7!3m6!1s0x1efa10d0298eb071:0x8d757a72e393733a!8m2!3d-34.6283864!4d27.2516952!16s%2Fg%2F1pzrfpqtf!19sChIJcbCOKdAQ-h4ROnOT43J6dY0
Tax Accounting & Advisory Firm | SME.TAX | Richards Bay,Accounting firm,"Enterprise Development Village, Bullion Blvd, Hillside, Richards Bay, 3900",Hillside,Richards Bay,012 021 0829,yes,http://www.sme.tax/,,,open,-28.763617,32.0361668,"accountants in Richards Bay, KwaZulu-Natal, South Africa",https://www.google.com/maps/place/?q=place_id:ChIJ3R7Fkosj-h4RQ45GdHgqDtY&cid=0x1efa238b92c51edd:0xd60e2a7874468e43
Thebado Consulting Service,Accounting firm,"23 Lira Link, Arboretum, Richards Bay, 3900",Arboretum,Richards Bay,076 396 6288,no,,,,open,-28.752993099999998,32.0537857,"accountants in Richards Bay, KwaZulu-Natal, South Africa",https://www.google.com/maps/place/?q=place_id:ChIJywNQ3nQj-h4RE5g_5pXBl_Q&cid=0x1efa2374de5003cb:0xf497c195e63f9813
Weza Business Accountants,Accounting firm,"4th Floor, Lakeview Terrace, Penny Ln, Richards Bay Central, Richards Bay, 3900",Richards Bay Central,Richards Bay,076 609 9602,yes,http://www.wezaonline.co.za/,,,open,-28.7531219,32.049706,"accountants in Richards Bay, KwaZulu-Natal, South Africa",https://www.google.com/maps/place/?q=place_id:ChIJnVAOgJoj-h4RcCrW8TnmQeI&cid=0x1efa239a800e509d:0xe241e639f1d62a70
KNT Solutions | Innovative Droning Services,Aerial photographer,"3 Via Mammalia, Wild En Weide, Richards Bay, 3900",,,081 500 1880,no,,5.0,1,open,-28.7366933,32.0478156,"photographers in Richards Bay, KwaZulu-Natal, South Africa",https://www.google.com/maps/place/KNT+Solutions+%7C+Innovative+Droning+Services/data=!4m7!3m6!1s0x1efa236e531acc6b:0x7a510f0f3d9ac5a0!8m2!3d-28.7366933!4d32.0478156!16s%2Fg%2F11t171d7p4!19sChIJa8waU24j-h4RoMWaPQ8PUXo
Bay Daycare Centre,After school program,"25 Tipuana, Arboretum, Richards Bay, 3900",Arboretum,Richards Bay,035 789 8838,no,,,,open,-28.7608748,32.0608216,"creche and daycare in Richards Bay, KwaZulu-Natal, South Africa",https://www.google.com/maps/place/?q=place_id:ChIJI0c2MhMj-h4RheXNGqx0gxY&cid=0x1efa231332364723:0x168374ac1acde585
Rainbows End Day Care Centre,After school program,"5 Rooibosrand, Arboretum, Richards Bay, 3900",Arboretum,Richards Bay,035 789 8644,yes,http://www.rbbc.org.za/ministries/rainbows-end-daycare/,3.4,5,open,-28.7651392,32.0624348,"creche and daycare in Richards Bay, KwaZulu-Natal, South Africa",https://www.google.com/maps/place/?q=place_id:ChIJ_2bYSG0j-h4R7gn8lmQQyjA&cid=0x1efa236d48d866ff:0x30ca106496fc09ee
BayBreeze Air Conditioning,Air conditioning contractor,,,,082 872 0258,yes,http://www.bay-breeze.co.za/,5.0,5,open,-27.4947169,30.1724824,"air conditioning installation in Richards Bay, KwaZulu-Natal, South Africa",https://www.google.com/maps/place/BayBreeze+Air+Conditioning/data=!4m7!3m6!1s0x8aa8b8e4b2de0675:0x1ca17d8a0dd67355!8m2!3d-27.4947169!4d30.1724824!16s%2Fg%2F11m65sdhm_!19sChIJdQbesuS4qIoRVXPWDYp9oRw
Bhebesi Refrigeration Solutions Pty Ltd,Air conditioning contractor,"105 Bullion Blvd, Richards Bay Central, Richards Bay, 3900",,,078 105 7990,yes,http://www.bhebesi.co.za/,4.7,21,open,-28.7562612,32.0451836,"electricians in Richards Bay, KwaZulu-Natal, South Africa",https://www.google.com/maps/place/Bhebesi+Refrigeration+Solutions+Pty+Ltd/data=!4m7!3m6!1s0x1efa23a13a87f2c1:0x211a15357fd4a5de!8m2!3d-28.7562612!4d32.0451836!16s%2Fg%2F11gyyzpxzv!19sChIJwfKHOqEj-h4R3qXUfzUVGiE
Bizathina Technologies (Pty) Ltd,Air conditioning contractor,"Unit 10, 50 Ceramic Curve, Alton, Richards Bay, 3900",Alton,Richards Bay,083 732 2942,no,,2.9,10,open,-28.745217399999998,32.0359866,"air conditioning installation in Richards Bay, KwaZulu-Natal, South Africa",https://www.google.com/maps/place/?q=place_id:ChIJgWMie9M8-h4RK4oGWeBaDLI&cid=0x1efa3cd37b226381:0xb20c5ae059068a2b
Capital Cooling (PTY) LTD,Air conditioning contractor,"Meer En See, Richards Bay, 3901",,,063 697 6713,no,,,,open,-28.776821,32.1121466,"air conditioning installation in Richards Bay, KwaZulu-Natal, South Africa",https://www.google.com/maps/place/Capital+Cooling+%28PTY%29+LTD/data=!4m7!3m6!1s0x1efa244155555555:0xf7de88fc9032a08e!8m2!3d-28.776821!4d32.1121466!16s%2Fg%2F11fxc109fs!19sChIJVVVVVUEk-h4RjqAykPyI3vc
D C REFRIGERATION DISTRIBUTORS,Air conditioning contractor,"Shop 3, 3 Morris Rd, Empangeni rail, Empangeni, 3920",Empangeni rail,Empangeni,081 564 7143,no,,4.7,3,open,-28.768687,31.9048968,"air conditioning installation in Richards Bay, KwaZulu-Natal, South Africa",https://www.google.com/maps/place/?q=place_id:ChIJSbHQFjAj-h4RVcPlNFzR6Gg&cid=0x1efa233016d0b149:0x68e8d15c34e5c355
Derick and sons Air conditioning,Air conditioning contractor,"Unit 16, Ngoya Park, 109 Alumina Allee St, Alton, Richards Bay, 3901",Alton,Richards Bay,063 615 4048,yes,http://derickandsons.co.za/,4.3,10,open,-28.7495244,32.0308158,"air conditioning installation in Richards Bay, KwaZulu-Natal, South Africa",https://www.google.com/maps/place/?q=place_id:ChIJaWzUAhcj-h4R_o8khL7w7Eg&cid=0x1efa231702d46c69:0x48ecf0be84248ffe
GL Airconditioning and Refridgeration,Air conditioning contractor,"48 Geranium Pl, Veld En Vlei, Richards Bay, 3900",Veld En Vlei,Richards Bay,076 186 7890,yes,http://www.glair.co.za/,5,1,open,-28.7333189,32.0603362,"air conditioning installation in Richards Bay, KwaZulu-Natal, South Africa",https://www.google.com/maps/place/?q=place_id:ChIJ4wFYTTUj-h4RBr-zIMPMtJ0&cid=0x1efa23354d5801e3:0x9db4ccc320b3bf06
Gmc Aircon,Air conditioning contractor,"81 Ceramic Curve, Alton, Richards Bay, 3900",,,,no,,,,open,-28.7364785,32.0389039,"air conditioning installation in Richards Bay, KwaZulu-Natal, South Africa",https://www.google.com/maps/place/Gmc+Aircon/data=!4m7!3m6!1s0x1efa3cd5719314c1:0x98a703db6ac778a8!8m2!3d-28.7364785!4d32.0389039!16s%2Fg%2F11jwsqcnyz!19sChIJwRSTcdU8-h4RqHjHatsDp5g
Major-Tech Engineering,Air conditioning contractor,"Unit 6, 48 Ceramic Curve, Alton, Richards Bay, 3900",Alton,Richards Bay,081 492 6708,yes,http://www.majortechengineering.co.za/,4.8,24,open,-28.7456149,32.0357547,"air conditioning installation in Richards Bay, KwaZulu-Natal, South Africa",https://www.google.com/maps/place/?q=place_id:ChIJcR6Q3dAj-h4RvkHma15x8_U&cid=0x1efa23d0dd901e71:0xf5f3715e6be641be
Metro Refrigeration and Air Conditioning Pty Ltd,Air conditioning contractor,,,,075 421 0237,no,,3.0,2,open,-28.6818159,31.828742,"air conditioning installation in Richards Bay, KwaZulu-Natal, South Africa",https://www.google.com/maps/place/Metro+Refrigeration+and+Air+Conditioning+Pty+Ltd/data=!4m7!3m6!1s0x4931908babe05cdf:0x96dbd5a42e414ba1!8m2!3d-28.6818159!4d31.828742!16s%2Fg%2F11yvhc9pj6!19sChIJ31zgq4uQMUkRoUtBLqTV25Y
O-ZEN cooling,Air conditioning contractor,,,,076 265 3953,yes,https://www.ozencooling.co.za/,,,open,-28.7808119,31.7901246,"air conditioning installation in Richards Bay, KwaZulu-Natal, South Africa",https://www.google.com/maps/place/O-ZEN+cooling/data=!4m7!3m6!1s0x89a593afe52f366d:0xdc4051aeabdb3277!8m2!3d-28.7808119!4d31.7901246!16s%2Fg%2F11nbzjv33t!19sChIJbTYv5a-TpYkRdzLbq65RQNw
Rivertz Air,Air conditioning contractor,"50 Ceramic Curve, Alton, Richards Bay, 3900",Alton,Richards Bay,073 211 7300,yes,http://www.rivertzair.co.za/,5,1,open,-28.7452002,32.035899,"air conditioning installation in Richards Bay, KwaZulu-Natal, South Africa",https://www.google.com/maps/place/?q=place_id:ChIJp5PV538j-h4RaQUb2hwGQxo&cid=0x1efa237fe7d593a7:0x1a43061cda1b0569
"SME HVAC- Heating , Ventilation and Air-conditioning specialists",Air conditioning contractor,"81 Ceramic Curve, Alton, Richards Bay, 3900",Alton,Richards Bay,035 751 2247,yes,http://www.smehvac.co.za/,4.1,9,open,-28.736478499999997,32.0389039,"air conditioning installation in Richards Bay, KwaZulu-Natal, South Africa",https://www.google.com/maps/place/?q=place_id:ChIJKdihcNU8-h4RwsOG8pJBYcA&cid=0x1efa3cd570a1d829:0xc0614192f286c3c2
Twin Core pty LTD,Air conditioning contractor,"lot 13783B, Mandlazini, Richards Bay, 3900",,,,no,,,,open,-28.7374096,32.1149578,"air conditioning installation in Richards Bay, KwaZulu-Natal, South Africa",https://www.google.com/maps/place/Twin+Core+pty+LTD/data=!4m7!3m6!1s0x1efa255550a86b09:0x707d7f0ded772db4!8m2!3d-28.7374096!4d32.1149578!16s%2Fg%2F11yxk3b8nh!19sChIJCWuoUFUl-h4RtC137Q1_fXA
Bhebesi Refrigeration Solutions,Air conditioning repair service,"109 Alumina Allee St, Alton, Richards Bay, 3900",Alton,Richards Bay,087 284 5574,yes,https://www.bhebesi.co.za/,4.6,10,open,-28.7495244,32.0308158,"air conditioning installation in Richards Bay, KwaZulu-Natal, South Africa",https://www.google.com/maps/place/?q=place_id:ChIJi0Cw53kj-h4RWK9zAsgE2ho&cid=0x1efa2379e7b0408b:0x1ada04c80273af58
Exland Airconditioning,Air conditioning repair service,"85 Dollar Dr, Richards Bay Central, Richards Bay, 3900",Richards Bay Central,Richards Bay,035 789 8662,yes,http://www.exland.co.za/,4,32,open,-28.758458899999997,32.0416741,"air conditioning installation in Richards Bay, KwaZulu-Natal, South Africa",https://www.google.com/maps/place/?q=place_id:ChIJB8BW0CEj-h4RFkEmWQRuqjw&cid=0x1efa2321d056c007:0x3caa6e0459264116
Just Cool Auto Airconditioning,Air conditioning repair service,"28 Copper Dr, Kuleka, Empangeni, 3880",,,,no,,4.7,3,open,-28.7762498,31.89538,"air conditioning installation in Richards Bay, KwaZulu-Natal, South Africa",https://www.google.com/maps/place/Just+Cool+Auto+Airconditioning/data=!4m7!3m6!1s0x1efa11beb611fd51:0xbc5b2b94989c193a!8m2!3d-28.7762498!4d31.89538!16s%2Fg%2F11hzyznb9r!19sChIJUf0Rtr4R-h4ROhmcmJQrW7w
Metraclark Richards Bay,Air conditioning repair service,"4 Bauxite Bay, Alton, Richards Bay",Alton,Richards Bay,035 797 3214,yes,http://www.metraclark.co.za/,3.7,21,open,-28.7540019,32.024575399999996,"air conditioning installation in Richards Bay, KwaZulu-Natal, South Africa",https://www.google.com/maps/place/?q=place_id:ChIJ-f___7MQ-h4RFIOHumWXr94&cid=0x1efa10b3fffffff9:0xdeaf9765ba878314
Aux Air,Air conditioning store,"36 Tanner Rd, Mpangele, Empangeni, 3880",Mpangele,Empangeni,035 787 0580,yes,http://auxair.co.za/,3,2,open,-28.7686103,31.9053471,"air conditioning installation in Richards Bay, KwaZulu-Natal, South Africa",https://www.google.com/maps/place/?q=place_id:ChIJm4K9hlMX-h4RA8tpV3-y2To&cid=0x1efa175386bd829b:0x3ad9b27f5769cb03
Njalo Cooling,Air conditioning system supplier,"6 Ceramic Curve, Alton, Richards Bay, 3900",Alton,Richards Bay,035 751 1581,yes,http://www.njalocooling.co.za/,5,3,open,-28.7546468,32.029277,"air conditioning installation in Richards Bay, KwaZulu-Natal, South Africa",https://www.google.com/maps/place/?q=place_id:ChIJowmrA9si-h4Rq-sm5UB2bog&cid=0x1efa22db03ab09a3:0x886e7640e526ebab
"NRB ALUMINIUM DOORS, FRAMES AND GLASS HEAD OFFICE ( RICHARDS BAY )",Aluminum frames supplier,"2, 13 Bronze Bar, Alton, Richards Bay",,,,no,,,,open,-28.7473553,32.0235914,"aluminium and glass in Richards Bay, KwaZulu-Natal, South Africa","https://www.google.com/maps/place/NRB+ALUMINIUM+DOORS,+FRAMES+AND+GLASS+HEAD+OFFICE+%28+RICHARDS+BAY+%29/data=!4m7!3m6!1s0x1efa23192ef9f883:0xd417e0f59bb6ac89!8m2!3d-28.7473553!4d32.0235914!16s%2Fg%2F11q8sltw_l!19sChIJg_j5Lhkj-h4Riay2m_XgF9Q"
R B Aluminium & Glass,Aluminum frames supplier,"115 Dollar Dr, Richards Bay Central, Richards Bay, 3900",Richards Bay Central,Richards Bay,035 789 4567,no,,,,open,-28.7537557,32.044162899999996,"aluminium and glass in Richards Bay, KwaZulu-Natal, South Africa",https://www.google.com/maps/place/?q=place_id:ChIJo0pQWCEj-h4RCXyIWAnpj6E&cid=0x1efa232158504aa3:0xa18fe90958887c09
Aluminium Glass Maintenance and Multi Supplies,Aluminum supplier,"13 Rupee Rif, Richards Bay Central, Richards Bay, 3900",Richards Bay Central,Richards Bay,035 789 3611,no,,3.3,3,open,-28.746268399999998,32.0488187,"aluminium and glass in Richards Bay, KwaZulu-Natal, South Africa",https://www.google.com/maps/place/?q=place_id:ChIJT0j8VyUj-h4RhW9fyBVFFHE&cid=0x1efa232557fc484f:0x71144515c85f6f85
Mtec Powder SA (Pty) Ltd,Aluminum supplier,"4 Harbour Arterial, Richards Bay, 3900",,Richards Bay,035 940 1769,no,,5,1,open,-28.782117399999997,32.016534199999995,"aluminium and glass in Richards Bay, KwaZulu-Natal, South Africa",https://www.google.com/maps/place/?q=place_id:ChIJPcayb3kj-h4RbbkIYpdTFBU&cid=0x1efa23796fb2c63d:0x151453976208b96d
Sha's Hardware & Aluminium,Aluminum supplier,"93 Bullion Blvd, Richards Bay Central, Richards Bay, 3900",Richards Bay Central,Richards Bay,035 789 2859,yes,http://www.shashardware.co.za/,4.2,16,open,-28.755032,32.045938899999996,"aluminium and glass in Richards Bay, KwaZulu-Natal, South Africa",https://www.google.com/maps/place/?q=place_id:ChIJT0j8VyUj-h4RfOfDLCh45bs&cid=0x1efa232557fc484f:0xbbe578282cc3e77c
"WF ALUMINIUM, GLASS AND BUILDING MAINTENANCE",Aluminum supplier,,,,083 301 2594,no,,,,open,-34.6283864,27.2516952,"aluminium and glass in Richards Bay, KwaZulu-Natal, South Africa","https://www.google.com/maps/place/WF+ALUMINIUM,+GLASS+AND+BUILDING+MAINTENANCE/data=!4m7!3m6!1s0x1efa23c127888d49:0x1d329be16d0d9713!8m2!3d-34.6283864!4d27.2516952!16s%2Fg%2F11fb0qj9jr!19sChIJSY2IJ8Ej-h4RE5cNbeGbMh0"
AluSteel Designs - Aluminium Specialist,Aluminum window,"Unit 2, 61 Ceramic Curve, Alton, Richards Bay, 3900",Alton,Richards Bay,063 340 9907,yes,https://www.alusteeldesigns.co.za/,4.9,19,open,-28.741557,32.036812999999995,"aluminium and glass in Richards Bay, KwaZulu-Natal, South Africa",https://www.google.com/maps/place/?q=place_id:ChIJ0VrrXEgj-h4RicqCLwfOa8Y&cid=0x1efa23485ceb5ad1:0xc66bce072f82ca89
Glasfit Richards Bay,Aluminum window,"75 Bullion Blvd, Richards Bay Central, Richards Bay, 3900",Richards Bay Central,Richards Bay,035 789 1103,yes,https://www.glasfit.com/details/?location=RichardsBay,4.1,39,open,-28.7525187,32.0470636,"aluminium and glass in Richards Bay, KwaZulu-Natal, South Africa",https://www.google.com/maps/place/?q=place_id:ChIJ-534FqEj-h4RrtdK12n3FfY&cid=0x1efa23a116f89dfb:0xf615f769d74ad7ae
THATHA ZONKE,Animal feed store,"Shop 4 PIPER BUILDING, Cnr, Mark Strasse, Bullion Blvd, CBD, Richards Bay, 3900",CBD,Richards Bay,079 706 3699,no,,3,12,open,-28.7530182,32.0484388,"pet shops in Richards Bay, KwaZulu-Natal, South Africa",https://www.google.com/maps/place/?q=place_id:ChIJY0QwkCQj-h4R0EfdmoClAoY&cid=0x1efa232490304463:0x8602a5809add47d0
SPCA Richards Bay,Animal protection organization,"Bayview Boulevard, Meer En See, Richards Bay, 3901",Meer En See,Richards Bay,035 753 2086,yes,https://www.spcarbay.co.za/,4.5,272,open,-28.7872812,32.0871859,"pet shops in Richards Bay, KwaZulu-Natal, South Africa",https://www.google.com/maps/place/?q=place_id:ChIJezDjOiQj-h4RJ-pBvBB76Mo&cid=0x1efa23243ae3307b:0xcae87b10bc41ea27
TecsaReco,Appliance parts supplier,"Shops 1 &4, 9A Dollar Drive, 83 Bullion Blvd, Richards Bay Central, Richards Bay, 3900",,,035 751 2721,yes,http://www.tecsareco.co.za/,3.3,41,open,-28.7541401,32.0458606,"air conditioning installation in Richards Bay, KwaZulu-Natal, South Africa",https://www.google.com/maps/place/TecsaReco/data=!4m7!3m6!1s0x1efa22da1c3ad891:0xeccdfb7998d7bf4b!8m2!3d-28.7541401!4d32.0458606!16s%2Fg%2F11bzv_2s8x!19sChIJkdg6HNoi-h4RS7_XmHn7zew
CRAIG'S TREE FELLING,Arborist service,"56 Tipuana, Arboretum, Richards Bay, 3900",,,,no,,,,open,-28.7601355,32.0608322,"landscaping and garden services in Richards Bay, KwaZulu-Natal, South Africa",https://www.google.com/maps/place/CRAIG%27S+TREE+FELLING/data=!4m7!3m6!1s0x1efa23aefa38c505:0x4d21a7f539ad8fde!8m2!3d-28.7601355!4d32.0608322!16s%2Fg%2F11nnvcf523!19sChIJBcU4-q4j-h4R3o-tOfWnIU0
"Roche Neethling - Emotive-Realism Artist in Richards Bay, South Africa",Artist,"58B Geranium Pl, Veld En Vlei, Richards Bay, 3900",Veld En Vlei,Richards Bay,063 286 8311,no,,4.7,7,open,-28.734032799999998,32.0596634,"photographers in Richards Bay, KwaZulu-Natal, South Africa",https://www.google.com/maps/place/?q=place_id:ChIJxWUmThkj-h4RKUyQak6Cbd8&cid=0x1efa23194e2665c5:0xdf6d824e6a904c29
Richards Bay Asphalt's Construction,Asphalt contractor,"Esikhawini H, Richards Bay, 3887",Esikhawini H,Richards Bay,035 796 4328,no,,,,open,-28.8676839,31.9160211,"paving contractors in Richards Bay, KwaZulu-Natal, South Africa",https://www.google.com/maps/place/?q=place_id:ChIJVVVVVboe-h4RJYLb_hxaiR4&cid=0x1efa1eba55555555:0x1e895a1cfedb8225
Tar Driveways Richards Bay,Asphalt contractor,,,,074 923 3156,yes,https://www.tardrivewaysrichardsbay.co.za/,5.0,10,open,-28.7785855,31.992421,"paving contractors in Richards Bay, KwaZulu-Natal, South Africa",https://www.google.com/maps/place/Tar+Driveways+Richards+Bay/data=!4m7!3m6!1s0x4343decb8dc038fd:0xfe450015cb8ada4f!8m2!3d-28.7785855!4d31.992421!16s%2Fg%2F11y8l_j79f!19sChIJ_TjAjcveQ0MRT9qKyxUARf4
Much Asphalt Empangeni,Asphalt mixing plant,"Eshowe St, Empangeni, 3880",,Empangeni,087 997 1111,yes,http://www.muchasphalt.com/,3.5,13,open,-28.7231712,31.8237304,"paving contractors in Richards Bay, KwaZulu-Natal, South Africa",https://www.google.com/maps/place/?q=place_id:ChIJf0rzEd4Q-h4RScLTKCTmA_M&cid=0x1efa10de11f34a7f:0xf303e62428d3c249
Zululand Auctioneers,Auction house,"122 Dollar Dr, Esikhawini H, Richards Bay, 3900",,,,no,,4.0,1,open,-28.7533125,32.0449569,"estate agents in Richards Bay, KwaZulu-Natal, South Africa",https://www.google.com/maps/place/Zululand+Auctioneers/data=!4m7!3m6!1s0x1efa2323f1405555:0x8e37626403e858cc!8m2!3d-28.7533125!4d32.0449569!16s%2Fg%2F11p0696w53!19sChIJVVVA8SMj-h4RzFjoA2RiN44
Cool 2 Go Auto Aircon & Fitment Centre,Auto air conditioning service,"Unit 2, Cable House, 107 Dollar Dr, Richards Bay Central, Richards Bay, 3900",Richards Bay Central,Richards Bay,081 433 6267,no,,4.6,67,open,-28.7552386,32.043503199999996,"air conditioning installation in Richards Bay, KwaZulu-Natal, South Africa",https://www.google.com/maps/place/?q=place_id:ChIJ8XJ_ZSEj-h4R4pZbhDVnXXk&cid=0x1efa2321657f72f1:0x795d6735845b96e2
Exclusive Sound & Security CC,Auto air conditioning service,"unit02, 18 Tanner Rd, Mpangele, Empangeni, 3880",,,035 772 3289,yes,http://exclusivesound.co.za/,4.2,56,open,-28.7660193,31.9069152,"air conditioning installation in Richards Bay, KwaZulu-Natal, South Africa",https://www.google.com/maps/place/Exclusive+Sound+%26+Security+CC/data=!4m7!3m6!1s0x1efa175232d570cb:0x479c80973efbf7d4!8m2!3d-28.7660193!4d31.9069152!16s%2Fg%2F1pzrkkk_1!19sChIJy3DVMlIX-h4R1Pf7PpeAnEc
Alpha Panel Beaters,Auto body shop,"15 Ngwelezane Rd, Kuleka, Empangeni, 3880",Kuleka,Empangeni,035 787 1522,yes,https://panelbeatersdirectory.co.za/listing.php?listings_id=1775,4.1,131,open,-28.776904599999998,31.8951355,"panel beaters in Richards Bay, KwaZulu-Natal, South Africa",https://www.google.com/maps/place/?q=place_id:ChIJXVH-4akQ-h4RPGAUjWdxAJE&cid=0x1efa10a9e1fe515d:0x910071678d14603c
Autospray Panelbeaters,Auto body shop,"Kuleka, Empangeni, 3880",Kuleka,Empangeni,035 787 0608,yes,https://panelbeatersdirectory.co.za/listing.php?listings_id=1077,4.7,27,open,-28.775934799999998,31.8939773,"panel beaters in Richards Bay, KwaZulu-Natal, South Africa",https://www.google.com/maps/place/?q=place_id:ChIJuXFI-6gQ-h4R4B6WgpPhZVY&cid=0x1efa10a8fb4871b9:0x5665e19382961ee0
Ben Motors Panel Beaters,Auto body shop,"Kuleka, Empangeni, 3880",Kuleka,Empangeni,072 826 6646,yes,http://panelbeatersdirectory.co.za/,4.3,3,open,-28.770999999999997,31.903799999999997,"panel beaters in Richards Bay, KwaZulu-Natal, South Africa",https://www.google.com/maps/place/?q=place_id:ChIJHRTUENAX-h4R82rS7MDJVsc&cid=0x1efa17d010d4141d:0xc756c9c0ecd26af3
Car Valet Panelbeaters,Auto body shop,"Kuleka, Empangeni, 3880",Kuleka,Empangeni,035 787 1924,yes,http://cvpanelbeaters.co.za/,4.1,35,open,-28.776433899999997,31.896915399999997,"panel beaters in Richards Bay, KwaZulu-Natal, South Africa",https://www.google.com/maps/place/?q=place_id:ChIJxxpTvf4b-h4R3F6qojOzYfw&cid=0x1efa1bfebd531ac7:0xfc61b333a2aa5edc
Carman Panel Beaters,Auto body shop,"12 4th St, Kuleka, Empangeni, 3910",Kuleka,Empangeni,035 787 1139,yes,https://panelbeatersdirectory.co.za/listing.php?listings_id=2186,3.8,19,open,-28.7801409,31.9032782,"panel beaters in Richards Bay, KwaZulu-Natal, South Africa",https://www.google.com/maps/place/?q=place_id:ChIJo1FuyfgZ-h4RV3m-Ht7r5B0&cid=0x1efa19f8c96e51a3:0x1de4ebde1ebe7957
Cliffs Auto,Auto body shop,"Richards Bay Central, Richards Bay, 3900",Richards Bay Central,Richards Bay,035 789 1603,yes,https://www.africanadvice.com/1113523/Motor_Car_Tune_-_up/Kwazulu_Natal/Cliff's_Auto/,4.7,55,open,-28.754814999999997,32.0441238,"car repair mechanics in Richards Bay, KwaZulu-Natal, South Africa",https://www.google.com/maps/place/?q=place_id:ChIJFfeI6yMj-h4Rb7_-IoNuEsM&cid=0x1efa2323eb88f715:0xc3126e8322febf6f
GREG'S SPRAY PAINTERS,Auto body shop,"56 Ceramic Curve, Alton, Richards Bay, 3900",,,035 751 1251,yes,http://gregsspraypainter.co.za/,4.5,26,open,-28.742393,32.0372422,"painters in Richards Bay, KwaZulu-Natal, South Africa",https://www.google.com/maps/place/GREG%27S+SPRAY+PAINTERS/data=!4m7!3m6!1s0x1efa22d67985f559:0x550348f4eff2836a!8m2!3d-28.742393!4d32.0372422!16s%2Fg%2F11dymql_ng!19sChIJWfWFedYi-h4RaoPy7_RIA1U
Marvic Panelbeaters,Auto body shop,"119 Dollar Dr, Richards Bay Central, Richards Bay, 3900",,,035 789 8856,no,,2.8,62,open,-28.7532844,32.044384,"painters in Richards Bay, KwaZulu-Natal, South Africa",https://www.google.com/maps/place/Marvic+Panelbeaters/data=!4m7!3m6!1s0x1efa23b56549c3f1:0x5b2fe62fed033d5b!8m2!3d-28.7532844!4d32.044384!16s%2Fg%2F1tvyp11n!19sChIJ8cNJZbUj-h4RWz0D7S_mL1s
Richards Bay Panel Beaters,Auto body shop,"15 Copper Corner, Alton, Richards Bay, 3900",,,035 797 3505,yes,http://www.richardsbaypanelbeaters.co.za/,4.1,98,open,-28.7569599,32.0284238,"painters in Richards Bay, KwaZulu-Natal, South Africa",https://www.google.com/maps/place/Richards+Bay+Panel+Beaters/data=!4m7!3m6!1s0x1efa22db63e4bc5b:0x28e51951f0e5a14c!8m2!3d-28.7569599!4d32.0284238!16s%2Fg%2F1vlcz40x!19sChIJW7zkY9si-h4RTKHl8FEZ5Sg
Shalom Car Body Specialists,Auto body shop,"81 Ceramic Curve, Alton, Richards Bay, 3900",,,035 751 2176,no,,4.8,65,open,-28.73649,32.0388993,"painters in Richards Bay, KwaZulu-Natal, South Africa",https://www.google.com/maps/place/Shalom+Car+Body+Specialists/data=!4m7!3m6!1s0x1efa3cd570a1d829:0xa6cec82d2e60eff7!8m2!3d-28.73649!4d32.0388993!16s%2Fg%2F1pzw11ywr!19sChIJKdihcNU8-h4R9-9gLi3IzqY
Spectrum Panel Beaters,Auto body shop,"uMhlathuze, Tanner Rd, 3880",Mpangele,Empangeni,072 671 7745,no,,5,1,open,-28.7686,31.9057,"panel beaters in Richards Bay, KwaZulu-Natal, South Africa",https://www.google.com/maps/place/?q=place_id:ChIJm4K9hlMX-h4RDoffj-5q7xM&cid=0x1efa175386bd829b:0x13ef6aee8fdf870e
VPS Richards Bay,Auto body shop,"130 Alumina Allee St, Alton, Richards Bay, 3900 ",,,035 751 2606,yes,http://www.vpsprotection.co.za/,5.0,20,open,-28.73601,32.03761,"painters in Richards Bay, KwaZulu-Natal, South Africa",https://www.google.com/maps/place/VPS+Richards+Bay/data=!4m7!3m6!1s0x1efa3d2a7ab036af:0x505b6f9142be2f5e!8m2!3d-28.73601!4d32.03761!16s%2Fg%2F11c57c_vp6!19sChIJrzaweio9-h4RXi--QpFvW1A
CK Dent Tech,Auto dent removal service,"66 Dollar Dr, Richards Bay Central, Richards Bay, 3900",,,035 751 2497,yes,http://www.ckdent.co.za/,4.5,59,open,-28.7590474,32.0422374,"painters in Richards Bay, KwaZulu-Natal, South Africa",https://www.google.com/maps/place/CK+Dent+Tech/data=!4m7!3m6!1s0x1efa229592592ced:0xd007479bdfc4828d!8m2!3d-28.7590474!4d32.0422374!16s%2Fg%2F11b6dfk8xd!19sChIJ7SxZkpUi-h4RjYLE35tHB9A
ANDERSONS AUTO ELECTRICAL AND AIR CONDITIONING,Auto electrical service,"106 Dollar Dr, Richards Bay Central, Richards Bay, 3900",,,067 466 8344,no,,5.0,1,open,-28.7556349,32.0438691,"electricians in Richards Bay, KwaZulu-Natal, South Africa",https://www.google.com/maps/place/ANDERSONS+AUTO+ELECTRICAL+AND+AIR+CONDITIONING/data=!4m7!3m6!1s0x1efa231b0848d6a9:0x17bbfd03a1d0e819!8m2!3d-28.7556349!4d32.0438691!16s%2Fg%2F11s9yb2rdg!19sChIJqdZICBsj-h4RGejQoQP9uxc
Hotline Auto,Auto electrical service,"10 Dollar Dr, Richards Bay Central, Richards Bay, 3900",,,,no,,,,open,-28.7538526,32.0451808,"auto electricians in Richards Bay, KwaZulu-Natal, South Africa",https://www.google.com/maps/place/Hotline+Auto/data=!4m7!3m6!1s0x1efa2323eb886635:0x9d2b34ed3a6f622e!8m2!3d-28.7538526!4d32.0451808!16s%2Fg%2F11gdzfhrwr!19sChIJNWaI6yMj-h4RLmJvOu00K50
MOTOLEK - SJ AUTO ELECTRICAL,Auto electrical service,"13 Ceramic Curve, Alton, Richards Bay, 3900",,,035 751 2088,no,,4.4,56,open,-28.7526631,32.0308258,"electricians in Richards Bay, KwaZulu-Natal, South Africa",https://www.google.com/maps/place/MOTOLEK+-+SJ+AUTO+ELECTRICAL/data=!4m7!3m6!1s0x1efa22da6910033d:0xcf482c9d10d49ff8!8m2!3d-28.7526631!4d32.0308258!16s%2Fg%2F11c57dlr6n!19sChIJPQMQadoi-h4R-J_UEJ0sSM8
Mark's Auto,Auto electrical service,"Unit 1, 29 Dollar Dr, Alton, Richards Bay, 3900",Alton,Richards Bay,035 789 2830,no,,3,2,open,-28.756233299999998,32.044701499999995,"auto electricians in Richards Bay, KwaZulu-Natal, South Africa",https://www.google.com/maps/place/?q=place_id:ChIJVbe4vLAj-h4Rrcyr7WuUlgI&cid=0x1efa23b0bcb8b755:0x296946bedabccad
Mobile Auto electrical,Auto electrical service,"7b Dassiedal, Wild En Weide, Richards Bay, 3900",Wild En Weide,Richards Bay,073 178 6843,no,,5,1,open,-28.731511899999997,32.0469797,"auto electricians in Richards Bay, KwaZulu-Natal, South Africa",https://www.google.com/maps/place/?q=place_id:ChIJr-iLkBsj-h4Ri8SC1nblBVU&cid=0x1efa231b908be8af:0x5505e576d682c48b
ROMARK SERVICE CENTRE,Auto electrical service,"11 Peseta Parade, CBD, Richards Bay, 3900",,,074 626 3549,no,,3.7,3,open,-28.746393,32.0473057,"auto electricians in Richards Bay, KwaZulu-Natal, South Africa",https://www.google.com/maps/place/ROMARK+SERVICE+CENTRE/data=!4m7!3m6!1s0x1efa2341b90f87f1:0x4f1d0259dbdff6f3!8m2!3d-28.746393!4d32.0473057!16s%2Fg%2F11h84xkz2b!19sChIJ8YcPuUEj-h4R8_bf21kCHU8
TBA PTY LTD,Auto electrical service,"54 Disa Dives, Veld En Vlei, Richards Bay, 3900",,,061 726 9571,yes,http://www.procurelogistics.co.za/,4.8,5,open,-28.7372669,32.0649225,"auto electricians in Richards Bay, KwaZulu-Natal, South Africa",https://www.google.com/maps/place/TBA+PTY+LTD/data=!4m7!3m6!1s0x1efa23a10586de6b:0x2c53e18e68979ce1!8m2!3d-28.7372669!4d32.0649225!16s%2Fg%2F11rcnfq_zh!19sChIJa96GBaEj-h4R4ZyXaI7hUyw
powertech service center,Auto electrical service,"58 Dollar Dr, Alton, Richards Bay, 3900",,,035 789 1333,yes,https://brand.site/Powertech,3.9,21,open,-28.7601757,32.04216,"electricians in Richards Bay, KwaZulu-Natal, South Africa",https://www.google.com/maps/place/powertech+service+center/data=!4m7!3m6!1s0x1efa231f134556bd:0xa69bac5d905d1eb3!8m2!3d-28.7601757!4d32.04216!16s%2Fg%2F11j8k8xttd!19sChIJvVZFEx8j-h4Rsx5dkF2sm6Y
Autoboys Glass Richards Bay,Auto glass shop,"120 Dollar Dr, Richards Bay Central, Richards Bay, 3900",,,035 789 1461,yes,https://autoboys.co.za/,4.4,25,open,-28.7537044,32.044735,"car repair mechanics in Richards Bay, KwaZulu-Natal, South Africa",https://www.google.com/maps/place/Autoboys+Glass+Richards+Bay/data=!4m7!3m6!1s0x1efa233dc3215381:0x9849bb55d3f11f63!8m2!3d-28.7537044!4d32.044735!16s%2Fg%2F11flt1ng2_!19sChIJgVMhwz0j-h4RYx_x01W7SZg
PG Glass Richards Bay,Auto glass shop,"26 Bullion Blvd, Richards Bay Central, Richards Bay, 3900",Richards Bay Central,Richards Bay,035 789 8528,yes,https://www.pgglass.co.za/?utm_source=google_maps&utm_medium=website_button&utm_campaign=SP&utm_content=SP,4.2,145,open,-28.7469549,32.0497511,"aluminium and glass in Richards Bay, KwaZulu-Natal, South Africa",https://www.google.com/maps/place/?q=place_id:ChIJyzLNFjAj-h4Rfd6avauPZUQ&cid=0x1efa233016cd32cb:0x44658fabbd9ade7d
Diesel- Electric (zululand) cc Bosch Automotive wholesaler,Auto parts store,"69 Dollar Dr, Richards Bay Central, Richards Bay, 3900",Richards Bay Central,Richards Bay,035 789 0604,no,,4.3,29,open,-28.760578,32.041581,"auto electricians in Richards Bay, KwaZulu-Natal, South Africa",https://www.google.com/maps/place/?q=place_id:ChIJB1w-DB8j-h4RNC3YYVhL4Ds&cid=0x1efa231f0c3e5c07:0x3be04b5861d82d34
NUF Auto Electrical,Auto parts store,"Richards Bay Central, Richards Bay, 3900",,,035 789 1541,yes,https://www.africanadvice.com/1193534/Auto_Electricians/Kwazulu_Natal/N_U_F_Auto_Electrical_Cc/,4.1,25,open,-28.7537111,32.0446189,"car repair mechanics in Richards Bay, KwaZulu-Natal, South Africa",https://www.google.com/maps/place/NUF+Auto+Electrical/data=!4m7!3m6!1s0x1efa2396efe99e2b:0x3efd1ba921733bba!8m2!3d-28.7537111!4d32.0446189!16s%2Fg%2F1thjqwsl!19sChIJK57p75Yj-h4RujtzIakb_T4
24/7 Auto Body speed Repairs,Auto repair shop,"40 Ceramic Curve, Alton, Richards Bay, 3900",,,035 751 1110,no,,3.5,2,open,-28.7475003,32.0345896,"car repair mechanics in Richards Bay, KwaZulu-Natal, South Africa",https://www.google.com/maps/place/24%2F7+Auto+Body+speed+Repairs/data=!4m7!3m6!1s0x1efa22d6fc998609:0x2d62ca28dc12c296!8m2!3d-28.7475003!4d32.0345896!16s%2Fg%2F1v8qz45c!19sChIJCYaZ_NYi-h4RlsIS3CjKYi0
AM AUTOMOTIVE SERVICE CENTRE,Auto repair shop,"92 Alumina Allee St, Alton, Richards Bay, 3900",Alton,Richards Bay,061 528 9603,yes,https://www.amautomotive.co.za/,3.7,3,open,-28.7498902,32.0315473,"car repair mechanics in Richards Bay, KwaZulu-Natal, South Africa",https://www.google.com/maps/place/?q=place_id:ChIJEz6Rivwj-h4R0kyGhqA_r1c&cid=0x1efa23fc8a913e13:0x57af3fa086864cd2
Autotech Panelbeaters,Auto repair shop,"92 Alumina Allee St, Alton, Richards Bay, 3900",,,083 630 3285,yes,https://panelbeatersdirectory.co.za/listing.php?listings_id=1051,4.8,45,open,-28.7499289,32.0315786,"painters in Richards Bay, KwaZulu-Natal, South Africa",https://www.google.com/maps/place/Autotech+Panelbeaters/data=!4m7!3m6!1s0x10d369feb9ffb0f:0x1a50f781479dfb0b!8m2!3d-28.7499289!4d32.0315786!16s%2Fg%2F1pzwy8w5m!19sChIJD_uf6582DQERC_udR4H3UBo
Awethu Auto Repairs and Mechanical (Pty) Ltd,Auto repair shop,"Richards Bay Central, Richards Bay, 3900",Richards Bay Central,Richards Bay,065 942 3454,no,,5,2,open,-28.7403926,32.0458935,"car repair mechanics in Richards Bay, KwaZulu-Natal, South Africa",https://www.google.com/maps/place/?q=place_id:ChIJLeCdpYEj-h4RSfTdLWf7BUM&cid=0x1efa2381a59de02d:0x4305fb672dddf449
Bayview Auto Repairs,Auto repair shop,"Unit D, 18 Peseta Parade, Richards Bay Central, Richards Bay, 3900",Richards Bay Central,Richards Bay,083 292 7034,no,,2.5,4,open,-28.7456331,32.0485938,"car repair mechanics in Richards Bay, KwaZulu-Natal, South Africa",https://www.google.com/maps/place/?q=place_id:ChIJ-x8dFDwj-h4RNvrd6kKsgEg&cid=0x1efa233c141d1ffb:0x4880ac42eaddfa36
Bosch Car Service Zululand,Auto repair shop,"28 Dollar Dr, Richards Bay Central, Richards Bay, 3900",Richards Bay Central,Richards Bay,035 880 0222,yes,https://rmsbosch.co.za/bosch-car-service-zululand-car-repairs,5,79,open,-28.756049599999997,32.0441578,"car repair mechanics in Richards Bay, KwaZulu-Natal, South Africa",https://www.google.com/maps/place/?q=place_id:ChIJ5aTU-TAj-h4RXjsesvbLBOk&cid=0x1efa2330f9d4a4e5:0xe904cbf6b21e3b5e
Central Panelbeaters & Spraypainters,Auto repair shop,"21 Tanner Rd, Mpangele, Empangeni, 3880",Mpangele,Empangeni,035 772 1102,yes,https://centralpb.co.za/,4.3,40,open,-28.766439,31.907080599999997,"panel beaters in Richards Bay, KwaZulu-Natal, South Africa",https://www.google.com/maps/place/?q=place_id:ChIJU0lh2VMX-h4RF7BBCnBhAW8&cid=0x1efa1753d9614953:0x6f0161700a41b017
Coast 2 Coast Mechanical Solutions,Auto repair shop,"39 Ceramic Curve, Alton, Bay, 3900",,,081 028 7364,no,,4.8,19,open,-28.7465777,32.0343233,"car repair mechanics in Richards Bay, KwaZulu-Natal, South Africa",https://www.google.com/maps/place/Coast+2+Coast+Mechanical+Solutions/data=!4m7!3m6!1s0x1efa238bd05899c5:0xdef2cd783ac03c2d!8m2!3d-28.7465777!4d32.0343233!16s%2Fg%2F11j80rrkkj!19sChIJxZlY0Isj-h4RLTzAOnjN8t4
Coastal Auto Repairs T/a E/Car,Auto repair shop,"1 Rupee Rif, Richards Bay Central, Richards Bay, 3900",,,035 789 0111,no,,4.0,2,open,-28.74821,32.04786,"car repair mechanics in Richards Bay, KwaZulu-Natal, South Africa",https://www.google.com/maps/place/Coastal+Auto+Repairs+T%2Fa+E%2FCar/data=!4m7!3m6!1s0x1efa23256ca8e0e9:0x1e6ed72731ff35e0!8m2!3d-28.74821!4d32.04786!16s%2Fg%2F1pzrm426n!19sChIJ6eCobCUj-h4R4DX_MSfXbh4
D M AUTO ELECTRICAL SUPPLIERS,Auto repair shop,"6 Ceramic Curve, Alton, Richards Bay, 3900",Alton,Richards Bay,035 787 3933,yes,https://www.brabys.com/za/kwazulu-natal/richards-bay/alton-north/auto-electrical-motor-spares/d-m-auto-electrical-suppliers,,,open,-28.7546468,32.029277,"auto electricians in Richards Bay, KwaZulu-Natal, South Africa",https://www.google.com/maps/place/?q=place_id:ChIJowmrA9si-h4RQg50mXVwuaA&cid=0x1efa22db03ab09a3:0xa0b9707599740e42
"Diesel & Auto Engineering, Richards Bay (D.A.E)",Auto repair shop,"19 Copper Corner, Alton, Richards Bay, 3900",,,035 797 3581,yes,http://www.dieselandauto.co.za/,4.4,39,open,-28.757769,32.028104,"air conditioning installation in Richards Bay, KwaZulu-Natal, South Africa","https://www.google.com/maps/place/Diesel+%26+Auto+Engineering,+Richards+Bay+%28D.A.E%29/data=!4m7!3m6!1s0x1efa22dca3c77b89:0xaa74a60d46718e67!8m2!3d-28.757769!4d32.028104!16s%2Fg%2F1pzsnps79!19sChIJiXvHo9wi-h4RZ45xRg2mdKo"
HOTLINE AUTO ELECTRICAL & MECHANICAL SERVICES & SA,Auto repair shop,"65 Dollar Dr, Richards Bay Central, Richards Bay, 3900",,,035 789 1888,no,,3.0,2,open,-28.7607438,32.0421369,"electricians in Richards Bay, KwaZulu-Natal, South Africa",https://www.google.com/maps/place/HOTLINE+AUTO+ELECTRICAL+%26+MECHANICAL+SERVICES+%26+SA/data=!4m7!3m6!1s0x1efa231f16c8d52f:0x92d188044321f52c!8m2!3d-28.7607438!4d32.0421369!16s%2Fg%2F1tdtysjr!19sChIJL9XIFh8j-h4RLPUhQwSI0ZI
Joe's Auto Dynamics,Auto repair shop,"55 Ceramic Curve, Alton, Richards Bay, 3900",,,072 198 9443,no,,4.3,3,open,-28.742774,32.036454,"car repair mechanics in Richards Bay, KwaZulu-Natal, South Africa",https://www.google.com/maps/place/Joe%27s+Auto+Dynamics/data=!4m7!3m6!1s0x1efa23d604f8661b:0x6ab162360d55a266!8m2!3d-28.742774!4d32.036454!16s%2Fg%2F11tfv4p9gf!19sChIJG2b4BNYj-h4RZqJVDTZisWo
KZN Enterprise,Auto repair shop,"11 Peseta Parade, CBD, Richards Bay, 3900",CBD,Richards Bay,084 352 8878,no,,3.8,4,open,-28.746409399999997,32.0473212,"panel beaters in Richards Bay, KwaZulu-Natal, South Africa",https://www.google.com/maps/place/?q=place_id:ChIJsSKwStci-h4RQZd3_Mubr30&cid=0x1efa22d74ab022b1:0x7daf9bcbfc779741
Mikiel's Auto Electrical,Auto repair shop,"47 Ceramic Curve, Alton, Richards Bay, 3900",,,035 751 1646,yes,https://boschcarsa.co.za/,4.1,14,open,-28.745367,32.0348549,"electricians in Richards Bay, KwaZulu-Natal, South Africa",https://www.google.com/maps/place/Mikiel%27s+Auto+Electrical/data=!4m7!3m6!1s0x1efa22d683025b6f:0x519ed4d5cfe231fc!8m2!3d-28.745367!4d32.0348549!16s%2Fg%2F1vfpt48l!19sChIJb1sCg9Yi-h4R_DHiz9XUnlE
Motolek Richards Bay,Auto repair shop,"Ceramic Curve, Wild En Weide, Richards Bay, 3900",,,035 751 1383,yes,http://www.motolek.co.za/,5.0,1,open,-28.73538,32.0444699,"auto electricians in Richards Bay, KwaZulu-Natal, South Africa",https://www.google.com/maps/place/Motolek+Richards+Bay/data=!4m7!3m6!1s0x1efa3cd37b226381:0x8ed589594ebd2a6d!8m2!3d-28.73538!4d32.0444699!16s%2Fg%2F11b6d5v1qx!19sChIJgWMie9M8-h4RbSq9TlmJ1Y4
My Workshop,Auto repair shop,"107 Dollar Dr, Richards Bay Central, Richards Bay, 3900",Richards Bay Central,Richards Bay,072 449 2560,yes,https://www.myworkshopsrbay.co.za/,5,46,open,-28.755246099999997,32.0434917,"car repair mechanics in Richards Bay, KwaZulu-Natal, South Africa",https://www.google.com/maps/place/?q=place_id:ChIJNbag7mkj-h4R6a0i35ERdEM&cid=0x1efa2369eea0b635:0x43741191df22ade9
N R B Auto Electrical (Pty) Ltd,Auto repair shop,"73 Dollar Dr, Richards Bay Central, Richards Bay, 3900",,,072 764 7013,no,,3.0,2,open,-28.7601215,32.0409734,"electricians in Richards Bay, KwaZulu-Natal, South Africa",https://www.google.com/maps/place/N+R+B+Auto+Electrical+%28Pty%29+Ltd/data=!4m7!3m6!1s0x1efa231f9c2798bb:0x53998e26272981da!8m2!3d-28.7601215!4d32.0409734!16s%2Fg%2F1pzs96sjr!19sChIJu5gnnB8j-h4R2oEpJyaOmVM
N R B Auto Electrical C C,Auto repair shop,"96 Alumina Allee St, Alton, Richards Bay, 3900",,,035 751 1133,no,,,,open,-28.7485912,32.0324584,"auto electricians in Richards Bay, KwaZulu-Natal, South Africa",https://www.google.com/maps/place/N+R+B+Auto+Electrical+C+C/data=!4m7!3m6!1s0x1efa22d0d4ffdd8f:0xeef73995342879a1!8m2!3d-28.7485912!4d32.0324584!16s%2Fg%2F1tfdv0mz!19sChIJj93_1NAi-h4RoXkoNJU59-4
N R B Tyre Centre C C,Auto repair shop,"3 Rupee Rif, Richards Bay Central, Richards Bay, 3900",,,035 789 3405,no,,5.0,1,open,-28.7479081,32.0480486,"tyre shops in Richards Bay, KwaZulu-Natal, South Africa",https://www.google.com/maps/place/N+R+B+Tyre+Centre+C+C/data=!4m7!3m6!1s0x1efa232557fc484f:0x7ee204ade8a14817!8m2!3d-28.7479081!4d32.0480486!16s%2Fg%2F1vn4kbyy!19sChIJT0j8VyUj-h4RF0ih6K0E4n4
Radebe Car Renewal Panel Beaters,Auto repair shop,"Ezimele, Main road, Esikhaleni, Empangeni, 3887",Esikhaleni,Empangeni,069 476 7672,no,,,,open,-28.9008349,31.9079423,"panel beaters in Richards Bay, KwaZulu-Natal, South Africa",https://www.google.com/maps/place/?q=place_id:ChIJIeIcHdIf-h4RaCR0yqPz0Vk&cid=0x1efa1fd21d1ce221:0x59d1f3a3ca742468
Regional auto electrical,Auto repair shop,"31 Alumina Allee St, Alton, Richards Bay",,,082 873 7646,no,,3.5,2,open,-28.766125,32.017523,"electricians in Richards Bay, KwaZulu-Natal, South Africa",https://www.google.com/maps/place/Regional+auto+electrical/data=!4m7!3m6!1s0x1efa22ea90596675:0x9b1f4f3b038dbdd2!8m2!3d-28.766125!4d32.017523!16s%2Fg%2F11b6hv72_r!19sChIJdWZZkOoi-h4R0r2NAztPH5s
Richards Bay Paint a Car,Auto repair shop,"17 Rupee Rif, Richards Bay Central, Richards Bay, 3900",,,035 789 3454,yes,http://www.paintacar.co.za/,3.9,61,open,-28.745782,32.0490871,"painters in Richards Bay, KwaZulu-Natal, South Africa",https://www.google.com/maps/place/Richards+Bay+Paint+a+Car/data=!4m7!3m6!1s0x1efa232fe5980adb:0x805f2cba361b8244!8m2!3d-28.745782!4d32.0490871!16s%2Fg%2F1tttj3gv!19sChIJ2wqY5S8j-h4RRIIbNrosX4A
Supatech Tyre & Exhaust,Auto repair shop,"Border Rd, Mpangele, Empangeni, 3910",,,035 787 2424,no,,5.0,1,open,-28.7716788,31.908911,"tyre shops in Richards Bay, KwaZulu-Natal, South Africa",https://www.google.com/maps/place/Supatech+Tyre+%26+Exhaust/data=!4m7!3m6!1s0x1efa17566a8393df:0xb3d4fcfdfc3fc4d8!8m2!3d-28.7716788!4d31.908911!16s%2Fg%2F1pzsqjcr3!19sChIJ35ODalYX-h4R2MQ__P381LM
TYRE CORPORATION,Auto repair shop,"108 Alumina Allee St, Alton, Richards Bay, 3900",,,035 797 5770,no,,5.0,1,open,-28.7442886,32.0346971,"tyre shops in Richards Bay, KwaZulu-Natal, South Africa",https://www.google.com/maps/place/TYRE+CORPORATION/data=!4m7!3m6!1s0x1efa22d430a1dd61:0xd376c4fcb76a7aad!8m2!3d-28.7442886!4d32.0346971!16s%2Fg%2F11ggb8_gzx!19sChIJYd2hMNQi-h4RrXpqt_zEdtM
Umhlathuze Auto Care & Repairs,Auto repair shop,"122 Dollar Dr, Richards Bay Central, Richards Bay, 3900",Richards Bay Central,Richards Bay,076 747 6400,no,,3,4,open,-28.7483829,32.0469483,"car repair mechanics in Richards Bay, KwaZulu-Natal, South Africa",https://www.google.com/maps/place/?q=place_id:ChIJZ74q69Yi-h4Ryg3tt0Nz2zI&cid=0x1efa22d6eb2abe67:0x32db7343b7ed0dca
Umhlathuze Radiators & Aircons Regas,Auto repair shop,"10 Rupee Rif, Richards Bay Central, Richards Bay, 3900",,,035 789 2057,no,,,,open,-28.7472815,32.0489231,"air conditioning installation in Richards Bay, KwaZulu-Natal, South Africa",https://www.google.com/maps/place/Umhlathuze+Radiators+%26+Aircons+Regas/data=!4m7!3m6!1s0x1efa23255abaef67:0x8c6880077fc005d7!8m2!3d-28.7472815!4d32.0489231!16s%2Fg%2F1pzs_1386!19sChIJZ--6WiUj-h4R1wXAfweAaIw
Value Auto Care,Auto repair shop,"38 Dollar Dr, Richards Bay Central, Richards Bay, 3900",,,035 789 0383,yes,http://valueautocare.co.za/,4.3,290,open,-28.757457,32.043455,"car wash in Richards Bay, KwaZulu-Natal, South Africa",https://www.google.com/maps/place/Value+Auto+Care/data=!4m7!3m6!1s0x1efa232380d8039b:0xf41cfa8b17036cd8!8m2!3d-28.757457!4d32.043455!16s%2Fg%2F1pzq_156c!19sChIJmwPYgCMj-h4R2GwDF4v6HPQ
Zululand Springsmiths,Auto repair shop,"Springsmith Factory:, 2 Kabelring, Alton, Richards Bay, 3900",,,072 182 7983,no,,4.4,25,open,-28.7654809,32.0082397,"air conditioning installation in Richards Bay, KwaZulu-Natal, South Africa",https://www.google.com/maps/place/Zululand+Springsmiths/data=!4m7!3m6!1s0x1efa22bcab4698a3:0x4ab65cab1ac2c0d6!8m2!3d-28.7654809!4d32.0082397!16s%2Fg%2F11b6ds_9jw!19sChIJo5hGq7wi-h4R1sDCGqtctko
Met Auto Electrical,Automotive,"1, Richards Bay Central, Richards Bay, 3900",,,,no,,,,open,-28.7478,32.04676,"auto electricians in Richards Bay, KwaZulu-Natal, South Africa",https://www.google.com/maps/place/Met+Auto+Electrical/data=!4m7!3m6!1s0x1efa232565abb2c7:0x9ea2730062c46694!8m2!3d-28.7478!4d32.04676!16s%2Fg%2F1tstmxxj!19sChIJx7KrZSUj-h4RlGbEYgBzop4
Trentyre - Richards Bay,Automotive,"29 Brass Link, Alton, Richards Bay",Alton,Richards Bay,076 852 3309,yes,https://www.sayellow.com/view/south-africa/trentyre-richards-bay-in-richards-bay,4.1,14,open,-28.7510318,32.0234947,"tyre shops in Richards Bay, KwaZulu-Natal, South Africa",https://www.google.com/maps/place/?q=place_id:ChIJJ7OiGs8i-h4R1LF8m1zJGK8&cid=0x1efa22cf1aa2b327:0xaf18c95c9b7cb1d4
Albany Bakery - Empangeni,Bakery,"3 3rd St, Kuleka, Empangeni, 3880",Kuleka,Empangeni,035 787 2059,no,,4.7,32,open,-28.7775218,31.900879,"bakery in Richards Bay, KwaZulu-Natal, South Africa",https://www.google.com/maps/place/?q=place_id:ChIJn-i84u4b-h4R9pk3RllOawM&cid=0x1efa1beee2bce89f:0x36b4e59463799f6
Azaan's Cake Creations,Bakery,"19 Hoopoe Hide Away, Birdswood, Richards Bay, 3900",,,076 764 7759,no,,5.0,2,open,-28.7332791,32.0849069,"bakery in Richards Bay, KwaZulu-Natal, South Africa",https://www.google.com/maps/place/Azaan%27s+Cake+Creations/data=!4m7!3m6!1s0x1efa2512678209b5:0x49cb4b2275245590!8m2!3d-28.7332791!4d32.0849069!16s%2Fg%2F11jy58tqg6!19sChIJtQmCZxIl-h4RkFUkdSJLy0k
Bay Cakes,Bakery,"114 Krewelkring, Meer En See, Richards Bay, 3901",Meer En See,Richards Bay,084 534 2463,no,,4,1,open,-28.776827599999997,32.1046696,"bakery in Richards Bay, KwaZulu-Natal, South Africa",https://www.google.com/maps/place/?q=place_id:ChIJn-S3XQMl-h4Rh42G3bDD80o&cid=0x1efa25035db7e49f:0x4af3c3b0dd868d87
Cakes by Acoustic Creations,Bakery,"Acoustic Creations, Arboretum, Richards Bay, 3900",Arboretum,Richards Bay,073 325 1832,no,,,,open,-28.7654073,32.066408599999995,"bakery in Richards Bay, KwaZulu-Natal, South Africa",https://www.google.com/maps/place/?q=place_id:ChIJbWa_rR0j-h4R3K-zLJZrxIo&cid=0x1efa231dadbf666d:0x8ac46b962cb3afdc
Corner Bakery,Bakery,"73 Alumina Allee St, Alton, Richards Bay",,,,no,,,,open,-28.7602335,32.0226139,"bakery in Richards Bay, KwaZulu-Natal, South Africa",https://www.google.com/maps/place/Corner+Bakery/data=!4m7!3m6!1s0x1efa22c3c089459f:0xbb9aba302f5c3a0a!8m2!3d-28.7602335!4d32.0226139!16s%2Fg%2F11nym0xl1h!19sChIJn0WJwMMi-h4RCjpcLzC6mrs
Crazy Cravings,Bakery,"Honey Suckle, Veld En Vlei, Richards Bay, 3900",,,076 424 6337,no,,,,open,-28.738773,32.0684849,"bakery in Richards Bay, KwaZulu-Natal, South Africa",https://www.google.com/maps/place/Crazy+Cravings/data=!4m7!3m6!1s0x1efa231042194863:0x827b5940567985ec!8m2!3d-28.738773!4d32.0684849!16s%2Fg%2F11mpc47txy!19sChIJY0gZQhAj-h4R7IV5VkBZe4I
Daniels bakery,Bakery,"Mdlebentshona, main road, Esikhawini H, Richards Bay, 3887",,,072 106 1875,no,,5.0,1,open,-28.8746428,31.8962592,"bakery in Richards Bay, KwaZulu-Natal, South Africa",https://www.google.com/maps/place/Daniels+bakery/data=!4m7!3m6!1s0x1efa1d3de1df639d:0x1e29c9601e3bc6a6!8m2!3d-28.8746428!4d31.8962592!16s%2Fg%2F11htq8ps8x!19sChIJnWPf4T0d-h4RpsY7HmDJKR4
Dessert'ed,Bakery,"7 Tassel-Berry, Arboretum, Richards Bay, 3900",,,073 344 1158,no,,,,open,-28.7552683,32.0570886,"bakery in Richards Bay, KwaZulu-Natal, South Africa",https://www.google.com/maps/place/Dessert%27ed/data=!4m7!3m6!1s0x1efa2360512f1025:0x29674fd3cae25954!8m2!3d-28.7552683!4d32.0570886!16s%2Fg%2F11y31rsh64!19sChIJJRAvUWAj-h4RVFniytNPZyk
Dreamy Cups Bakery & Supplies,Bakery,"Shop 3, 41 Bullion Blvd, Richards Bay Central, Richards Bay, 3900",Richards Bay Central,Richards Bay,081 845 8162,no,,5,5,open,-28.747619999999998,32.04895,"bakery in Richards Bay, KwaZulu-Natal, South Africa",https://www.google.com/maps/place/?q=place_id:ChIJdURuCXEj-h4RUw0U_zzfy_U&cid=0x1efa2371096e4475:0xf5cbdf3cff140d53
Francis Pies (Pty) Ltd,Bakery,"Pelican Parade, 26 Pelican Hide, Birdswood, Richards Bay, 3900",Birdswood,Richards Bay,063 803 7797,yes,https://francispies.carrd.co/,5,8,open,-28.7411227,32.0827458,"bakery in Richards Bay, KwaZulu-Natal, South Africa",https://www.google.com/maps/place/?q=place_id:ChIJkWQeBvIj-h4R8xigiMZjtJg&cid=0x1efa23f2061e6491:0x98b463c688a018f3
Gerda's D'vine cakes and catering services,Bakery,"4 Bauhinia bend road, Arboretum, Richards Bay, 3901",Arboretum,Richards Bay,076 467 1411,no,,4.4,7,open,-28.74787,32.05881,"bakery in Richards Bay, KwaZulu-Natal, South Africa",https://www.google.com/maps/place/?q=place_id:ChIJzenh6SMl-h4RZdannhRGUGg&cid=0x1efa2523e9e1e9cd:0x685046149ea7d665
HeavenSent Cakery,Bakery,"60 Cinnamon Cres, Brackenham, Richards Bay, 3900",Brackenham,Richards Bay,067 247 2074,no,,4.9,38,open,-28.726020499999997,32.045210499999996,"bakery in Richards Bay, KwaZulu-Natal, South Africa",https://www.google.com/maps/place/?q=place_id:ChIJTcXzh1E9-h4Rjce7Ml9WriU&cid=0x1efa3d5187f3c54d:0x25ae565f32bbc78d
Latash Creations,Bakery,"28 Bontebokboog, Wild En Weide, Richards Bay, 3900",,,,no,,5.0,1,open,-28.7343316,32.0445351,"bakery in Richards Bay, KwaZulu-Natal, South Africa",https://www.google.com/maps/place/Latash+Creations/data=!4m7!3m6!1s0x1efa3dda08c3c3c3:0x5c14ebd1257bd8b0!8m2!3d-28.7343316!4d32.0445351!16s%2Fg%2F11s33bfjmb!19sChIJw8PDCNo9-h4RsNh7JdHrFFw
Lydias Bakery,Bakery,"Nzalabantu cross roads Ward 5 Meerensee, Richards Bay, 3901",,Richards Bay,078 839 1699,no,,5,2,open,-28.718008899999997,32.1712851,"bakery in Richards Bay, KwaZulu-Natal, South Africa",https://www.google.com/maps/place/?q=place_id:ChIJEcpKSbgl-h4Rp8IiObuvy7Y&cid=0x1efa25b8494aca11:0xb6cbafbb3922c2a7
Manellys sweet tooth,Bakery,"Gobandlovu reserve, Esikhawini H, Richards Bay, 3887",,,073 447 2387,no,,,,open,-28.852176,31.9157855,"bakery in Richards Bay, KwaZulu-Natal, South Africa",https://www.google.com/maps/place/Manellys+sweet+tooth/data=!4m7!3m6!1s0x1efa199941addca1:0x351b9306c22bc314!8m2!3d-28.852176!4d31.9157855!16s%2Fg%2F11m_552778!19sChIJodytQZkZ-h4RFMMrwgaTGzU
Oh yes,Bakery,"Phase 3, Richards Bay - New, Richards Bay, 3900",,,073 794 4655,no,,,,open,-28.7439168,32.1044165,"bakery in Richards Bay, KwaZulu-Natal, South Africa",https://www.google.com/maps/place/Oh+yes/data=!4m7!3m6!1s0x1efa255d94e3fa05:0x9e27e378a87bde80!8m2!3d-28.7439168!4d32.1044165!16s%2Fg%2F11mrl45jkm!19sChIJBfrjlF0l-h4RgN57qHjjJ54
Owesi's Bakeries & Meals,Bakery,"I097, Dune Route, Mzingazi, Richards Bay",,,,no,,5.0,1,open,-28.7448562,32.1466366,"bakery in Richards Bay, KwaZulu-Natal, South Africa",https://www.google.com/maps/place/Owesi%27s+Bakeries+%26+Meals/data=!4m7!3m6!1s0x1efa25b76c465b67:0x52a885e01ea24f6b!8m2!3d-28.7448562!4d32.1466366!16s%2Fg%2F11tmk7h8vq!19sChIJZ1tGbLcl-h4Ra0-iHuCFqFI
Premier FMCG - Richards Bay,Bakery,"Alton, Richards Bay",,,035 492 0099,yes,http://www.premierfmcg.com/,,,open,-28.7357101,32.0391127,"bakery in Richards Bay, KwaZulu-Natal, South Africa",https://www.google.com/maps/place/Premier+FMCG+-+Richards+Bay/data=!4m7!3m6!1s0x1efa3d005e4072b5:0xb31bc65270f7afe1!8m2!3d-28.7357101!4d32.0391127!16s%2Fg%2F11mrg5m_rx!19sChIJtXJAXgA9-h4R4a_3cFLGG7M
Sasko Stanger Bakery,Bakery,"97 Alumina Allee St, Alton, Richards Bay, 3900",Alton,Richards Bay,035 797 3333,no,,4,6,open,-28.755129999999998,32.024969999999996,"bakery in Richards Bay, KwaZulu-Natal, South Africa",https://www.google.com/maps/place/?q=place_id:ChIJ7SxZkpUi-h4RfUcFF99iGJ0&cid=0x1efa229592592ced:0x9d1862df1705477d
Sips Sweet Cakes,Bakery,"1 Launder Ln, Meer En See, Richards Bay, 3901",Meer En See,Richards Bay,073 814 1115,no,,5,3,open,-28.790739199999997,32.0954946,"bakery in Richards Bay, KwaZulu-Natal, South Africa",https://www.google.com/maps/place/?q=place_id:ChIJgTtfwaMl-h4RlvMgBCh-P3U&cid=0x1efa25a3c15f3b81:0x753f7e280420f396
Snehz Delectable Cakes,Bakery,"2642 Mhlalankosi St, Esikhawini H, Richards Bay, 3887",Esikhawini H,Richards Bay,082 068 0822,yes,https://www.facebook.com/profile.php?id=61564334987716&mibextid=ZbWKwL,5,9,open,-28.8660158,31.9194252,"bakery in Richards Bay, KwaZulu-Natal, South Africa",https://www.google.com/maps/place/?q=place_id:ChIJkVbVvT0f-h4RoDKcu5-V8Oo&cid=0x1efa1f3dbdd55691:0xeaf0959fbb9c32a0
Sugar & Spice Boardwalk,Bakery,"11 Penny Ln, Richards Bay Central, Richards Bay, 3900",Richards Bay Central,Richards Bay,061 566 2681,no,,5,1,open,-28.7534423,32.0503625,"bakery in Richards Bay, KwaZulu-Natal, South Africa",https://www.google.com/maps/place/?q=place_id:ChIJq_NBupsj-h4RrYzIrscGSGU&cid=0x1efa239bba41f3ab:0x654806c7aec88cad
Sweet escape,Bakery,,,,082 642 7388,yes,https://sites.google.com/view/sweetescaperichardsbay,4.0,1,open,-28.7381714,32.063818,"bakery in Richards Bay, KwaZulu-Natal, South Africa",https://www.google.com/maps/place/Sweet+escape/data=!4m7!3m6!1s0x8423379f2f15661b:0xc0f5ef9b68865103!8m2!3d-28.7381714!4d32.063818!16s%2Fg%2F11zkhxjkpl!19sChIJG2YVL583I4QRA1GGaJvv9cA
Tiny Chef Bakes,Bakery,"Elephant Walk, Wild En Weide, Richards Bay, 3900",Wild En Weide,Richards Bay,083 251 8349,yes,https://www.instagram.com/tiny_chef_bakes?stkn=MXJhdzk0N3plbmVneA==,,,open,-28.736851899999998,32.0491619,"bakery in Richards Bay, KwaZulu-Natal, South Africa",https://www.google.com/maps/place/?q=place_id:ChIJ-fts6XYj-h4RZKYs5_tzgBM&cid=0x1efa2376e96cfbf9:0x138073fbe72ca664
Tjips & Tjoklits Wedding Cakes,Bakery,"9 Drongo Domain, Birdswood, Richards Bay, 3900",Birdswood,Richards Bay,082 922 9081,no,,4.6,47,open,-28.7342804,32.080114099999996,"bakery in Richards Bay, KwaZulu-Natal, South Africa",https://www.google.com/maps/place/?q=place_id:ChIJoSzcnXcj-h4RDRYernS1Gjs&cid=0x1efa23779ddc2ca1:0x3b1ab574ae1e160d
Sundowner Bar,Bar,"and, Corner of Hibberd Drive, Krewelkring, Meer En See, Richards Bay, 3901",Meer En See,Richards Bay,035 797 3332,yes,https://www.imvubulodge.co.za/,4.2,928,open,-28.794726299999997,32.102616,"restaurants in Richards Bay, KwaZulu-Natal, South Africa",https://www.google.com/maps/place/?q=place_id:ChIJY23g1Rkk-h4RooecvJXEvMw&cid=0x1efa2419d5e06d63:0xccbcc495bc9c87a2
The Ranch,Bar,"Essenwood Ctr Essenwood Way, Richards Bay, 3900",,,035 787 0914,no,,3.9,132,open,-28.7556626,32.0662102,"restaurants in Richards Bay, KwaZulu-Natal, South Africa",https://www.google.com/maps/place/The+Ranch/data=!4m7!3m6!1s0x1efa236a1e05215f:0xcbd3ff4b9e007fb0!8m2!3d-28.7556626!4d32.0662102!16s%2Fg%2F11b6df7d2k!19sChIJXyEFHmoj-h4RsH8Ankv_08s
035fresh_cuts,Barber shop,"Barbados Bay, Richards Bay Central, Richards Bay, 3900",Richards Bay Central,Richards Bay,078 273 5369,no,,4.9,18,open,-28.751627199999998,32.050103799999995,"barbers in Richards Bay, KwaZulu-Natal, South Africa",https://www.google.com/maps/place/?q=place_id:ChIJrRvgrasj-h4R1OuBO4L6T1M&cid=0x1efa23abade01bad:0x534ffa823b81ebd4
Barber on the Bay,Barber shop,"53 Anglers Rd, Meer En See, Richards Bay, 3901",Meer En See,Richards Bay,065 998 9070,no,,4.5,11,open,-28.7816679,32.0999785,"barbers in Richards Bay, KwaZulu-Natal, South Africa",https://www.google.com/maps/place/?q=place_id:ChIJTUkcPaYl-h4RczPUu3PhHpc&cid=0x1efa25a63d1c494d:0x971ee173bbd43373
CBH hair cut barbershop,Barber shop,"Phase 1, CBH haircut barbershop, Richards Bay - New, Richards Bay, 3900",Richards Bay - New,Richards Bay,079 924 7401,no,,,,open,-28.7377613,32.103706599999995,"barbers in Richards Bay, KwaZulu-Natal, South Africa",https://www.google.com/maps/place/?q=place_id:ChIJfWGD9tEl-h4RFJr8O3Cjux4&cid=0x1efa25d1f683617d:0x1ebba3703bfc9a14
Classic_empire_cutz barbershop 💈,Barber shop,"Suite 6, Absa Building, 7 Penny Lane, 1 st Floor, Richards Bay, 3900",Richards Bay Central,Richards Bay,063 207 2237,no,,5,3,open,-28.752084699999997,32.0502159,"barbers in Richards Bay, KwaZulu-Natal, South Africa",https://www.google.com/maps/place/?q=place_id:ChIJc332tvoj-h4RkdQFyBVDywk&cid=0x1efa23fab6f67d73:0x9cb4315c805d491
Cleanedup barbershop,Barber shop,"haiti mall, 14 Lira Link, Richards Bay Central, Richards Bay, 3900",,,063 178 5642,no,,4.3,37,open,-28.751102,32.0534869,"hairdressers in Richards Bay, KwaZulu-Natal, South Africa",https://www.google.com/maps/place/Cleanedup+barbershop/data=!4m7!3m6!1s0x1efa232f9c6d9ad1:0x28694b52de5245c4!8m2!3d-28.751102!4d32.0534869!16s%2Fg%2F11jk81hs0g!19sChIJ0ZptnC8j-h4RxEVS3lJLaSg
Ideal Barber Shop,Barber shop,"Richards Bay Central, Richards Bay, 3900",Richards Bay Central,Richards Bay,072 171 5512,no,,4.4,26,open,-28.752367399999997,32.0539248,"barbers in Richards Bay, KwaZulu-Natal, South Africa",https://www.google.com/maps/place/?q=place_id:ChIJUxWlcg8j-h4RzZhjEyQs5xE&cid=0x1efa230f72a51553:0x11e72c24136398cd
Legends Barbershop,Barber shop,"Krugerrand Grv, Richards Bay Central, Richards Bay, 3900",Richards Bay Central,Richards Bay,035 760 1200,yes,https://legends-barber.com/store-locator/boardwalk-mall/,4.8,234,open,-28.7527334,32.0506369,"hairdressers in Richards Bay, KwaZulu-Natal, South Africa",https://www.google.com/maps/place/?q=place_id:ChIJuS9UQTAj-h4R-nEybmzwDIg&cid=0x1efa233041542fb9:0x880cf06c6e3271fa
Master Barber,Barber shop,"Esikhawini H, Richards Bay, 3887",,,,no,,,,open,-28.8753906,31.904211,"barbers in Richards Bay, KwaZulu-Natal, South Africa",https://www.google.com/maps/place/Master+Barber/data=!4m7!3m6!1s0x1efa1f000ba2e055:0x61f4a0ef856144da!8m2!3d-28.8753906!4d31.904211!16s%2Fg%2F11zfhsh0vw!19sChIJVeCiCwAf-h4R2kRhhe-g9GE
Modern Gents Barber,Barber shop,"Calypso centre, Calypso Cove, Richards Bay Central, Richards Bay, 3900",Richards Bay Central,Richards Bay,083 964 3666,no,,5,9,open,-28.751889499999997,32.0525532,"barbers in Richards Bay, KwaZulu-Natal, South Africa",https://www.google.com/maps/place/?q=place_id:ChIJJ08ZHLkj-h4RdVwKoM0QCAk&cid=0x1efa23b91c194f27:0x90810cda00a5c75
Nova Barber Studio,Barber shop,"Mdlebe Ntshona Rd, Esikhawini J, Richards Bay, 3887",Esikhawini J,Richards Bay,069 331 7404,yes,https://novabarberstudio.co.za/,,,open,-28.872204399999998,31.8991144,"barbers in Richards Bay, KwaZulu-Natal, South Africa",https://www.google.com/maps/place/?q=place_id:ChIJq43XCgAd-h4RyMEqgNL8eHM&cid=0x1efa1d000ad78dab:0x7378fcd2802ac1c8
SIMCRUSH BARBERSHOP,Barber shop,"Empangeni, Matshana, 3880",Empangeni,Matshana,067 660 1080,no,,,,open,-28.7608213,31.8961047,"barbers in Richards Bay, KwaZulu-Natal, South Africa",https://www.google.com/maps/place/?q=place_id:ChIJ02NjLuoR-h4RrG8JAHrUHf4&cid=0x1efa11ea2e6363d3:0xfe1dd47a00096fac
The Golden Touch Spa & Barber,Barber shop,"110 Rex Henderson Rd, Central Park, Empangeni, 3880",Central Park,Empangeni,068 105 5546,no,,5,2,open,-28.7533732,31.8967913,"barbers in Richards Bay, KwaZulu-Natal, South Africa",https://www.google.com/maps/place/?q=place_id:ChIJJ7Zq5TAR-h4RjE4fIOgUE3E&cid=0x1efa1130e56ab627:0x711314e8201f4e8c
The Mates Barbershop,Barber shop,"15 Union St, Empangeni Central, Empangeni, 3880",Empangeni Central,Empangeni,083 991 4628,no,,5,8,open,-28.741991199999998,31.893123499999998,"barbers in Richards Bay, KwaZulu-Natal, South Africa",https://www.google.com/maps/place/?q=place_id:ChIJgdHlYAAR-h4Rf9kOmg68wTM&cid=0x1efa110060e5d181:0x33c1bc0e9a0ed97f
The Omnia Barbershop,Barber shop,"6 Mark Strasse, Richards Bay Central, Richards Bay, 3900",Richards Bay Central,Richards Bay,063 121 9936,no,,4.2,48,open,-28.754754,32.051929,"hairdressers in Richards Bay, KwaZulu-Natal, South Africa",https://www.google.com/maps/place/?q=place_id:ChIJi4c1Dj0j-h4REF7ThsDBKCA&cid=0x1efa233d0e35878b:0x2028c1c086d35e10
Town square barber shop,Barber shop,"Bullion Blvd, Richards Bay Central, Richards Bay, 3900",Richards Bay Central,Richards Bay,074 517 4488,no,,4.2,13,open,-28.7464555,32.0510169,"barbers in Richards Bay, KwaZulu-Natal, South Africa",https://www.google.com/maps/place/?q=place_id:ChIJO-28_CMj-h4R0SksjtVZkS0&cid=0x1efa2323fcbced3b:0x2d9159d58e2c29d1
Arabella Spa Excellence,Beauty salon,"14B Whydah Wing, Birdswood, Richards Bay, 3901",Birdswood,Richards Bay,035 786 0318,no,,4.6,58,open,-28.7404755,32.076604599999996,"hairdressers in Richards Bay, KwaZulu-Natal, South Africa",https://www.google.com/maps/place/?q=place_id:ChIJ8ZJmYLMj-h4RQu6PIJzQPBg&cid=0x1efa23b3606692f1:0x183cd09c208fee42
Bethel beauty and wellness,Beauty salon,"12022ntsingimpisi, Mzingazi village, Richards Bay, 3900",Mzingazi village,Richards Bay,082 380 3604,yes,https://www.tiktok.com/@bethelbeautywellness?_r=1&_t=ZS-96lb9XxXySK,5,7,open,-28.737751,32.1488569,"beauty salons in Richards Bay, KwaZulu-Natal, South Africa",https://www.google.com/maps/place/?q=place_id:ChIJm3rdBOcl-h4RXuUV2vrUQHs&cid=0x1efa25e704dd7a9b:0x7b40d4fada15e55e
Body Basics,Beauty salon,"4 Ladyfish Nook, Meer En See, Richards Bay, 3901",Meer En See,Richards Bay,084 470 0911,yes,http://facebook.com/Body-Basics-Richards-Bay-578582482297666/?fref=ts,4.5,14,open,-28.778792,32.102619,"day spas in Richards Bay, KwaZulu-Natal, South Africa",https://www.google.com/maps/place/?q=place_id:ChIJx4TDZWkk-h4R2gDFMqOD3Og&cid=0x1efa246965c384c7:0xe8dc83a332c500da
Ellen's Hair Salon,Beauty salon,"Dune Route, Richards Bay - New, Richards Bay, 3900",Richards Bay - New,Richards Bay,063 386 8838,no,,5,2,open,-28.757562999999998,32.1339976,"hairdressers in Richards Bay, KwaZulu-Natal, South Africa",https://www.google.com/maps/place/?q=place_id:ChIJK69DQAAl-h4RnPMuvTlrWYU&cid=0x1efa25004043af2b:0x85596b39bd2ef39c
Elysian Nails,Beauty salon,"2 Mkhulu Cres, Arboretum, Richards Bay, 3900",Arboretum,Richards Bay,081 620 7694,no,,,,open,-28.7609908,32.0681645,"nail salons in Richards Bay, KwaZulu-Natal, South Africa",https://www.google.com/maps/place/?q=place_id:ChIJQ5Kf6U8j-h4R8wOUqhpdeLU&cid=0x1efa234fe99f9243:0xb5785d1aaa9403f3
Hair Quarters 101,Beauty salon,"59 Anglers Rod, Meer En See, Richards Bay, 3901",Meer En See,Richards Bay,072 102 2637,no,,5,10,open,-28.7830907,32.106007999999996,"hairdressers in Richards Bay, KwaZulu-Natal, South Africa",https://www.google.com/maps/place/?q=place_id:ChIJve4Ur2ok-h4RSPsPokctLSc&cid=0x1efa246aaf14eebd:0x272d2d47a20ffb48
Helena Maritz Nail & Beauty,Beauty salon,"17 Leatherback, Meer En See, Richards Bay, 3901",,,081 831 0883,yes,https://www.facebook.com/profile.php?id=100087487691703,5.0,75,open,-28.7735647,32.1136141,"hairdressers in Richards Bay, KwaZulu-Natal, South Africa",https://www.google.com/maps/place/Helena+Maritz+Nail+%26+Beauty/data=!4m7!3m6!1s0x1efa25001752e775:0xec52c81634034394!8m2!3d-28.7735647!4d32.1136141!16s%2Fg%2F11wqbdnj6f!19sChIJdedSFwAl-h4RlEMDNBbIUuw
Kaytee's Beauty Corner,Beauty salon,"24 Begonia Brim, Veld En Vlei, Richards Bay, 3900",,,083 562 6370,no,,4.8,24,open,-28.7373926,32.0517166,"hairdressers in Richards Bay, KwaZulu-Natal, South Africa",https://www.google.com/maps/place/Kaytee%27s+Beauty+Corner/data=!4m7!3m6!1s0x1efa232b892c699b:0xf37b7475e05f4711!8m2!3d-28.7373926!4d32.0517166!16s%2Fg%2F11tgckrpvr!19sChIJm2ksiSsj-h4REUdf4HV0e_M
Nails on the Go,Beauty salon,"17 Thrush Trail, Birdswood, Richards Bay, 3900",Birdswood,Richards Bay,076 734 5985,yes,https://webconstructdesign.wixsite.com/nailsonthego,5,11,open,-28.74112,32.0730193,"nail salons in Richards Bay, KwaZulu-Natal, South Africa",https://www.google.com/maps/place/?q=place_id:ChIJ05ZTNIk7Sg4Rb2xRgY6IDUc&cid=0xe4a3b89345396d3:0x470d888e81516c6f
Ngoni Bliss Day Spa,Beauty salon,"1 Antelope Alley, Wild En Weide, Richards Bay, 3900",Wild En Weide,Richards Bay,072 633 8853,no,,,,open,-28.736618,32.045001,"day spas in Richards Bay, KwaZulu-Natal, South Africa",https://www.google.com/maps/place/?q=place_id:ChIJeX2yhRk9-h4RnESuF34sChI&cid=0x1efa3d1985b27d79:0x120a2c7e17ae449c
Pecurliar Beauty Salon,Beauty salon,"Shop no 7A, Boulevard Shopping Centre, Richards Bay Central, Richards Bay, 3900",,,074 482 3565,no,,4.0,4,open,-28.7501755,32.0553349,"hairdressers in Richards Bay, KwaZulu-Natal, South Africa",https://www.google.com/maps/place/Pecurliar+Beauty+Salon/data=!4m7!3m6!1s0x1efa233aa3ecb0c9:0x391c93e6bdb826a6!8m2!3d-28.7501755!4d32.0553349!16s%2Fg%2F11ty5xwl0r!19sChIJybDsozoj-h4Rpia4veaTHDk
Pumula Beauty & Aesthetics,Beauty salon,"103 Krewelkring, Meer En See, Richards Bay, 3901",Meer En See,Richards Bay,071 539 6156,yes,http://www.pumuladayspa.co.za/,4.8,69,open,-28.776632199999998,32.1028377,"day spas in Richards Bay, KwaZulu-Natal, South Africa",https://www.google.com/maps/place/?q=place_id:ChIJJRriYyIl-h4RRmveQVrUOJA&cid=0x1efa252263e21a25:0x9038d45a41de6b46
Pure Glow Beauty,Beauty salon,"17 Leatherback, Meer En See, Richards Bay, 3901",,,067 417 0936,yes,http://pureglow.co.za/,4.9,28,open,-28.7735883,32.1136775,"hairdressers in Richards Bay, KwaZulu-Natal, South Africa",https://www.google.com/maps/place/Pure+Glow+Beauty/data=!4m7!3m6!1s0x1efa25deff298d6d:0x84b3c02421dd8880!8m2!3d-28.7735883!4d32.1136775!16s%2Fg%2F11hdxxwblp!19sChIJbY0p_94l-h4RgIjdISTAs4Q
SS Beauty Bar,Beauty salon,"Unit 8, Meprax Building, Barbados Street, Richards Bay Central, Richards Bay, 3900",,,079 302 5824,no,,4.0,1,open,-28.7531764,32.043969,"hairdressers in Richards Bay, KwaZulu-Natal, South Africa",https://www.google.com/maps/place/SS+Beauty+Bar/data=!4m7!3m6!1s0x1efa234be154887d:0x1d0922ae3d5a901e!8m2!3d-28.7531764!4d32.043969!16s%2Fg%2F11y_zw75r0!19sChIJfYhU4Usj-h4RHpBaPa4iCR0
Serenity Hair & Beauty Salon,Beauty salon,"56 Anglers Rod, Meer En See, Richards Bay, 3901",Meer En See,Richards Bay,083 369 9806,no,,5,3,open,-28.781981899999998,32.101959799999996,"hairdressers in Richards Bay, KwaZulu-Natal, South Africa",https://www.google.com/maps/place/?q=place_id:ChIJQS-3snuadk8RIPtS5ILlhbw&cid=0x4f769a7bb2b72f41:0xbc85e582e452fb20
Skincare International,Beauty salon,"Shop 2, Monteg Park, 15 Lira Link, CBD, Richards Bay, 3900",CBD,Richards Bay,035 789 5776,no,,4.7,15,open,-28.7518769,32.054352099999996,"day spas in Richards Bay, KwaZulu-Natal, South Africa",https://www.google.com/maps/place/?q=place_id:ChIJQeKeODwj-h4RGh-E-5kyXVI&cid=0x1efa233c389ee241:0x525d3299fb841f1a
Slie's Nails,Beauty salon,"Shop 3, Exclusive Beauty, Bullion Blvd, Richards Bay Central, Richards Bay, 3900",Richards Bay Central,Richards Bay,078 410 7556,no,,5,4,open,-28.7584065,32.0442885,"nail salons in Richards Bay, KwaZulu-Natal, South Africa",https://www.google.com/maps/place/?q=place_id:ChIJlZk2GjEj-h4R2y0kIDQFD7c&cid=0x1efa23311a369995:0xb70f053420242ddb
Sorbet Salon,Beauty salon,"Shop U025, Boardwalk Inkwazi Shopping Centre, Krugerrand Grv, Richards Bay Central, Richards Bay, 3900",,,035 789 1214,yes,https://stores.salonssorbet.co.za/kwazulu-natal/richards-bay/boardwalk-inkwazi-shopping-centre-shop-u025?y_source=1_MjUwODg4OTUtNzE1LWxvY2F0aW9uLndlYnNpdGU%3D,3.8,79,open,-28.7521751,32.051539,"hairdressers in Richards Bay, KwaZulu-Natal, South Africa",https://www.google.com/maps/place/Sorbet+Salon/data=!4m7!3m6!1s0x1efa2322d4150607:0x4fe43805a10d861a!8m2!3d-28.7521751!4d32.051539!16s%2Fg%2F11g81s1yq2!19sChIJBwYV1CIj-h4RGoYNoQU45E8
Tas Laser & Aesthetics,Beauty salon,"56 Via Cassiandra, Arboretum, Richards Bay, 3900",,,073 492 3266,yes,https://taslaseraesthetics.co.za/,4.8,35,open,-28.76552,32.05157,"massage therapists in Richards Bay, KwaZulu-Natal, South Africa",https://www.google.com/maps/place/Tas+Laser+%26+Aesthetics/data=!4m7!3m6!1s0x1efa231038848f89:0x38d164569ab7ebeb!8m2!3d-28.76552!4d32.05157!16s%2Fg%2F1pzxmz12j!19sChIJiY-EOBAj-h4R6-u3mlZk0Tg
The Glitter Box Spa,Beauty salon,,,,084 365 7321,no,,5.0,14,open,-34.6283864,27.2516952,"day spas in Richards Bay, KwaZulu-Natal, South Africa",https://www.google.com/maps/place/The+Glitter+Box+Spa/data=!4m7!3m6!1s0x1efa3dc79ef93f6f:0xf965c7a5c88cc8ee!8m2!3d-34.6283864!4d27.2516952!16s%2Fg%2F11h1hnckz5!19sChIJbz_5nsc9-h4R7siMyKXHZfk
Zar hair and beauty Salon,Beauty salon,"Lakeside Mall shop no 32, Richards Bay, 3900",Richards Bay Central,Richards Bay,071 590 2426,no,,4.2,5,open,-28.7523999,32.0529705,"hairdressers in Richards Bay, KwaZulu-Natal, South Africa",https://www.google.com/maps/place/?q=place_id:ChIJdYZnQRIj-h4RXMym4QqNvmE&cid=0x1efa231241678675:0x61be8d0ae1a6cc5c
Zee Beauty Salon,Beauty salon,"Suite 5, Promenade Building, Richards Bay Central, Richards Bay, 3900",,,073 140 5394,no,,2.0,1,open,-28.7528137,32.0531971,"hairdressers in Richards Bay, KwaZulu-Natal, South Africa",https://www.google.com/maps/place/Zee+Beauty+Salon/data=!4m7!3m6!1s0x1efa234641bceb7f:0x265f71401841cfca!8m2!3d-28.7528137!4d32.0531971!16s%2Fg%2F11yq5ntsbf!19sChIJf-u8QUYj-h4Rys9BGEBxXyY
Taffy's Beauty academy,Beauty school,"14 Lira Link, Richards Bay Central, Richards Bay, 3900",,,071 274 3410,no,,4.5,8,open,-28.751102,32.0534869,"beauty salons in Richards Bay, KwaZulu-Natal, South Africa",https://www.google.com/maps/place/Taffy%27s+Beauty+academy/data=!4m7!3m6!1s0x1efa2328d4d8852b:0x6e2a15856a6c8301!8m2!3d-28.751102!4d32.0534869!16s%2Fg%2F11lmm456gb!19sChIJK4XY1Cgj-h4RAYNsaoUVKm4
Emangunini Guest House,Bed & breakfast,"18 Knorhaanbaai, Meer En See, Richards Bay, 3901",Meer En See,Richards Bay,071 418 2726,yes,http://www.emangunini.co.za/,4.2,111,open,-28.780208,32.105826,"guest houses in Richards Bay, KwaZulu-Natal, South Africa",https://www.google.com/maps/place/?q=place_id:ChIJo_LBcWok-h4Rt2zHKhS0cDE&cid=0x1efa246a71c1f2a3:0x3170b4142ac76cb7
"Nomusa's Bed and Breakfast (Richards bay, KwaZulu-Natal, South Africa)",Bed & breakfast,"16 Disa Dives, Veld En Vlei, Richards Bay, 3900",Veld En Vlei,Richards Bay,065 612 3100,yes,https://nomusasbnb.company.site/,4,91,open,-28.736167,32.061367,"guest houses in Richards Bay, KwaZulu-Natal, South Africa",https://www.google.com/maps/place/?q=place_id:ChIJM4v3eUoj-h4Rh9de7_jBvRg&cid=0x1efa234a79f78b33:0x18bdc1f8ef5ed787
Dial a Bed Richards Bay,Bed shop,"Cnr Bullion Blvd & R619 Town Square Mall, Richards Bay Central, Richards Bay, 3900",Richards Bay Central,Richards Bay,035 780 0502,yes,https://www.dialabed.co.za/store-locator/richards-bay/,4.4,40,open,-28.746450099999997,32.051382499999995,"furniture stores in Richards Bay, KwaZulu-Natal, South Africa",https://www.google.com/maps/place/?q=place_id:ChIJd66rKDsj-h4R5JSVylnle1M&cid=0x1efa233b28abae77:0x537be559ca9594e4
"MojoBeds Richards Bay (Previously, The Bed Store)",Bed shop,"Town Square Mall, Bullion Blvd, Central, Richards Bay, 3900",,,031 730 0160,yes,https://www.mojobeds.co.za/store-locator/richards-bay/,5.0,3,open,-28.7464561,32.050707,"furniture stores in Richards Bay, KwaZulu-Natal, South Africa","https://www.google.com/maps/place/MojoBeds+Richards+Bay+%28Previously,+The+Bed+Store%29/data=!4m7!3m6!1s0x1efa23635b14a953:0xf9206fba3d7fc4eb!8m2!3d-28.7464561!4d32.050707!16s%2Fg%2F11t_hxjzws!19sChIJU6kUW2Mj-h4R68R_PbpvIPk"
The Bed Shop Richards Bay,Bed shop,"Cnr Bullion Blvd & Krugerrand Grove Town Square Mall, Richards Bay Central, Richards Bay, 3900",Richards Bay Central,Richards Bay,083 805 9525,yes,https://thebedshop.co.za/store/richards-bay/,4.1,12,open,-28.7465583,32.0505999,"furniture stores in Richards Bay, KwaZulu-Natal, South Africa",https://www.google.com/maps/place/?q=place_id:ChIJfc-7vCYj-h4RYsdnyclg-ng&cid=0x1efa2326bcbbcf7d:0x78fa60c9c967c762
Amalgam8 System Solutions,Bookkeeping service,"5 Alugang, Alton, Richards Bay, 3900",,,083 984 9894,yes,https://amalgam8.co.za/,5.0,2,open,-28.7693253,32.0145441,"accountants in Richards Bay, KwaZulu-Natal, South Africa",https://www.google.com/maps/place/Amalgam8+System+Solutions/data=!4m7!3m6!1s0x1efa233e88adaded:0x9fda0899bc1f4792!8m2!3d-28.7693253!4d32.0145441!16s%2Fg%2F11ydkfj8dx!19sChIJ7a2tiD4j-h4RkkcfvJkI2p8
NN Accounting and Tax Consultants,Bookkeeping service,"95 Dollar Dr, Richards Bay Central, Richards Bay, 3900",Richards Bay Central,Richards Bay,035 940 1976,no,,,,open,-28.757164799999998,32.042420299999996,"bookkeepers in Richards Bay, KwaZulu-Natal, South Africa",https://www.google.com/maps/place/?q=place_id:ChIJo4qcKCMj-h4RbQclHtMGxEA&cid=0x1efa2323289c8aa3:0x40c406d31e25076d
Ndlela and Associates,Bookkeeping service,"7 Maxwell St, Empangeni Central, Empangeni, 3880",,,035 772 3191,no,,,,open,-28.7390316,31.8944772,"bookkeepers in Richards Bay, KwaZulu-Natal, South Africa",https://www.google.com/maps/place/Ndlela+and+Associates/data=!4m7!3m6!1s0x1efa10d6c05125df:0xe0b35e7ad4bd559a!8m2!3d-28.7390316!4d31.8944772!16s%2Fg%2F1pzy3ljhm!19sChIJ3yVRwNYQ-h4RmlW91Hpes-A
Private,Bookkeeping service,"20 Mango Grove, Arboretum Ext, Richards Bay, 3900",,,084 206 5720,no,,,,open,-28.763269,32.0523,"bookkeepers in Richards Bay, KwaZulu-Natal, South Africa",https://www.google.com/maps/place/Private/data=!4m7!3m6!1s0x1efa23b0553e4763:0x5404a27203a6d3bd!8m2!3d-28.763269!4d32.0523!16s%2Fg%2F11fnvc_tr_!19sChIJY0c-VbAj-h4RvdOmA3KiBFQ
Bay Bricks and concrete products,Brick manufacturer,"R102, Ndabayakhe, Empangeni, 3880",,,035 940 0400,no,,3.7,6,open,-28.8081776,31.8819175,"paving contractors in Richards Bay, KwaZulu-Natal, South Africa",https://www.google.com/maps/place/Bay+Bricks+and+concrete+products/data=!4m7!3m6!1s0x1efa1bf0224dab0d:0xb9820efffea171b8!8m2!3d-28.8081776!4d31.8819175!16s%2Fg%2F11sg9kqg3r!19sChIJDatNIvAb-h4RuHGh_v8Ogrk
Build it MEGA Empangeni,Building materials store,"4 Byrne St, Empangeni Central, Empangeni, 3880",,,035 772 4003,yes,https://www.buildit.co.za/stores/view/build-it-empangeni-1-mega-kwazulu-natal,3.9,122,open,-28.7444138,31.8873653,"hardware stores in Richards Bay, KwaZulu-Natal, South Africa",https://www.google.com/maps/place/Build+it+MEGA+Empangeni/data=!4m7!3m6!1s0x1efa10dbac8e2861:0xb2792ac1bf0d7679!8m2!3d-28.7444138!4d31.8873653!16s%2Fg%2F1tgdwqw2!19sChIJYSiOrNsQ-h4ReXYNv8EqebI
Build it MEGA Zululand,Building materials store,"77 Knutzen St, Kuleka, Empangeni, 3880",,,035 787 1211,yes,https://www.buildit.co.za/stores/view/build-it-zululand-kwazulu-natal,4.0,140,open,-28.7752227,31.9012376,"hardware stores in Richards Bay, KwaZulu-Natal, South Africa",https://www.google.com/maps/place/Build+it+MEGA+Zululand/data=!4m7!3m6!1s0x1efa1b996e318e11:0x2ab7f7f68ac81bd9!8m2!3d-28.7752227!4d31.9012376!16s%2Fg%2F1vd3y26h!19sChIJEY4xbpkb-h4R2RvIivb3tyo
Mega Tiles & Sanware,Building materials store,"Rupee Rif, Richards Bay Central, Richards Bay, 3900",,,035 789 0293,no,,4.8,6,open,-28.7484059,32.0484239,"tiling contractors in Richards Bay, KwaZulu-Natal, South Africa",https://www.google.com/maps/place/Mega+Tiles+%26+Sanware/data=!4m7!3m6!1s0x1efa23253e810e69:0xe7e2699d43ec570c!8m2!3d-28.7484059!4d32.0484239!16s%2Fg%2F11kmn2bnhq!19sChIJaQ6BPiUj-h4RDFfsQ51p4uc
NRB Piping Systems (Pty) Ltd,Building materials store,"60 Ceramic Curve, Alton, Richards Bay, 3900",,,035 751 1266,yes,https://www.nrbpiping.co.za/,4.3,43,open,-28.7417164,32.0378431,"building contractors in Richards Bay, KwaZulu-Natal, South Africa",https://www.google.com/maps/place/NRB+Piping+Systems+%28Pty%29+Ltd/data=!4m7!3m6!1s0x1efa22d57724652d:0xfac31a32f3ad38ef!8m2!3d-28.7417164!4d32.0378431!16s%2Fg%2F1tkxjdy6!19sChIJLWUkd9Ui-h4R7zit8zIaw_o
RB Building and Supplies,Building materials store,"54 Dollar Dr, Richards Bay Central, Richards Bay, 3900",Richards Bay Central,Richards Bay,035 940 3318,yes,https://www.rbbuilding.co.za/,5,16,open,-28.759698999999998,32.042392,"tiling contractors in Richards Bay, KwaZulu-Natal, South Africa",https://www.google.com/maps/place/?q=place_id:ChIJGUANFkoj-h4RH5pRecp6WoI&cid=0x1efa234a160d4019:0x825a7aca79519a1f
Umfolozi Hardware & Electrical Supplies,Building materials store,"64 Tanner Rd, Kuleka, Empangeni, 3880",,,035 787 0896,no,,4.2,15,open,-28.7731717,31.9022837,"hardware stores in Richards Bay, KwaZulu-Natal, South Africa",https://www.google.com/maps/place/Umfolozi+Hardware+%26+Electrical+Supplies/data=!4m7!3m6!1s0x1efa17553140504b:0x92c02efa85e4388!8m2!3d-28.7731717!4d31.9022837!16s%2Fg%2F1pzq2d403!19sChIJS1BAMVUX-h4RiENeqO8CLAk
Z L D HARDWARE,Building materials store,"4 Ceramic Curve, Alton, Richards Bay, 3900",,,035 751 2435,no,,,,open,-28.7544149,32.0287986,"hardware stores in Richards Bay, KwaZulu-Natal, South Africa",https://www.google.com/maps/place/Z+L+D+HARDWARE/data=!4m7!3m6!1s0x1efa22dae3df19b3:0x6ec7e5810394ce7d!8m2!3d-28.7544149!4d32.0287986!16s%2Fg%2F11c6y91gqg!19sChIJsxnf49oi-h4Rfc6UA4Hlx24
ZONE 14 HARDWARE MADLANGHALA,Building materials store,"P 106, Eskhawini, Richards Bay, 3900",,,061 253 3638,no,,5.0,1,open,-28.8297842,31.9424996,"pest control in Richards Bay, KwaZulu-Natal, South Africa",https://www.google.com/maps/place/ZONE+14+HARDWARE+MADLANGHALA/data=!4m7!3m6!1s0x1efa1900522daeeb:0xaef6380552e5bb03!8m2!3d-28.8297842!4d31.9424996!16s%2Fg%2F11zgrzdjls!19sChIJ664tUgAZ-h4RA7vlUgU49q4
Zone 14 Hardware Mandlanzini,Building materials store,"Wall Street, Richards Bay - New, Richards Bay, 3900",,,071 799 8984,no,,4.8,4,open,-28.7395227,32.1001916,"pest control in Richards Bay, KwaZulu-Natal, South Africa",https://www.google.com/maps/place/Zone+14+Hardware+Mandlanzini/data=!4m7!3m6!1s0x1efa25003fe4b0c3:0x494346e3935985f5!8m2!3d-28.7395227!4d32.1001916!16s%2Fg%2F11yn9k2c8d!19sChIJw7DkPwAl-h4R9YVZk-NGQ0k
Afriblox & Pave (Pty) Ltd,Building materials supplier,"126 Alumina Allee St, Alton, Richards Bay, 3901",Alton,Richards Bay,082 376 9895,yes,http://www.afriblox.co.za/,4,6,open,-28.737209999999997,32.03828,"paving contractors in Richards Bay, KwaZulu-Natal, South Africa",https://www.google.com/maps/place/?q=place_id:ChIJuwnaG9ci-h4RQmfCw3M-kS8&cid=0x1efa22d71bda09bb:0x2f913e73c3c26742
Cashbuild Empangeni,Building materials supplier,"Tanner Rd, Mpangele, Empangeni, 3880",,,035 772 1549,yes,https://locations.cashbuild.co.za/Retail-Empangeni-CashbuildEmpangeni?utm_source=google_maps&utm_medium=website_button&utm_campaign=SP&utm_content=SP,3.9,96,open,-28.7656028,31.9075731,"handyman services in Richards Bay, KwaZulu-Natal, South Africa",https://www.google.com/maps/place/Cashbuild+Empangeni/data=!4m7!3m6!1s0x1efa1a01963c1bf9:0x19f781505004f558!8m2!3d-28.7656028!4d31.9075731!16s%2Fg%2F11cjhzszzl!19sChIJ-Rs8lgEa-h4RWPUEUFCB9xk
Cashbuild Richards Bay,Building materials supplier,"23 Rupee Rif, Richards Bay Central, Richards Bay, 3900",Richards Bay Central,Richards Bay,035 789 7943,yes,https://locations.cashbuild.co.za/Retail-RichardsBay-CashbuildRichardsBay?utm_source=google_maps&utm_medium=website_button&utm_campaign=SP&utm_content=SP,3.6,118,open,-28.745027999999998,32.0480748,"handyman services in Richards Bay, KwaZulu-Natal, South Africa",https://www.google.com/maps/place/?q=place_id:ChIJnfboty8j-h4Ruz3Fx8E9BbI&cid=0x1efa232fb7e8f69d:0xb2053dc1c7c53dbb
"HeFix Building, Renovations & Handyman",Building restoration service,"18a Oakleigh Ave, La Lucia, uMhlanga, 4051",,,074 669 7523,yes,http://www.hefix.co.za/,4.8,18,open,-29.7512595,31.0623639,"handyman services in Richards Bay, KwaZulu-Natal, South Africa","https://www.google.com/maps/place/HeFix+Building,+Renovations+%26+Handyman/data=!4m7!3m6!1s0x1ef705c46bc5aad7:0xcd18045ab2d1bc9d!8m2!3d-29.7512595!4d31.0623639!16s%2Fg%2F11fsbb3t_1!19sChIJ16rFa8QF9x4RnbzRsloEGM0"
Dinalane Attorneys Inc,Business attorney,"77 Louis Botha Ave, Nyala Park, Empangeni, 3880",,,066 214 3969,no,,,,open,-28.7471379,31.9092908,"attorneys in Richards Bay, KwaZulu-Natal, South Africa",https://www.google.com/maps/place/Dinalane+Attorneys+Inc/data=!4m7!3m6!1s0x1efa1700070a1199:0x7cc40de382f541ea!8m2!3d-28.7471379!4d31.9092908!16s%2Fg%2F11yn37p76g!19sChIJmREKBwAX-h4R6kH1guMNxHw
KONSULT XPERTS,Business center,"Ofiice 2, Busy Corner, Kwandaya, D 1597, Esikhawini, Richards Bay, 3887",,,075 123 0067,yes,https://www.konsultx.co.za/,,,open,-28.893239,31.9065861,"bookkeepers in Richards Bay, KwaZulu-Natal, South Africa",https://www.google.com/maps/place/KONSULT+XPERTS/data=!4m7!3m6!1s0x1efa1fc259d8b4df:0x7e970f195eaa9c4a!8m2!3d-28.893239!4d31.9065861!16s%2Fg%2F11w91brblx!19sChIJ37TYWcIf-h4RSpyqXhkPl34
DYNAMIC BUSINESS ADVISORY SERVICES,Business management consultant,"31 Ceramic Curve, Alton, Richards Bay, 3900",,,035 751 1753,yes,http://dbas.co.za/,5.0,3,open,-28.7479658,32.0336717,"accountants in Richards Bay, KwaZulu-Natal, South Africa",https://www.google.com/maps/place/DYNAMIC+BUSINESS+ADVISORY+SERVICES/data=!4m7!3m6!1s0x1efa22d6d85f3f09:0x33bceb188454b2b4!8m2!3d-28.7479658!4d32.0336717!16s%2Fg%2F11fn2hycwz!19sChIJCT9f2NYi-h4RtLJUhBjrvDM
ASI Connect Richards Bay,Business networking company,"Unit 4A, 5 Brass Link, Alton, Richards Bay, 3900",,,035 751 2470,yes,http://www.asiconnect.co.za/,4.6,5,open,-28.7508576,32.0297758,"IT support services in Richards Bay, KwaZulu-Natal, South Africa",https://www.google.com/maps/place/ASI+Connect+Richards+Bay/data=!4m7!3m6!1s0x1efa22d063cb1437:0x6f6a8c7c59ff29cf!8m2!3d-28.7508576!4d32.0297758!16s%2Fg%2F1pzt3v1pz!19sChIJNxTLY9Ai-h4Rzyn_WXyMam8
Best Cut Butchery,Butcher shop,"20 Tanner Rd, Mpangele, Empangeni, 3880",Mpangele,Empangeni,035 772 2944,no,,4,12,open,-28.766178699999998,31.906878,"butcheries in Richards Bay, KwaZulu-Natal, South Africa",https://www.google.com/maps/place/?q=place_id:ChIJJTb8aVQX-h4RI9m8QiiVZqw&cid=0x1efa175469fc3625:0xac66952842bcd923
Chester Butcheries,Butcher shop,"10 Shilling Swing, Richards Bay Central, Richards Bay, 3900",Richards Bay Central,Richards Bay,035 789 4691,yes,http://www.chestersa.co.za/,4.1,23,open,-28.749842599999997,32.0490442,"butcheries in Richards Bay, KwaZulu-Natal, South Africa",https://www.google.com/maps/place/?q=place_id:ChIJ5QtpJiUj-h4RedEQKar1XQI&cid=0x1efa232526690be5:0x25df5aa2910d179
"Emadeleni Wholesale Butchery,",Butcher shop,"5 1st St, Kuleka, Empangeni, 3880",Kuleka,Empangeni,078 923 3663,no,,4,32,open,-28.774621399999997,31.9026157,"butcheries in Richards Bay, KwaZulu-Natal, South Africa",https://www.google.com/maps/place/?q=place_id:ChIJP5eMWFUX-h4Rx4NNt9mukCU&cid=0x1efa1755588c973f:0x2590aed9b74d83c7
Empangeni Halaal Meats,Butcher shop,"11 Commercial St, Empangeni Central, Empangeni, 3880",,,,no,,3.0,2,open,-28.7434222,31.8902228,"butcheries in Richards Bay, KwaZulu-Natal, South Africa",https://www.google.com/maps/place/Empangeni+Halaal+Meats/data=!4m7!3m6!1s0x1efa10da777bc883:0x34388f08813c800e!8m2!3d-28.7434222!4d31.8902228!16s%2Fg%2F11hhzbdrz0!19sChIJg8h7d9oQ-h4RDoA8gQiPODQ
Eskhawini J1 Kwavezi,Butcher shop,"Esikhawini J, Richards Bay, 3887",,,,no,,,,open,-28.8922615,31.8894944,"butcheries in Richards Bay, KwaZulu-Natal, South Africa",https://www.google.com/maps/place/Eskhawini+J1+Kwavezi/data=!4m7!3m6!1s0x1efa1d007f8a60dd:0xb1608408903b56fe!8m2!3d-28.8922615!4d31.8894944!16s%2Fg%2F11yp081j0f!19sChIJ3WCKfwAd-h4R_lY7kAiEYLE
Jwayelani,Butcher shop,"125 Biyela St, Empangeni Central, Empangeni, 3880",,,035 772 2271,no,,3.5,2,open,-28.7392064,31.8908341,"butcheries in Richards Bay, KwaZulu-Natal, South Africa",https://www.google.com/maps/place/Jwayelani/data=!4m7!3m6!1s0x1efa10d77b9c2477:0x71cb5757a649feee!8m2!3d-28.7392064!4d31.8908341!16s%2Fg%2F1pzrrhm4b!19sChIJdySce9cQ-h4R7v5JpldXy3E
KwaMyeza Shisanyama & Carwash,Butcher shop,"Nkoninga Rd, Birdswood, Richards Bay, 3900",,,,no,,3.8,8,open,-28.739131,32.0986392,"butcheries in Richards Bay, KwaZulu-Natal, South Africa",https://www.google.com/maps/place/KwaMyeza+Shisanyama+%26+Carwash/data=!4m7!3m6!1s0x1efa25007da21449:0xf6b60cb085e5627b!8m2!3d-28.739131!4d32.0986392!16s%2Fg%2F11yt7r9b5r!19sChIJSRSifQAl-h4Re2LlhbAMtvY
Maliee Piggery,Butcher shop,"Nkonjane Reserve, Kwadlangezwa, Empangeni, 3886",,,073 955 3335,no,,,,open,-28.8717832,31.8492101,"butcheries in Richards Bay, KwaZulu-Natal, South Africa",https://www.google.com/maps/place/Maliee+Piggery/data=!4m7!3m6!1s0x1efa1b1992187721:0xd29d970555544b64!8m2!3d-28.8717832!4d31.8492101!16s%2Fg%2F11zxp0y4y6!19sChIJIXcYkhkb-h4RZEtUVQWXndI
Mo's Butchery,Butcher shop,"92 Alumina Allee St, Alton, Richards Bay",Alton,Richards Bay,035 751 2959,no,,4.7,98,open,-28.7499289,32.031578599999996,"butcheries in Richards Bay, KwaZulu-Natal, South Africa",https://www.google.com/maps/place/?q=place_id:ChIJtSiweY8j-h4RP1zjZp6YtHk&cid=0x1efa238f79b028b5:0x79b4989e66e35c3f
Nyawo & Brothers Butchery,Butcher shop,"Rupee Rif, Richards Bay Central, Richards Bay, 3900",Richards Bay Central,Richards Bay,082 702 5300,no,,4,2,open,-28.748192,32.0479312,"butcheries in Richards Bay, KwaZulu-Natal, South Africa",https://www.google.com/maps/place/?q=place_id:ChIJ0zMrayUj-h4RaAWZGZrZmn4&cid=0x1efa23256b2b33d3:0x7e9ad99a19990568
OBC Better Butchery,Butcher shop,"117 Rex Henderson Rd, Fairview, Empangeni, 3880",Fairview,Empangeni,,yes,https://obc.co.za/butchery/,3,4,open,-28.7577441,31.900944799999998,"butcheries in Richards Bay, KwaZulu-Natal, South Africa",https://www.google.com/maps/place/?q=place_id:ChIJoUEQDwAR-h4R4DJQYhaENcs&cid=0x1efa11000f1041a1:0xcb358416625032e0
Roots Butchery Empangeni,Butcher shop,"34 Maxwell St, Empangeni Central, Empangeni, 3880",Empangeni Central,Empangeni,031 007 0479,no,,4.6,26,open,-28.740654,31.89146,"butcheries in Richards Bay, KwaZulu-Natal, South Africa",https://www.google.com/maps/place/?q=place_id:ChIJt0mUYAAR-h4R-cl--n__9fY&cid=0x1efa1100609449b7:0xf6f5ff7ffa7ec9f9
Roots Butchery Richardsbay,Butcher shop,"Richardsbay, Shop 9 bouliore boulevard, Richards Bay, 3900",Richards Bay Central,Richards Bay,035 007 0067,no,,5,6,open,-28.749685799999998,32.0480204,"butcheries in Richards Bay, KwaZulu-Natal, South Africa",https://www.google.com/maps/place/?q=place_id:ChIJi5CwCAUj-h4RVoqnXsS0Yg8&cid=0x1efa230508b0908b:0xf62b4c45ea78a56
SS BUTCHERY & Deli,Butcher shop,"57 Tanner Rd, Mpangele, Empangeni, 3880",Mpangele,Empangeni,035 787 0396,no,,4.5,2,open,-28.772304499999997,31.9042419,"butcheries in Richards Bay, KwaZulu-Natal, South Africa",https://www.google.com/maps/place/?q=place_id:ChIJl3vnO7sX-h4ROHxAzYMV_SU&cid=0x1efa17bb3be77b97:0x25fd1583cd407c38
Shoprite Meat Market,Butcher shop,"Inside Shoprite Checkers Centre Bullian Boulevard & Krugerrand Road, Richards Bay, 3900",,,035 789 1136,no,,,,open,-28.7511652,32.048681,"butcheries in Richards Bay, KwaZulu-Natal, South Africa",https://www.google.com/maps/place/Shoprite+Meat+Market/data=!4m7!3m6!1s0x1efa232528889243:0x485fd56b164c19bf!8m2!3d-28.7511652!4d32.048681!16s%2Fg%2F11b6dp194n!19sChIJQ5KIKCUj-h4RvxlMFmvVX0g
Singh's Mutton Market,Butcher shop,"Shop 3, Pamsid Ctr, Daisy Leaf, Brackenham, Richards Bay, 3900",Brackenham,Richards Bay,035 798 2608,no,,4.3,100,open,-28.724828799999997,32.0445687,"butcheries in Richards Bay, KwaZulu-Natal, South Africa",https://www.google.com/maps/place/?q=place_id:ChIJEYY8K9o8-h4RG4pU4kVPlBw&cid=0x1efa3cda2b3c8611:0x1c944f45e2548a1b
Sobhuza Butchery & Shisanyama,Butcher shop,"82GG+GG, Mkhoma",,Mkhoma,,yes,https://m.facebook.com/Sobhuza-Butchery-Shisanyama-109940691550389/,4.5,86,open,-28.673683399999998,32.0262767,"butcheries in Richards Bay, KwaZulu-Natal, South Africa",https://www.google.com/maps/place/?q=place_id:ChIJPyCMyY49-h4Rkt4XqgXxB0M&cid=0x1efa3d8ec98c203f:0x4307f105aa17de92
The Chop Block,Butcher shop,"18 Peseta Parade, Richards Bay Central, Richards Bay, 3900",Richards Bay Central,Richards Bay,067 034 6695,no,,5,4,open,-28.7456331,32.0485938,"butcheries in Richards Bay, KwaZulu-Natal, South Africa",https://www.google.com/maps/place/?q=place_id:ChIJGyJ2vw0j-h4Rzrfu4YTQaCc&cid=0x1efa230dbf76221b:0x2768d084e1eeb7ce
oMzee Butchery,Butcher shop,"Mdoni Rd, Esikhawini H, Richards Bay, 3887",Esikhawini H,Richards Bay,072 573 2100,no,,4.3,3,open,-28.867568,31.926616099999997,"butcheries in Richards Bay, KwaZulu-Natal, South Africa",https://www.google.com/maps/place/?q=place_id:ChIJNeMrfssf-h4RB6pix80Roag&cid=0x1efa1fcb7e2be335:0xa8a111cdc762aa07
Bluff Meat Supply,Butcher shop deli,"132 Alumina Allee St, Alton, Richards Bay, 3900",Alton,Richards Bay,035 007 0035,yes,https://www.bluffmeatsupply.co.za/specials-bms/,4.3,1516,open,-28.73554,32.0372,"pet shops in Richards Bay, KwaZulu-Natal, South Africa",https://www.google.com/maps/place/?q=place_id:ChIJVV__Cio9-h4RfMvrrTpT0zg&cid=0x1efa3d2a0aff5f55:0x38d3533aadebcb7c
Brahma Bull Butchery & Shisanyama,Butcher shop deli,"Ward 12, Madlankala Reserve, Esikhawini, Empangeni, 3887",Esikhawini,Empangeni,067 057 0290,no,,5,1,open,-28.840278899999998,31.940344699999997,"butcheries in Richards Bay, KwaZulu-Natal, South Africa",https://www.google.com/maps/place/?q=place_id:ChIJJ-p8n2YZ-h4Rjyyig-tyRUQ&cid=0x1efa19669f7cea27:0x444572eb83a22c8f
ISMAIL'S MEAT CO.,Butcher shop deli,"71 Via Davallia, Brackenham, Richards Bay, 3900",Brackenham,Richards Bay,082 567 8663,no,,,,open,-28.7233503,32.0409533,"butcheries in Richards Bay, KwaZulu-Natal, South Africa",https://www.google.com/maps/place/?q=place_id:ChIJEazDp6U9-h4R3AY4wz55OlU&cid=0x1efa3da5a7c3ac11:0x553a793ec33806dc
Power Spar Butchery,Butcher shop deli,"66 Maxwell St, Empangeni Central, Empangeni, 3880",,,035 792 6021,no,,4.0,141,open,-28.7444969,31.8880939,"butcheries in Richards Bay, KwaZulu-Natal, South Africa",https://www.google.com/maps/place/Power+Spar+Butchery/data=!4m7!3m6!1s0x1efa10daf5f2a2cb:0xff7dd111031851e!8m2!3d-28.7444969!4d31.8880939!16s%2Fg%2F1tdv38hh!19sChIJy6Ly9doQ-h4RHoUxEBHd9w8
Done Deliciously,Cake shop,"35 Geranium Pl, Veld En Vlei, Richards Bay, 3900",Veld En Vlei,Richards Bay,073 191 8714,no,,4.8,6,open,-28.7324903,32.0604181,"bakery in Richards Bay, KwaZulu-Natal, South Africa",https://www.google.com/maps/place/?q=place_id:ChIJ_94XIMM9-h4R4-FiOV0Fi_0&cid=0x1efa3dc32017deff:0xfd8b055d3962e1e3
Pink And Posh Bakery,Cake shop,"71 Geranium Pl, Veld En Vlei, Richards Bay, 3900",Veld En Vlei,Richards Bay,079 936 6044,no,,5,1,open,-28.735034799999998,32.0589811,"bakery in Richards Bay, KwaZulu-Natal, South Africa",https://www.google.com/maps/place/?q=place_id:ChIJpZ2W8ngj-h4RASGM8R4Qcec&cid=0x1efa2378f2969da5:0xe771101ef18c2101
Sugar & Spice Fiveways,Cake shop,"4 Paul Ave, Fairview, Empangeni, 3880",Fairview,Empangeni,061 566 2681,yes,http://www.sugarandspicehome.co.za/,4.6,27,open,-28.757823,31.9017576,"bakery in Richards Bay, KwaZulu-Natal, South Africa",https://www.google.com/maps/place/?q=place_id:ChIJvXLHBLUQ-h4RCC7lf4xQTys&cid=0x1efa10b504c772bd:0x2b4f508c7fe52e08
Sugar & Spice Meerensee,Cake shop,"53 Anglers Rod, Meer En See, Richards Bay, 3875",Meer En See,Richards Bay,081 236 8463,yes,https://www.sugarandspicehome.co.za/,4.1,12,open,-28.7836665,32.101119499999996,"bakery in Richards Bay, KwaZulu-Natal, South Africa",https://www.google.com/maps/place/?q=place_id:ChIJ5X1la1El-h4RzSROR1mmjvI&cid=0x1efa25516b657de5:0xf28ea659474e24cd
Treacly Treats,Cake shop,"23 Mack Rd, Empangeni Central, Empangeni, 3880",,,081 595 3644,no,,5.0,2,open,-28.7417717,31.887201,"bakery in Richards Bay, KwaZulu-Natal, South Africa",https://www.google.com/maps/place/Treacly+Treats/data=!4m7!3m6!1s0x1efa11c566736843:0x33525c9374369351!8m2!3d-28.7417717!4d31.887201!16s%2Fg%2F11t6w3ymjg!19sChIJQ2hzZsUR-h4RUZM2dJNcUjM
The Blue Cheese,Cannabis store,"Shop 31, Lakeside Mall, 6 Mark Strasse, Arboretum, Richards Bay, 3900",,,076 600 8110,yes,https://thebluecheese.co.za/,5.0,43,open,-28.7540998,32.050743,"catering services in Richards Bay, KwaZulu-Natal, South Africa",https://www.google.com/maps/place/The+Blue+Cheese/data=!4m7!3m6!1s0x1efa2396079b45c9:0xeafb5452b76c067a!8m2!3d-28.7540998!4d32.050743!16s%2Fg%2F11nv27fwcb!19sChIJyUWbB5Yj-h4RegZst1JU--o
Shezi Autocare,Car accessories store,"127 Dollar Dr, Richards Bay Central, Richards Bay, 3900",,,073 045 4216,yes,http://sheziautocare.co.za/,5.0,7,open,-28.7519887,32.0447568,"car wash in Richards Bay, KwaZulu-Natal, South Africa",https://www.google.com/maps/place/Shezi+Autocare/data=!4m7!3m6!1s0x1efa234b3a82b3c1:0xe9d2f9cb7ba97490!8m2!3d-28.7519887!4d32.0447568!16s%2Fg%2F11r_wv57xd!19sChIJwbOCOksj-h4RkHSpe8v50uk
Auto Body Beat,Car repair and maintenance service,"40 Ceramic Curve, Alton, Richards Bay, 3900",Alton,Richards Bay,073 797 0525,no,,4.9,7,open,-28.7474979,32.034597999999995,"panel beaters in Richards Bay, KwaZulu-Natal, South Africa",https://www.google.com/maps/place/?q=place_id:ChIJmWnciR0j-h4RrAIJx2XiIeE&cid=0x1efa231d89dc6999:0xe121e265c70902ac
E and J Motors,Car repair and maintenance service,"90 Ceramic Curve, Alton, Richards Bay, 3900",Alton,Richards Bay,035 751 1125,yes,http://www.ejmotorsrbay.co.za/,4.6,43,open,-28.7334434,32.0364201,"car repair mechanics in Richards Bay, KwaZulu-Natal, South Africa",https://www.google.com/maps/place/?q=place_id:ChIJyX60jCk9-h4RlSI4f2EQG5Y&cid=0x1efa3d298cb47ec9:0x961b10617f382295
Marx Mechanical and Panelbeating,Car repair and maintenance service,"Unit 3, 115 Dollar Dr, Richards Bay Central, Richards Bay, 3900",Richards Bay Central,Richards Bay,061 418 9433,no,,3.7,3,open,-28.7537557,32.044162899999996,"panel beaters in Richards Bay, KwaZulu-Natal, South Africa",https://www.google.com/maps/place/?q=place_id:ChIJtxYuRpYj-h4RZDgdr0HXVaA&cid=0x1efa2396462e16b7:0xa055d741af1d3864
Precision Auto Richards Bay Pty Ltd,Car repair and maintenance service,"5 Ceramic Curve, Alton, Richards Bay, 3900",,,035 751 2359,no,,4.7,67,open,-28.7539681,32.0300645,"car wash in Richards Bay, KwaZulu-Natal, South Africa",https://www.google.com/maps/place/Precision+Auto+Richards+Bay+Pty+Ltd/data=!4m7!3m6!1s0x1efa229592592ced:0x3db0f772e1fdc3eb!8m2!3d-28.7539681!4d32.0300645!16s%2Fg%2F1pzwhknc8!19sChIJ7SxZkpUi-h4R68P94XL3sD0
The Need Auto,Car repair and maintenance service,"104 Alumina Allee St, Alton, Richards Bay, 3900",,,035 580 4016,yes,http://www.theneed.co.za/,,,open,-28.7458637,32.0339434,"car repair mechanics in Richards Bay, KwaZulu-Natal, South Africa",https://www.google.com/maps/place/The+Need+Auto/data=!4m7!3m6!1s0x1efa3d5ea99bae61:0x6c82761a7af13990!8m2!3d-28.7458637!4d32.0339434!16s%2Fg%2F11zbvksghp!19sChIJYa6bqV49-h4RkDnxehp2gmw
Cartrack - Richards Bay,Car security system installer,"101 Bullion Blvd, Richards Bay Central, Richards Bay, 3900",Richards Bay Central,Richards Bay,035 789 6987,yes,https://www.cartrack.co.za/,4.4,115,open,-28.755886699999998,32.0450654,"insurance brokers in Richards Bay, KwaZulu-Natal, South Africa",https://www.google.com/maps/place/?q=place_id:ChIJQ_Mv6CQj-h4RXKFcjQ6l7wA&cid=0x1efa2324e82ff343:0xefa50e8d5ca15c
RB ELECTRONICS,Car stereo store,"Shop 35, next To Jwaylani Butchery, Bellingham park, Penny Ln, Cbd, Richards Bay, 3900",,,082 940 9507,yes,http://www.qikshop.co.za/,4.2,59,open,-28.7521265,32.0498991,"electricians in Richards Bay, KwaZulu-Natal, South Africa",https://www.google.com/maps/place/RB+ELECTRONICS/data=!4m7!3m6!1s0x1efa232526690be5:0x40f5561560933c88!8m2!3d-28.7521265!4d32.0498991!16s%2Fg%2F1pzr021n5!19sChIJ5QtpJiUj-h4RiDyTYBVW9UA
"501 Car Wash, Restaurant & Chillas",Car wash,"Khandisa Reserve, Bantubonke street, Empangeni, 3886",,,076 553 8534,no,,4.4,33,open,-28.8611047,31.8466266,"car wash in Richards Bay, KwaZulu-Natal, South Africa","https://www.google.com/maps/place/501+Car+Wash,+Restaurant+%26+Chillas/data=!4m7!3m6!1s0x1efa1ba0edd2efa5:0x8c0707e8b0b3ace6!8m2!3d-28.8611047!4d31.8466266!16s%2Fg%2F11hz294vz8!19sChIJpe_S7aAb-h4R5qyzsOgHB4w"
"7 to 7 Car Wash, Krugerrand Grove, Richardsbay",Car wash,"Krugerrand Grv, Richards Bay Central, Richards Bay, 3900",Richards Bay Central,Richards Bay,074 559 6944,no,,2.1,18,open,-28.7497275,32.0507254,"car wash in Richards Bay, KwaZulu-Natal, South Africa",https://www.google.com/maps/place/?q=place_id:ChIJS3oXXaEj-h4RV1IOqZUQPuc&cid=0x1efa23a15d177a4b:0xe73e1095a90e5257
7 to 7 Car wash,Car wash,"64 Main Rd, Empangeni Central, Empangeni, 3880",Empangeni Central,Empangeni,072 747 1443,no,,3.7,59,open,-28.746699999999997,31.891099999999998,"car wash in Richards Bay, KwaZulu-Natal, South Africa",https://www.google.com/maps/place/?q=place_id:ChIJS33O_M8Q-h4Rz1OpfaNqBP4&cid=0x1efa10cffcce7d4b:0xfe046aa37da953cf
7to6 Car Wash,Car wash,"25 King Fish Creek, Meer En See, Richards Bay, 3901",,,,no,,1.0,1,open,-28.7816426,32.1011097,"car wash in Richards Bay, KwaZulu-Natal, South Africa",https://www.google.com/maps/place/7to6+Car+Wash/data=!4m7!3m6!1s0x1efa25005bba9661:0x10514b5cc28afd28!8m2!3d-28.7816426!4d32.1011097!16s%2Fg%2F11xrc0k5zq!19sChIJYZa6WwAl-h4RKP2KwlxLURA
Bay Auto Valet,Car wash,"100 Dollar Dr, Richards Bay Central, Richards Bay, 3900",Richards Bay Central,Richards Bay,082 354 7768,yes,http://rbav.co.za/,4.8,8,open,-28.756439699999998,32.043480599999995,"car wash in Richards Bay, KwaZulu-Natal, South Africa",https://www.google.com/maps/place/?q=place_id:ChIJgWMie9M8-h4RTA6gFl3vQXE&cid=0x1efa3cd37b226381:0x7141ef5d16a00e4c
Bay Car Wash And Laundry,Car wash,"10 Rupee Rif, Richards Bay Central, Richards Bay, 3900",Richards Bay Central,Richards Bay,079 534 7530,yes,https://baycarwashandlaundry.framer.website/,5,1,open,-28.747239,32.0489957,"car wash in Richards Bay, KwaZulu-Natal, South Africa",https://www.google.com/maps/place/?q=place_id:ChIJa6Kxa_Mj-h4RvBFxZU5YvIQ&cid=0x1efa23f36bb1a26b:0x84bc584e657111bc
Car Wash,Car wash,"Weigelia, Veld En Vlei, Richards Bay, 3900",,,,no,,3.0,2,open,-28.7361114,32.0659672,"car wash in Richards Bay, KwaZulu-Natal, South Africa",https://www.google.com/maps/place/Car+Wash/data=!4m7!3m6!1s0x1efa234bf27ee15f:0x291cc09fc2469fef!8m2!3d-28.7361114!4d32.0659672!16s%2Fg%2F11thk4q2y8!19sChIJX-F-8ksj-h4R759Gwp_AHCk
Carwash @ Minilitha,Car wash,"Nkoninga Rd, Mandlazini, Richards Bay, 3900",Mandlazini,Richards Bay,079 510 7591,no,,,,open,-28.7386545,32.097642,"car wash in Richards Bay, KwaZulu-Natal, South Africa",https://www.google.com/maps/place/?q=place_id:ChIJIwdrM-kl-h4RmgLBX73q5g8&cid=0x1efa25e9336b0723:0xfe6eabd5fc1029a
Chillas car wash,Car wash,"Mandlazini, Richards Bay",,,,no,,,,open,-28.7424392,32.0985944,"car wash in Richards Bay, KwaZulu-Natal, South Africa",https://www.google.com/maps/place/Chillas+car+wash/data=!4m7!3m6!1s0x1efa2509269647ad:0x5aaf05fc8e7e4668!8m2!3d-28.7424392!4d32.0985944!16s%2Fg%2F11k2wyk_n5!19sChIJrUeWJgkl-h4RaEZ-jvwFr1o
Detailed by Lashen,Car wash,"Coucal Cover, Birdswood, Richards Bay, 3900",Birdswood,Richards Bay,083 383 6991,yes,https://bit.ly/Detailedbylashen,5,17,open,-28.7367439,32.0794839,"car wash in Richards Bay, KwaZulu-Natal, South Africa",https://www.google.com/maps/place/?q=place_id:ChIJW5RPTUAj-h4R4eaIbPXjKho&cid=0x1efa23404d4f945b:0x1a2ae3f56c88e6e1
EMW Mobile Car Wash,Car wash,,,,083 929 9608,yes,https://m.facebook.com/Elenani-Mobile-Car-Wash-103900951545015,4.9,15,open,-28.7785855,31.98598,"car wash in Richards Bay, KwaZulu-Natal, South Africa",https://www.google.com/maps/place/EMW+Mobile+Car+Wash/data=!4m7!3m6!1s0x1efa23f7dd825489:0x61df5d2d2fd530e9!8m2!3d-28.7785855!4d31.98598!16s%2Fg%2F11mk8qr4v3!19sChIJiVSC3fcj-h4R6TDVLy1d32E
Esikhawini Exclusive circle car wash H2,Car wash,"Esikhawini klebe street, 3724",,,061 439 5963,no,,3.5,4,open,-28.8722832,31.906559,"car wash in Richards Bay, KwaZulu-Natal, South Africa",https://www.google.com/maps/place/Esikhawini+Exclusive+circle+car+wash+H2/data=!4m7!3m6!1s0x1efa1f4b0adf4f83:0x20979ee3b396d801!8m2!3d-28.8722832!4d31.906559!16s%2Fg%2F11g4j08vz5!19sChIJg0_fCksf-h4RAdiWs-OelyA
Global Detailing,Car wash,"1 Star of The Marsh, Aquadene, Richards Bay, 3900",Aquadene,Richards Bay,068 280 8164,no,,,,open,-28.711530399999997,32.0388296,"car wash in Richards Bay, KwaZulu-Natal, South Africa",https://www.google.com/maps/place/?q=place_id:ChIJja0oObs9-h4RvkG4aHr8U2o&cid=0x1efa3dbb3928ad8d:0x6a53fc7a68b841be
I Come To U,Car wash,"Richards Bay Central, Richards Bay, 3900",Richards Bay Central,Richards Bay,071 000 3835,yes,https://icometou.co.za/,,,open,-28.750175499999997,32.0553349,"car wash in Richards Bay, KwaZulu-Natal, South Africa",https://www.google.com/maps/place/?q=place_id:ChIJay1Bi7Mj-h4R3kuQANe0knM&cid=0x1efa23b38b412d6b:0x7392b4d700904bde
Jamsal Car Wash and Valet,Car wash,"14 Bullion Blvd, Richards Bay Central, Richards Bay, 3900",Richards Bay Central,Richards Bay,067 684 2669,no,,5,2,open,-28.746010199999997,32.0501873,"car wash in Richards Bay, KwaZulu-Natal, South Africa",https://www.google.com/maps/place/?q=place_id:ChIJ3RrmC68j-h4RU5-VDbRwQQs&cid=0x1efa23af0be61add:0xb4170b40d959f53
L&J Car Wash,Car wash,"45 Dollar Dr, Richards Bay Central, Richards Bay, 3900",Richards Bay Central,Richards Bay,079 456 0365,no,,5,1,open,-28.758519699999997,32.0436954,"car wash in Richards Bay, KwaZulu-Natal, South Africa",https://www.google.com/maps/place/?q=place_id:ChIJcwHrSAAj-h4RU0H4siiviQY&cid=0x1efa230048eb0173:0x689af28b2f84153
Mandlazini Pholas Car Wash,Car wash,"28 738354968926224, 32.09568759410011, Mandlazini, Richards Bay, 3900",Mandlazini,Richards Bay,072 474 0555,no,,,,open,-28.738277399999998,32.0958156,"car wash in Richards Bay, KwaZulu-Natal, South Africa",https://www.google.com/maps/place/?q=place_id:ChIJMQTn5zcl-h4RjBThiSpiYyE&cid=0x1efa2537e7e70431:0x2163622a89e1148c
Mazwi car wash,Car wash,"Mbuyazi Rd, Richards Bay, 3901",,,068 223 0727,no,,,,open,-28.7305382,32.1589528,"car wash in Richards Bay, KwaZulu-Natal, South Africa",https://www.google.com/maps/place/Mazwi+car+wash/data=!4m7!3m6!1s0x1efa25cbeebdfd99:0x8f2fef8794d9f3b5!8m2!3d-28.7305382!4d32.1589528!16s%2Fg%2F11yqykl92f!19sChIJmf297ssl-h4RtfPZlIfvL48
Moyo Car Wash,Car wash,"22 Union St, Empangeni Central, Empangeni, 3880",,,083 575 0389,no,,2.7,3,open,-28.741735,31.8927776,"car wash in Richards Bay, KwaZulu-Natal, South Africa",https://www.google.com/maps/place/Moyo+Car+Wash/data=!4m7!3m6!1s0x1efa114df29cc8bf:0xfbf28f61de19b88d!8m2!3d-28.741735!4d31.8927776!16s%2Fg%2F11j7ygcdgn!19sChIJv8ic8k0R-h4RjbgZ3mGP8vs
Protea Coin,Car wash,"4, 5 Brass Link, Alton, Richards Bay, 3900",,,035 751 1638,no,,4.0,1,open,-28.750854,32.029576,"car wash in Richards Bay, KwaZulu-Natal, South Africa",https://www.google.com/maps/place/Protea+Coin/data=!4m7!3m6!1s0x1efa22d063cb1437:0x15117831b9a4b623!8m2!3d-28.750854!4d32.029576!16s%2Fg%2F1pzqd6tyg!19sChIJNxTLY9Ai-h4RI7akuTF4ERU
SINQANDA carwash,Car wash,"Mbonambi road, Khondweni Ward 14, Richards Bay, 3900",,,073 510 9628,no,,,,open,-28.7403065,32.1426464,"car wash in Richards Bay, KwaZulu-Natal, South Africa",https://www.google.com/maps/place/SINQANDA+carwash/data=!4m7!3m6!1s0x1efa256a6dda0973:0xe70cadf7407cf78b!8m2!3d-28.7403065!4d32.1426464!16s%2Fg%2F11px3xmxqc!19sChIJcwnabWol-h4Ri_d8QPetDOc
SIXTEEN AUTO DETAILING,Car wash,"eNsimbini, 16, Outside J1, Esikhawini, Richards Bay, 3887",,,075 123 0067,no,,5.0,2,open,-28.9022325,31.8905647,"car wash in Richards Bay, KwaZulu-Natal, South Africa",https://www.google.com/maps/place/SIXTEEN+AUTO+DETAILING/data=!4m7!3m6!1s0x1efa1de2ce06d2d9:0xddd8e484b9421ae6!8m2!3d-28.9022325!4d31.8905647!16s%2Fg%2F11ln0mwwny!19sChIJ2dIGzuId-h4R5hpCuYTk2N0
Shinematic carwash,Car wash,,,,073 681 3369,no,,5.0,1,open,-27.770254,30.8062755,"car wash in Richards Bay, KwaZulu-Natal, South Africa",https://www.google.com/maps/place/Shinematic+carwash/data=!4m7!3m6!1s0x668dc0cab8d59873:0x9833021f42eb393e!8m2!3d-27.770254!4d30.8062755!16s%2Fg%2F11xkq3x__h!19sChIJc5jVuMrAjWYRPjnrQh8CM5g
Sparkling Pride Pty LTD,Car wash,"Anglers Rod, Meerensee, Richards Bay, 3901",,,065 848 0127,no,,5.0,1,open,-28.7547548,32.1419831,"car wash in Richards Bay, KwaZulu-Natal, South Africa",https://www.google.com/maps/place/Sparkling+Pride+Pty+LTD/data=!4m7!3m6!1s0x1efa2588935cc75f:0xd23d9aef24e59d61!8m2!3d-28.7547548!4d32.1419831!16s%2Fg%2F11vzvnwmrn!19sChIJX8dck4gl-h4RYZ3lJO-aPdI
Tashelles mobile car wash and deep cleaning services,Car wash,"24 Dicksonia Dr, Brackenham, Richards Bay, 3900",,,063 149 2607,no,,3.0,4,open,-28.7229544,32.0436433,"car wash in Richards Bay, KwaZulu-Natal, South Africa",https://www.google.com/maps/place/Tashelles+mobile+car+wash+and+deep+cleaning+services/data=!4m7!3m6!1s0x1efa3de18af7e9b9:0x38e34b31fcdd85b5!8m2!3d-28.7229544!4d32.0436433!16s%2Fg%2F11h94n38_y!19sChIJuen3iuE9-h4RtYXd_DFL4zg
The Car Spa,Car wash,"Shop 3, 23 Rupee Rif, CBD, Richards Bay, 3900",CBD,Richards Bay,073 123 2344,no,,5,1,open,-28.7450047,32.0492692,"car wash in Richards Bay, KwaZulu-Natal, South Africa",https://www.google.com/maps/place/?q=place_id:ChIJNTkW8QwR-h4RIgnHbr3_BXw&cid=0x1efa110cf1163935:0x7c05ffbd6ec70922
The Carwash Company,Car wash,"Lira Link, Richards Bay Central, Richards Bay, 3900",,,,no,,4.1,8,open,-28.7514507,32.0534003,"car wash in Richards Bay, KwaZulu-Natal, South Africa",https://www.google.com/maps/place/The+Carwash+Company/data=!4m7!3m6!1s0x1efa2309657d3393:0x53e2107c0991e8d6!8m2!3d-28.7514507!4d32.0534003!16s%2Fg%2F11rmnb3w1b!19sChIJkzN9ZQkj-h4R1uiRCXwQ4lM
The Waterfront Carwash,Car wash,Unnamed Road,,Richards Bay,061 262 1234,no,,3.3,27,open,-28.7931103,32.0780755,"car wash in Richards Bay, KwaZulu-Natal, South Africa",https://www.google.com/maps/place/?q=place_id:ChIJG1ScgvQj-h4RXkwdOrWGjuw&cid=0x1efa23f4829c541b:0xec8e86b53a1d4c5e
Wash Bay mobile car wash and detailing service,Car wash,,,,081 723 4221,yes,http://www.wash-bay.co.za/,5.0,2,open,-28.6437119,32.0245974,"car wash in Richards Bay, KwaZulu-Natal, South Africa",https://www.google.com/maps/place/Wash+Bay+mobile+car+wash+and+detailing+service/data=!4m7!3m6!1s0xd812d909be2476d:0xb1d3b3e38b135fb5!8m2!3d-28.6437119!4d32.0245974!16s%2Fg%2F11xntmh_46!19sChIJbUfim5AtgQ0RtV8Ti-Oz07E
Zantaka Car Wash,Car wash,"Esikhawini J, Richards Bay, 3887",,,,no,,4.1,30,open,-28.8807697,31.8896446,"car wash in Richards Bay, KwaZulu-Natal, South Africa",https://www.google.com/maps/place/Zantaka+Car+Wash/data=!4m7!3m6!1s0x1efa1c178cf7d0cf:0xca3473584fe3be24!8m2!3d-28.8807697!4d31.8896446!16s%2Fg%2F11f3tt9k05!19sChIJz9D3jBcc-h4RJL7jT1hzNMo
Zwelonke MotorWash,Car wash,"Centre, Alton Rd, Richards Bay Central, Richards Bay, 3900",Richards Bay Central,Richards Bay,075 188 0447,no,,4,1,open,-28.753176399999997,32.043969,"car wash in Richards Bay, KwaZulu-Natal, South Africa",https://www.google.com/maps/place/?q=place_id:ChIJV8GiYjQj-h4R2zSiLUyS4iQ&cid=0x1efa233462a2c157:0x24e2924c2da234db
BAY WOODWORKS,Carpenter,"109 Alumina Allee St, Alton, Richards Bay, 3900",,,083 661 0165,no,,,,open,-28.7495244,32.0308158,"carpenters in Richards Bay, KwaZulu-Natal, South Africa",https://www.google.com/maps/place/BAY+WOODWORKS/data=!4m7!3m6!1s0x1efa22d0e4508cad:0x3f6c216601186cc4!8m2!3d-28.7495244!4d32.0308158!16s%2Fg%2F11d_d2cxyv!19sChIJrYxQ5NAi-h4RxGwYAWYhbD8
CJS Interiors Richards Bay,Carpenter,,,,063 905 5505,no,,5.0,2,open,-28.7785855,31.992421,"carpenters in Richards Bay, KwaZulu-Natal, South Africa",https://www.google.com/maps/place/CJS+Interiors+Richards+Bay/data=!4m7!3m6!1s0x8c1fee75584ce5e3:0x868233d6202f60b4!8m2!3d-28.7785855!4d31.992421!16s%2Fg%2F11zgrkjz2d!19sChIJ4-VMWHXuH4wRtGAvINYzgoY
Mcl Wood Kitchen,Carpenter,"Ntshona W Rd, Esikhawini H, Richards Bay, 3887",Esikhawini H,Richards Bay,083 481 5225,no,,,,open,-28.8600285,31.918474699999997,"carpenters in Richards Bay, KwaZulu-Natal, South Africa",https://www.google.com/maps/place/?q=place_id:ChIJ1ZWDTrEe-h4RDDFoSFu5oAQ&cid=0x1efa1eb14e8395d5:0x4a0b95b4868310c
Mncedani Trading Pty Ltd,Carpenter,"Regus Offices, Lakeview Terraces Building, CBD, Richards Bay, 3900",,,083 985 8739,yes,https://mncedanitrading.co.za/,5.0,1,open,-28.7501755,32.0553349,"painters in Richards Bay, KwaZulu-Natal, South Africa",https://www.google.com/maps/place/Mncedani+Trading+Pty+Ltd/data=!4m7!3m6!1s0x1efa23c8044e3fd5:0x964b2ae5b0610fe1!8m2!3d-28.7501755!4d32.0553349!16s%2Fg%2F11x8d5392n!19sChIJ1T9OBMgj-h4R4Q9hsOUqS5Y
Seven Quality Project(pty)LTD,Carpenter,"Eskhawini port Dunford Mahunu, reserv, Richards Bay, 3900",reserv,Richards Bay,076 800 0162,yes,https://sevenqualityprojects.co.za/,,,open,-28.914521599999997,31.8578461,"carpenters in Richards Bay, KwaZulu-Natal, South Africa",https://www.google.com/maps/place/?q=place_id:ChIJGYdZsO8d-h4Ru0fzzeJVslQ&cid=0x1efa1defb0598719:0x54b255e2cdf347bb
Chem-Dry Richards Bay,Carpet cleaning service,"1 Pinkie Pool, Meer En See, Richards Bay, 3901",,,035 789 0434,no,,,,open,-28.7808139,32.1169609,"cleaning services in Richards Bay, KwaZulu-Natal, South Africa",https://www.google.com/maps/place/Chem-Dry+Richards+Bay/data=!4m7!3m6!1s0x1efa24380833ffff:0x61e45df6e74d9dde!8m2!3d-28.7808139!4d32.1169609!16s%2Fg%2F11tx6p7tzd!19sChIJ__8zCDgk-h4R3p1N5_Zd5GE
NK Upholstery Cleaning Services,Carpet cleaning service,"5 Jaqueta, Meer En See, Richards Bay, 3901",Meer En See,Richards Bay,083 299 8298,yes,http://www.nkupholsterycleaning.co.za/,5,1,open,-28.784180799999998,32.0970636,"cleaning services in Richards Bay, KwaZulu-Natal, South Africa",https://www.google.com/maps/place/?q=place_id:ChIJw8yLNycl-h4RbGaeySj5bzE&cid=0x1efa2527378bccc3:0x316ff928c99e666c
Sirene Cleaning Services,Carpet cleaning service,"20 St Tropez Gardens, Arboretum, Richards Bay",Arboretum,Richards Bay,079 344 6858,no,,1,1,open,-28.7664382,32.0591242,"cleaning services in Richards Bay, KwaZulu-Natal, South Africa",https://www.google.com/maps/place/?q=place_id:ChIJlzImyYUj-h4REFBPSM9EcVo&cid=0x1efa2385c9263297:0x5a7144cf484f5010
Allen D Catering & Decorators,Caterer,"24 Mangrove Maze, Aquadene, Richards Bay, 3900",Aquadene,Richards Bay,035 798 2247,no,,5,1,open,-28.712946,32.03951,"catering services in Richards Bay, KwaZulu-Natal, South Africa",https://www.google.com/maps/place/?q=place_id:ChIJHUVj9OE8-h4RyeWkoUjbPdY&cid=0x1efa3ce1f463451d:0xd63ddb48a1a4e5c9
Bingelela Foods,Caterer,"15 Gallinule Gait, St, Richards Bay, 3900",St,Richards Bay,082 870 0377,no,,5,2,open,-28.733760099999998,32.0858835,"catering services in Richards Bay, KwaZulu-Natal, South Africa",https://www.google.com/maps/place/?q=place_id:ChIJHTsjsKkk-h4Rg8XNcaTzDus&cid=0x1efa24a9b0233b1d:0xeb0ef3a471cdc583
Chefeez,Caterer,"35 Disa Dives, Veld En Vlei, Richards Bay, 3900",Veld En Vlei,Richards Bay,079 955 5078,no,,,,open,-28.7375984,32.0635708,"catering services in Richards Bay, KwaZulu-Natal, South Africa",https://www.google.com/maps/place/?q=place_id:ChIJe8mZA58j-h4Rw2xBwXvCLmA&cid=0x1efa239f0399c97b:0x602ec27bc1416cc3
Function foods,Caterer,"20 Bauxite Bay, Alton, Richards Bay, 3900",,,035 797 4194,yes,http://www.functionfoods.co.za/?utm_source=google&utm_medium=wix_google_business_profile&utm_campaign=4067951446099789117,4.6,53,open,-28.7516869,32.0198299,"bakery in Richards Bay, KwaZulu-Natal, South Africa",https://www.google.com/maps/place/Function+foods/data=!4m7!3m6!1s0x1efa236766df1dc1:0x1c50fc01e98879e9!8m2!3d-28.7516869!4d32.0198299!16s%2Fg%2F11g2xcmk0t!19sChIJwR3fZmcj-h4R6XmI6QH8UBw
Mala's Decor & Cater Hire,Caterer,"15 Bugula, Brackenham, Richards Bay, 3900",Brackenham,Richards Bay,083 984 2372,no,,4,1,open,-28.7240723,32.039673199999996,"catering services in Richards Bay, KwaZulu-Natal, South Africa",https://www.google.com/maps/place/?q=place_id:ChIJV63-Jew9-h4RO9Etesb2r1w&cid=0x1efa3dec25fead57:0x5caff6c67a2dd13b
Nela Events and Catering,Caterer,"Regus Business Center, Richards Bay Central, Richards Bay, 3900",Richards Bay Central,Richards Bay,081 360 6121,yes,http://www.nelacatering.co.za/,,,open,-28.750175499999997,32.0553349,"catering services in Richards Bay, KwaZulu-Natal, South Africa",https://www.google.com/maps/place/?q=place_id:ChIJvU8Cs0oj-h4RroHiWYMoqPw&cid=0x1efa234ab3024fbd:0xfca8288359e281ae
Salted Catering,Caterer,,,,073 040 7812,no,,5.0,3,open,-28.9448254,30.8822356,"catering services in Richards Bay, KwaZulu-Natal, South Africa",https://www.google.com/maps/place/Salted+Catering/data=!4m7!3m6!1s0x6cfc1c94260c3dc3:0x1dc2f386bd23eeec!8m2!3d-28.9448254!4d30.8822356!16s%2Fg%2F11y36l5rml!19sChIJwz0MJpQc_GwR7O4jvYbzwh0
Smiso Catering,Caterer,"Eagle Room ZCBF Community Park, Alton, Richards Bay, 3900",Alton,Richards Bay,035 797 3352,yes,http://smiso.co.za/,,,open,-28.7506092,32.0240758,"catering services in Richards Bay, KwaZulu-Natal, South Africa",https://www.google.com/maps/place/?q=place_id:ChIJ_____84i-h4RYhgMRgMtErY&cid=0x1efa22ceffffffff:0xb6122d03460c1862
Spitbraai rentals,Caterer,"37 Loerie Lane, Birdswood, Richards Bay, 3900",Birdswood,Richards Bay,073 307 0658,no,,4.6,14,open,-28.741872899999997,32.085656199999995,"catering services in Richards Bay, KwaZulu-Natal, South Africa",https://www.google.com/maps/place/?q=place_id:ChIJ50hDzAEj-h4RC3_zJ2XRWOs&cid=0x1efa2301cc4348e7:0xeb58d16527f37f0b
Creative Events and catering,Catering food and drink supplier,"4 Gardenia Grove, Arboretum, Richards Bay, 3900",Arboretum,Richards Bay,084 865 9958,no,,5,76,open,-28.7538262,32.066977099999995,"catering services in Richards Bay, KwaZulu-Natal, South Africa",https://www.google.com/maps/place/?q=place_id:ChIJt737BmEj-h4RanGBpIYerFE&cid=0x1efa236106fbbdb7:0x51ac1e86a481716a
Shalom Catering,Catering food and drink supplier,"96 Alumina Allee St, Alton, Richards Bay, 3900",Alton,Richards Bay,082 803 0778,no,,4.5,62,open,-28.7485854,32.0324629,"catering services in Richards Bay, KwaZulu-Natal, South Africa",https://www.google.com/maps/place/?q=place_id:ChIJ7SxZkpUi-h4RFPqwIgnC18Y&cid=0x1efa229592592ced:0xc6d7c20922b0fa14
SA Chartered Business Accountants and Tax Specialist,Chartered accountant,"20 Mnqandane St, H2602, Richards Bay, 3887",H2602,Richards Bay,073 896 8359,no,,,,open,-28.8657769,31.917925699999998,"accountants in Richards Bay, KwaZulu-Natal, South Africa",https://www.google.com/maps/place/?q=place_id:ChIJDa_oJmgf-h4RMEifNPT7120&cid=0x1efa1f6826e8af0d:0x6dd7fbf4349f4830
Foskor (Pty) Ltd Richards Bay,Chemical plant,"21 John Ross Hwy, Richards Bay, 3900",,,035 902 3111,yes,http://www.foskor.co.za/,3.7,132,open,-28.7703941,32.0372881,"catering services in Richards Bay, KwaZulu-Natal, South Africa",https://www.google.com/maps/place/Foskor+%28Pty%29+Ltd+Richards+Bay/data=!4m7!3m6!1s0x1efa22ee6051acf3:0x9e697d7d0a582fd5!8m2!3d-28.7703941!4d32.0372881!16s%2Fg%2F11b6d2n47m!19sChIJ86xRYO4i-h4R1S9YCn19aZ4
Crispy Chicken Alton,Chicken restaurant,"68 Alumina Allee St, Alton, Richards Bay, 3900",Alton,Richards Bay,035 797 3143,yes,https://freshstop.co.za/crispy-chicken/?utm_source=google_maps&utm_medium=website_link&utm_campaign=SP&utm_content=SP,4.4,11,open,-28.7601877,32.0237675,"takeaways in Richards Bay, KwaZulu-Natal, South Africa",https://www.google.com/maps/place/?q=place_id:ChIJK_DNreoj-h4RS0LlyS0xPq4&cid=0x1efa23eaadcdf02b:0xae3e312dc9e5424b
Honchos Richards Bay,Chicken restaurant,"Cnr Krugerrand and, Bullion Blvd, Richards Bay, 3875",Richards Bay Central,Richards Bay,064 083 9780,yes,http://www.honchos.co.za/,4.2,11,open,-28.7502703,32.0495796,"takeaways in Richards Bay, KwaZulu-Natal, South Africa",https://www.google.com/maps/place/?q=place_id:ChIJCyB7Bn8j-h4Rrt1ZAVBbmqM&cid=0x1efa237f067b200b:0xa39a5b500159ddae
Nando's Richards Bay,Chicken restaurant,"10 Penny Ln, Shop 10, Bellingham Park Shopping Centre, Richards Bay, 3900",,,035 789 7377,yes,https://store.nandos.co.za/details/richards-bay,4.1,748,open,-28.7520085,32.0497737,"takeaways in Richards Bay, KwaZulu-Natal, South Africa",https://www.google.com/maps/place/Nando%27s+Richards+Bay/data=!4m7!3m6!1s0x1efa23243078c087:0x6a4c2b44115b4542!8m2!3d-28.7520085!4d32.0497737!16s%2Fg%2F1wy6yxch!19sChIJh8B4MCQj-h4RQkVbEUQrTGo
Pedros Richards Bay,Chicken restaurant,"Junction 14 Mall , Cnr Bullion Blvd, Krugerrand Grv, &, Richards Bay, 3900",&,Richards Bay,035 940 2468,yes,https://pedroschicken.co.za/,4.4,455,open,-28.7496182,32.0478272,"takeaways in Richards Bay, KwaZulu-Natal, South Africa",https://www.google.com/maps/place/?q=place_id:ChIJNy_V_gQj-h4R6FHZ48eInY0&cid=0x1efa2304fed52f37:0x8d9d88c7e3d951e8
Pedros Richards Bay Town Square Drive Thru,Chicken restaurant,"Town Square Mall, Bullion Blvd, Richards Bay Central, Richards Bay, 3900",Richards Bay Central,Richards Bay,035 880 0204,yes,https://pedroschicken.co.za/,4.2,190,open,-28.748142899999998,32.0510459,"takeaways in Richards Bay, KwaZulu-Natal, South Africa",https://www.google.com/maps/place/?q=place_id:ChIJw10E66Mj-h4RgxCWYNpN76c&cid=0x1efa23a3eb045dc3:0xa7ef4dda60961083
D M V Consultants - Richards Bay,Civil engineering company,"Bldg suite 12, Palm Court, 13 Lira Link, Richards Bay Central, Richards Bay, 3900",,,081 631 1946,no,,5.0,3,open,-28.751456,32.054481,"building contractors in Richards Bay, KwaZulu-Natal, South Africa",https://www.google.com/maps/place/D+M+V+Consultants+-+Richards+Bay/data=!4m7!3m6!1s0x1efa233c172289a9:0xba5b6dc9e47ee7d4!8m2!3d-28.751456!4d32.054481!16s%2Fg%2F1pzxnsdgf!19sChIJqYkiFzwj-h4R1Od-5MltW7o
Encore Maintenance Solutions CC,Civil engineering company,"11 Ceramic Curve, Alton, Richards Bay, 3900",,,035 751 2073,yes,https://encoremaintenance.co.za/,4.6,8,open,-28.7531327,32.0303517,"building contractors in Richards Bay, KwaZulu-Natal, South Africa",https://www.google.com/maps/place/Encore+Maintenance+Solutions+CC/data=!4m7!3m6!1s0x1efa3cd37b226381:0x28cea1302169eafc!8m2!3d-28.7531327!4d32.0303517!16s%2Fg%2F11b6dpfw1j!19sChIJgWMie9M8-h4R_OppITChzig
Makheleni Construction,Civil engineering company,"Unit 02 Edupark, Zululand Chamber of Business Forum Park, Alton, Richards Bay, 3900",,,035 797 3180,yes,http://www.makheleni.co.za/,1.0,1,open,-28.7555872,32.0341867,"building contractors in Richards Bay, KwaZulu-Natal, South Africa",https://www.google.com/maps/place/Makheleni+Construction/data=!4m7!3m6!1s0x1efa23de68e85a6d:0x75c2c0b5558c9fe3!8m2!3d-28.7555872!4d32.0341867!16s%2Fg%2F11q951qsh4!19sChIJbVroaN4j-h4R45-MVbXAwnU
Adriaan Combrinck and Associates,Civil law attorney,"7 Addison St, Empangeni Central, Empangeni, 3880",,,035 792 2013,yes,https://www.attorneys.co.za/CompanyHomePage.asp?CompanyID=941,,,open,-28.7376113,31.8946375,"attorneys in Richards Bay, KwaZulu-Natal, South Africa",https://www.google.com/maps/place/Adriaan+Combrinck+and+Associates/data=!4m7!3m6!1s0x1efa1155f3fb4a1d:0xef5db49e4dcc6976!8m2!3d-28.7376113!4d31.8946375!16s%2Fg%2F11j4f3f27b!19sChIJHUr781UR-h4RdmnMTZ60Xe8
M.A.Mthethwa Attorneys,Civil law attorney,"Richards Bay Central, Richards Bay, 3900",Richards Bay Central,Richards Bay,061 508 3221,no,,5,1,open,-28.7539001,32.049239799999995,"attorneys in Richards Bay, KwaZulu-Natal, South Africa",https://www.google.com/maps/place/?q=place_id:ChIJv5dWNAAj-h4RwKXO0IQE8Q0&cid=0x1efa2300345697bf:0xdf10484d0cea5c0
Sibisi & Partners Inc,Civil law attorney,"27 Ceramic Curve, Alton, Richards Bay, 3900",,,087 729 8369,no,,,,open,-28.7488339,32.033061,"attorneys in Richards Bay, KwaZulu-Natal, South Africa",https://www.google.com/maps/place/Sibisi+%26+Partners+Inc/data=!4m7!3m6!1s0x1efa23cc1ee24ab3:0xa80cb2ed45df986d!8m2!3d-28.7488339!4d32.033061!16s%2Fg%2F11y66txr__!19sChIJs0riHswj-h4RbZjfRe2yDKg
Bidvest Prestige Richards Bay,Cleaners,"Unit2 Ngoya Pk, 109 Alumina Allee St, Alton, Richards Bay, 3900",Alton,Richards Bay,035 751 2648,yes,http://www.bidvestsolutions.co.za/,3,2,open,-28.7495244,32.0308158,"cleaning services in Richards Bay, KwaZulu-Natal, South Africa",https://www.google.com/maps/place/?q=place_id:ChIJ7SxZkpUi-h4RicBTZK78sEE&cid=0x1efa229592592ced:0x41b0fcae6453c089
Imela Industrial Cleaning Services CC,Cleaners,"11 Kiepersolkolk, Arboretum, Richards Bay, 3900",Arboretum,Richards Bay,035 789 8004,no,,5,1,open,-28.7593164,32.069299199999996,"cleaning services in Richards Bay, KwaZulu-Natal, South Africa",https://www.google.com/maps/place/?q=place_id:ChIJX4Lv_m4j-h4R9Lfxh6JPF8Y&cid=0x1efa236efeef825f:0xc6174fa287f1b7f4
JETCHEM,Cleaners,"91 Dollar Dr, Central, Richards Bay, 3900",Central,Richards Bay,035 786 0578,yes,http://www.jetchem.co.za/,5,8,open,-28.757670599999997,32.041919299999996,"cleaning services in Richards Bay, KwaZulu-Natal, South Africa",https://www.google.com/maps/place/?q=place_id:ChIJxZuX25Qi-h4RhOZcZTNqcRs&cid=0x1efa2294db979bc5:0x1b716a33655ce684
Magic touch cleaning services and maintenance,Cleaners,"14, 39 Kannakronkel, Veld En Vlei, Richards Bay, 3900",Veld En Vlei,Richards Bay,061 512 0556,yes,https://magic-touch-0a9d.mailchimpsites.com/,5,1,open,-28.731152899999998,32.0629476,"cleaning services in Richards Bay, KwaZulu-Natal, South Africa",https://www.google.com/maps/place/?q=place_id:ChIJ1bQtHZI9-h4R3eYJiNs7rkY&cid=0x1efa3d921d2db4d5:0x46ae3bdb8809e6dd
mafure projects,Cleaners,"10 Buscom Building, ZCBF Community Park, Guldengracht St, Alton, Richards Bay, 3900",,,072 382 8884,yes,http://mafureprojects.co.za/,,,open,-28.7567712,32.0436289,"pest control in Richards Bay, KwaZulu-Natal, South Africa",https://www.google.com/maps/place/mafure+projects/data=!4m7!3m6!1s0x1efa2321894a6971:0xb27630dba39426ec!8m2!3d-28.7567712!4d32.0436289!16s%2Fg%2F11rgbn01nr!19sChIJcWlKiSEj-h4R7CaUo9swdrI
Bidvest Steiner Hygiene Pty Ltd,Cleaning products supplier,"67a Dollar Dr, Richards Bay Central, Richards Bay, 3900",,,035 787 0281,yes,https://steiner.co.za/,4.0,1,open,-28.7606418,32.0419243,"cleaning services in Richards Bay, KwaZulu-Natal, South Africa",https://www.google.com/maps/place/Bidvest+Steiner+Hygiene+Pty+Ltd/data=!4m7!3m6!1s0x1efa10a9aaaaaaab:0xfe1e61c7a2652baa!8m2!3d-28.7606418!4d32.0419243!16s%2Fg%2F11q24f5l4k!19sChIJq6qqqqkQ-h4RqitlosdhHv4
Komaga Projects Pty Ltd Cleaning Services,Cleaning products supplier,"16 Cape Pondweed Pl, Aquadene, Richards Bay, 3900",,,076 112 2981,no,,5.0,3,open,-28.7157651,32.0380464,"cleaning services in Richards Bay, KwaZulu-Natal, South Africa",https://www.google.com/maps/place/Komaga+Projects+Pty+Ltd+Cleaning+Services/data=!4m7!3m6!1s0x1efa3deb7b78f81b:0x3650ebef875640ee!8m2!3d-28.7157651!4d32.0380464!16s%2Fg%2F11qnd16dl8!19sChIJG_h4e-s9-h4R7kBWh-_rUDY
FMD Spillage Control,Cleaning service,"104 Dollar Dr, Richards Bay Central, Richards Bay, 3900",,,035 797 3809,yes,http://www.fmdspillage.co.za/,,,open,-28.7558229,32.0436582,"cleaning services in Richards Bay, KwaZulu-Natal, South Africa",https://www.google.com/maps/place/FMD+Spillage+Control/data=!4m7!3m6!1s0x1efa225555555555:0x21dfd3b899220016!8m2!3d-28.7558229!4d32.0436582!16s%2Fg%2F11qf_z6txh!19sChIJVVVVVVUi-h4RFgAimbjT3yE
MDI Hydroblasting and Vacuum Specialist,Cleaning service,"5 Alugang, Alton, Richards Bay",Alton,Richards Bay,035 797 3200,no,,5,5,open,-28.7613003,32.0071126,"cleaning services in Richards Bay, KwaZulu-Natal, South Africa",https://www.google.com/maps/place/?q=place_id:ChIJ5yKOVpQi-h4RPZc6i-Pb1YI&cid=0x1efa2294568e22e7:0x82d5dbe38b3a973d
Zikode Cleaning Services,Cleaning service,"60 Dollar Dr, Richards Bay Central, Richards Bay, 3900",Richards Bay Central,Richards Bay,079 681 6687,yes,http://zikodecleaning.co.za/,4.7,9,open,-28.759967,32.041798,"cleaning services in Richards Bay, KwaZulu-Natal, South Africa",https://www.google.com/maps/place/?q=place_id:ChIJC6i8b5Yi-h4RzB4E0EODNeE&cid=0x1efa22966fbca80b:0xe1358343d0041ecc
all strategy store,Clothes and fabric wholesaler,"Mango Grove, Arboretum, Richards Bay, 3900",,,061 455 4510,yes,https://hyh70c-ng.myshopify.com/,,,open,-28.763608,32.0524599,"landscaping and garden services in Richards Bay, KwaZulu-Natal, South Africa",https://www.google.com/maps/place/all+strategy+store/data=!4m7!3m6!1s0x1efa2303c8ed3d95:0x42f2f7e886426ca2!8m2!3d-28.763608!4d32.0524599!16s%2Fg%2F11msc9hgcl!19sChIJlT3tyAMj-h4RomxChuj38kI
Cafe d'Art Gallery,Coffee shop,"100 Krewelkring, Meer En See, Richards Bay, 3901",,,076 494 4356,yes,https://www.facebook.com/CafedArtGallery/,4.8,58,open,-28.7772979,32.1029824,"painters in Richards Bay, KwaZulu-Natal, South Africa",https://www.google.com/maps/place/Cafe+d%27Art+Gallery/data=!4m7!3m6!1s0x1efa2469055a4fd1:0xb602bc4859aefde!8m2!3d-28.7772979!4d32.1029824!16s%2Fg%2F11c1p4m9bs!19sChIJ0U9aBWkk-h4R3u-ahcQrYAs
Heritage Brew Coffee Shop,Coffee shop,"18 Dove Cres, Nyala Park, Empangeni, 3880",,,079 037 8420,yes,http://www.gatherroastery.com/,4.8,48,open,-28.7524301,31.9050186,"bakery in Richards Bay, KwaZulu-Natal, South Africa",https://www.google.com/maps/place/Heritage+Brew+Coffee+Shop/data=!4m7!3m6!1s0x1efa23437fd606f5:0xe39ec3c83f14ebd0!8m2!3d-28.7524301!4d31.9050186!16s%2Fg%2F11nmcrz8ch!19sChIJ9QbWf0Mj-h4R0OsUP8jDnuM
Khwela Print & Sign,Commercial printer,"20 Peseta Parade, Richards Bay Central, Richards Bay, 3900",,,035 789 6384,yes,http://www.khwelaprint.co.za/,4.3,33,open,-28.7453644,32.0486893,"printers in Richards Bay, KwaZulu-Natal, South Africa",https://www.google.com/maps/place/Khwela+Print+%26+Sign/data=!4m7!3m6!1s0x1efa232fc2651ee5:0x8b18816c2992927b!8m2!3d-28.7453644!4d32.0486893!16s%2Fg%2F1tkjngvg!19sChIJ5R5lwi8j-h4Re5KSKWyBGIs
ZCBF Community Park,Community center,"Alton Rd, Richards Bay Central, Richards Bay, 3900",Richards Bay Central,Richards Bay,035 797 1800,yes,http://www.zcbf.org.za/,4,357,open,-28.7564952,32.0348775,"catering services in Richards Bay, KwaZulu-Natal, South Africa",https://www.google.com/maps/place/?q=place_id:ChIJ533M_t4i-h4RE_lu2v81KQo&cid=0x1efa22defecc7de7:0xa2935ffda6ef913
Hontech Computers,Computer repair service,"Shop no 2 | Richards Park |, Richards Bay, 3900",Richards Bay Central,Richards Bay,073 425 2780,yes,http://www.hontech.co.za/,3.6,17,open,-28.750978099999998,32.0499169,"IT support services in Richards Bay, KwaZulu-Natal, South Africa",https://www.google.com/maps/place/?q=place_id:ChIJ5f7__zsj-h4Rn0Xz4iHJ6BQ&cid=0x1efa233bfffffee5:0x14e8c921e2f3459f
Qtech Repairs Richards Bay,Computer repair service,"Shop 39B, First Floor, Bellingham Park Mall, Penny Ln, CBD, Richards Bay, 3900",,,087 822 1755,yes,http://www.qtechrepairs.co.za/,4.8,64,open,-28.7517305,32.0493129,"printers in Richards Bay, KwaZulu-Natal, South Africa",https://www.google.com/maps/place/Qtech+Repairs+Richards+Bay/data=!4m7!3m6!1s0x1efa233d1aaad4eb:0xa5b65a72248d21df!8m2!3d-28.7517305!4d32.0493129!16s%2Fg%2F11c45vy2b4!19sChIJ69SqGj0j-h4R3yGNJHJatqU
North Coast Solutions,Computer store,"28 Boerboon, Arboretum, Richards Bay, 3900",Arboretum,Richards Bay,083 356 6989,yes,http://www.ncitsol.co.za/,5,3,open,-28.7475301,32.0648311,"IT support services in Richards Bay, KwaZulu-Natal, South Africa",https://www.google.com/maps/place/?q=place_id:ChIJbzVP-5U9-h4RUB_DNRompIw&cid=0x1efa3d95fb4f356f:0x8ca4261a35c31f50
Onsite Computers,Computer store,"6 Metica Moon, Richards Bay Central, Richards Bay, 3900",,,035 789 8544,yes,https://www.facebook.com/onsitecomp,4.4,229,open,-28.753267,32.049183,"printers in Richards Bay, KwaZulu-Natal, South Africa",https://www.google.com/maps/place/Onsite+Computers/data=!4m7!3m6!1s0x1efa232336f61b3b:0xb855d1ea8b316220!8m2!3d-28.753267!4d32.049183!16s%2Fg%2F11b7f3ptk2!19sChIJOxv2NiMj-h4RIGIxi-rRVbg
SKL COMPUTER SERVICES,Computer store,"Unit1, 91 Bullion Blvd, CBD, Richards Bay, 3900",CBD,Richards Bay,035 789 7888,yes,http://www.skl.co.za/,4.3,33,open,-28.754847299999998,32.045569,"IT support services in Richards Bay, KwaZulu-Natal, South Africa",https://www.google.com/maps/place/?q=place_id:ChIJ6d6ssSMj-h4RvJdYS-gMJII&cid=0x1efa2323b1acdee9:0x82240ce84b5897bc
Silica Valley Computers & Internet Cafe',Computer store,"Calypso Cove, Richards Bay Central, Richards Bay, 3900",,,087 898 3529,yes,https://www.silicaoffice.co.za/,4.6,113,open,-28.7523358,32.0526837,"printers in Richards Bay, KwaZulu-Natal, South Africa",https://www.google.com/maps/place/Silica+Valley+Computers+%26+Internet+Cafe%27/data=!4m7!3m6!1s0x1efa233c502007ed:0xc71a4430fe94470c!8m2!3d-28.7523358!4d32.0526837!16s%2Fg%2F11g6mdxhfy!19sChIJ7QcgUDwj-h4RDEeU_jBEGsc
Coastal I.T & Network Solutions,Computer support and services,,,,035 753 1030,yes,http://www.coastalit.co.za/,4.8,23,open,-28.6528899,31.9512854,"IT support services in Richards Bay, KwaZulu-Natal, South Africa",https://www.google.com/maps/place/Coastal+I.T+%26+Network+Solutions/data=!4m7!3m6!1s0x1efa246afa274603:0x288b65ecef30d3d7!8m2!3d-28.6528899!4d31.9512854!16s%2Fg%2F11c1pd6j58!19sChIJA0Yn-mok-h4R19Mw7-xliyg
InfoAvenue,Computer support and services,"Bellingham Park, Bellingham, Penny Ln, Richards Bay Central, Richards Bay, 3900",Richards Bay Central,Richards Bay,035 789 8133,yes,http://www.infoavenue.co.za/,4.7,9,open,-28.7519788,32.0495527,"IT support services in Richards Bay, KwaZulu-Natal, South Africa",https://www.google.com/maps/place/?q=place_id:ChIJvzLOyjwj-h4RDZmbEAKiMaY&cid=0x1efa233ccace32bf:0xa631a202109b990d
KENTECH,Computer support and services,"87 Bullion Blvd, Richards Bay Central, Richards Bay, 3900",Richards Bay Central,Richards Bay,035 492 0081,yes,http://www.kentech.info/,4.9,215,open,-28.754520399999997,32.045726699999996,"IT support services in Richards Bay, KwaZulu-Natal, South Africa",https://www.google.com/maps/place/?q=place_id:ChIJJWgcOUoj-h4ROdCj2q_39UA&cid=0x1efa234a391c6825:0x40f5f7afdaa3d039
Leaf Technologies Richards Bay,Computer support and services,"125 Dollar Dr, Richards Bay Central, Richards Bay, 3900",,,035 789 6901,yes,http://www.leaftechnologies.co.za/,4.8,23,open,-28.7527572,32.0445659,"printers in Richards Bay, KwaZulu-Natal, South Africa",https://www.google.com/maps/place/Leaf+Technologies+Richards+Bay/data=!4m7!3m6!1s0x1efa2324043647a1:0x61e6c43b55ba5747!8m2!3d-28.7527572!4d32.0445659!16s%2Fg%2F11g6ttb8gf!19sChIJoUc2BCQj-h4RR1e6VTvE5mE
NexGen IT Innovations,Computer support and services,"Lakeview Terraces Building , Regus Offices CBD, Richards Bay, 3900",,Richards Bay,073 851 2122,yes,https://nexgeniti.co.za/,4,3,open,-28.7807276,32.0382856,"IT support services in Richards Bay, KwaZulu-Natal, South Africa",https://www.google.com/maps/place/?q=place_id:ChIJMwFOpaQj-h4RAunzicBZQC8&cid=0x1efa23a4a54e0133:0x2f4059c089f3e902
Philco Systems (Pty) Ltd.,Computer support and services,"30 Ceramic Curve, Alton, Richards Bay, 3900",Alton,Richards Bay,035 751 1363,yes,http://www.philco.co.za/,4.6,18,open,-28.7493731,32.0333085,"IT support services in Richards Bay, KwaZulu-Natal, South Africa",https://www.google.com/maps/place/?q=place_id:ChIJH-o6Qdci-h4RdAg63e134qo&cid=0x1efa22d7413aea1f:0xaae277eddd3a0874
Umnotho Integrated Solutions,Computer support and services,"13 Tassel-Berry, Arboretum, Richards Bay, 3900",Arboretum,Richards Bay,081 766 2570,yes,http://www.umnothois.co.za/,,,open,-28.7542765,32.0564428,"IT support services in Richards Bay, KwaZulu-Natal, South Africa",https://www.google.com/maps/place/?q=place_id:ChIJwYrKnR49-h4RFAq65ZTcza0&cid=0x1efa3d1e9dca8ac1:0xadcddc94e5ba0a14
Zululand Computer Technologies,Computer support and services,"1st floor unit 11 Eagle Industrial Park corner Alumina Alley, Bauxite Bay, Alton, Richards Bay",Alton,Richards Bay,035 004 0132,yes,http://www.zct.co.za/,5,1,open,-28.754382999999997,32.0247002,"IT support services in Richards Bay, KwaZulu-Natal, South Africa",https://www.google.com/maps/place/?q=place_id:ChIJP-IvOkQj-h4RztNcc6Wc5fI&cid=0x1efa23443a2fe23f:0xf2e59ca5735cd3ce
AMFRA MAINTENANCE SERVICES,Concrete contractor,"16 Ceramic Curve, Alton, Richards Bay, 3900",,,035 751 1900,yes,https://www.amfra.co.za/,4.5,2,open,-28.7529546,32.0316801,"building contractors in Richards Bay, KwaZulu-Natal, South Africa",https://www.google.com/maps/place/AMFRA+MAINTENANCE+SERVICES/data=!4m7!3m6!1s0x1efa22da3a5afc09:0xd5bbdab4942cd67!8m2!3d-28.7529546!4d32.0316801!16s%2Fg%2F1trs_95g!19sChIJCfxaOtoi-h4RZ81CSau9Ww0
Bayblack Readymix Concrete,Concrete product supplier,Nseleni A,,Nseleni A,061 525 2445,yes,http://www.bayblack.co.za/,4,4,open,-28.673517,32.025151699999995,"paving contractors in Richards Bay, KwaZulu-Natal, South Africa",https://www.google.com/maps/place/?q=place_id:ChIJI7zU01Q9-h4Rxc5sEfFa9W4&cid=0x1efa3d54d3d4bc23:0x6ef55af1116ccec5
AJB General Worx & Supplies Handyman,Construction company,"15 Eland St, Ballito, 4399",,,068 633 9550,no,,5.0,2,open,-29.5276654,31.2226468,"handyman services in Richards Bay, KwaZulu-Natal, South Africa",https://www.google.com/maps/place/AJB+General+Worx+%26+Supplies+Handyman/data=!4m7!3m6!1s0x1ef7155ed5de9913:0x5df68ca368289da8!8m2!3d-29.5276654!4d31.2226468!16s%2Fg%2F11zyp9zf1q!19sChIJE5ne1V4V9x4RqJ0oaKOM9l0
AMP Construction,Construction company,"LOT 197, Logan Farm Old, Mtubatuba Rd, Hillview, Empangeni, 3880",,,035 772 1920,yes,https://linktr.ee/ampconstruction,4.0,4,open,-28.7265025,31.8919556,"paving contractors in Richards Bay, KwaZulu-Natal, South Africa",https://www.google.com/maps/place/AMP+Construction/data=!4m7!3m6!1s0x1efa1149147673d1:0xc26294c382e8f16d!8m2!3d-28.7265025!4d31.8919556!16s%2Fg%2F11tp5ybfnb!19sChIJ0XN2FEkR-h4RbfHogsOUYsI
Africa Civil and Building Construction,Construction company,"33 Bauxite Bay, Alton, Richards Bay, 3900",,,035 001 7684,yes,http://www.africacivil.co.za/,3.5,4,open,-28.750812,32.0163649,"building contractors in Richards Bay, KwaZulu-Natal, South Africa",https://www.google.com/maps/place/Africa+Civil+and+Building+Construction/data=!4m7!3m6!1s0x1efa22c9dd4a5391:0xf21ea4c24efa57a1!8m2!3d-28.750812!4d32.0163649!16s%2Fg%2F1pzr2w40g!19sChIJkVNK3cki-h4RoVf6TsKkHvI
Amagwaba Construction,Construction company,"37 Bauxite Bay, Alton, Richards Bay, 3900",,,035 751 1473,yes,http://amagwaba.co.za/,4.4,5,open,-28.7501257,32.0155072,"building contractors in Richards Bay, KwaZulu-Natal, South Africa",https://www.google.com/maps/place/Amagwaba+Construction/data=!4m7!3m6!1s0x1efa22d6eb2abe43:0xcbbef6a53e6885f5!8m2!3d-28.7501257!4d32.0155072!16s%2Fg%2F11h1rs3_8v!19sChIJQ74q69Yi-h4R9YVoPqX2vss
Amangcolwane glass and aluminium,Construction company,"Maholoholo road, Esikhawini H, Richards Bay, 3887",Esikhawini H,Richards Bay,071 075 5287,no,,,,open,-28.8605061,31.907137499999997,"aluminium and glass in Richards Bay, KwaZulu-Natal, South Africa",https://www.google.com/maps/place/?q=place_id:ChIJU9u3k9of-h4R7WO7qFuuLMo&cid=0x1efa1fda93b7db53:0xca2cae5ba8bb63ed
Bundu Construction,Construction company,"10 Eagle Ray, Meer En See, Richards Bay, 3901",,,082 354 7907,no,,4.3,3,open,-28.7869553,32.0975021,"building contractors in Richards Bay, KwaZulu-Natal, South Africa",https://www.google.com/maps/place/Bundu+Construction/data=!4m7!3m6!1s0x1efa2412dc40040d:0x643df9c0b2cfe481!8m2!3d-28.7869553!4d32.0975021!16s%2Fg%2F119vv87f3!19sChIJDQRA3BIk-h4RgeTPssD5PWQ
Cureton Engineering & Construction SA,Construction company,"10 Ceramic Curve, Alton, Richards Bay, 3900",,,035 751 1253,no,,4.4,7,open,-28.7545989,32.0305132,"building contractors in Richards Bay, KwaZulu-Natal, South Africa",https://www.google.com/maps/place/Cureton+Engineering+%26+Construction+SA/data=!4m7!3m6!1s0x1efa22dbb1c6f4eb:0xe141b96e66c51b9c!8m2!3d-28.7545989!4d32.0305132!16s%2Fg%2F11f4qlwwbw!19sChIJ6_TGsdsi-h4RnBvFZm65QeE
DRIVEWAYS AND SURFACES,Construction company,"Richards Bay - New, Richards Bay, 3900",,,073 980 5828,no,,,,open,-28.7409504,32.1016521,"paving contractors in Richards Bay, KwaZulu-Natal, South Africa",https://www.google.com/maps/place/DRIVEWAYS+AND+SURFACES/data=!4m7!3m6!1s0x1efa253e54c74bbd:0xda053aace9d54d88!8m2!3d-28.7409504!4d32.1016521!16s%2Fg%2F11j5f5bfx_!19sChIJvUvHVD4l-h4RiE3V6aw6Bdo
Devine Development Partners,Construction company,"Richards Bay Central, Richards Bay, 3900",,,061 017 6912,no,,5.0,1,open,-28.7501755,32.0553349,"paving contractors in Richards Bay, KwaZulu-Natal, South Africa",https://www.google.com/maps/place/Devine+Development+Partners/data=!4m7!3m6!1s0x1efa235e404bfa99:0x2722a2400f169fc6!8m2!3d-28.7501755!4d32.0553349!16s%2Fg%2F11xzl8g35g!19sChIJmfpLQF4j-h4Rxp8WD0CiIic
Dutyini Construction,Construction company,"13 Bulrush Boom, Aquadene, Richards Bay, 3900",,,078 329 8058,yes,http://www.dutyin.co.za/,5.0,3,open,-28.7165469,32.0361755,"building contractors in Richards Bay, KwaZulu-Natal, South Africa",https://www.google.com/maps/place/Dutyini+Construction/data=!4m7!3m6!1s0x1efa3dfefc62d3f1:0x236a2931d0be5454!8m2!3d-28.7165469!4d32.0361755!16s%2Fg%2F11fsw6w6ls!19sChIJ8dNi_P49-h4RVFS-0DEpaiM
E&X Maintenance and Renovation,Construction company,"25 Delonix Dune, Arboretum, Richards Bay, 3900",,,082 572 0128,no,,5.0,8,open,-28.7650324,32.0563338,"building contractors in Richards Bay, KwaZulu-Natal, South Africa",https://www.google.com/maps/place/E%26X+Maintenance+and+Renovation/data=!4m7!3m6!1s0x1efa23b98d87caff:0xf26100d69c41a69a!8m2!3d-28.7650324!4d32.0563338!16s%2Fg%2F11x_81fg5p!19sChIJ_8qHjbkj-h4RmqZBnNYAYfI
Ekuvukeni Contractors,Construction company,"Kolstertkring, Meer En See, Richards Bay, 3901",,,072 893 8832,no,,,,open,-28.767086,32.119741,"building contractors in Richards Bay, KwaZulu-Natal, South Africa",https://www.google.com/maps/place/Ekuvukeni+Contractors/data=!4m7!3m6!1s0x1efa2562ffeff0db:0x32b40c219f97f74f!8m2!3d-28.767086!4d32.119741!16s%2Fg%2F11zbplk7hm!19sChIJ2_Dv_2Il-h4RT_eXnyEMtDI
GREENDOT HOLDINGS PTY LTD,Construction company,"19 Kabelring, Alton, Richards Bay, 3900",,,035 760 1532,no,,5.0,2,open,-28.7662093,32.0075607,"building contractors in Richards Bay, KwaZulu-Natal, South Africa",https://www.google.com/maps/place/GREENDOT+HOLDINGS+PTY+LTD/data=!4m7!3m6!1s0x1efa23f348d265f3:0xb0550f271e897765!8m2!3d-28.7662093!4d32.0075607!16s%2Fg%2F11p18mf4qn!19sChIJ82XSSPMj-h4RZXeJHicPVbA
ISIGUBHU CIVILS,Construction company,"36 Carbonode Cell, Alton, Richards Bay, 3900",,,035 797 3198,yes,https://www.brabys.com/za/kwazulu-natal/richards-bay/alton/civil-contractors/isigubhu-civils,4.8,5,open,-28.752802,32.0156314,"building contractors in Richards Bay, KwaZulu-Natal, South Africa",https://www.google.com/maps/place/ISIGUBHU+CIVILS/data=!4m7!3m6!1s0x1efa22c83856f375:0x62547773d7291144!8m2!3d-28.752802!4d32.0156314!16s%2Fg%2F11c1t5krl6!19sChIJdfNWOMgi-h4RRBEp13N3VGI
Icebolethu Construction,Construction company,"10, Mabuyeni Reserves, Esikhawini H, Richards Bay, 3887",,,073 139 1831,no,,3.0,1,open,-28.86754,31.9160496,"tiling contractors in Richards Bay, KwaZulu-Natal, South Africa",https://www.google.com/maps/place/Icebolethu+Construction/data=!4m7!3m6!1s0x1efa1f17530c058d:0x525f069604c8c009!8m2!3d-28.86754!4d31.9160496!16s%2Fg%2F11r7_gdyj7!19sChIJjQUMUxcf-h4RCcDIBJYGX1I
JUST BZ HOLDINGS PTY(LTD),Construction company,"Sakhisizwe Building, 3 ZCBF, Alton, Richards Bay, 3900",Alton,Richards Bay,035 285 0112,yes,https://903ypa9v.forms.app/form/67ba392cc6c3720002e03ae5,5,1,open,-28.756470399999998,32.034874,"tiling contractors in Richards Bay, KwaZulu-Natal, South Africa",https://www.google.com/maps/place/?q=place_id:ChIJac9TONgj-h4R9Jc4v_RRp24&cid=0x1efa23d83853cf69:0x6ea751f4bf3897f4
Joe Mec Guns plumbers,Construction company,"KWANDAYA RESERVE, Empangeni, 3880",,,062 075 8553,no,,,,open,-28.8902906,31.9029635,"plumbers in Richards Bay, KwaZulu-Natal, South Africa",https://www.google.com/maps/place/Joe+Mec+Guns+plumbers/data=!4m7!3m6!1s0x1efa1f9cb117c78b:0xdeb7f33220bd00b5!8m2!3d-28.8902906!4d31.9029635!16s%2Fg%2F11yc11pz8v!19sChIJi8cXsZwf-h4RtQC9IDLzt94
Khonzi Trading and Projects CC,Construction company,"31 Copper Corner, Alton, Richards Bay, 3901",,,035 789 1363,yes,http://www.khonzi.co.za/,4.5,2,open,-28.758949,32.025946,"building contractors in Richards Bay, KwaZulu-Natal, South Africa",https://www.google.com/maps/place/Khonzi+Trading+and+Projects+CC/data=!4m7!3m6!1s0x1efa23c50f5e9e5b:0x404d36543fb74bf1!8m2!3d-28.758949!4d32.025946!16s%2Fg%2F11lgdswmr5!19sChIJW55eD8Uj-h4R8Uu3P1Q2TUA
Kwenza Industrial Contractors (Pty) Ltd,Construction company,"62 Dollar Dr, Richards Bay Central, Richards Bay, 3900",,,035 789 3863,no,,4.3,3,open,-28.7594934,32.0419448,"building contractors in Richards Bay, KwaZulu-Natal, South Africa",https://www.google.com/maps/place/Kwenza+Industrial+Contractors+%28Pty%29+Ltd/data=!4m7!3m6!1s0x1efa231f64cae18b:0xecde94c6664fd938!8m2!3d-28.7594934!4d32.0419448!16s%2Fg%2F1tlk3xh5!19sChIJi-HKZB8j-h4RONlPZsaU3uw
Leomat Construction (Pty) Ltd; Leomat Plant Hire (Pty) Ltd,Construction company,"7 Chloorkring Street, Alton, Richards Bay, 3900",,,035 797 4611,yes,http://www.leomat.co.za/,4.9,20,open,-28.7563806,32.0280176,"building contractors in Richards Bay, KwaZulu-Natal, South Africa",https://www.google.com/maps/place/Leomat+Construction+%28Pty%29+Ltd;+Leomat+Plant+Hire+%28Pty%29+Ltd/data=!4m7!3m6!1s0x1efa22db484d7a79:0xc120c7fd36cc17d9!8m2!3d-28.7563806!4d32.0280176!16s%2Fg%2F1v8yzrl2!19sChIJeXpNSNsi-h4R2RfMNv3HIME
Makumba Projects Pty Ltd.,Construction company,"NORTH, COMMUNITY PARK, DACT, ZCBF, S Central Arterial, Alton, Richards Bay, 3900",,,087 147 0529,no,,4.9,37,open,-28.756489,32.034878,"building contractors in Richards Bay, KwaZulu-Natal, South Africa",https://www.google.com/maps/place/Makumba+Projects+Pty+Ltd./data=!4m7!3m6!1s0x1efa1925bcb5bd5d:0xa1b3df40164323bc!8m2!3d-28.756489!4d32.034878!16s%2Fg%2F11ggbs1d24!19sChIJXb21vCUZ-h4RvCNDFkDfs6E
Maximiliano Construction,Construction company,"El Rossario Estate, 2 Sybas, Arboretum, Richards Bay, 3900",Arboretum,Richards Bay,081 748 6234,yes,https://www.maximiliano.co.za/,,,open,-28.7552234,32.0542332,"tiling contractors in Richards Bay, KwaZulu-Natal, South Africa",https://www.google.com/maps/place/?q=place_id:ChIJ6YsBbf0j-h4REA9w96alpkw&cid=0x1efa23fd6d018be9:0x4ca6a5a6f7700f10
Maziya Electrical Construction & Labour Hire,Construction company,"25 Ceramic Curve, Alton, Richards Bay, 3900",,,035 751 1142,no,,2.0,1,open,-28.7497123,32.0325522,"electricians in Richards Bay, KwaZulu-Natal, South Africa",https://www.google.com/maps/place/Maziya+Electrical+Construction+%26+Labour+Hire/data=!4m7!3m6!1s0x1efa22d74a8be237:0x838b8a50a64183d7!8m2!3d-28.7497123!4d32.0325522!16s%2Fg%2F1tcwccz0!19sChIJN-KLStci-h4R14NBplCKi4M
Mcoll construction,Construction company,"Mandlazini agr Village, 13483B Mandlazini, Richards Bay, 3900",,,081 706 8956,yes,https://mcoll.co.za/,4.9,7,open,-28.7333333,32.0333333,"building contractors in Richards Bay, KwaZulu-Natal, South Africa",https://www.google.com/maps/place/Mcoll+construction/data=!4m7!3m6!1s0x1efa3d3ae6576f6b:0xb87a8e6cd3fa736f!8m2!3d-28.7333333!4d32.0333333!16s%2Fg%2F11y0y1q872!19sChIJa29X5jo9-h4Rb3P602yOerg
Musanqoh Pty Ltd,Construction company,"No 4 EDUPARK, ZCBF Community Park",,,035 772 1114,yes,http://musanqoh.co.za/,1.0,1,open,-28.7564952,32.0348775,"building contractors in Richards Bay, KwaZulu-Natal, South Africa",https://www.google.com/maps/place/Musanqoh+Pty+Ltd/data=!4m7!3m6!1s0x1efa22dedb719d91:0xb679f4003c51004b!8m2!3d-28.7564952!4d32.0348775!16s%2Fg%2F11gsmm1z2j!19sChIJkZ1x294i-h4RSwBRPAD0ebY
Orizon Maintenance,Construction company,"65 Honey Suckle, Veld En Vlei, Richards Bay, 3900",Veld En Vlei,Richards Bay,035 786 1607,yes,http://www.orizon.co.za/,3,1,open,-28.7396235,32.0676547,"handyman services in Richards Bay, KwaZulu-Natal, South Africa",https://www.google.com/maps/place/?q=place_id:ChIJuR8bjack-h4RSvjMCzDvxcM&cid=0x1efa24a78d1b1fb9:0xc3c5ef300bccf84a
Phakathwayo JMS,Construction company,"H2, 974 Intengu Street, Esikhawini H, Richards Bay, 3887",,,067 657 7059,no,,5.0,22,open,-28.8771438,31.9079917,"building contractors in Richards Bay, KwaZulu-Natal, South Africa",https://www.google.com/maps/place/Phakathwayo+JMS/data=!4m7!3m6!1s0x1efa1f71b73f2171:0x52a7986d4de67658!8m2!3d-28.8771438!4d31.9079917!16s%2Fg%2F11x73f1_n2!19sChIJcSE_t3Ef-h4RWHbmTW2Yp1I
Posa Kanoyalo G Trading Services,Construction company,"Kwandaya ward 22, Richards Bay, 3887",,,078 602 8361,no,,,,open,-28.8743942,31.910331,"tiling contractors in Richards Bay, KwaZulu-Natal, South Africa",https://www.google.com/maps/place/Posa+Kanoyalo+G+Trading+Services/data=!4m7!3m6!1s0x1efa1ffa5102bfa1:0x30ea4e10ed4d528b!8m2!3d-28.8743942!4d31.910331!16s%2Fg%2F11nhgz3gjn!19sChIJob8CUfof-h4Ri1JN7RBO6jA
Rajan H Construction (Pty) Ltd,Construction company,"153C Pioneer Rd, Meer En See, Richards Bay, 3900",,,072 408 0285,no,,,,open,-28.7935089,32.0794946,"building contractors in Richards Bay, KwaZulu-Natal, South Africa",https://www.google.com/maps/place/Rajan+H+Construction+%28Pty%29+Ltd/data=!4m7!3m6!1s0x1efa23da878c3283:0xdaa72e36907cf755!8m2!3d-28.7935089!4d32.0794946!16s%2Fg%2F11ywnt0c7x!19sChIJgzKMh9oj-h4RVfd8kDYup9o
SIVULE MATHUBA ENGINEERING CONSTRUCTION & PROJECTS,Construction company,"34 Dollar Dr, Richards Bay Central, Richards Bay, 3900",,,035 940 0527,yes,http://svmengineering.co.za/,,,open,-28.7565991,32.0437248,"building contractors in Richards Bay, KwaZulu-Natal, South Africa",https://www.google.com/maps/place/SIVULE+MATHUBA+ENGINEERING+CONSTRUCTION+%26+PROJECTS/data=!4m7!3m6!1s0x1efa232188e95555:0x3585309df5a8a6e3!8m2!3d-28.7565991!4d32.0437248!16s%2Fg%2F11kk18nl49!19sChIJVVXpiCEj-h4R46ao9Z0whTU
SJ Civil & Construction,Construction company,"81 Ceramic Curve, Alton, Richards Bay, 3900",,,087 265 9758,yes,https://www.sjcivil.co.za/,,,open,-28.7369202,32.0387992,"building contractors in Richards Bay, KwaZulu-Natal, South Africa",https://www.google.com/maps/place/SJ+Civil+%26+Construction/data=!4m7!3m6!1s0x1efa3dd3c62e2e51:0x4b1d69d5eb1e2999!8m2!3d-28.7369202!4d32.0387992!16s%2Fg%2F11zgw6wq3r!19sChIJUS4uxtM9-h4RmSke69VpHUs
Sambane Group (Pty) Ltd,Construction company,"Gobandlovu Reserve Esikhawini, Richards Bay, 3887",,,035 001 0437,yes,http://www.sambanegroup.co.za/,2.5,2,open,-28.7852157,31.9132843,"tiling contractors in Richards Bay, KwaZulu-Natal, South Africa",https://www.google.com/maps/place/Sambane+Group+%28Pty%29+Ltd/data=!4m7!3m6!1s0x1efa19481fd10d35:0x657d22b1f19a3052!8m2!3d-28.7852157!4d31.9132843!16s%2Fg%2F11qr_lmwd2!19sChIJNQ3RH0gZ-h4RUjCa8bEifWU
Scribante Group,Construction company,"30 Bauxite Bay, Alton, Richards Bay, 3900",,,035 797 4716,yes,http://scribantegroup.co.za/,5.0,2,open,-28.750285,32.017415,"building contractors in Richards Bay, KwaZulu-Natal, South Africa",https://www.google.com/maps/place/Scribante+Group/data=!4m7!3m6!1s0x1efa22c98e5d5f01:0xdbb77c9d0538f81d!8m2!3d-28.750285!4d32.017415!16s%2Fg%2F11mx2k7_bt!19sChIJAV9djski-h4RHfg4BZ18t9s
Sika South Africa - Richards Bay,Construction company,"87 Alumina Allee St, Alton, Richards Bay, 3900",,,035 797 3814,no,,4.3,9,open,-28.7558449,32.0249862,"building contractors in Richards Bay, KwaZulu-Natal, South Africa",https://www.google.com/maps/place/Sika+South+Africa+-+Richards+Bay/data=!4m7!3m6!1s0x1efa22db2329dfa1:0xb81e4c8a20bcb15a!8m2!3d-28.7558449!4d32.0249862!16s%2Fg%2F1pzyf36vt!19sChIJod8pI9si-h4RWrG8IIpMHrg
Simpradoor Trading Projects,Construction company,"27 Olienhoutkoppie, Arboretum, Richards Bay, 3900",,,072 808 1808,no,,5.0,2,open,-28.7665237,32.0669751,"paving contractors in Richards Bay, KwaZulu-Natal, South Africa",https://www.google.com/maps/place/Simpradoor+Trading+Projects/data=!4m7!3m6!1s0x1efa237160c786a1:0x8f9b9dc908d893b8!8m2!3d-28.7665237!4d32.0669751!16s%2Fg%2F11r7xnp_4q!19sChIJoYbHYHEj-h4RuJPYCMmdm48
TAR /BRICK PAVING INSTALLERS,Construction company,"Mandlazini, Birdswood, Richards Bay, 3901",Birdswood,Richards Bay,073 980 5828,no,,4,3,open,-28.7401959,32.0690571,"paving contractors in Richards Bay, KwaZulu-Natal, South Africa",https://www.google.com/maps/place/?q=place_id:ChIJx74xOssl-h4R0AZWAa3Vo0k&cid=0x1efa25cb3a31bec7:0x49a3d5ad015606d0
TAR AND PAVING SURFACES INSTALLERS PTY LTD,Construction company,"36 Waterberry Wood, Arboretum, Richards Bay, 3900",Arboretum,Richards Bay,073 006 7500,yes,http://birthmacconstruction.com/,,,open,-28.7562595,32.0620184,"paving contractors in Richards Bay, KwaZulu-Natal, South Africa",https://www.google.com/maps/place/?q=place_id:ChIJwWZW1xE9-h4RfCVG-dQEulU&cid=0x1efa3d11d75666c1:0x55ba04d4f946257c
TITAN MAINTENANCE SERVICES,Construction company,"55 Weigelia, Veld En Vlei, Richards Bay, 3900",Veld En Vlei,Richards Bay,061 239 7352,no,,,,open,-28.7411787,32.0628154,"handyman services in Richards Bay, KwaZulu-Natal, South Africa",https://www.google.com/maps/place/?q=place_id:ChIJc9lluT4j-h4Ry64z6VL3NOw&cid=0x1efa233eb965d973:0xec34f752e933aecb
UDAH Construction,Construction company,"17 Ceramic Curve, Alton, Richards Bay, 3900",,,087 095 9293,no,,,,open,-28.7511854,32.0316916,"building contractors in Richards Bay, KwaZulu-Natal, South Africa",https://www.google.com/maps/place/UDAH+Construction/data=!4m7!3m6!1s0x1efa22d0a77c0001:0x8d8e81216c9accf5!8m2!3d-28.7511854!4d32.0316916!16s%2Fg%2F11t9h47q04!19sChIJAQB8p9Ai-h4R9cyabCGBjo0
Ubuntu Projects,Construction company,"Unit 6, Bermart Park 1, 96 Alumina Allee St, Alton, Richards Bay, 3900",,,035 789 3634,yes,https://ubuntu-projects.co.za/,5.0,1,open,-28.748282,32.0323577,"painters in Richards Bay, KwaZulu-Natal, South Africa",https://www.google.com/maps/place/Ubuntu+Projects/data=!4m7!3m6!1s0x1efa2374002033cd:0x7250d598e89d1a5a!8m2!3d-28.748282!4d32.0323577!16s%2Fg%2F11ynb_mjy4!19sChIJzTMgAHQj-h4RWhqd6JjVUHI
Uyengo Enterprise Trading,Construction company,"alton road 41 zcbf buscom Building, Richards Bay, 3900",,,031 065 0879,yes,http://www.uyengoenterprise.co.za/,4.0,1,open,-28.7560295,32.0450128,"building contractors in Richards Bay, KwaZulu-Natal, South Africa",https://www.google.com/maps/place/Uyengo+Enterprise+Trading/data=!4m7!3m6!1s0x1efa23dd9841304d:0xff4b943bd009460d!8m2!3d-28.7560295!4d32.0450128!16s%2Fg%2F11sgl14f_6!19sChIJTTBBmN0j-h4RDUYJ0DuUS_8
WFK CONSTRUCTION SERVICES,Construction company,"Unit 7, Platina Place, 10 Platina Dr, Kuleka, Empangeni, 3880",,,083 652 3627,yes,https://www.brabys.com/za/kwazulu-natal/empangeni/kildare/structural-engineers/w-f-k-construction-services-pty-ltd,5.0,3,open,-28.7738199,31.8916808,"tiling contractors in Richards Bay, KwaZulu-Natal, South Africa",https://www.google.com/maps/place/WFK+CONSTRUCTION+SERVICES/data=!4m7!3m6!1s0x1efa11fbfd20470f:0x1808bb6b6a99da31!8m2!3d-28.7738199!4d31.8916808!16s%2Fg%2F11h_4my7zm!19sChIJD0cg_fsR-h4RMdqZamu7CBg
ZULULAND PRECAST CONCRETE,Construction company,"Eshowe St, Empangeni, 3880",,,079 768 4198,yes,http://www.zululandprecast.com/,4.3,3,open,-28.7256975,31.8250677,"paving contractors in Richards Bay, KwaZulu-Natal, South Africa",https://www.google.com/maps/place/ZULULAND+PRECAST+CONCRETE/data=!4m7!3m6!1s0x1efa10c752039497:0xf859c74a399307c1!8m2!3d-28.7256975!4d31.8250677!16s%2Fg%2F11g07_d6bw!19sChIJl5QDUscQ-h4RwQeTOUrHWfg
Zamani Builders,Construction company,"Unit 8 Barossa Park, 4 Ceramic Curve, Road, Richards Bay, 3900",,,035 751 1070,yes,http://zamanibuilders.co.za/,5.0,1,open,-28.7544149,32.0287986,"building contractors in Richards Bay, KwaZulu-Natal, South Africa",https://www.google.com/maps/place/Zamani+Builders/data=!4m7!3m6!1s0x1efa22dae3df19b3:0x4f70b416235441bc!8m2!3d-28.7544149!4d32.0287986!16s%2Fg%2F11j0sfcwbv!19sChIJsxnf49oi-h4RvEFUIxa0cE8
uMhlathuze Construction,Construction company,"AVKN Complex, 41 Dollar Dr, CBD, Richards Bay, 3900",,,035 068 0989,no,,,,open,-28.7579507,32.0439246,"building contractors in Richards Bay, KwaZulu-Natal, South Africa",https://www.google.com/maps/place/uMhlathuze+Construction/data=!4m7!3m6!1s0x1efa2321f8900001:0x2998ed62306790f7!8m2!3d-28.7579507!4d32.0439246!16s%2Fg%2F11t30yp1vr!19sChIJAQCQ-CEj-h4R95BnMGLtmCk
Thekweni Reinforcing Pty Ltd - Reinforcing Steel Contractors,Construction material wholesaler,"7 Ceramic Curve, Alton, Richards Bay, 3900",,,035 751 1095,yes,https://thekweni.co.za/,5.0,2,open,-28.7539749,32.0300559,"building contractors in Richards Bay, KwaZulu-Natal, South Africa",https://www.google.com/maps/place/Thekweni+Reinforcing+Pty+Ltd+-+Reinforcing+Steel+Contractors/data=!4m7!3m6!1s0x1efa236a015f74e1:0x2ccd2e7a64785a9a!8m2!3d-28.7539749!4d32.0300559!16s%2Fg%2F11h1yg4hgp!19sChIJ4XRfAWoj-h4Rmlp4ZHouzSw
Construction Safety Solutions,Consultant,"4th Floor, Lakeview Terrace, Penny Ln, Richards Bay Central, Richards Bay, 3900",,,078 038 0930,yes,https://onlinesafetysolutions.com/,5.0,4,open,-28.7525646,32.0494856,"IT support services in Richards Bay, KwaZulu-Natal, South Africa",https://www.google.com/maps/place/Construction+Safety+Solutions/data=!4m7!3m6!1s0x1efa23ba21446329:0xbfae3c798ae6a04b!8m2!3d-28.7525646!4d32.0494856!16s%2Fg%2F11zg1c69mh!19sChIJKWNEIboj-h4RS6Dmink8rr8
Balondo Tradings (Pty) Ltd,Contractor,"Richards Bay Central, Richards Bay, 3900",,,072 996 5854,no,,,,open,-28.7526513,32.0450168,"painters in Richards Bay, KwaZulu-Natal, South Africa",https://www.google.com/maps/place/Balondo+Tradings+%28Pty%29+Ltd/data=!4m7!3m6!1s0x1efa232a6a460307:0x33b06ed3ea39bdae!8m2!3d-28.7526513!4d32.0450168!16s%2Fg%2F11nq15_jrd!19sChIJBwNGaioj-h4Rrr056tNusDM
D.S Solutions,Contractor,,,,072 529 9937,no,,5.0,1,open,-34.246635,21.7671499,"handyman services in Richards Bay, KwaZulu-Natal, South Africa",https://www.google.com/maps/place/D.S+Solutions/data=!4m7!3m6!1s0x68c46a76f0641911:0x8ba34aa31f464f6a!8m2!3d-34.246635!4d21.7671499!16s%2Fg%2F11v3r8ytxc!19sChIJERlk8HZqxGgRak9GH6NKo4s
Dicks Construction,Contractor,"Kuleka, Empangeni, 3880",,,,no,,4.7,3,open,-28.7763128,31.8869115,"building contractors in Richards Bay, KwaZulu-Natal, South Africa",https://www.google.com/maps/place/Dicks+Construction/data=!4m7!3m6!1s0x1efa11b81a8920a9:0x5f0a88ae182f2d58!8m2!3d-28.7763128!4d31.8869115!16s%2Fg%2F1tjwl0yf!19sChIJqSCJGrgR-h4RWC0vGK6ICl8
Handyman Works,Contractor,"Azalia St, Mtunzini, eMthunzini, 3867",Mtunzini,eMthunzini,065 999 0813,no,,,,open,-28.9575613,31.7462375,"handyman services in Richards Bay, KwaZulu-Natal, South Africa",https://www.google.com/maps/place/?q=place_id:ChIJR4TmXKzoVwMR2Y4hGg5yTTY&cid=0x357e8ac5ce68447:0x364d720e1a218ed9
Renew Projects,Contractor,"52 Marlynhoek, Meer En See, Richards Bay, 3901",,,082 572 5485,yes,https://renewprojects.co.za/,,,open,-28.7744362,32.1067491,"tiling contractors in Richards Bay, KwaZulu-Natal, South Africa",https://www.google.com/maps/place/Renew+Projects/data=!4m7!3m6!1s0x1efa254c109d9ec5:0x49f38f268d75ddae!8m2!3d-28.7744362!4d32.1067491!16s%2Fg%2F11nhzpwjt_!19sChIJxZ6dEEwl-h4Rrt11jSaP80k
Somkhanda Projects,Contractor,,,,071 009 2794,no,,5.0,3,open,-28.7785855,31.98598,"tiling contractors in Richards Bay, KwaZulu-Natal, South Africa",https://www.google.com/maps/place/Somkhanda+Projects/data=!4m7!3m6!1s0x35180d3435260ad:0xd1fb659cbc4039e9!8m2!3d-28.7785855!4d31.98598!16s%2Fg%2F11yxnfjc_t!19sChIJrWBSQ9OAUQMR6TlAvJxl-9E
VCE Electrical and Instrument (Pty) Ltd,Contractor,"50 Ceramic Curve, Alton, Richards Bay",,,035 797 3073,yes,http://vceelectrical.co.za/,5.0,1,open,-28.7452176,32.0359209,"electricians in Richards Bay, KwaZulu-Natal, South Africa",https://www.google.com/maps/place/VCE+Electrical+and+Instrument+%28Pty%29+Ltd/data=!4m7!3m6!1s0x1efa22eaa027b47b:0xc5372d339cf4e70d!8m2!3d-28.7452176!4d32.0359209!16s%2Fg%2F11fjwzrw2v!19sChIJe7QnoOoi-h4RDef0nDMtN8U
Wall And Paving,Contractor,"9 Brass Link, Alton, Richards Bay",,,,no,,,,open,-28.7516698,32.0283307,"paving contractors in Richards Bay, KwaZulu-Natal, South Africa",https://www.google.com/maps/place/Wall+And+Paving/data=!4m7!3m6!1s0x1efa22d0731587e5:0x40d51667bdc03d17!8m2!3d-28.7516698!4d32.0283307!16s%2Fg%2F11fnwhqqp2!19sChIJ5YcVc9Ai-h4RFz3AvWcW1UA
Yandisa Tony's Construction,Contractor,"15 Kabelkring, Alton, Richards Bay, 3900",,,035 797 3554,yes,http://www.yandisatony.co.za/Page.aspx?ID=4659,4.6,8,open,-28.76392,32.00424,"building contractors in Richards Bay, KwaZulu-Natal, South Africa",https://www.google.com/maps/place/Yandisa+Tony%27s+Construction/data=!4m7!3m6!1s0x1efa22bcab4698a3:0xf000cfb465ecf2!8m2!3d-28.76392!4d32.00424!16s%2Fg%2F1pzvbs7y2!19sChIJo5hGq7wi-h4R8uxltM8A8AA
Rissiepit Cookies,Cookie shop,"24A Drongo Domain, Birdswood, Richards Bay, 3900",Birdswood,Richards Bay,082 601 8323,yes,https://rissiepitcookies.co.za/,5,3,open,-28.7332169,32.0821688,"bakery in Richards Bay, KwaZulu-Natal, South Africa",https://www.google.com/maps/place/?q=place_id:ChIJ1ciBP2Ij-h4R7CkltXJj3XM&cid=0x1efa23623f81c8d5:0x73dd6372b52529ec
Canon Business Center,Copier repair service,"64 Dollar Dr, Richards Bay Central, Richards Bay, 3900",,,035 789 6541,no,,3.1,11,open,-28.75924,32.0420318,"printers in Richards Bay, KwaZulu-Natal, South Africa",https://www.google.com/maps/place/Canon+Business+Center/data=!4m7!3m6!1s0x1efa231f649b89bf:0x233190cba75fae10!8m2!3d-28.75924!4d32.0420318!16s%2Fg%2F12nqgnqvg!19sChIJv4mbZB8j-h4REK5fp8uQMSM
AMJ Electrical Services Richards Bay,Corporate office,"125 Dollar Dr, Richards Bay Central, Richards Bay, 3900",,,076 411 3108,yes,http://www.amjelectrical.co.za/,4.0,1,open,-28.7528297,32.0443513,"electricians in Richards Bay, KwaZulu-Natal, South Africa",https://www.google.com/maps/place/AMJ+Electrical+Services+Richards+Bay/data=!4m7!3m6!1s0x1efa2324043647a1:0xa03b486c03d1431!8m2!3d-28.7528297!4d32.0443513!16s%2Fg%2F1pzy05kv9!19sChIJoUc2BCQj-h4RMRQ9wIa0Awo
Delsy J Trading Events & Printing,Corporate office,"Nzalabantu Empangele, Richards Bay Central, Richards Bay, 3900",,,071 617 3735,no,,,,open,-28.7501755,32.0553349,"printers in Richards Bay, KwaZulu-Natal, South Africa",https://www.google.com/maps/place/Delsy+J+Trading+Events+%26+Printing/data=!4m7!3m6!1s0x1efa250025e21481:0xa46fad2fa41bb3a8!8m2!3d-28.7501755!4d32.0553349!16s%2Fg%2F11nqygh39k!19sChIJgRTiJQAl-h4RqLMbpC-tb6Q
Prop Seekers,Corporate office,"19 Lira Link, Richards Bay Central, Richards Bay, 3900",,,074 490 3875,yes,http://www.propseekers.com/,5.0,1,open,-28.7525089,32.0538697,"estate agents in Richards Bay, KwaZulu-Natal, South Africa",https://www.google.com/maps/place/Prop+Seekers/data=!4m7!3m6!1s0x1efa246c70785bcb:0xdf719fd71adcd5cf!8m2!3d-28.7525089!4d32.0538697!16s%2Fg%2F11dzwd5r05!19sChIJy1t4cGwk-h4Rz9XcGtefcd8
Reinhardt Transport Group Richardsbay,Corporate office,"N2, Richards Bay",,,078 386 2373,no,,4.5,44,open,-28.6791523,32.0426295,"transport and logistics companies in Richards Bay, KwaZulu-Natal, South Africa",https://www.google.com/maps/place/Reinhardt+Transport+Group+Richardsbay/data=!4m7!3m6!1s0x1efa3d34c8ed776b:0xad7d18c504cb9a85!8m2!3d-28.6791523!4d32.0426295!16s%2Fg%2F11kp5v64jy!19sChIJa3ftyDQ9-h4RhZrLBMUYfa0
STEEL PLATE SOLUTIONS (PTY) LTD,Corporate office,"6 Geleier Gang, Alton, Richards Bay, 3900",Alton,Richards Bay,035 797 3034,no,,4.5,22,open,-28.769414899999997,32.0115013,"welding services in Richards Bay, KwaZulu-Natal, South Africa",https://www.google.com/maps/place/?q=place_id:ChIJBbR6MpQi-h4RJpzSWKqUuhU&cid=0x1efa2294327ab405:0x15ba94aa58d29c26
Southey Contracting Richards Bay,Corporate office,"62 Dollar Dr, Richards Bay Central, Richards Bay, 3900",,,087 287 8970,yes,http://www.southeycontracting.com/,5.0,3,open,-28.7596936,32.0418337,"building contractors in Richards Bay, KwaZulu-Natal, South Africa",https://www.google.com/maps/place/Southey+Contracting+Richards+Bay/data=!4m7!3m6!1s0x1efa231f657c4ea1:0xac9c44049f01cb06!8m2!3d-28.7596936!4d32.0418337!16s%2Fg%2F11dxc0wcd8!19sChIJoU58ZR8j-h4RBssBnwREnKw
Vishen's Accounting And Tax Services CC,Corporate office,"59 Tipuana, Arboretum, Richards Bay, 3900",Arboretum,Richards Bay,035 789 2400,yes,http://www.vatscc.co.za/,4.7,7,open,-28.759736,32.060660999999996,"accountants in Richards Bay, KwaZulu-Natal, South Africa",https://www.google.com/maps/place/?q=place_id:ChIJffyJURMj-h4Rw0U9oOSrMRk&cid=0x1efa23135189fc7d:0x1931abe4a03d45c3
WF ALUMINIUM AND GLASS,Corporate office,"56 Grandiceps, Brackenham, Richards Bay, 3900",Brackenham,Richards Bay,083 301 2594,no,,,,open,-28.717388999999997,32.0404273,"aluminium and glass in Richards Bay, KwaZulu-Natal, South Africa",https://www.google.com/maps/place/?q=place_id:ChIJC9pzkxQ9-h4RLgo9ZsYkKtQ&cid=0x1efa3d149373da0b:0xd42a24c6663d0a2e
Aramex,Courier service,"73 Dollar Dr, Richards Bay Central, Richards Bay, 3900",Richards Bay Central,Richards Bay,087 114 0600,yes,https://aramex.co.za/,2.9,82,open,-28.760043999999997,32.041002999999996,"courier services in Richards Bay, KwaZulu-Natal, South Africa",https://www.google.com/maps/place/?q=place_id:ChIJu5gnnB8j-h4RMtEjkNhtAb8&cid=0x1efa231f9c2798bb:0xbf016dd89023d132
DHL Service Point (3@1 RICHARDS BAY),Courier service,"BOARDWALK INKWAZI MALL, 11 Penny Ln, Richards Bay Central, Richards Bay, 3900",Richards Bay Central,Richards Bay,0860 345 000,yes,https://shipnow.dhl.com/za/en,,,open,-28.7551648,32.048215299999995,"courier services in Richards Bay, KwaZulu-Natal, South Africa",https://www.google.com/maps/place/?q=place_id:ChIJnykpkxIj-h4Rdnhy7L8pz24&cid=0x1efa23129329299f:0x6ecf29bfec727876
DHL Service Point (DHL EXPRESS RICHARDS BAY),Courier service,"36 Dollar Dr, Richards Bay Central, Richards Bay, 3900",,,035 789 5241,yes,https://shipnow.dhl.com/za/en,4.7,85,open,-28.757383,32.044115,"transport and logistics companies in Richards Bay, KwaZulu-Natal, South Africa",https://www.google.com/maps/place/DHL+Service+Point+%28DHL+EXPRESS+RICHARDS+BAY%29/data=!4m7!3m6!1s0x1efa2321f352da23:0x6c92a4d100df282e!8m2!3d-28.757383!4d32.044115!16s%2Fg%2F1pzqv5jwx!19sChIJI9pS8yEj-h4RLijfANGkkmw
DHL Service Point (POSTNET RICHARDS BAY),Courier service,"SHOP 19, LAKESIDE MALL, Richards Bay Central, Richards Bay, 3900",Richards Bay Central,Richards Bay,0860 345 000,yes,https://shipnow.dhl.com/za/en,,,open,-28.7545318,32.0518303,"courier services in Richards Bay, KwaZulu-Natal, South Africa",https://www.google.com/maps/place/?q=place_id:ChIJF6RfvEEj-h4R8dg1CsU8wGQ&cid=0x1efa2341bc5fa417:0x64c03cc50a35d8f1
EPX Couriers,Courier service,"87 Alumina Allee St, Eagle Industrial Park, Richards Bay, 3900",Eagle Industrial Park,Richards Bay,086 137 9742,yes,http://epx.co.za/,3.2,14,open,-28.755882999999997,32.025065999999995,"courier services in Richards Bay, KwaZulu-Natal, South Africa",https://www.google.com/maps/place/?q=place_id:ChIJm0bT3X0j-h4REB49gP5x92E&cid=0x1efa237dddd3469b:0x61f771fe803d1e10
Eagle Express,Courier service,"124 Dollar Dr, Richards Bay Central, Richards Bay, 3900",,,035 789 5151,no,,3.4,63,open,-28.752934,32.045136,"transport and logistics companies in Richards Bay, KwaZulu-Natal, South Africa",https://www.google.com/maps/place/Eagle+Express/data=!4m7!3m6!1s0x1efa2323f5946733:0x3199eccbe879237b!8m2!3d-28.752934!4d32.045136!16s%2Fg%2F1pzwcxf_g!19sChIJM2eU9SMj-h4ReyN56MvsmTE
Fastway Couriers Richard's Bay,Courier service,"Unit 8, 115 Dollar Dr, cbd, Richards Bay, 3900",,,035 285 0065,yes,https://www.fastway.co.za/,2.6,61,open,-28.7543162,32.0436214,"transport and logistics companies in Richards Bay, KwaZulu-Natal, South Africa",https://www.google.com/maps/place/Fastway+Couriers+Richard%27s+Bay/data=!4m7!3m6!1s0x1efa23950ddc9587:0x472415275abd7b15!8m2!3d-28.7543162!4d32.0436214!16s%2Fg%2F11nwx80tg9!19sChIJh5XcDZUj-h4RFXu9WicVJEc
Gijima Industrial Couriers,Courier service,"Unit 1, Ngoya Park, 109 Alumina Allee St, Alton, Richards Bay, 3900",,,087 057 4757,yes,https://www.gijimadeliveries.co.za/industrial,4.0,14,open,-28.7495244,32.0308158,"transport and logistics companies in Richards Bay, KwaZulu-Natal, South Africa",https://www.google.com/maps/place/Gijima+Industrial+Couriers/data=!4m7!3m6!1s0x1efa10b435b3dd95:0x3db335cb60547ae6!8m2!3d-28.7495244!4d32.0308158!16s%2Fg%2F1tdv91yz!19sChIJld2zNbQQ-h4R5npUYMs1sz0
North Coast Courier and Logistics,Courier service,,,,083 255 7403,no,,,,open,-27.8976295,31.24741,"courier services in Richards Bay, KwaZulu-Natal, South Africa",https://www.google.com/maps/place/North+Coast+Courier+and+Logistics/data=!4m7!3m6!1s0x2129a80c15f3f9bb:0x83ffcfe80ffee719!8m2!3d-27.8976295!4d31.24741!16s%2Fg%2F11yvt71lsy!19sChIJu_nzFQyoKSERGef-D-jP_4M
PostNet Richards Bay,Courier service,"Shop 19 Lakeside Mall, Richards Bay Central, Richards Bay, 3900",,,035 789 6618,yes,http://richardsbay.postnet.co.za/,3.8,99,open,-28.7541542,32.0515435,"printers in Richards Bay, KwaZulu-Natal, South Africa",https://www.google.com/maps/place/PostNet+Richards+Bay/data=!4m7!3m6!1s0x1efa232472dc13d1:0x43edcac39187c360!8m2!3d-28.7541542!4d32.0515435!16s%2Fg%2F1tf558lr!19sChIJ0RPcciQj-h4RYMOHkcPK7UM
RTT Richards Bay,Courier service,"8, Unit 14 & 15, Richards Bay Business Park, 9 Kraft Link, Alton, Richards Bay, 3900",Alton,Richards Bay,011 552 1000,yes,http://www.rtt.co.za/,,,open,-28.768365499999998,32.0117676,"courier services in Richards Bay, KwaZulu-Natal, South Africa",https://www.google.com/maps/place/?q=place_id:ChIJR1juGAAj-h4RFGa4Fkyi65U&cid=0x1efa230018ee5847:0x95eba24c16b86614
Ram Hand To Hand Couriers,Courier service,"90 Ceramic Curve, Alton, Richards Bay, 3900",Alton,Richards Bay,035 751 1425,no,,2.2,59,open,-28.733483099999997,32.0359615,"courier services in Richards Bay, KwaZulu-Natal, South Africa",https://www.google.com/maps/place/?q=place_id:ChIJUeBwmik9-h4R3dPVmNn0hBU&cid=0x1efa3d299a70e051:0x1584f4d998d5d3dd
SkyNet Worldwide Express - Richards Bay,Courier service,"138 Dollar Dr, Richards Bay Central, Richards Bay, 3900",Richards Bay Central,Richards Bay,087 106 9966,yes,https://skynetworldwide.com/za/,2.8,50,open,-28.7514903,32.0458207,"courier services in Richards Bay, KwaZulu-Natal, South Africa",https://www.google.com/maps/place/?q=place_id:ChIJM2FyT9oi-h4Rj657ISDlTW4&cid=0x1efa22da4f726133:0x6e4de520217bae8f
Spy Express,Courier service,"Unit 10, 115 Dollar Dr, Richards Bay Central, Richards Bay, 3900",,,035 789 9560,no,,2.9,10,open,-28.7537557,32.0441629,"transport and logistics companies in Richards Bay, KwaZulu-Natal, South Africa",https://www.google.com/maps/place/Spy+Express/data=!4m7!3m6!1s0x1efa23215ea88601:0x630b6fdd65a718ab!8m2!3d-28.7537557!4d32.0441629!16s%2Fg%2F11cnd59mj0!19sChIJAYaoXiEj-h4RqxinZd1vC2M
The Courier Guy Astron Energy Richards Bay Locker,Courier service,"7 Premium Promenade, Richards Bay Central, Richards Bay, 3900",Richards Bay Central,Richards Bay,064 848 1531,yes,https://thecourierguy.co.za/,,,open,-28.748023999999997,32.052538,"courier services in Richards Bay, KwaZulu-Natal, South Africa",https://www.google.com/maps/place/?q=place_id:ChIJ_SeovbAj-h4ROJmRIGqp46E&cid=0x1efa23b0bda827fd:0xa1e3a96a20919938
The Courier Guy BP Bullion Richards Bay Locker,Courier service,"Against The Wall, On The Right Of Forecourt, 125 Bullion Blvd, Richards Bay Central, Richards Bay, 3900",Richards Bay Central,Richards Bay,010 222 2300,yes,https://thecourierguy.co.za/,,,open,-28.759214,32.043504,"courier services in Richards Bay, KwaZulu-Natal, South Africa",https://www.google.com/maps/place/?q=place_id:ChIJuc6BD3Mj-h4R4AYOd5E3SgM&cid=0x1efa23730f81ceb9:0x34a3791770e06e0
The Courier Guy Engen Richards Bay Convenience Centre Locker,Courier service,"93 Weigelia, Veld En Vlei, Richards Bay, 3900",Veld En Vlei,Richards Bay,064 848 1531,yes,https://thecourierguy.co.za/,,,open,-28.736037,32.0657,"courier services in Richards Bay, KwaZulu-Natal, South Africa",https://www.google.com/maps/place/?q=place_id:ChIJP9OVficj-h4REhuNnSWwwoI&cid=0x1efa23277e95d33f:0x82c2b0259d8d1b12
The Courier Guy Richards Bay,Courier service,"84 Bullion Blvd, Richards Bay Central, Richards Bay, 3900",Richards Bay Central,Richards Bay,035 789 1298,yes,https://thecourierguy.co.za/,2.4,44,open,-28.7541539,32.0458974,"courier services in Richards Bay, KwaZulu-Natal, South Africa",https://www.google.com/maps/place/?q=place_id:ChIJtyWN81Qj-h4RRRXPwHZgseQ&cid=0x1efa2354f38d25b7:0xe4b16076c0cf1545
The Courier Guy Umhlatuze Pharmacy Point,Courier service,"Lira Link, Richards Bay Central, Richards Bay, 3900",Richards Bay Central,Richards Bay,010 222 2300,yes,https://thecourierguy.co.za/,1,1,open,-28.754372,32.052603,"courier services in Richards Bay, KwaZulu-Natal, South Africa",https://www.google.com/maps/place/?q=place_id:ChIJ7Q3Ynesj-h4RSjWsTLPSbPM&cid=0x1efa23eb9dd80ded:0xf36cd2b34cac354a
Time Freight,Courier service,"1 Ferro Gang, Alton, Richards Bay, 3900",,,035 751 1028,no,,3.5,12,open,-28.7350047,32.0378427,"courier services in Richards Bay, KwaZulu-Natal, South Africa",https://www.google.com/maps/place/Time+Freight/data=!4m7!3m6!1s0x1efa3d2a13a3f4bf:0x212cf8d8c403a5c0!8m2!3d-28.7350047!4d32.0378427!16s%2Fg%2F11f4qkng3l!19sChIJv_SjEyo9-h4RwKUDxNj4LCE
World Courier,Courier service,"8 Ouhoutoord, Arboretum, Richards Bay, 3900",Arboretum,Richards Bay,035 789 1496,no,,2.3,3,open,-28.763225,32.069063,"courier services in Richards Bay, KwaZulu-Natal, South Africa",https://www.google.com/maps/place/?q=place_id:ChIJCf88yXEj-h4RRM1lDMHB0eQ&cid=0x1efa2371c93cff09:0xe4d1c1c10c65cd44
Snowy Bakes,Cupcake shop,"Dunne Rd, Fairview, Empangeni, 3880",,,081 560 3413,no,,4.8,15,open,-28.7538242,31.8939479,"bakery in Richards Bay, KwaZulu-Natal, South Africa",https://www.google.com/maps/place/Snowy+Bakes/data=!4m7!3m6!1s0x1efa1102b5f5f7a7:0x72282ccfff538201!8m2!3d-28.7538242!4d31.8939479!16s%2Fg%2F11xn__jh5n!19sChIJp_f1tQIR-h4RAYJT_88sKHI
(TWINKLY BRANDS)printing shop,Custom t-shirt store,"Bellingham, Shop 39 B First Floor, Bellingham Park Mall, CBD, Penny Ln, Richards Bay Central, Richards Bay, 3900",,,072 932 3315,yes,https://www.twinklybrands.co.za/,3.4,5,open,-28.7517436,32.0493191,"printers in Richards Bay, KwaZulu-Natal, South Africa",https://www.google.com/maps/place/%28TWINKLY+BRANDS%29printing+shop/data=!4m7!3m6!1s0x1efa237c19d82cbf:0x541f63950c0df85b!8m2!3d-28.7517436!4d32.0493191!16s%2Fg%2F11fwbdhl2h!19sChIJvyzYGXwj-h4RW_gNDJVjH1Q
Cribs to Crayons Daycare,Day care center,"22 Greenwood Rd, Richem, Empangeni, 3880",,,074 252 8363,no,,5.0,6,open,-28.7634411,31.8908734,"creche and daycare in Richards Bay, KwaZulu-Natal, South Africa",https://www.google.com/maps/place/Cribs+to+Crayons+Daycare/data=!4m7!3m6!1s0x1efa11cf407ec671:0x504817dbe1d396b3!8m2!3d-28.7634411!4d31.8908734!16s%2Fg%2F11mlxpm782!19sChIJccZ-QM8R-h4Rs5bT4dsXSFA
El Shaddai Day Care,Day care center,"43 Pinkie Pool, Meer En See, Richards Bay, 3901",Meer En See,Richards Bay,035 753 4483,no,,4.5,2,open,-28.7752873,32.1185989,"creche and daycare in Richards Bay, KwaZulu-Natal, South Africa",https://www.google.com/maps/place/?q=place_id:ChIJPTxFskgk-h4Rta2s2M9IoTM&cid=0x1efa2448b2453c3d:0x33a148cfd8acadb5
Mums Angel's Daycare,Day care center,"72 Kiepersolkolk, Arboretum, Richards Bay, 3900",Arboretum,Richards Bay,060 997 3830,no,,5,4,open,-28.7603953,32.068273399999995,"creche and daycare in Richards Bay, KwaZulu-Natal, South Africa",https://www.google.com/maps/place/?q=place_id:ChIJ363HHqQj-h4RdK435vIMxWo&cid=0x1efa23a41ec7addf:0x6ac50cf2e637ae74
Solid Rock Creche,Day care center,Empangeni,,,072 421 6961,no,,5.0,5,open,-28.7707658,31.8833743,"creche and daycare in Richards Bay, KwaZulu-Natal, South Africa",https://www.google.com/maps/place/Solid+Rock+Creche/data=!4m7!3m6!1s0x1efa10a36ac09b33:0x8b76f29cc1b9d976!8m2!3d-28.7707658!4d31.8833743!16s%2Fg%2F11dyzlsg1d!19sChIJM5vAaqMQ-h4Rdtm5wZzydos
Stepping Stones Pre Primary,Day care center,"102 Via Cassiandra, Arboretum, Richards Bay, 3900",Arboretum,Richards Bay,035 789 9396,no,,4.7,18,open,-28.7572345,32.0547178,"creche and daycare in Richards Bay, KwaZulu-Natal, South Africa",https://www.google.com/maps/place/?q=place_id:ChIJb2F0cRYj-h4RYEic7yzR9so&cid=0x1efa23167174616f:0xcaf6d12cef9c4860
Tiny Todz,Day care center,"8 Wagtail Walk, Birdswood, Richards Bay, 3900",Birdswood,Richards Bay,072 380 2763,no,,5,4,open,-28.741505999999998,32.072967999999996,"creche and daycare in Richards Bay, KwaZulu-Natal, South Africa",https://www.google.com/maps/place/?q=place_id:ChIJ6zG6t1oj-h4RuSJ4F5SAC8Y&cid=0x1efa235ab7ba31eb:0xc60b8094177822b9
Tiny Tots Daycare,Day care center,"28 Cassia Rd, Grantham Park, Empangeni, 3880",Grantham Park,Empangeni,035 772 2310,no,,5,1,open,-28.7623708,31.9002353,"creche and daycare in Richards Bay, KwaZulu-Natal, South Africa",https://www.google.com/maps/place/?q=place_id:ChIJqTf44bIQ-h4Ru2xKaFNmx8Y&cid=0x1efa10b2e1f837a9:0xc6c76653684a6cbb
Dr Z Njoko,Dental clinic,"Shop 4, 15 Union St, Empangeni Central, Empangeni, 3880",,,035 772 2279,no,,5.0,4,open,-28.7419053,31.8933779,"dentists in Richards Bay, KwaZulu-Natal, South Africa",https://www.google.com/maps/place/Dr+Z+Njoko/data=!4m7!3m6!1s0x1efa119307e03921:0x9f2666782cfcc079!8m2!3d-28.7419053!4d31.8933779!16s%2Fg%2F11f6y2ppnx!19sChIJITngB5MR-h4RecD8LHhmJp8
MPOFU DENTAL,Dental clinic,"SHOP NO.4, 15 Union St, Empangeni Central, Empangeni, 3880",,,063 577 3456,no,,,,open,-28.7422128,31.8931369,"dentists in Richards Bay, KwaZulu-Natal, South Africa",https://www.google.com/maps/place/MPOFU+DENTAL/data=!4m7!3m6!1s0x1efa1177e6545ca1:0xbce48f0d2e3335aa!8m2!3d-28.7422128!4d31.8931369!16s%2Fg%2F11z0ftqy99!19sChIJoVxU5ncR-h4RqjUzLg2P5Lw
S Soobramoney Prime Dental,Dental clinic,"Unit 9, Partridge Place, 23 Lira Link, CBD, Richards Bay, 3900",CBD,Richards Bay,063 118 7686,no,,4.2,25,open,-28.752993099999998,32.0537857,"dentists in Richards Bay, KwaZulu-Natal, South Africa",https://www.google.com/maps/place/?q=place_id:ChIJAYQVACUj-h4ReW8AtU9ydjo&cid=0x1efa232500158401:0x3a76724fb5006f79
Sizo,Dental clinic,"Building, 24 Lira Link, Richards Bay Central, Richards Bay, 3900",Richards Bay Central,Richards Bay,035 628 0421,no,,2.8,9,open,-28.753946199999998,32.052279999999996,"dentists in Richards Bay, KwaZulu-Natal, South Africa",https://www.google.com/maps/place/?q=place_id:ChIJY0E8WFkj-h4R_E3m51FoPMw&cid=0x1efa2359583c4163:0xcc3c6851e7e64dfc
Umhlathuze Dental,Dental clinic,"Shop 25 Lakeside Mall, Richards Bay, 3900",Richards Bay Central,Richards Bay,035 789 1662,no,,3.4,16,open,-28.754749999999998,32.05202,"dentists in Richards Bay, KwaZulu-Natal, South Africa",https://www.google.com/maps/place/?q=place_id:ChIJb8JEDD0j-h4Ribv2SXuLxJQ&cid=0x1efa233d0c44c26f:0x94c48b7b49f6bb89
SmileDent Lelanie Stuart Oral Hygienist,Dental hygienist,"Caredoc medical centre, 3 Lira Link, Arboretum, Richards Bay, 3900",Arboretum,Richards Bay,064 513 5325,no,,5,5,open,-28.7494837,32.0536811,"dentists in Richards Bay, KwaZulu-Natal, South Africa",https://www.google.com/maps/place/?q=place_id:ChIJ71y08Mwl-h4RhLvadqNNEJ0&cid=0x1efa25ccf0b45cef:0x9d104da376dabb84
"SmileDent, Lelanie Stuart",Dental hygienist,"Caredoc Medical Centre, 3 Lira Link, Arboretum, Richards Bay, 3900",,,064 513 5325,no,,,,open,-28.749487,32.053781,"dentists in Richards Bay, KwaZulu-Natal, South Africa","https://www.google.com/maps/place/SmileDent,+Lelanie+Stuart/data=!4m7!3m6!1s0x1efa25a59ea0ba47:0xb36d40655f22c8e6!8m2!3d-28.749487!4d32.053781!16s%2Fg%2F11hdf8s_6p!19sChIJR7qgnqUl-h4R5sgiX2VAbbM"
Nu Dental Laboratory,Dental laboratory,"10 Galjoengolf, Meer En See, Richards Bay, 3901",,,082 077 4281,no,,5.0,3,open,-28.782104,32.095904,"dentists in Richards Bay, KwaZulu-Natal, South Africa",https://www.google.com/maps/place/Nu+Dental+Laboratory/data=!4m7!3m6!1s0x1efa246dede076bd:0xa72d49ea08940588!8m2!3d-28.782104!4d32.095904!16s%2Fg%2F1pzslzj4p!19sChIJvXbg7W0k-h4RiAWUCOpJLac
Dr AML Klopper,Dentist,"Bay Hospital, Krugerrand Rd, Arboretum, Richards Bay, 3900",,,035 789 1596,no,,3.7,3,open,-28.75,32.05,"dentists in Richards Bay, KwaZulu-Natal, South Africa",https://www.google.com/maps/place/Dr+AML+Klopper/data=!4m7!3m6!1s0x1efa233b341d3bb7:0xf3eea732a96cb1a4!8m2!3d-28.75!4d32.05!16s%2Fg%2F11b6dg5jy6!19sChIJtzsdNDsj-h4RpLFsqTKn7vM
Dr B. Dentistry,Dentist,"Shop 6, Esikhaleni Plaza Mall, 2294 Mthombothi St, Esikhawini H, Richards Bay, 3887",Esikhawini H,Richards Bay,035 004 0025,yes,http://www.drbdentistry.co.za/,5,8,open,-28.8816915,31.9030053,"dentists in Richards Bay, KwaZulu-Natal, South Africa",https://www.google.com/maps/place/?q=place_id:ChIJn29KM_Qf-h4RQmVN5kxMJxo&cid=0x1efa1ff4334a6f9f:0x1a274c4ce64d6542
Dr EA Vawda,Dentist,"16 Union St, Empangeni Central, Empangeni, 3880",,,035 792 4877,no,,5.0,4,open,-28.7422196,31.8921182,"dentists in Richards Bay, KwaZulu-Natal, South Africa",https://www.google.com/maps/place/Dr+EA+Vawda/data=!4m7!3m6!1s0x1efa10d0c74b2a91:0xba6f53fb822d1235!8m2!3d-28.7422196!4d31.8921182!16s%2Fg%2F1pzxnsq6f!19sChIJkSpLx9AQ-h4RNRItgvtTb7o
Dr Kelly T N,Dentist,"26 Mkhulu Cres, Arboretum, Richards Bay, 3900",Arboretum,Richards Bay,082 511 9568,yes,http://www.meditrader.co.za/dr-t-n-kelly-dentist-dental-surgeon-richards-bay,4.6,21,open,-28.7605662,32.0713495,"dentists in Richards Bay, KwaZulu-Natal, South Africa",https://www.google.com/maps/place/?q=place_id:ChIJHyYBF08j-h4RarxJCBrX8Rs&cid=0x1efa234f1701261f:0x1bf1d71a0849bc6a
Dr L Boshoff & Dr P Moodley Dental Surgeons,Dentist,"Unit 4, Montego park, 15 Lira Link, Richards Bay Central, Richards Bay, 3900",Richards Bay Central,Richards Bay,082 431 8433,no,,4.9,72,open,-28.7518,32.0543246,"dentists in Richards Bay, KwaZulu-Natal, South Africa",https://www.google.com/maps/place/?q=place_id:ChIJ-XqUNrkj-h4RhpGmijE0cFI&cid=0x1efa23b936947af9:0x527034318aa69186
Dr L MHLONGO,Dentist,"19 Krugerrand Grv, Richards Bay Central, Richards Bay, 3900",Richards Bay Central,Richards Bay,035 789 2955,no,,4.4,7,open,-28.749504199999997,32.0502022,"dentists in Richards Bay, KwaZulu-Natal, South Africa",https://www.google.com/maps/place/?q=place_id:ChIJYTbKLzsj-h4RjEFseElI4MI&cid=0x1efa233b2fca3661:0xc2e04849786c418c
Dr Lethu Mhlongo,Dentist,"Mzingazi Offce Park, 15 Club Road, Meer En See, Richards Bay, 3901",,,,no,,,,open,-28.776821,32.1121466,"dentists in Richards Bay, KwaZulu-Natal, South Africa",https://www.google.com/maps/place/Dr+Lethu+Mhlongo/data=!4m7!3m6!1s0x1efa244155555555:0xecc004ba82273e05!8m2!3d-28.776821!4d32.1121466!16s%2Fg%2F11sjtlxbz_!19sChIJVVVVVUEk-h4RBT4ngroEwOw
Dr N. Naidoo,Dentist,"NG Dental Shop 2A, Meerensee Mall next to Pick n Pay, Meer En See, Richards Bay, 3901",Meer En See,Richards Bay,068 540 3003,yes,https://www.ngdental.co.za/,4.5,40,open,-28.781598,32.1003453,"dentists in Richards Bay, KwaZulu-Natal, South Africa",https://www.google.com/maps/place/?q=place_id:ChIJVVVVVSIc-h4RXyxmftqz6Jc&cid=0x1efa1c2255555555:0x97e8b3da7e662c5f
Dr NB GUMEDE,Dentist,"19 Krugerrand Grv, Richards Bay Central, Richards Bay, 3900",,,035 789 2955,no,,,,open,-28.7495042,32.0502022,"dentists in Richards Bay, KwaZulu-Natal, South Africa",https://www.google.com/maps/place/Dr+NB+GUMEDE/data=!4m7!3m6!1s0x1efa233b2fca3661:0xb3316d77366b6f65!8m2!3d-28.7495042!4d32.0502022!16s%2Fg%2F11bzvv1d8l!19sChIJYTbKLzsj-h4RZW9rNndtMbM
Dr P D Swan Dental Practice,Dentist,"9 Addison St, Empangeni Central, Empangeni, 3880",,,035 772 7231,no,,4.8,14,open,-28.7378509,31.8945256,"dentists in Richards Bay, KwaZulu-Natal, South Africa",https://www.google.com/maps/place/Dr+P+D+Swan+Dental+Practice/data=!4m7!3m6!1s0x1efa10d6f2e834bb:0x2e0a7686d5105ab0!8m2!3d-28.7378509!4d31.8945256!16s%2Fg%2F11b5ymcdm9!19sChIJuzTo8tYQ-h4RsFoQ1YZ2Ci4
Dr Prajna S Singh,Dentist,"7 Addison St, Empangeni Central, Empangeni, 3880",,,035 772 3920,yes,https://drprajnasingh.co.za/,5.0,36,open,-28.7375426,31.8946966,"dentists in Richards Bay, KwaZulu-Natal, South Africa",https://www.google.com/maps/place/Dr+Prajna+S+Singh/data=!4m7!3m6!1s0x1efa10d65fd4da6d:0x5906fd7c7960eb0b!8m2!3d-28.7375426!4d31.8946966!16s%2Fg%2F1pzs7v680!19sChIJbdrUX9YQ-h4RC-tgeXz9Blk
Dr RP NEL,Dentist,"68 Anglers Rod, Meer En See, Richards Bay, 3901",Meer En See,Richards Bay,035 789 1596,no,,4.1,14,open,-28.781513,32.102416999999996,"dentists in Richards Bay, KwaZulu-Natal, South Africa",https://www.google.com/maps/place/?q=place_id:ChIJEdWpo2sk-h4RhnlrJVaChW4&cid=0x1efa246ba3a9d511:0x6e858256256b7986
Dr S Reddy,Dentist,"10 Byrne St, Empangeni Central, Empangeni, 3880",,,035 792 5463,no,,4.7,3,open,-28.7440536,31.8873158,"dentists in Richards Bay, KwaZulu-Natal, South Africa",https://www.google.com/maps/place/Dr+S+Reddy/data=!4m7!3m6!1s0x1efa10dbb3b4cf0b:0x43fbc613817ff16e!8m2!3d-28.7440536!4d31.8873158!16s%2Fg%2F1pzr449hx!19sChIJC8-0s9sQ-h4RbvF_gRPG-0M
"Dr Sarusha Padayachee, Richards Bay dentist",Dentist,"Unit 1, Medical Centre, 1 Cod Cove, Meer En See, Richards Bay, 3901",Meer En See,Richards Bay,035 001 0440,yes,https://www.drspdental.co.za/,5,112,open,-28.7857423,32.0945071,"dentists in Richards Bay, KwaZulu-Natal, South Africa",https://www.google.com/maps/place/?q=place_id:ChIJU3k0QGQl-h4R3Hk_uh1woXY&cid=0x1efa256440347953:0x76a1701dba3f79dc
Dr. Boshoff C M,Dentist,"Meer En See, Richards Bay, 3900",Meer En See,Richards Bay,035 753 2070,no,,3.9,16,open,-28.776039599999997,32.121213,"dentists in Richards Bay, KwaZulu-Natal, South Africa",https://www.google.com/maps/place/?q=place_id:ChIJNXFdGEkk-h4RLuJRuPa1NgI&cid=0x1efa2449185d7135:0x236b5f6b851e22e
Dr. Priyanka Ramkilawan Family Dentist,Dentist,"Unit 14A Calypso Centre Corner Kruger Rand and, Lira Link, Richards Bay, 3900",Richards Bay Central,Richards Bay,035 760 1402,yes,http://dprdental.com/?utm_source=gmb&utm_medium=referral,5,109,open,-28.7511096,32.0537941,"dentists in Richards Bay, KwaZulu-Natal, South Africa",https://www.google.com/maps/place/?q=place_id:ChIJyQ3JrH8j-h4R5R-KcZEQqVo&cid=0x1efa237facc90dc9:0x5aa91091718a1fe5
F.Khan Prime Dental,Dentist,"Unit 9, 23 Lira Link, CBD, Richards Bay, 3900",CBD,Richards Bay,035 786 0573,no,,4.6,9,open,-28.752993099999998,32.0537857,"dentists in Richards Bay, KwaZulu-Natal, South Africa",https://www.google.com/maps/place/?q=place_id:ChIJ0f15g7oj-h4R6Ih2vfaiJVk&cid=0x1efa23ba8379fdd1:0x5925a2f6bd7688e8
Family Dental Care,Dentist,"Richards Bay 1st Floor Unit 15-16 Calypso Centre, 2 Krugerrand Grv, Richards Bay, 3900",Richards Bay Central,Richards Bay,035 789 1596,no,,,,open,-28.750908499999998,32.0533778,"dentists in Richards Bay, KwaZulu-Natal, South Africa",https://www.google.com/maps/place/?q=place_id:ChIJvVFRvFQj-h4RIjc-z331Lgo&cid=0x1efa2354bc5151bd:0xa2ef57dcf3e3722
Govender D,Dentist,"Shop 7 Richards Park, Richards Bay, 3900",Richards Bay Central,Richards Bay,035 789 0634,no,,4.4,9,open,-28.7516274,32.0501305,"dentists in Richards Bay, KwaZulu-Natal, South Africa",https://www.google.com/maps/place/?q=place_id:ChIJg6qqqj4j-h4RrI-K7WQ3JNg&cid=0x1efa233eaaaaaa83:0xd8243764ed8a8fac
Makgato Dental Practice,Dentist,"Shop No 17 CNR Rex Henderson and Paul Avenue, Five ways Mall, Empangeni, 3880",,,035 799 5497,no,,2.8,23,open,-28.7579183,31.9009812,"dentists in Richards Bay, KwaZulu-Natal, South Africa",https://www.google.com/maps/place/Makgato+Dental+Practice/data=!4m7!3m6!1s0x1efa1733547ba6c7:0x3d39ea3a19d318e1!8m2!3d-28.7579183!4d31.9009812!16s%2Fg%2F11kctt8tlc!19sChIJx6Z7VDMX-h4R4RjTGTrqOT0
Netcare Medicross Richards Bay,Dentist,"Richards Bay 1st Floor Unit 15-16 Calypso Centre, 2 Krugerrand Grv, Richards Bay, 3900",Richards Bay Central,Richards Bay,035 789 1596,no,,3.7,27,open,-28.7504,32.0526,"dentists in Richards Bay, KwaZulu-Natal, South Africa",https://www.google.com/maps/place/?q=place_id:ChIJs7lZgjsj-h4RkmnPpSYfp0M&cid=0x1efa233b8259b9b3:0x43a71f26a5cf6992
P Sivalingum Dental Therapist Prestige Smiles Dental,Dentist,"Shop 7.1 Phase 2 Town Square Mall, Bullion Blvd, Arboretum, Richards Bay, 3900",Arboretum,Richards Bay,073 663 5931,no,,4.4,7,open,-28.7489545,32.051057,"dentists in Richards Bay, KwaZulu-Natal, South Africa",https://www.google.com/maps/place/?q=place_id:ChIJH4usYsgj-h4RIzEq4PUzCSE&cid=0x1efa23c862ac8b1f:0x210933f5e02a3123
Rugnat A M T/a Bay Dental,Dentist,"Shop 10b Checkers Centre, Bullion Boulevard, Richards Bay, 3900",,,035 789 3892,no,,,,open,-28.7482779,32.0523898,"dentists in Richards Bay, KwaZulu-Natal, South Africa",https://www.google.com/maps/place/Rugnat+A+M+T%2Fa+Bay+Dental/data=!4m7!3m6!1s0x1efa233baaaaaaab:0x9744252f6fd18140!8m2!3d-28.7482779!4d32.0523898!16s%2Fg%2F11b5ynwxq7!19sChIJq6qqqjsj-h4RQIHRby8lRJc
Sibeko V J,Dentist,"Shop 8, Nbs Building, 11 Commercial St, Empangeni Central, Empangeni, 3880",,,035 772 4981,no,,4.0,8,open,-28.7433283,31.8903887,"dentists in Richards Bay, KwaZulu-Natal, South Africa",https://www.google.com/maps/place/Sibeko+V+J/data=!4m7!3m6!1s0x1efa10da77952f79:0x530502e5ac1caf95!8m2!3d-28.7433283!4d31.8903887!16s%2Fg%2F11b5ytbv95!19sChIJeS-Vd9oQ-h4Rla8crOUCBVM
Thulkanam V,Dentist,"19 Via Davallia, Brackenham, Richards Bay, 3900",,,035 798 2732,no,,4.3,7,open,-28.7282762,32.041426,"dentists in Richards Bay, KwaZulu-Natal, South Africa",https://www.google.com/maps/place/Thulkanam+V/data=!4m7!3m6!1s0x1efa3cd77bd486e1:0x96a58a0cb422b0f!8m2!3d-28.7282762!4d32.041426!16s%2Fg%2F11b5yxf5qb!19sChIJ4YbUe9c8-h4RDytCy6BYagk
Game Richards Bay,Department store,"Boardwalk Inkwazi Mall, Cent Cir, Richards Bay Central, Richards Bay, 3900",Richards Bay Central,Richards Bay,086 142 6086,yes,http://www.game.co.za/,3.7,882,open,-28.7557716,32.0495082,"pet shops in Richards Bay, KwaZulu-Natal, South Africa",https://www.google.com/maps/place/?q=place_id:ChIJC8ptcTwj-h4RCd9DoPbI1gs&cid=0x1efa233c716dca0b:0xbd6c8f6a043df09
Angel Berry Lakeside Richards Bay,Dessert restaurant,"5 Mark Strasse, Richards Bay Central, Richards Bay, 3900",Richards Bay Central,Richards Bay,083 632 1189,no,,4.5,10,open,-28.753978399999998,32.0497262,"takeaways in Richards Bay, KwaZulu-Natal, South Africa",https://www.google.com/maps/place/?q=place_id:ChIJ0yPZxDwj-h4RYOd3sVTMVC8&cid=0x1efa233cc4d923d3:0x2f54cc54b177e760
DIAGNOSTIC SERVICE CENTRE,Diagnostic center,"122 Alumina Allee St, Alton, Richards Bay, 3900",,,035 751 1081,no,,3.3,10,open,-28.7478988,32.0318166,"car repair mechanics in Richards Bay, KwaZulu-Natal, South Africa",https://www.google.com/maps/place/DIAGNOSTIC+SERVICE+CENTRE/data=!4m7!3m6!1s0x1efa22d13caec403:0x96adcad6fd3d5f12!8m2!3d-28.7478988!4d32.0318166!16s%2Fg%2F11bzvyh84x!19sChIJA8SuPNEi-h4REl89_dbKrZY
RB PRINTING,Digital printing service,"33 Via Mammalia, Wild En Weide, Richards Bay, 3900",,,073 853 0595,no,,,,open,-28.7314478,32.0509409,"printers in Richards Bay, KwaZulu-Natal, South Africa",https://www.google.com/maps/place/RB+PRINTING/data=!4m7!3m6!1s0x1efa1190f2e4d775:0x48dde795632f8a17!8m2!3d-28.7314478!4d32.0509409!16s%2Fg%2F11q85xcwjj!19sChIJddfk8pAR-h4RF4ovY5Xn3Ug
Richards Bay Print & Signs,Digital printing service,"Unit 6 & 12, Kingfisher Park North, 16 Ceramic Curve, Alton, Richards Bay, 3900",,,035 751 1210,yes,http://rbprintandsigns.co.za/,3.7,3,open,-28.75298,32.031895,"printers in Richards Bay, KwaZulu-Natal, South Africa",https://www.google.com/maps/place/Richards+Bay+Print+%26+Signs/data=!4m7!3m6!1s0x1efa3cd37b226381:0x2c6992465e347fb2!8m2!3d-28.75298!4d32.031895!16s%2Fg%2F11b6d4z6cj!19sChIJgWMie9M8-h4Rsn80XkaSaSw
The Crazy Store Town Square Mall,Discount store,"Shop 11, Town Square Mall, Bullion Blvd, Richards Bay Central, Richards Bay, 3900",Richards Bay Central,Richards Bay,087 135 8826,yes,https://www.crazystore.co.za/,4.1,7,open,-28.7466124,32.0511542,"pet shops in Richards Bay, KwaZulu-Natal, South Africa",https://www.google.com/maps/place/?q=place_id:ChIJQ09Ztawj-h4RRG6usmJgzeA&cid=0x1efa23acb5594f43:0xe0cd6062b2ae6e44
S A MBATHA AND ASSOCIATES,Divorce lawyer,"Unit 14, Standard bank house, 9 Maxwell St, Empangeni Central, Empangeni, 3880",,,076 826 9224,no,,4.8,5,open,-28.7393143,31.8944374,"attorneys in Richards Bay, KwaZulu-Natal, South Africa",https://www.google.com/maps/place/S+A+MBATHA+AND+ASSOCIATES/data=!4m7!3m6!1s0x1efa11fff8f43b59:0xf7588c1064438ad!8m2!3d-28.7393143!4d31.8944374!16s%2Fg%2F11swm0zs95!19sChIJWTv0-P8R-h4RrThEBsGIdQ8
Atuhaire & Malende,Doctor,"1 Bonanza Building, 1 Ruppe Ruf Street, Richards Bay, 3900",Richards Bay Central,Richards Bay,035 789 9614,no,,4.2,25,open,-28.748326,32.0478601,"doctors general practitioners in Richards Bay, KwaZulu-Natal, South Africa",https://www.google.com/maps/place/?q=place_id:ChIJg6qqqj4j-h4R4lihJBffwJU&cid=0x1efa233eaaaaaa83:0x95c0df1724a158e2
Caredoc Medical Center,Doctor,"Caredoc Medical Centre, 3 Lira Link, Arboretum, Richards Bay, 3900",Arboretum,Richards Bay,035 789 1564,yes,https://www.caredoc.co.za/,3.6,77,open,-28.7494837,32.0536811,"doctors general practitioners in Richards Bay, KwaZulu-Natal, South Africa",https://www.google.com/maps/place/?q=place_id:ChIJQTShlTsj-h4R8GNhMcB5I6M&cid=0x1efa233b95a13441:0xa32379c0316163f0
Dr H Malan,Doctor,"The Bay Hospital, Krugerrand Rd, CBD, Richards Bay, 3900",Richards Bay Central,Richards Bay,035 789 1564,no,,5,5,open,-28.750500799999998,32.0537998,"doctors general practitioners in Richards Bay, KwaZulu-Natal, South Africa",https://www.google.com/maps/place/?q=place_id:ChIJzTLyijsj-h4RKTBdyCdSdmg&cid=0x1efa233b8af232cd:0x68765227c85d3029
Dr PLS Van Rooyen,Doctor,"The Bay Hospital, Krugerrand Rd, CBD, Richards Bay, 3900",Richards Bay Central,Richards Bay,035 789 6266,no,,4.9,18,open,-28.750500799999998,32.0537998,"doctors general practitioners in Richards Bay, KwaZulu-Natal, South Africa",https://www.google.com/maps/place/?q=place_id:ChIJzTLyijsj-h4Rw4HPfkVUcuc&cid=0x1efa233b8af232cd:0xe77254457ecf81c3
Dr S Govender,Doctor,"1 Cod Cove, Meer En See, Richards Bay, 3901",Meer En See,Richards Bay,035 001 0440,yes,https://occdoc.co.za/,4.9,58,open,-28.7857423,32.0945071,"doctors general practitioners in Richards Bay, KwaZulu-Natal, South Africa",https://www.google.com/maps/place/?q=place_id:ChIJud-DVyQj-h4RTe9H6HQXBt4&cid=0x1efa23245783dfb9:0xde061774e847ef4d
Dr WP Wasserman,Doctor,"Kruger Rand Bay Hospital, CBD, Richards Bay, 3900",Richards Bay Central,Richards Bay,035 789 4237,no,,4.7,3,open,-28.7499617,32.0533064,"optometrists in Richards Bay, KwaZulu-Natal, South Africa",https://www.google.com/maps/place/?q=place_id:ChIJzTLyijsj-h4RogT2meMjqso&cid=0x1efa233b8af232cd:0xcaaa23e399f604a2
Dr. Ndumiso Bulunga Medical Practice,Doctor,"Shop 19, Checkers Centre, 53 Bullion Blvd, Richards Bay Central, Richards Bay, 3900",Richards Bay Central,Richards Bay,078 588 5692,no,,5,6,open,-28.752586599999997,32.0487087,"doctors general practitioners in Richards Bay, KwaZulu-Natal, South Africa",https://www.google.com/maps/place/?q=place_id:ChIJ03i1s1wj-h4R84enyz8IUKg&cid=0x1efa235cb3b578d3:0xa850083fcba787f3
Green G W,Doctor,"Suite 5a Richards Park Building, Richards Bay, 3900",Richards Bay Central,Richards Bay,035 789 1491,no,,4.7,10,open,-28.751481499999997,32.0497075,"doctors general practitioners in Richards Bay, KwaZulu-Natal, South Africa",https://www.google.com/maps/place/?q=place_id:ChIJq6qqqjsj-h4R0n8hNkBhETs&cid=0x1efa233baaaaaaab:0x3b11614036217fd2
Lacey C S,Doctor,"Suite M7, Netcare the Bay Hospital, 6 Krugerrand Grv, Richards Bay Central, Richards Bay, 3900",Richards Bay Central,Richards Bay,035 789 6266,no,,4.8,13,open,-28.749945699999998,32.0541687,"doctors general practitioners in Richards Bay, KwaZulu-Natal, South Africa",https://www.google.com/maps/place/?q=place_id:ChIJS6FrhTsj-h4RuBmi5drnjrs&cid=0x1efa233b856ba14b:0xbb8ee7dae5a219b8
Mathenjwa S S,Doctor,"Suite 2 Sher-Meer Bay, Cnr Boullion Boulevard & Krugerrand Street, Richards Bay, 3900",Richards Bay Central,Richards Bay,035 789 0054,no,,3.6,11,open,-28.7485736,32.0487505,"doctors general practitioners in Richards Bay, KwaZulu-Natal, South Africa",https://www.google.com/maps/place/?q=place_id:ChIJZYAjJiUj-h4Rgi0wxYtxtFw&cid=0x1efa232526238065:0x5cb4718bc5302d82
Professor 3 SECONDS,Doctor,"28°44'24.2""S 31°48'06.1""E Mtengu, Movamhlone, 3880",,,073 326 6782,no,,5.0,2,open,-28.7398777,31.8014688,"handyman services in Richards Bay, KwaZulu-Natal, South Africa",https://www.google.com/maps/place/Professor+3+SECONDS/data=!4m7!3m6!1s0x1efa0ff4c51bf4eb:0x5b1e6826875c27df!8m2!3d-28.7398777!4d31.8014688!16s%2Fg%2F11lfq3qpww!19sChIJ6_QbxfQP-h4R3ydchyZoHls
Manqobo Driving Academy,Drivers license training school,"Manqobo Driving Academy, Shop 5 Peseta Parade, Richards Bay Central, Richards Bay, 3900",Richards Bay Central,Richards Bay,084 798 8547,no,,5,1,open,-28.74722,32.047039999999996,"driving schools in Richards Bay, KwaZulu-Natal, South Africa",https://www.google.com/maps/place/?q=place_id:ChIJ8z4MkiUj-h4RH-KUuqmWbeg&cid=0x1efa2325920c3ef3:0xe86d96a9ba94e21f
Mr Propshaft & CV Joints,Driveshaft shop,"105 Dollar Dr, Richards Bay Central, Richards Bay, 3900",,,035 789 6600,no,,4.6,57,open,-28.7554395,32.0431383,"car repair mechanics in Richards Bay, KwaZulu-Natal, South Africa",https://www.google.com/maps/place/Mr+Propshaft+%26+CV+Joints/data=!4m7!3m6!1s0x1efa23217014f15d:0x18ecc6e9bf75a27d!8m2!3d-28.7554395!4d32.0431383!16s%2Fg%2F11b6d3j3d1!19sChIJXfEUcCEj-h4RfaJ1v-nG7Bg
Ace Driving School,Driving school,"1 Msimbithi St, Arboretum, Richards Bay, 3900",Arboretum,Richards Bay,083 462 4958,no,,,,open,-28.762355999999997,32.0736065,"driving schools in Richards Bay, KwaZulu-Natal, South Africa",https://www.google.com/maps/place/?q=place_id:ChIJ0ciYlXoj-h4RsI6EP_cYVyE&cid=0x1efa237a9598c8d1:0x215718f73f848eb0
Banda's Driving School,Driving school,"12 Union St, Empangeni Central, Empangeni, 3880",Empangeni Central,Empangeni,060 972 4129,yes,https://www.thinklocal.co.za/biz/bandas-driving-school-empangeni,5,6,open,-28.742950099999998,31.8916343,"driving schools in Richards Bay, KwaZulu-Natal, South Africa",https://www.google.com/maps/place/?q=place_id:ChIJNawElNAQ-h4R3lTLe4mmkcA&cid=0x1efa10d09404ac35:0xc091a6897bcb54de
DEXRO DRIVING ACADEMY,Driving school,"1b Elandengte, Wild En Weide, Richards Bay, 3900",Wild En Weide,Richards Bay,072 424 7734,no,,4.5,2,open,-28.734444,32.050503899999995,"driving schools in Richards Bay, KwaZulu-Natal, South Africa",https://www.google.com/maps/place/?q=place_id:ChIJg6U3aM08-h4R2m9j3LdgE4M&cid=0x1efa3ccd6837a583:0x831360b7dc636fda
Don's Driving School,Driving school,,,,083 292 8137,no,,,,open,-28.7785855,31.992421,"driving schools in Richards Bay, KwaZulu-Natal, South Africa",https://www.google.com/maps/place/Don%27s+Driving+School/data=!4m7!3m6!1s0x2f68347f4701d48d:0x5e59adead74f813c!8m2!3d-28.7785855!4d31.992421!16s%2Fg%2F11rsr19bhc!19sChIJjdQBR380aC8RPIFP1-qtWV4
Donga Driving School,Driving school,"Mdlebe Mpuma Rd, Esikhawini H, Richards Bay, 3887",,,060 855 1265,no,,,,open,-28.8829309,31.9043226,"driving schools in Richards Bay, KwaZulu-Natal, South Africa",https://www.google.com/maps/place/Donga+Driving+School/data=!4m7!3m6!1s0x1efa1e9e645db571:0xc010557050c7fcce!8m2!3d-28.8829309!4d31.9043226!16s%2Fg%2F11s7tc833g!19sChIJcbVdZJ4e-h4RzvzHUHBVEMA
Dorothy's Driving School,Driving school,,,,082 372 1262,no,,5.0,26,open,-28.7785855,31.98598,"driving schools in Richards Bay, KwaZulu-Natal, South Africa",https://www.google.com/maps/place/Dorothy%27s+Driving+School/data=!4m7!3m6!1s0x1efa2394c1c86bab:0xcb75901e9aeb56c9!8m2!3d-28.7785855!4d31.98598!16s%2Fg%2F11h3mmfywl!19sChIJq2vIwZQj-h4RyVbrmh6Qdcs
Easy Way Driving School,Driving school,"27 Peseta Parade, Richards Bay Central, Richards Bay, 3900",Richards Bay Central,Richards Bay,035 787 1481,yes,http://www.easywayonline.co.za/,4.3,25,open,-28.744249999999997,32.048449999999995,"driving schools in Richards Bay, KwaZulu-Natal, South Africa",https://www.google.com/maps/place/?q=place_id:ChIJAQAAALQQ-h4RThU1fOxRNIg&cid=0x1efa10b400000001:0x883451ec7c35154e
Jodys Driving School,Driving school,"34 Filigree Loop, Brackenham, Richards Bay, 3900",Brackenham,Richards Bay,061 609 0365,yes,https://www.callupcontact.com/b/businessprofile/Jody039s_Driving_School/6678156,5,1,open,-28.7219366,32.037774899999995,"driving schools in Richards Bay, KwaZulu-Natal, South Africa",https://www.google.com/maps/place/?q=place_id:ChIJw4sfAWI9-h4RiuyehrhEB1c&cid=0x1efa3d62011f8bc3:0x570744b8869eec8a
K53 Specialist Driving School,Driving school,"26 Jacopever, Meer En See, Richards Bay, 3901",Meer En See,Richards Bay,082 936 9596,no,,5,1,open,-28.786098,32.096877899999996,"driving schools in Richards Bay, KwaZulu-Natal, South Africa",https://www.google.com/maps/place/?q=place_id:ChIJQzlWyxIk-h4REcFpg1cFsCs&cid=0x1efa2412cb563943:0x2bb005578369c111
Legendary Driving Academy,Driving school,"666 Ubhejane, Nseleni A, 3900",,Nseleni A,081 772 7642,yes,https://legendarydrivingacademy.com/,5,7,open,-28.6638186,32.0186971,"driving schools in Richards Bay, KwaZulu-Natal, South Africa",https://www.google.com/maps/place/?q=place_id:ChIJ6ad8-f49-h4RgCbCCTLf1po&cid=0x1efa3dfef97ca7e9:0x9ad6df3209c22680
Mthethwa's Driving School,Driving school,"44 Biyela St, Empangeni Central, Empangeni, 3880",Empangeni Central,Empangeni,035 772 4009,no,,4,3,open,-28.738930999999997,31.890504999999997,"driving schools in Richards Bay, KwaZulu-Natal, South Africa",https://www.google.com/maps/place/?q=place_id:ChIJX3u4f9cQ-h4RDiz5yatoELY&cid=0x1efa10d77fb87b5f:0xb61068abc9f92c0e
Naz's Driving School,Driving school,"Union St, Empangeni Central, Empangeni, 3880",Empangeni Central,Empangeni,035 772 4200,no,,1,1,open,-28.7396018,31.8951329,"driving schools in Richards Bay, KwaZulu-Natal, South Africa",https://www.google.com/maps/place/?q=place_id:ChIJgR12ptYQ-h4R4TaR2D-xivI&cid=0x1efa10d6a6761d81:0xf28ab13fd89136e1
On The Wheels Driving School,Driving school,"Kenart Building, 6 Union St, Empangeni Central, Empangeni, 3880",Empangeni Central,Empangeni,079 993 5428,no,,3,2,open,-28.743464,31.890756,"driving schools in Richards Bay, KwaZulu-Natal, South Africa",https://www.google.com/maps/place/?q=place_id:ChIJY4aYygER-h4R_uiqm1i1Hqc&cid=0x1efa1101ca988663:0xa71eb5589baae8fe
R&B Driving School,Driving school,"Kingfisher Creek, Bottlebrushbend, Veld En Vlei, Richards Bay, 3900",Veld En Vlei,Richards Bay,071 059 1055,no,,,,open,-28.740361999999998,32.056854,"driving schools in Richards Bay, KwaZulu-Natal, South Africa",https://www.google.com/maps/place/?q=place_id:ChIJue7Zzcgj-h4R9LMgO0Xouhk&cid=0x1efa23c8cdd9eeb9:0x19bae8453b20b3f4
Ricky's Driving School KZN,Driving school,"Pelserplaat, Meer En See, Richards Bay, 3900",Meer En See,Richards Bay,083 813 4803,no,,5,2,open,-28.7668534,32.1157993,"driving schools in Richards Bay, KwaZulu-Natal, South Africa",https://www.google.com/maps/place/?q=place_id:ChIJVWBHeDzHsyERuczxEZclgg4&cid=0x21b3c73c78476055:0xe82259711f1ccb9
Zama Driving School,Driving school,"office number 9, 4 Union St, Empangeni Central, Empangeni, 3880",,,072 334 0739,no,,,,open,-28.7423622,31.8909144,"driving schools in Richards Bay, KwaZulu-Natal, South Africa",https://www.google.com/maps/place/Zama+Driving+School/data=!4m7!3m6!1s0x1efa1191a0b371b5:0xce7099f4fdc41874!8m2!3d-28.7423622!4d31.8909144!16s%2Fg%2F11mqw6vkck!19sChIJtXGzoJER-h4RdBjE_fSZcM4
Zululand driving academy,Driving school,"67 Dollar Dr, Alton, Richards Bay, 3900",Alton,Richards Bay,082 370 2713,no,,1.8,5,open,-28.76071,32.041869,"driving schools in Richards Bay, KwaZulu-Natal, South Africa",https://www.google.com/maps/place/?q=place_id:ChIJkZ1x294i-h4Rb1s5SiZl8M8&cid=0x1efa22dedb719d91:0xcff065264a395b6f
kwakhumalo driving school,Driving school,"manguni, Esikhawini H, Richards Bay, 3887",Esikhawini H,Richards Bay,061 554 2337,no,,5,1,open,-28.8692557,31.9097458,"driving schools in Richards Bay, KwaZulu-Natal, South Africa",https://www.google.com/maps/place/?q=place_id:ChIJidHdXAcf-h4RS7b6AdzIadM&cid=0x1efa1f075cddd189:0xd369c8dc01fab64b
Dis-Chem Richards Bay Pharmacy,Drug store,"Kruger Rand Road Shop UO68 Boardwalk Inkwazi Mall, Arboretum CBD, Richards Bay, 3900",,,035 780 8840,yes,https://dischem.co.za/storefinder/134,3.7,91,open,-28.7555135,32.0488948,"pest control in Richards Bay, KwaZulu-Natal, South Africa",https://www.google.com/maps/place/Dis-Chem+Richards+Bay+Pharmacy/data=!4m7!3m6!1s0x1efa233b341d3bb7:0x388320c55b901e57!8m2!3d-28.7555135!4d32.0488948!16s%2Fg%2F1pzsb0863!19sChIJtzsdNDsj-h4RVx6QW8Uggzg
Bay Laundry & Dry Cleaning,Dry cleaner,"Krugerrand Grv, Richards Bay Central, Richards Bay, 3900",,,,no,,4.5,2,open,-28.7483199,32.0478277,"cleaning services in Richards Bay, KwaZulu-Natal, South Africa",https://www.google.com/maps/place/Bay+Laundry+%26+Dry+Cleaning/data=!4m7!3m6!1s0x1efa232514a07239:0x9a148cbe2fadecdc!8m2!3d-28.7483199!4d32.0478277!16s%2Fg%2F11jwsm6nth!19sChIJOXKgFCUj-h4R3OytL76MFJo
Form Industrial Solutions,Earth works company,"135 Alumina Allee St, Alton, Richards Bay, 3900",Alton,Richards Bay,035 751 1010,yes,https://www.formindustrial.co.za/,4.2,17,open,-28.7400521,32.0358958,"welding services in Richards Bay, KwaZulu-Natal, South Africa",https://www.google.com/maps/place/?q=place_id:ChIJ_fh5jLwi-h4RQLnVPLE4Oo0&cid=0x1efa22bc8c79f8fd:0x8d3a38b13cd5b940
Supercare Hygiene & Contract Cleaning Services - Richards Bay,Education,"130 Alumina Allee St, Alton, Richards Bay, 3901",Alton,Richards Bay,035 751 2275,yes,http://www.supercare.co.za/,4.5,4,open,-28.73601,32.03761,"cleaning services in Richards Bay, KwaZulu-Natal, South Africa",https://www.google.com/maps/place/?q=place_id:ChIJVVVVVUEk-h4RAr05kZU2ANg&cid=0x1efa244155555555:0xd80036959139bd02
Kuthula Rewind (Pty) Ltd,Electric motor repair shop,"Unit 5 & 6, Bermart Park, 96 Alumina Allee St, Alton, Richards Bay, 3900",,,035 751 1313,no,,4.6,13,open,-28.7483342,32.0323321,"electricians in Richards Bay, KwaZulu-Natal, South Africa",https://www.google.com/maps/place/Kuthula+Rewind+%28Pty%29+Ltd/data=!4m7!3m6!1s0x1efa229592592ced:0x6b122009727637d8!8m2!3d-28.7483342!4d32.0323321!16s%2Fg%2F1pztd4c_t!19sChIJ7SxZkpUi-h4R2Dd2cgkgEms
Scribante Construction,Electrical engineer,"31 Bauxite Bay, Alton, Richards Bay, 3900",,,035 797 4716,no,,4.5,22,open,-28.7515478,32.0166291,"electricians in Richards Bay, KwaZulu-Natal, South Africa",https://www.google.com/maps/place/Scribante+Construction/data=!4m7!3m6!1s0x1efa22c9c6af6a19:0xaa0c39e4bf92371d!8m2!3d-28.7515478!4d32.0166291!16s%2Fg%2F1pzyj2knk!19sChIJGWqvxski-h4RHTeSv-Q5DKo
Magnet Electrical Supplies - Richards Bay,Electrical equipment supplier,"83 Bullion Blvd, Alton, Richards Bay, 3900",,,035 901 1100,yes,http://www.magnet.co.za/,4.4,14,open,-28.7541036,32.0463167,"electricians in Richards Bay, KwaZulu-Natal, South Africa",https://www.google.com/maps/place/Magnet+Electrical+Supplies+-+Richards+Bay/data=!4m7!3m6!1s0x1efa232202d7ae41:0x104d55f5aca03f39!8m2!3d-28.7541036!4d32.0463167!16s%2Fg%2F1thmz0jv!19sChIJQa7XAiIj-h4ROT-grPVVTRA
BTZ Electrical,Electrical installation service,"Unit 2, 7 Copper Corner, Alton, Richards Bay, 3900",,,066 125 4794,no,,5.0,1,open,-28.7554368,32.0280494,"electricians in Richards Bay, KwaZulu-Natal, South Africa",https://www.google.com/maps/place/BTZ+Electrical/data=!4m7!3m6!1s0x1efa2369910d3f75:0x3ae7506250f37857!8m2!3d-28.7554368!4d32.0280494!16s%2Fg%2F11ngnzmt2x!19sChIJdT8NkWkj-h4RV3jzUGJQ5zo
Kwena Electrical Industries (PTY) ltd,Electrical installation service,"str 55, Knorhaanbaai, Meer En See, Richards Bay, 3901",,,076 422 8421,no,,5.0,1,open,-28.7798541,32.1101868,"electricians in Richards Bay, KwaZulu-Natal, South Africa",https://www.google.com/maps/place/Kwena+Electrical+Industries+%28PTY%29+ltd/data=!4m7!3m6!1s0x1efa24411da0a58b:0x59bba9c2efea2736!8m2!3d-28.7798541!4d32.1101868!16s%2Fg%2F11gr7rh7k0!19sChIJi6WgHUEk-h4RNifq78Kpu1k
Ncuka all nations energy solutions,Electrical installation service,"73 Dollar Dr, Richards Bay Central, Richards Bay, 3900",,,073 070 7637,no,,,,open,-28.7600822,32.0408721,"electricians in Richards Bay, KwaZulu-Natal, South Africa",https://www.google.com/maps/place/Ncuka+all+nations+energy+solutions/data=!4m7!3m6!1s0x1efa23d123f5d8a3:0x28f9bc70297d34fd!8m2!3d-28.7600822!4d32.0408721!16s%2Fg%2F11nvvb5d2y!19sChIJo9j1I9Ej-h4R_TR9KXC8-Sg
Psitron Electrical Contracting & Engineering PTY LTD,Electrical installation service,"92 Alumina Allee St, Alton, Richards Bay, 3900",,,035 751 1109,no,,4.6,5,open,-28.7496331,32.0314995,"electricians in Richards Bay, KwaZulu-Natal, South Africa",https://www.google.com/maps/place/Psitron+Electrical+Contracting+%26+Engineering+PTY+LTD/data=!4m7!3m6!1s0x1efa23eeef95e787:0x839c8d78b13118e6!8m2!3d-28.7496331!4d32.0314995!16s%2Fg%2F11gw32zqw9!19sChIJh-eV7-4j-h4R5hgxsXiNnIM
SB ELECTRICAL AND PROJECTS (Pty)LTD,Electrical installation service,,,,087 550 3279,no,,5.0,5,open,-28.7221209,28.8391,"electricians in Richards Bay, KwaZulu-Natal, South Africa",https://www.google.com/maps/place/SB+ELECTRICAL+AND+PROJECTS+%28Pty%29LTD/data=!4m7!3m6!1s0x1efa1d1872f8dd7d:0xf0ff67d01a96912d!8m2!3d-28.7221209!4d28.8391!16s%2Fg%2F11ghsgm1rk!19sChIJfd34chgd-h4RLZGWGtBn__A
ARB Electrical Wholesalers Richards Bay,Electrical products wholesaler,"63 Dollar Dr, Richards Bay Central, Richards Bay, 3900",,,035 780 7450,yes,http://www.arb.co.za/,4.1,54,open,-28.7607955,32.042839,"electricians in Richards Bay, KwaZulu-Natal, South Africa",https://www.google.com/maps/place/ARB+Electrical+Wholesalers+Richards+Bay/data=!4m7!3m6!1s0x1efa231f220e27cb:0xe535b2a10a6e0cbd!8m2!3d-28.7607955!4d32.042839!16s%2Fg%2F12vrwzsmy!19sChIJyycOIh8j-h4RvQxuCqGyNeU
CPE DISTRIBUTORS,Electrical products wholesaler,"20 Dollar Dr, Richards Bay Central, Richards Bay, 3900",,,035 751 1857,yes,https://cperb.co.za/,4.7,6,open,-28.7550214,32.0446128,"electricians in Richards Bay, KwaZulu-Natal, South Africa",https://www.google.com/maps/place/CPE+DISTRIBUTORS/data=!4m7!3m6!1s0x1efa2329e4afe6df:0x9a9fe6914d6a286!8m2!3d-28.7550214!4d32.0446128!16s%2Fg%2F11rqg_5607!19sChIJ3-av5Ckj-h4RhqLWFGn-qQk
Voltex Electrical Wholesaler - Richards Bay,Electrical products wholesaler,"40 Dollar Dr, Richards Bay Central, Richards Bay, 3900",,,035 789 7970,yes,https://www.voltex.co.za/,4.4,37,open,-28.7576708,32.0432813,"electricians in Richards Bay, KwaZulu-Natal, South Africa",https://www.google.com/maps/place/Voltex+Electrical+Wholesaler+-+Richards+Bay/data=!4m7!3m6!1s0x1efa232396f94f6b:0x9ae8f459d8a16396!8m2!3d-28.7576708!4d32.0432813!16s%2Fg%2F11bvt557t4!19sChIJa0_5liMj-h4RlmOh2Fn06Jo
Trueamp Electrical Engineering,Electrical substation,"Unit 9&10, Barossa Park, 4 Ceramic Curve, Alton, Richards Bay, 3900",,,035 464 1148,no,,5.0,3,open,-28.7545262,32.0288275,"electricians in Richards Bay, KwaZulu-Natal, South Africa",https://www.google.com/maps/place/Trueamp+Electrical+Engineering/data=!4m7!3m6!1s0x1efa25fb85aeba47:0x1657ed3d70a50dc5!8m2!3d-28.7545262!4d32.0288275!16s%2Fg%2F11rfn2m8z8!19sChIJR7quhfsl-h4RxQ2lcD3tVxY
A/C Mthembu Electrical,Electrical supply store,"Richards Bay - New, Richards Bay, 3900",,,035 789 5732,no,,5.0,1,open,-28.7437228,32.1093067,"electricians in Richards Bay, KwaZulu-Natal, South Africa",https://www.google.com/maps/place/A%2FC+Mthembu+Electrical/data=!4m7!3m6!1s0x1efa23243078c087:0xc7dc048fe120493c!8m2!3d-28.7437228!4d32.1093067!16s%2Fg%2F1trqdlvw!19sChIJh8B4MCQj-h4RPEkg4Y8E3Mc
ACDC Express Richards Bay,Electrical supply store,"Shop 3, Town Square, Bullion Blvd, Richards Bay Central, Richards Bay, 3900",,,087 898 8589,yes,http://www.acdcexpress.com/,4.2,57,open,-28.7485576,32.0512553,"hardware stores in Richards Bay, KwaZulu-Natal, South Africa",https://www.google.com/maps/place/ACDC+Express+Richards+Bay/data=!4m7!3m6!1s0x1efa2318aa248543:0x94273d8fd28995ad!8m2!3d-28.7485576!4d32.0512553!16s%2Fg%2F11t4hf8rx5!19sChIJQ4Ukqhgj-h4RrZWJ0o89J5Q
Meitek CC,Electrical supply store,"115 Dollar Dr, Richards Bay Central, Richards Bay, 3900",,,083 441 2301,yes,https://www.africanadvice.com/1300088/Electric_Installations/Kwazulu_Natal/Meitek_Cc/,4.0,1,open,-28.7537557,32.0441629,"electricians in Richards Bay, KwaZulu-Natal, South Africa",https://www.google.com/maps/place/Meitek+CC/data=!4m7!3m6!1s0x1efa232158504aa3:0x9cbd6ad57a8d997d!8m2!3d-28.7537557!4d32.0441629!16s%2Fg%2F1pzr86fd0!19sChIJo0pQWCEj-h4RfZmNetVqvZw
Rehoboth Electrical Suppliers,Electrical supply store,"Shop 5, 7 Dollar Dr, Cbd, Richards Bay, 3900",,,035 285 0042,no,,4.9,23,open,-28.7537949,32.0457894,"electricians in Richards Bay, KwaZulu-Natal, South Africa",https://www.google.com/maps/place/Rehoboth+Electrical+Suppliers/data=!4m7!3m6!1s0x1efa230f8ee88729:0x30d72ec2199f20ce!8m2!3d-28.7537949!4d32.0457894!16s%2Fg%2F11rpdb9g_h!19sChIJKYfojg8j-h4RziCfGcIu1zA
Super Team Electrical,Electrical supply store,"16 Brass Link, Alton, Richards Bay",,,035 751 2005,no,,4.5,2,open,-28.7508377,32.0236325,"electricians in Richards Bay, KwaZulu-Natal, South Africa",https://www.google.com/maps/place/Super+Team+Electrical/data=!4m7!3m6!1s0x1efa22cf022d94d5:0x6e1e890d7b8c33f5!8m2!3d-28.7508377!4d32.0236325!16s%2Fg%2F1pzy7hhb6!19sChIJ1ZQtAs8i-h4R9TOMew2JHm4
ELECTRI-TECH PTY (LTD),Electrician,"Unit 7, Elo Park, 7 Copper Corner, Alton, Richards Bay, 3900",,,078 477 9175,yes,https://electri-tech.co.za/,4.9,82,open,-28.7553388,32.0284691,"electricians in Richards Bay, KwaZulu-Natal, South Africa",https://www.google.com/maps/place/ELECTRI-TECH+PTY+%28LTD%29/data=!4m7!3m6!1s0x1efa2538999a0da9:0xdb6f78ef6337fa4e!8m2!3d-28.7553388!4d32.0284691!16s%2Fg%2F11j8hxgb7t!19sChIJqQ2amTgl-h4RTvo3Y-94b9s
Electrical maintenance and general service,Electrician,,,,,no,,5.0,3,open,-28.7785855,31.992421,"handyman services in Richards Bay, KwaZulu-Natal, South Africa",https://www.google.com/maps/place/Electrical+maintenance+and+general+service/data=!4m7!3m6!1s0x89db6b8a9ae75b67:0x939f64abf831160e!8m2!3d-28.7785855!4d31.992421!16s%2Fg%2F11wfxvpmy2!19sChIJZ1vnmopr24kRDhYx-Ktkn5M
Eltek Electrical,Electrician,"8 Platina Dr, Kuleka, Empangeni, 3880",,,035 772 5740,yes,http://www.eltek.co.za/,4.5,4,open,-28.7738269,31.8920626,"electricians in Richards Bay, KwaZulu-Natal, South Africa",https://www.google.com/maps/place/Eltek+Electrical/data=!4m7!3m6!1s0x1efa10a8eb01bbf9:0xafde297efd71d32e!8m2!3d-28.7738269!4d31.8920626!16s%2Fg%2F124t4r7hf!19sChIJ-bsB66gQ-h4RLtNx_X4p3q8
Grabe Electrical Contractors (Pty) Ltd,Electrician,"Unit 5, Rhino Park, 81 Ceramic Curve, Alton, Richards Bay, 3900",,,035 797 4579,no,,3.5,2,open,-28.7364785,32.0389039,"electricians in Richards Bay, KwaZulu-Natal, South Africa",https://www.google.com/maps/place/Grabe+Electrical+Contractors+%28Pty%29+Ltd/data=!4m7!3m6!1s0x1efa3cd570a1d829:0x1444dba7ce95591e!8m2!3d-28.7364785!4d32.0389039!16s%2Fg%2F11h_wypyvf!19sChIJKdihcNU8-h4RHlmVzqfbRBQ
Gridshift Electrical and Solar Services,Electrician,"55 Olienhoutkoppie, Arboretum, Richards Bay, 3900",,,068 976 7855,no,,,,open,-28.7659873,32.0696339,"electricians in Richards Bay, KwaZulu-Natal, South Africa",https://www.google.com/maps/place/Gridshift+Electrical+and+Solar+Services/data=!4m7!3m6!1s0x1efa23616d70c1eb:0xddfe540a718f28d!8m2!3d-28.7659873!4d32.0696339!16s%2Fg%2F11z8kxs0d6!19sChIJ68FwbWEj-h4RjfIYp0Dl3w0
HF Engineering,Electrician,"39 Ceramic Curve, Alton, Richards Bay, 3900",,,083 272 0985,yes,http://hfengineering.co.za/,,,open,-28.7465777,32.0343947,"electricians in Richards Bay, KwaZulu-Natal, South Africa",https://www.google.com/maps/place/HF+Engineering/data=!4m7!3m6!1s0x1efa22d6eb2abe67:0x44f6b3cb1b8f8441!8m2!3d-28.7465777!4d32.0343947!16s%2Fg%2F11fply2mk8!19sChIJZ74q69Yi-h4RQYSPG8uz9kQ
J J Murray Electrical Contractors,Electrician,"4 Galjoengolf, Meer En See, Richards Bay, 3901",,,083 232 2710,no,,5.0,3,open,-28.781989,32.096742,"electricians in Richards Bay, KwaZulu-Natal, South Africa",https://www.google.com/maps/place/J+J+Murray+Electrical+Contractors/data=!4m7!3m6!1s0x1efa246dc10fb689:0xc693c0abe37c37b4!8m2!3d-28.781989!4d32.096742!16s%2Fg%2F1pzpv_py0!19sChIJibYPwW0k-h4RtDd846vAk8Y
KRAFT LIGHTING & POWER,Electrician,"Unit 1 Macgra Pk, 3 Brass Link, Alton, Richards Bay, 3900",,,083 417 1493,no,,5.0,1,open,-28.750272,32.029578,"electricians in Richards Bay, KwaZulu-Natal, South Africa",https://www.google.com/maps/place/KRAFT+LIGHTING+%26+POWER/data=!4m7!3m6!1s0x1efa22d05efd9497:0xea3c2fb8c0477732!8m2!3d-28.750272!4d32.029578!16s%2Fg%2F11ghff9nf3!19sChIJl5T9XtAi-h4RMndHwLgvPOo
Khuluma Electrical,Electrician,"6, 81 Ceramic Curve, Alton, Richards Bay, 3900",,,082 056 2705,no,,,,open,-28.7364785,32.0389039,"electricians in Richards Bay, KwaZulu-Natal, South Africa",https://www.google.com/maps/place/Khuluma+Electrical/data=!4m7!3m6!1s0x1efa3cd570a1d829:0x79e24b4af5ff4a4!8m2!3d-28.7364785!4d32.0389039!16s%2Fg%2F1pzrkl5j0!19sChIJKdihcNU8-h4RpPRfr7Qkngc
PEAK VOLTAGE SOLUTIONS AND SOLAR,Electrician,"Bulbul Bend, Birdswood, Richards Bay, 3900",,,084 944 3607,no,,5.0,9,open,-28.7360669,32.0792756,"electricians in Richards Bay, KwaZulu-Natal, South Africa",https://www.google.com/maps/place/PEAK+VOLTAGE+SOLUTIONS+AND+SOLAR/data=!4m7!3m6!1s0x1efa23ba5f945bc3:0x8073742eca35b57!8m2!3d-28.7360669!4d32.0792756!16s%2Fg%2F11xcvjqhhl!19sChIJw1uUX7oj-h4RV1uj7EI3Bwg
"Rankin and Sons Electrical, Supplies and Maintenance",Electrician,,,,081 364 6311,yes,https://www.facebook.com/rankinelectrical?mibextid=ZbWKwL,5.0,1,open,-29.1603124,31.6711149,"electricians in Richards Bay, KwaZulu-Natal, South Africa","https://www.google.com/maps/place/Rankin+and+Sons+Electrical,+Supplies+and+Maintenance/data=!4m7!3m6!1s0x43cf32a64543959b:0xa10618419a65ee99!8m2!3d-29.1603124!4d31.6711149!16s%2Fg%2F11vd744_hw!19sChIJm5VDRaYyz0MRme5lmkEYBqE"
S M ELECTRICAL AND CIVIL ENGINEERING,Electrician,"86 Ceramic Curve, Alton, Richards Bay, 3900",,,072 050 6023,no,,4.4,9,open,-28.733143,32.037607,"electricians in Richards Bay, KwaZulu-Natal, South Africa",https://www.google.com/maps/place/S+M+ELECTRICAL+AND+CIVIL+ENGINEERING/data=!4m7!3m6!1s0x1efa3d29e8f2cae7:0x6d0b04aaa692f24e!8m2!3d-28.733143!4d32.037607!16s%2Fg%2F11bzvytp20!19sChIJ58ry6Ck9-h4RTvKSpqoEC20
Umhlathuze Electrical,Electrician,"Unit 7, 7 Peseta Parade, Richards Bay Central, Richards Bay, 3900",,,035 789 1385,no,,5.0,2,open,-28.74696,32.04716,"electricians in Richards Bay, KwaZulu-Natal, South Africa",https://www.google.com/maps/place/Umhlathuze+Electrical/data=!4m7!3m6!1s0x1efa232f812a9f73:0xeb42508d6a08c359!8m2!3d-28.74696!4d32.04716!16s%2Fg%2F11fktrjqqz!19sChIJc58qgS8j-h4RWcMIao1QQus
Wired Right,Electrician,,,,081 021 9831,no,,5.0,4,open,-28.6282579,32.125482,"electricians in Richards Bay, KwaZulu-Natal, South Africa",https://www.google.com/maps/place/Wired+Right/data=!4m7!3m6!1s0xa0a3c3ade3f9abc1:0x62b349f320c868b2!8m2!3d-28.6282579!4d32.125482!16s%2Fg%2F11z1xxfknx!19sChIJwav5463Do6ARsmjIIPNJs2I
DIVERSIFIED POWER,Electronics store,"35 Ceramic Curve, Alton, Richards Bay, 3670",,,035 751 1971,no,,4.6,10,open,-28.7474273,32.0340075,"electricians in Richards Bay, KwaZulu-Natal, South Africa",https://www.google.com/maps/place/DIVERSIFIED+POWER/data=!4m7!3m6!1s0x1efa22d6c2d8df13:0x54fd7977bd1662c3!8m2!3d-28.7474273!4d32.0340075!16s%2Fg%2F11c0q0jjxv!19sChIJE9_YwtYi-h4Rw2IWvXd5_VQ
Incredible Connection Richards Bay,Electronics store,"Shop U65/66, Boardwalk at Inkwazi Mall, Mark Strasse, Boardwalk, Richards Bay, 3900",,,035 789 1457,yes,https://www.incredible.co.za/?utm_source=google&utm_medium=locations&utm_campaign=SP&utm_content=SP,4.4,960,open,-28.7551748,32.0488029,"printers in Richards Bay, KwaZulu-Natal, South Africa",https://www.google.com/maps/place/Incredible+Connection+Richards+Bay/data=!4m7!3m6!1s0x1efa244882908b51:0xfa91a6b66da651c1!8m2!3d-28.7551748!4d32.0488029!16s%2Fg%2F11b6c_rvbw!19sChIJUYuQgkgk-h4RwVGmbbamkfo
POWERITE Electrical & Industrial Supplies,Electronics store,"Richards Bay Central, Richards Bay, 3900",,,035 789 5856,no,,4.6,39,open,-28.7473913,32.046989,"electricians in Richards Bay, KwaZulu-Natal, South Africa",https://www.google.com/maps/place/POWERITE+Electrical+%26+Industrial+Supplies/data=!4m7!3m6!1s0x1efa23257ef36e25:0x7a11401baf85286d!8m2!3d-28.7473913!4d32.046989!16s%2Fg%2F11f5jq0ym0!19sChIJJW7zfiUj-h4RbSiFrxtAEXo
NB Khanyezi Dental surgery,Emergency dental service,"Dune route Richardsbay Ntshingimpisi (Mzingazi, 3900",,,084 305 0849,no,,5.0,6,open,-28.7454782,32.1405787,"dentists in Richards Bay, KwaZulu-Natal, South Africa",https://www.google.com/maps/place/NB+Khanyezi+Dental+surgery/data=!4m7!3m6!1s0x1efa258124eebcd7:0x2c2b411f903ec0a3!8m2!3d-28.7454782!4d32.1405787!16s%2Fg%2F11hdw96b8v!19sChIJ17zuJIEl-h4Ro8A-kB9BKyw
DNK Engineering & Manufacturing CC,Engineer,"31 Ceramic Curve, Alton, Richards Bay, 3900",,,087 147 9643,no,,4.5,16,open,-28.747966,32.0336717,"welding services in Richards Bay, KwaZulu-Natal, South Africa",https://www.google.com/maps/place/DNK+Engineering+%26+Manufacturing+CC/data=!4m7!3m6!1s0x1efa22d6d85f3f09:0x9f93fac645770acd!8m2!3d-28.747966!4d32.0336717!16s%2Fg%2F1td35b5d!19sChIJCT9f2NYi-h4RzQp3Rcb6k58
NOTEFULL,Engineering consultant,"NORTH 09, 9 Ceramic Curve, Alton, Richards Bay, 3900",Alton,Richards Bay,035 761 1015,yes,http://notefullengineering.co.za/,4.6,13,open,-28.753596899999998,32.0304594,"welding services in Richards Bay, KwaZulu-Natal, South Africa",https://www.google.com/maps/place/?q=place_id:ChIJq6onUNoi-h4RmgY5OIE-uIg&cid=0x1efa22da5027aaab:0x88b83e813839069a
ROW MAC ENGINEERING,Engineering consultant,"9 Betastraal, Alton, Richards Bay, 3900",,,035 751 1248,no,,4.3,11,open,-28.7505107,32.0245528,"welding services in Richards Bay, KwaZulu-Natal, South Africa",https://www.google.com/maps/place/ROW+MAC+ENGINEERING/data=!4m7!3m6!1s0x1efa22cfaccc01b7:0xd832ffe1807a0773!8m2!3d-28.7505107!4d32.0245528!16s%2Fg%2F1v2sjc_1!19sChIJtwHMrM8i-h4Rcwd6gOH_Mtg
Rigfab,Engineering consultant,"13 Bronze Bar, Alton, Richards Bay, 3900",Alton,Richards Bay,082 705 7116,yes,http://www.rigfabpty.co.za/,4.3,3,open,-28.7470368,32.0237847,"welding services in Richards Bay, KwaZulu-Natal, South Africa",https://www.google.com/maps/place/?q=place_id:ChIJB1Jvn9Yi-h4RKCwewiAM3Mg&cid=0x1efa22d69f6f5207:0xc8dc0c20c21e2c28
"SKM Engineering, Hydraulics & Projects",Engineering consultant,"63 Kabelring, Alton, Richards Bay, 3900",,,035 880 0412,no,,5.0,6,open,-28.7622171,32.004749,"welding services in Richards Bay, KwaZulu-Natal, South Africa","https://www.google.com/maps/place/SKM+Engineering,+Hydraulics+%26+Projects/data=!4m7!3m6!1s0x1efa22bd191d4e81:0x209b86cf6cb8cc60!8m2!3d-28.7622171!4d32.004749!16s%2Fg%2F1pztd4psn!19sChIJgU4dGb0i-h4RYMy4bM-GmyA"
Thembekile Engineering & Welding School,Engineering school,"Unit 8, 25 Ceramic Curve, Alton, Richards Bay, 3900",Alton,Richards Bay,035 751 1265,no,,,,open,-28.749696699999998,32.032562299999995,"welding services in Richards Bay, KwaZulu-Natal, South Africa",https://www.google.com/maps/place/?q=place_id:ChIJjWmaytAi-h4Rpq0Ao6mMNRY&cid=0x1efa22d0ca9a698d:0x16358ca9a300ada6
Talisman Hire Richards Bay,Equipment rental agency,"Block B, Argon Park, 78 Dollar Dr, Richards Bay Central, Richards Bay, 3900",,,035 789 4864,yes,https://www.talisman.co.za/branches/talisman-hire-richards-bay,4.3,39,open,-28.7572981,32.0432775,"landscaping and garden services in Richards Bay, KwaZulu-Natal, South Africa",https://www.google.com/maps/place/Talisman+Hire+Richards+Bay/data=!4m7!3m6!1s0x1efa2323bcd681d7:0x40b5fd512065864f!8m2!3d-28.7572981!4d32.0432775!16s%2Fg%2F1tgw_ffw!19sChIJ14HWvCMj-h4RT4ZlIFH9tUA
Nixo Photography Studio (Empangeni and Kwambonambi),Event management company,"11 Copper Drive Empangeni Khuleka Khuleka, Richem, Empangeni, 3880",Richem,Empangeni,079 912 5498,no,,5,2,open,-28.775005999999998,31.895827999999998,"photographers in Richards Bay, KwaZulu-Natal, South Africa",https://www.google.com/maps/place/?q=place_id:ChIJ0aaP9lMj-h4R8_ayzadpT1Q&cid=0x1efa2353f68fa6d1:0x544f69a7cdb2f6f3
Your Flowers Events,Event management company,"Esikhawini H, Richards Bay, 3887",Esikhawini H,Richards Bay,079 871 4126,no,,,,open,-28.874394199999998,31.910331,"florists in Richards Bay, KwaZulu-Natal, South Africa",https://www.google.com/maps/place/?q=place_id:ChIJsXNH9Csf-h4RNjGAqCvupMw&cid=0x1efa1f2bf44773b1:0xcca4ee2ba8803136
bydzine,Event planner,"20 Bauxite Bay, Alton, Richards Bay, 3900",Alton,Richards Bay,035 797 3305,no,,4.7,3,open,-28.7519244,32.0201256,"catering services in Richards Bay, KwaZulu-Natal, South Africa",https://www.google.com/maps/place/?q=place_id:ChIJjx-Dopsj-h4RjWpHeBmEIqI&cid=0x1efa239ba2831f8f:0xa222841978476a8d
Thembela Venue,Event venue,"7WGV+24G, Richards Bay, 3900",,Richards Bay,035 797 3305,yes,https://www.thembela-venue.com/?utm_source=google&utm_medium=wix_google_business_profile&utm_campaign=17741462169666898017,4.8,87,open,-28.7249375,31.9428125,"catering services in Richards Bay, KwaZulu-Natal, South Africa",https://www.google.com/maps/place/?q=place_id:ChIJjfdParAX-h4RHkLCR6N5ZbM&cid=0x1efa17b06a4ff78d:0xb36579a347c2421e
MSAT CONSTRUCTION SERVICES,Excavating contractor,"Esikhawini, 70 Ceramic Curve, Alton, Richards Bay, 3900",,,078 589 9300,no,,5.0,1,open,-28.7395297,32.0386878,"building contractors in Richards Bay, KwaZulu-Natal, South Africa",https://www.google.com/maps/place/MSAT+CONSTRUCTION+SERVICES/data=!4m7!3m6!1s0x1efa23d3cf411111:0xc56e04be511a3aca!8m2!3d-28.7395297!4d32.0386878!16s%2Fg%2F11vhr82s8n!19sChIJERFBz9Mj-h4RyjoaUb4EbsU
D MOODLEY OPTOMETRIST,Eye care center,"1 Mark Strasse, Richards Bay Central, Richards Bay, 3900",Richards Bay Central,Richards Bay,035 789 7805,no,,5,1,open,-28.753573,32.0478847,"optometrists in Richards Bay, KwaZulu-Natal, South Africa",https://www.google.com/maps/place/?q=place_id:ChIJ0eeCFCMj-h4RRABz2MSqaWQ&cid=0x1efa23231482e7d1:0x6469aac4d8730044
Khonzi Engineering Services,Fabrication engineer,"74 Ceramic Curve, Alton, Richards Bay, 3900",Alton,Richards Bay,035 797 5252,yes,https://www.khonziengineering.co.za/,4.9,20,open,-28.738380399999997,32.039207399999995,"welding services in Richards Bay, KwaZulu-Natal, South Africa",https://www.google.com/maps/place/?q=place_id:ChIJDSyZTNU8-h4Rz0QbKsxQPDE&cid=0x1efa3cd54c992c0d:0x313c50cc2a1b44cf
Morecare Engineering Services (Pty) Ltd,Fabrication engineer,"13 Copper Corner, Alton, Richards Bay, 3900",,,035 751 1805,yes,http://www.mceservices.co.za/,4.7,3,open,-28.7565845,32.0287913,"welding services in Richards Bay, KwaZulu-Natal, South Africa",https://www.google.com/maps/place/Morecare+Engineering+Services+%28Pty%29+Ltd/data=!4m7!3m6!1s0x1efa22cef8aea4f7:0x2935062408e38daa!8m2!3d-28.7565845!4d32.0287913!16s%2Fg%2F1pzrm3sgh!19sChIJ96Su-M4i-h4Rqo3jCCQGNSk
Vitech Engineering,Fabrication engineer,"Unit 2, King Fisher Park, 16 Ceramic Curve, Alton, Richards Bay, 3900",,,035 001 0397,yes,http://www.vitecheng.co.za/,,,open,-28.7529546,32.0316801,"welding services in Richards Bay, KwaZulu-Natal, South Africa",https://www.google.com/maps/place/Vitech+Engineering/data=!4m7!3m6!1s0x1efa236b96803879:0x9ee331ffea551cd!8m2!3d-28.7529546!4d32.0316801!16s%2Fg%2F11kt23by7b!19sChIJeTiAlmsj-h4RzVGl_h8z7gk
Bronco Creek Spur,Family restaurant,"Boardwalk Inkwazi Shopping Centre, Krugerrand Grv, Richards Bay Central, Richards Bay, 3900",Richards Bay Central,Richards Bay,035 789 5647,yes,https://www.spursteakranches.com/za/restaurant/kwazulu-natal/richards-bay/richards-bay-central/bronco-creek-spur?utm_source=google_maps&utm_medium=website_button&utm_campaign=SP&utm_content=SP,4,647,open,-28.753694199999998,32.0496747,"takeaways in Richards Bay, KwaZulu-Natal, South Africa",https://www.google.com/maps/place/?q=place_id:ChIJHzqlcDsj-h4RpQtaceo-hTU&cid=0x1efa233b70a53a1f:0x35853eea715a0ba5
Porkys at The Lake,Family restaurant,"Richards Bay Country Club Mzingazi Golf Estate, 17 Club Rd, Meer En See, Richards Bay, 3901",,,035 492 0220,no,,4.2,1473,open,-28.7705533,32.1015024,"takeaways in Richards Bay, KwaZulu-Natal, South Africa",https://www.google.com/maps/place/Porkys+at+The+Lake/data=!4m7!3m6!1s0x1efa23243ae3307b:0xcb7c8c57977229cc!8m2!3d-28.7705533!4d32.1015024!16s%2Fg%2F1tctp1s6!19sChIJezDjOiQj-h4RzClyl1eMfMs
Wimpy Boardwalk Inkwazi,Family restaurant,"Shop U19, Boardwalk Inkwazi Shopping Centre, U20 Krugerrand Grv, Richards Bay Central, Richards Bay, 3900",,,035 789 7264,yes,https://locations.wimpy.co.za/restaurants-BoardwalkInkwaziShoppingCentre-WimpyRichardsBayBoardwalk/?utm_source=google_maps&utm_medium=website_button&utm_campaign=SP&utm_content=SP,4.4,965,open,-28.7552556,32.0482242,"restaurants in Richards Bay, KwaZulu-Natal, South Africa",https://www.google.com/maps/place/Wimpy+Boardwalk+Inkwazi/data=!4m7!3m6!1s0x1efa233ca5285e23:0x58c4e9246544a983!8m2!3d-28.7552556!4d32.0482242!16s%2Fg%2F1pzvmlz6y!19sChIJI14opTwj-h4Rg6lEZSTpxFg
Super Turf Instant Lawn & Landscaping,Farm,"R34, Empangeni, 3910",,Empangeni,083 292 0565,yes,https://superturf.co.za/,4.4,36,open,-28.7240124,31.8481745,"landscaping and garden services in Richards Bay, KwaZulu-Natal, South Africa",https://www.google.com/maps/place/?q=place_id:ChIJRT9x6pgR-h4RUkrZuiKwfnw&cid=0x1efa1198ea713f45:0x7c7eb022bad94a52
133 kasi combo,Fast food restaurant,"Agril village phase2, Mandlazini, Richards Bay, 3900",Mandlazini,Richards Bay,063 084 7202,no,,5,1,open,-28.7481792,32.100766899999996,"takeaways in Richards Bay, KwaZulu-Natal, South Africa",https://www.google.com/maps/place/?q=place_id:ChIJO9bsZo09-h4RRY_05DVKX2E&cid=0x1efa3d8d66ecd63b:0x615f4a35e4f48f45
Backdoor restaurant,Fast food restaurant,"50 Bullion Blvd, Richards Bay Central, Richards Bay, 3900",,,072 041 1225,no,,4.3,3,open,-28.7539492,32.0464652,"takeaways in Richards Bay, KwaZulu-Natal, South Africa",https://www.google.com/maps/place/Backdoor+restaurant/data=!4m7!3m6!1s0x1efa23001856e01d:0xa54da5d235eb3883!8m2!3d-28.7539492!4d32.0464652!16s%2Fg%2F11mcbqpc53!19sChIJHeBWGAAj-h4RgzjrNdKlTaU
IDEAL TIKKA & SHAWARMA,Fast food restaurant,"34 Bullion Blvd, Richards Bay Central, Richards Bay, 3900",Richards Bay Central,Richards Bay,067 670 7087,no,,4.4,8,open,-28.749119999999998,32.0511948,"takeaways in Richards Bay, KwaZulu-Natal, South Africa",https://www.google.com/maps/place/?q=place_id:ChIJPRkwhhoj-h4RPhSKaDi7-cQ&cid=0x1efa231a8630193d:0xc4f9bb38688a143e
KFC Richards Bay,Fast food restaurant,"Cnr Premium Promonade &, Krugerrand Grv, Richards Bay Central, Richards Bay, 3900",,,035 789 5887,yes,http://www.kfc.co.za/,3.9,2315,open,-28.7497501,32.0520416,"takeaways in Richards Bay, KwaZulu-Natal, South Africa",https://www.google.com/maps/place/KFC+Richards+Bay/data=!4m7!3m6!1s0x1efa233b71543093:0x3f57ae23e11992a5!8m2!3d-28.7497501!4d32.0520416!16s%2Fg%2F1tndgq8h!19sChIJkzBUcTsj-h4RpZIZ4SOuVz8
KFC Taxi City,Fast food restaurant,"Shop 16a, Taxi City, 19 Bullion Blvd, Richards Bay Central, Richards Bay, 3900",Richards Bay Central,Richards Bay,035 789 0288,yes,http://www.kfc.co.za/,5,441,open,-28.75068,32.0474386,"takeaways in Richards Bay, KwaZulu-Natal, South Africa",https://www.google.com/maps/place/?q=place_id:ChIJPd49Kgcj-h4R4gXTtTcUyrs&cid=0x1efa23072a3dde3d:0xbbca1437b5d305e2
Ekor Kunsmis,Fertilizer supplier,"14 Betastraal, Alton, Richards Bay, 3900",,,083 229 4401,yes,http://www.ekor.co.za/,4.3,30,open,-28.7484697,32.0219421,"landscaping and garden services in Richards Bay, KwaZulu-Natal, South Africa",https://www.google.com/maps/place/Ekor+Kunsmis/data=!4m7!3m6!1s0x1efa22cc1c098003:0x10e9a4887c9dcb41!8m2!3d-28.7484697!4d32.0219421!16s%2Fg%2F1thwm2b7!19sChIJA4AJHMwi-h4RQcudfIik6RA
Kynoch Fertilizee,Fertilizer supplier,Richards Bay,,,087 801 2427,yes,http://kynoch.co.za/,4.5,2,open,-28.7824769,32.0373167,"landscaping and garden services in Richards Bay, KwaZulu-Natal, South Africa",https://www.google.com/maps/place/Kynoch+Fertilizee/data=!4m7!3m6!1s0x1efa236b86449963:0x1aef4a747f99fb!8m2!3d-28.7824769!4d32.0373167!16s%2Fg%2F11h14rchck!19sChIJY5lEhmsj-h4R-5l_dErvGgA
SA Fire & Emergency Services,Fire protection service,"Shop 17, 113 Alumina Allee St, Alton, Richards Bay, 3900",,,076 403 4742,yes,https://www.safe247.co.za/,5.0,2,open,-28.74827,32.03111,"security companies in Richards Bay, KwaZulu-Natal, South Africa",https://www.google.com/maps/place/SA+Fire+%26+Emergency+Services/data=!4m7!3m6!1s0x4192069fcc1ba3b7:0xcbf3e94676457d8!8m2!3d-28.74827!4d32.03111!16s%2Fg%2F11nk97t0m_!19sChIJt6MbzJ8GkkER2FdkZ5Q-vww
Thethu Fire Services,Fire protection system supplier,"7 Copper Corner, Alton, Richards Bay, 3900",,,035 797 3221,no,,4.7,3,open,-28.7551778,32.027999,"security companies in Richards Bay, KwaZulu-Natal, South Africa",https://www.google.com/maps/place/Thethu+Fire+Services/data=!4m7!3m6!1s0x1efa23c8629182cf:0x340fbd8f25e30db!8m2!3d-28.7551778!4d32.027999!16s%2Fg%2F11x2b70zm8!19sChIJz4KRYsgj-h4R2zBe8tj7QAM
Ascension Athletix Empangeni (HIIT BOOTCAMP),Fitness center,"Baines St, Fairview, Empangeni, 3880",,,072 542 1004,yes,http://www.ascensionathletix.co.za/,4.6,8,open,-28.7503696,31.8976223,"gyms and fitness centres in Richards Bay, KwaZulu-Natal, South Africa",https://www.google.com/maps/place/Ascension+Athletix+Empangeni+%28HIIT+BOOTCAMP%29/data=!4m7!3m6!1s0x1efa175319dd4b3f:0xced6d1db1f3c28a5!8m2!3d-28.7503696!4d31.8976223!16s%2Fg%2F11s4twvqz_!19sChIJP0vdGVMX-h4RpSg8H9vR1s4
Beyond Fitness,Fitness center,"19 Lira Link, Richards Bay Central, Richards Bay, 3900",Richards Bay Central,Richards Bay,071 037 0845,no,,5,1,open,-28.7522816,32.0541029,"gyms and fitness centres in Richards Bay, KwaZulu-Natal, South Africa",https://www.google.com/maps/place/?q=place_id:ChIJq6oBOTwj-h4RBf0EA1fQcv0&cid=0x1efa233c3901aaab:0xfd72d0570304fd05
Chosen by Fitness,Fitness center,"Alton Rd, Richards Bay Central, Richards Bay, 3900",Richards Bay Central,Richards Bay,079 261 0381,yes,https://chosenbyfitness.co.za/,5,3,open,-28.7564872,32.0348817,"gyms and fitness centres in Richards Bay, KwaZulu-Natal, South Africa",https://www.google.com/maps/place/?q=place_id:ChIJkXzeAPYj-h4RQ10QNw42xK0&cid=0x1efa23f600de7c91:0xadc4360e37105d43
PB Athlete,Fitness center,"6A Chat Cres, Birdswood, Richards Bay, 3900",,,078 705 5267,yes,https://pbathlete.co.za/,,,open,-28.7356168,32.0772945,"gyms and fitness centres in Richards Bay, KwaZulu-Natal, South Africa",https://www.google.com/maps/place/PB+Athlete/data=!4m7!3m6!1s0x1efa23fab93a6d83:0xb9869b61a7eb8650!8m2!3d-28.7356168!4d32.0772945!16s%2Fg%2F11x1ff0jnh!19sChIJg206ufoj-h4RUIbrp2Gbhrk
Zululand Flooring and Blinds,Flooring store,"14 High Water, Meer En See, Richards Bay, 3900",,,079 012 8508,no,,5.0,1,open,-28.781438,32.098777,"tiling contractors in Richards Bay, KwaZulu-Natal, South Africa",https://www.google.com/maps/place/Zululand+Flooring+and+Blinds/data=!4m7!3m6!1s0x1efa250f0b2a23cf:0xa1eca189aa2a51e1!8m2!3d-28.781438!4d32.098777!16s%2Fg%2F11lg50h3kr!19sChIJzyMqCw8l-h4R4VEqqomh7KE
Cosmos Florist & Gift Shop,Florist,"23 Bullion Blvd, Richards Bay Central, Richards Bay, 3900",Richards Bay Central,Richards Bay,035 789 4499,no,,4.6,13,open,-28.7536554,32.046337799999996,"florists in Richards Bay, KwaZulu-Natal, South Africa",https://www.google.com/maps/place/?q=place_id:ChIJz1qUGTAj-h4RAwur72cAOvs&cid=0x1efa233019945acf:0xfb3a0067efab0b03
Cosmos Florist and Gift Shop,Florist,"59 Wildebees St, Panorama, Empangeni, 3880",Panorama,Empangeni,035 772 6188,no,,4.3,13,open,-28.754386699999998,31.8830316,"florists in Richards Bay, KwaZulu-Natal, South Africa",https://www.google.com/maps/place/?q=place_id:ChIJVREpy9AQ-h4R8YFffdGMBI0&cid=0x1efa10d0cb291155:0x8d048cd17d5f81f1
Flower Inn Florist & Foral Wholesalers,Florist,"83 Bullion Blvd, Richards Bay Central, Richards Bay, 3900",Richards Bay Central,Richards Bay,035 789 4444,yes,https://www.facebook.com/flowerinnflorist,4.8,18,open,-28.754140099999997,32.0458606,"florists in Richards Bay, KwaZulu-Natal, South Africa",https://www.google.com/maps/place/?q=place_id:ChIJa0_5liMj-h4RNDfMThgul2U&cid=0x1efa232396f94f6b:0x65972e184ecc3734
Hlengy Florist,Florist,"51 Tanner Rd, Mpangele, Empangeni, 3880",Mpangele,Empangeni,073 398 0339,no,,,,open,-28.7714228,31.905122,"florists in Richards Bay, KwaZulu-Natal, South Africa",https://www.google.com/maps/place/?q=place_id:ChIJm_9_GAAX-h4RV1P063mrlag&cid=0x1efa1700187fff9b:0xa895ab79ebf45357
IzingaFlora,Florist,"Shop 05, 11 Penny Ln, Center, Richards Bay, 3900",Center,Richards Bay,068 318 2128,yes,https://izingaflora.co.za/,5,6,open,-28.7534423,32.0503625,"florists in Richards Bay, KwaZulu-Natal, South Africa",https://www.google.com/maps/place/?q=place_id:ChIJc1OKvm8j-h4R7IjAVDjf3O4&cid=0x1efa236fbe8a5373:0xeedcdf3854c088ec
Jenny's Florist,Florist,"32 Hancock Ave, Empangeni Central, Empangeni, 3880",Empangeni Central,Empangeni,072 133 9612,no,,4,1,open,-28.7397875,31.889440399999998,"florists in Richards Bay, KwaZulu-Natal, South Africa",https://www.google.com/maps/place/?q=place_id:ChIJjSGEw9kQ-h4R-ATMGmrTggg&cid=0x1efa10d9c384218d:0x882d36a1acc04f8
Kasam Flora,Florist,"3 Kerk St, Fairview, Empangeni, 3880",Fairview,Empangeni,064 504 9617,yes,https://kasamflora.simdif.com/,5,6,open,-28.752477,31.8950598,"florists in Richards Bay, KwaZulu-Natal, South Africa",https://www.google.com/maps/place/?q=place_id:ChIJd-JRDKsR-h4R41D0ST2T3A0&cid=0x1efa11ab0c51e277:0xddc933d49f450e3
Little Something Extra,Florist,"Empangeni rail, Empangeni, 3880",Empangeni rail,Empangeni,083 843 5423,no,,5,8,open,-28.7736821,31.860418499999998,"florists in Richards Bay, KwaZulu-Natal, South Africa",https://www.google.com/maps/place/?q=place_id:ChIJ7-liqj8zTUcRNxvzo1BWj2M&cid=0x474d333faa62e9ef:0x638f5650a3f31b37
Maua Mazuri,Florist,"Esikhawini H, Richards Bay, 3887",Esikhawini H,Richards Bay,072 397 3949,no,,2.9,13,open,-28.874394199999998,31.910331,"florists in Richards Bay, KwaZulu-Natal, South Africa",https://www.google.com/maps/place/?q=place_id:ChIJESmJCuQf-h4RWIwCZF5V-AI&cid=0x1efa1fe40a892911:0x2f8555e64028c58
Petals & Pots,Florist,"54 Anglers Rod, Meer En See, Richards Bay, 3901",Meer En See,Richards Bay,035 753 1550,no,,,,open,-28.7818521,32.101798599999995,"florists in Richards Bay, KwaZulu-Natal, South Africa",https://www.google.com/maps/place/?q=place_id:ChIJq9rwm2sk-h4Rzzg1k3npZBg&cid=0x1efa246b9bf0daab:0x1864e979933538cf
SHEILA'S FLORIST,Florist,"Shop 4 Bay Ctr, Bullion Blvrd, CBD, Richards Bay, 3900",Richards Bay Central,Richards Bay,035 789 2188,no,,1,1,open,-28.7466665,32.0494382,"florists in Richards Bay, KwaZulu-Natal, South Africa",https://www.google.com/maps/place/?q=place_id:ChIJjZX_VCUj-h4Ruz2OKsr_jO4&cid=0x1efa232554ff958d:0xee8cffca2a8e3dbb
THE FLOWER HOUSE,Florist,"5 Maritz Rd, Kildare, Empangeni, 3880",Kildare,Empangeni,082 587 4934,no,,,,open,-28.762826,31.89348,"florists in Richards Bay, KwaZulu-Natal, South Africa",https://www.google.com/maps/place/?q=place_id:ChIJX9F8H7EQ-h4RZLV94VODeBM&cid=0x1efa10b11f7cd15f:0x13788353e17db564
"""THE SNACK ATTACK """,Food processing company,"Arboretum, Richards Bay, 3900",Arboretum,Richards Bay,073 184 7745,no,,,,open,-28.7614944,32.0590774,"catering services in Richards Bay, KwaZulu-Natal, South Africa",https://www.google.com/maps/place/?q=place_id:ChIJT8FNZhoj-h4RrHluymDHfb4&cid=0x1efa231a664dc14f:0xbe7dc760ca6e79ac
Africa Global Logistics AGL Richards Bay,Freight forwarding service,"Unit F04B, Mzingazi Office Park, Mzingazi Golf Estate, Richards Bay, 3900",,,035 788 0332,yes,https://www.aglgroup.com/en/transport-logistique-afrique/Afrique-du-Sud,5.0,1,open,-28.7735335,32.1009094,"transport and logistics companies in Richards Bay, KwaZulu-Natal, South Africa",https://www.google.com/maps/place/Africa+Global+Logistics+AGL+Richards+Bay/data=!4m7!3m6!1s0x1efa23f47c72de79:0xfee3463efed15625!8m2!3d-28.7735335!4d32.1009094!16s%2Fg%2F11c15kxdqk!19sChIJed5yfPQj-h4RJVbR_j5G4_4
FML Freight Solutions,Freight forwarding service,"Tern Tide St, Birdswood, Richards Bay, 3900",,,035 786 0694,no,,,,open,-28.7435585,32.073731,"transport and logistics companies in Richards Bay, KwaZulu-Natal, South Africa",https://www.google.com/maps/place/FML+Freight+Solutions/data=!4m7!3m6!1s0x1efa235b17840a7b:0x7683da1fa521ddcf!8m2!3d-28.7435585!4d32.073731!16s%2Fg%2F11qpp33wd_!19sChIJewqEF1sj-h4Rz90hpR_ag3Y
Zultrans Richards Bay,Freight forwarding service,"75 Alumina Allee St, Alton, Richards Bay, 3900",,,035 797 4820,yes,http://www.zultrans.co.za/,3.9,24,open,-28.7599838,32.0228165,"transport and logistics companies in Richards Bay, KwaZulu-Natal, South Africa",https://www.google.com/maps/place/Zultrans+Richards+Bay/data=!4m7!3m6!1s0x1efa22da8213a337:0x5d293113a0eef017!8m2!3d-28.7599838!4d32.0228165!16s%2Fg%2F11g9qw90yh!19sChIJN6MTgtoi-h4RF_DuoBMxKV0
Food Lover's Market Richards Bay,Fresh food market,"Shop L84, Mark Strasse, Richards Bay Central, Richards Bay, 3900",,,035 789 7345,yes,https://foodloversmarket.co.za/stores/kwazulu-natal/food-lovers-market-richards-bay?utm_source=google_maps&utm_medium=website_button&utm_campaign=SP&utm_content=SP,4.1,1098,open,-28.752087,32.0515547,"butcheries in Richards Bay, KwaZulu-Natal, South Africa",https://www.google.com/maps/place/Food+Lover%27s+Market+Richards+Bay/data=!4m7!3m6!1s0x1efa233c91cefe49:0x355a27f7a27773c!8m2!3d-28.752087!4d32.0515547!16s%2Fg%2F11b7rtmcx1!19sChIJSf7OkTwj-h4RPHcnen-iVQM
"LCS Logistics, Richards Bay",Fuel supplier,"4 Batterybank, Alton, Richards Bay, 3900",,,071 868 9801,yes,https://lcsgroup.co.za/,4.7,10,open,-28.749602,32.022372,"transport and logistics companies in Richards Bay, KwaZulu-Natal, South Africa","https://www.google.com/maps/place/LCS+Logistics,+Richards+Bay/data=!4m7!3m6!1s0x1efa23be3a1c0fad:0xe8c0cb336fcc2b3e!8m2!3d-28.749602!4d32.022372!16s%2Fg%2F11h7f8k58w!19sChIJrQ8cOr4j-h4RPivMbzPLwOg"
@home - Boardwalk Inkwazi Mall,Furniture store,"Shop L94 Boardwalk @ Inkwazi Mall, Krugerrand Grv, Richards Bay, 3900",Richards Bay Central,Richards Bay,035 901 9054,yes,https://www.home.co.za/?utm_source=google&utm_medium=store&utm_campaign=richards_bay,3.7,11,open,-28.752720699999998,32.0514049,"furniture stores in Richards Bay, KwaZulu-Natal, South Africa",https://www.google.com/maps/place/?q=place_id:ChIJNRXXwDwj-h4Rsiu_ybJ0JhA&cid=0x1efa233cc0d71535:0x102674b2c9bf2bb2
Beares Richards Bay,Furniture store,"Shop 3D, Lakeside Mall, 6 Mark Strasse, Richards Bay Central, Richards Bay, 3900",,,035 514 0150,yes,https://beares.co.za/?country=SA,5.0,1,open,-28.754162,32.051118,"furniture stores in Richards Bay, KwaZulu-Natal, South Africa",https://www.google.com/maps/place/Beares+Richards+Bay/data=!4m7!3m6!1s0x1efa239e26968193:0x9cb3a82ddf32b17e!8m2!3d-28.754162!4d32.051118!16s%2Fg%2F11wbdm59vp!19sChIJk4GWJp4j-h4RfrEy3y2os5w
Bradlows Prince Buthelezi,Furniture store,"R102 Shop, 82 Prince Buthelezi Mall, Empangeni, 3880",,Empangeni,035 772 2526,yes,https://www.bradlows.co.za/?utm_source=google&utm_medium=locations&utm_campaign=SP&utm_content=SP,4.9,288,open,-28.7604172,31.912521299999998,"furniture stores in Richards Bay, KwaZulu-Natal, South Africa",https://www.google.com/maps/place/?q=place_id:ChIJKbSfNtoQ-h4REf6iGpoHaYE&cid=0x1efa10da369fb429:0x8169079a1aa2fe11
Bradlows Richards Bay,Furniture store,"Shop L04, Boadwalk Inkwazi Shopping Centre, 11 Penny Ln, Richards Bay Central, Richards Bay, 3900",Richards Bay Central,Richards Bay,035 789 8685,yes,https://www.bradlows.co.za/?utm_source=google&utm_medium=locations&utm_campaign=SP&utm_content=SP,4.9,297,open,-28.7545513,32.0502852,"furniture stores in Richards Bay, KwaZulu-Natal, South Africa",https://www.google.com/maps/place/?q=place_id:ChIJI14opTwj-h4RFkRi1ebl6Cc&cid=0x1efa233ca5285e23:0x27e8e5e6d5624416
Coricraft Richards Bay,Furniture store,"Town Square Mall, Bullion Blvd, Richards Bay Central, Richards Bay, 3900",Richards Bay Central,Richards Bay,035 780 0500,yes,https://www.coricraft.co.za/,4.4,59,open,-28.7469319,32.051650099999996,"furniture stores in Richards Bay, KwaZulu-Natal, South Africa",https://www.google.com/maps/place/?q=place_id:ChIJ4ThI5asPmx4ROFbNhAcQ0to&cid=0x1e9b0fabe54838e1:0xdad2100784cd5638
Furniture Warehouse,Furniture store,"52 Maxwell St, Empangeni Central, Empangeni, 3880",,,035 772 3074,no,,3.0,2,open,-28.7434414,31.8894256,"furniture stores in Richards Bay, KwaZulu-Natal, South Africa",https://www.google.com/maps/place/Furniture+Warehouse/data=!4m7!3m6!1s0x1efa10da655523dd:0xe2675a781fb79e4d!8m2!3d-28.7434414!4d31.8894256!16s%2Fg%2F1pzs72zwf!19sChIJ3SNVZdoQ-h4RTZ63H3haZ-I
Hello furniture,Furniture store,"UNIT 1 HAITI MALL RICHARDS BAY CBD, 3900",Richards Bay Central,Richards Bay,035 789 1813,yes,http://www.asiacity.co.za/,,,open,-28.7515163,32.0528607,"furniture stores in Richards Bay, KwaZulu-Natal, South Africa",https://www.google.com/maps/place/?q=place_id:ChIJsRqd8sYj-h4RnA3JUAnBHSo&cid=0x1efa23c6f29d1ab1:0x2a1dc10950c90d9c
Home Hub,Furniture store,"Metica Moon, Richards Bay Central, Richards Bay, 3900",,,,no,,5.0,1,open,-28.7524837,32.048152,"furniture stores in Richards Bay, KwaZulu-Natal, South Africa",https://www.google.com/maps/place/Home+Hub/data=!4m7!3m6!1s0x1efa2323673b6dbd:0xef5e7e5846de5a7c!8m2!3d-28.7524837!4d32.048152!16s%2Fg%2F11tfc4c4g0!19sChIJvW07ZyMj-h4RfFreRlh-Xu8
House & Home Richards Bay,Furniture store,"Shop No L02, Boardwalk Inkwazi Shopping Centre, Mark Strasse, Richards Bay Central, Richards Bay, 3900",,,035 901 9760,yes,https://www.houseandhome.co.za/,3.6,107,open,-28.7535601,32.05166,"air conditioning installation in Richards Bay, KwaZulu-Natal, South Africa",https://www.google.com/maps/place/House+%26+Home+Richards+Bay/data=!4m7!3m6!1s0x1efa231fe4240db3:0x432d5a14111fd0a0!8m2!3d-28.7535601!4d32.05166!16s%2Fg%2F11kxq622ly!19sChIJsw0k5B8j-h4RoNAfERRaLUM
"Leather Gallery - Lakeside Mall, Richards Bay",Furniture store,"3 Lakeside Mall, Richards Bay, 3900",Richards Bay Central,Richards Bay,035 789 4340,yes,https://www.leathergallery.co.za/?utm_source=Google_My_Business&utm_medium=Organic&utm_campaign=RichardsBay,4.2,25,open,-28.754749999999998,32.05202,"furniture stores in Richards Bay, KwaZulu-Natal, South Africa",https://www.google.com/maps/place/?q=place_id:ChIJb8JEDD0j-h4R2xNYVhqYGVM&cid=0x1efa233d0c44c26f:0x5319981a565813db
"Leather Gallery - Town Square, Richards Bay",Furniture store,"34 Bullion Blvd, Richards Bay Central, Richards Bay, 3600",Richards Bay Central,Richards Bay,035 940 0086,yes,http://www.leathergallery.co.za/,3,4,open,-28.7464847,32.0510635,"furniture stores in Richards Bay, KwaZulu-Natal, South Africa",https://www.google.com/maps/place/?q=place_id:ChIJVYD_Gvgj-h4R9pFRNE9Wodk&cid=0x1efa23f81aff8055:0xd9a1564f345191f6
Lewis Richards Bay,Furniture store,"Shop 9, Checkers Centre, Bullion Blvd, Richards Bay Central, Richards Bay, 3900",Richards Bay Central,Richards Bay,035 514 0144,yes,https://lewisstores.co.za/?utm_source=google_maps&utm_medium=website_link&utm_campaign=SP&utm_content=SP,3.6,44,open,-28.7525516,32.0486532,"furniture stores in Richards Bay, KwaZulu-Natal, South Africa",https://www.google.com/maps/place/?q=place_id:ChIJaUzqpyQj-h4R4eMHhrfpx94&cid=0x1efa2324a7ea4c69:0xdec7e9b78607e3e1
Mr Price Home Richards Bay,Furniture store,"Boardwalk Inkwazi shopping Centre boardwalk centre, Richards Bay, 3900",Richards Bay Central,Richards Bay,087 049 6968,yes,http://www.mrphome.com/en_za/,4.1,198,open,-28.753457899999997,32.0523042,"furniture stores in Richards Bay, KwaZulu-Natal, South Africa",https://www.google.com/maps/place/?q=place_id:ChIJhwwpEzsj-h4RtnpXOvUXEkY&cid=0x1efa233b13290c87:0x461217f53a577ab6
OK Furniture Richards Bay,Furniture store,"Shop 11, Checkers Centre, Bullion Blvd, Richards Bay Central, Richards Bay, 3900",Richards Bay Central,Richards Bay,035 780 7180,yes,https://www.okfurniture.co.za/,3.5,6,open,-28.750989399999998,32.048803899999996,"furniture stores in Richards Bay, KwaZulu-Natal, South Africa",https://www.google.com/maps/place/?q=place_id:ChIJV8jnydQj-h4RsSGjx4rMLtA&cid=0x1efa23d4c9e7c857:0xd02ecc8ac7a321b1
R B Furniture Removers,Furniture store,"9 Copper Corner, Alton, Richards Bay, 3900",,,035 797 4786,no,,,,open,-28.7557653,32.0287077,"furniture stores in Richards Bay, KwaZulu-Natal, South Africa",https://www.google.com/maps/place/R+B+Furniture+Removers/data=!4m7!3m6!1s0x1efa22db13931c05:0x7e28f78e9be110c8!8m2!3d-28.7557653!4d32.0287077!16s%2Fg%2F1pzwkxb5w!19sChIJBRyTE9si-h4RyBDhm473KH4
Russells Esikhawini,Furniture store,"Shop 32, Esikhawini Plaza, Mthombothi St, Esikhawini H, Richards Bay, 3887",Esikhawini H,Richards Bay,035 772 2500,yes,https://www.russells.co.za/,5,139,open,-28.872781999999997,31.8999,"furniture stores in Richards Bay, KwaZulu-Natal, South Africa",https://www.google.com/maps/place/?q=place_id:ChIJjQIKlosd-h4RGgro6FcMwTU&cid=0x1efa1d8b960a028d:0x35c10c57e8e80a1a
Russells Richards Bay,Furniture store,"Shop 37, Taxi Centre, Bullion Blvd, Richards Bay Central, Richards Bay, 3900",Richards Bay Central,Richards Bay,035 789 6232,yes,https://www.russells.co.za/?utm_source=google&utm_medium=locations&utm_campaign=SP&utm_content=SP,4.9,296,open,-28.749930199999998,32.0554041,"furniture stores in Richards Bay, KwaZulu-Natal, South Africa",https://www.google.com/maps/place/?q=place_id:ChIJ5f7__zsj-h4RL0J_I0ox-ng&cid=0x1efa233bfffffee5:0x78fa314a237f422f
UFO Richardsbay,Furniture store,"Shop L035, Boardwalk Inkwazi Shopping Centre, Krugerrand Grv, Richards Bay Central, Richards Bay, 3900",Richards Bay Central,Richards Bay,035 628 0001,yes,https://www.unitedfurnitureoutlets.co.za/,4,7,open,-28.752411799999997,32.0509883,"furniture stores in Richards Bay, KwaZulu-Natal, South Africa",https://www.google.com/maps/place/?q=place_id:ChIJ3wA7Q7Uj-h4R9Yk9W8pZgqc&cid=0x1efa23b5433b00df:0xa78259ca5b3d89f5
Your Furniture Warehouse,Furniture store,"6 Rupee Rif, Road, Richards Bay, 3900",Road,Richards Bay,069 875 0313,no,,,,open,-28.7478846,32.0486685,"furniture stores in Richards Bay, KwaZulu-Natal, South Africa",https://www.google.com/maps/place/?q=place_id:ChIJ34shRyUj-h4RVcQdZU8nURw&cid=0x1efa232547218bdf:0x1c51274f651dc455
COELANIE,Garden center,"2b Bulbul Bend, Birdswood, Richards Bay, 3900",Birdswood,Richards Bay,083 459 8638,yes,http://www.coelanie.co.za/,5,2,open,-28.737987099999998,32.0776726,"florists in Richards Bay, KwaZulu-Natal, South Africa",https://www.google.com/maps/place/?q=place_id:ChIJJyjwboAj-h4RgJLyUCGO5I0&cid=0x1efa23806ef02827:0x8de48e2150f29280
Schatzi Garden Centre,Garden center,"Meerensee, 1 Medway Road, Off the R34, R619, Richards Bay, 3901",,,035 628 0101,no,,,,open,-28.7745445,32.0685866,"landscaping and garden services in Richards Bay, KwaZulu-Natal, South Africa",https://www.google.com/maps/place/Schatzi+Garden+Centre/data=!4m7!3m6!1s0x1efa230b4af5f149:0xfd56b67c6c1a4f84!8m2!3d-28.7745445!4d32.0685866!16s%2Fg%2F11nvm4z4mh!19sChIJSfH1Sgsj-h4RhE8abHy2Vv0
Khula Manje (PTY)Ltd,Garden machinery supplier,"18a Cormorant Cove, Birdswood, Richards Bay, 3900",,,083 348 3171,yes,https://www.facebook.com/khulamanje/,4.4,9,open,-28.7366297,32.0757983,"landscaping and garden services in Richards Bay, KwaZulu-Natal, South Africa",https://www.google.com/maps/place/Khula+Manje+%28PTY%29Ltd/data=!4m7!3m6!1s0x1efa23fe1d80acad:0xbab73bcb67c23bf2!8m2!3d-28.7366297!4d32.0757983!16s%2Fg%2F11qmmjkkvp!19sChIJrayAHf4j-h4R8jvCZ8s7t7o
Mowcare Empangeni,Garden machinery supplier,"29 Knutzen St, Mpangele, Empangeni, 3880",,,035 004 0071,yes,https://www.mowcare.co.za/,5.0,25,open,-28.7673683,31.9053682,"landscaping and garden services in Richards Bay, KwaZulu-Natal, South Africa",https://www.google.com/maps/place/Mowcare+Empangeni/data=!4m7!3m6!1s0x1efa171a605cb109:0x48ad944e47573493!8m2!3d-28.7673683!4d31.9053682!16s%2Fg%2F11kt8vmnrz!19sChIJCbFcYBoX-h4RkzRXR06UrUg
Mowcare Richards Bay,Garden machinery supplier,"104 Dollar Dr, Richards Bay Central, Richards Bay, 3900",,,035 789 8885,yes,http://www.mowcare.co.za/,4.7,112,open,-28.755856,32.0437439,"air conditioning installation in Richards Bay, KwaZulu-Natal, South Africa",https://www.google.com/maps/place/Mowcare+Richards+Bay/data=!4m7!3m6!1s0x1efa232181d9c295:0x57820427a17c1f1b!8m2!3d-28.755856!4d32.0437439!16s%2Fg%2F11b6dr3j0j!19sChIJlcLZgSEj-h4RGx98oScEglc
AA GARDEN SERVICE,Gardener,,,,073 347 4162,no,,5.0,1,open,-28.769885,31.8722184,"landscaping and garden services in Richards Bay, KwaZulu-Natal, South Africa",https://www.google.com/maps/place/AA+GARDEN+SERVICE/data=!4m7!3m6!1s0x1efa11e0e918a1c5:0x5c7cb32d1fb956ce!8m2!3d-28.769885!4d31.8722184!16s%2Fg%2F11f69pww32!19sChIJxaEY6eAR-h4Rzla5Hy2zfFw
Abathembu 1 Projects,Gardener,,,,084 315 3247,yes,https://abathembuprojects.co.za/,5.0,3,open,-28.7785855,31.992421,"landscaping and garden services in Richards Bay, KwaZulu-Natal, South Africa",https://www.google.com/maps/place/Abathembu+1+Projects/data=!4m7!3m6!1s0x2612659a390e70c1:0x950ea8d0aea78a84!8m2!3d-28.7785855!4d31.992421!16s%2Fg%2F11l2k40dmq!19sChIJwXAOOZplEiYRhIqnrtCoDpU
Amazonke Garden Service,Gardener,,,,071 641 3564,no,,5.0,1,open,-28.7785855,31.992421,"landscaping and garden services in Richards Bay, KwaZulu-Natal, South Africa",https://www.google.com/maps/place/Amazonke+Garden+Service/data=!4m7!3m6!1s0xad71fc969b569c89:0x4d7d8510fbd81c9d!8m2!3d-28.7785855!4d31.992421!16s%2Fg%2F11smkpg6y9!19sChIJiZxWm5b8ca0RnRzY-xCFfU0
Ekwandeniservices,Gardener,"Mandlazini agri-village phase 5 13796, Richards Bay, 3900",,,066 462 5705,no,,,,open,-28.736153,32.1187492,"landscaping and garden services in Richards Bay, KwaZulu-Natal, South Africa",https://www.google.com/maps/place/Ekwandeniservices/data=!4m7!3m6!1s0x1efa2572c6871b7b:0x5357743af343a8d4!8m2!3d-28.736153!4d32.1187492!16s%2Fg%2F11vwq86mrw!19sChIJexuHxnIl-h4R1KhD8zp0V1M
Garden Resq,Gardener,"31 Pipit Pl, Birdswood, Richards Bay, 3900",Birdswood,Richards Bay,073 127 8664,no,,,,open,-28.739940299999997,32.0807037,"landscaping and garden services in Richards Bay, KwaZulu-Natal, South Africa",https://www.google.com/maps/place/?q=place_id:ChIJOya8ixoj-h4ROrAwZ8f8iik&cid=0x1efa231a8bbc263b:0x298afcc76730b03a
The Garden Guy,Gardener,"Via Cassiandra, Arboretum, Richards Bay, 3900",Arboretum,Richards Bay,069 933 6922,yes,https://sites.google.com/view/the-garden-guy?usp=sharing,,,open,-28.761180399999997,32.0525066,"landscaping and garden services in Richards Bay, KwaZulu-Natal, South Africa",https://www.google.com/maps/place/?q=place_id:ChIJWed2LyMj-h4RiXizXrHwXR4&cid=0x1efa23232f76e759:0x1e5df0b15eb37889
Bayside Enterprises (Pty) Ltd,General contractor,"35 Cinnamon Cres, Brackenham, Richards Bay, 3900",,,066 231 4469,no,,,,open,-28.7264622,32.0457453,"painters in Richards Bay, KwaZulu-Natal, South Africa",https://www.google.com/maps/place/Bayside+Enterprises+%28Pty%29+Ltd/data=!4m7!3m6!1s0x40eb95592dc8677f:0xcc6e8dea4a2d8f2a!8m2!3d-28.7264622!4d32.0457453!16s%2Fg%2F11zbc3ff68!19sChIJf2fILVmV60ARKo8tSuqNbsw
Connie Marais Attorneys,General practice attorney,"Suite 16, Partridge Place, Lira Link, Richards Bay, 3900",Richards Bay Central,Richards Bay,035 789 7968,yes,http://www.cmap.co.za/,4.7,6,open,-28.752853299999998,32.0535888,"attorneys in Richards Bay, KwaZulu-Natal, South Africa",https://www.google.com/maps/place/?q=place_id:ChIJa8Z9Szwj-h4RDMdKL-tYPl4&cid=0x1efa233c4b7dc66b:0x5e3e58eb2f4ac70c
DR JAMES HUISAMEN,General practitioner,"Mark Strasse, Richards Bay Central, Richards Bay, 3900",Richards Bay Central,Richards Bay,035 789 7805,no,,3.5,19,open,-28.753333899999998,32.0490111,"doctors general practitioners in Richards Bay, KwaZulu-Natal, South Africa",https://www.google.com/maps/place/?q=place_id:ChIJMSDaIiMj-h4RQogSoeLpVkg&cid=0x1efa232322da2031:0x4856e9e2a1128842
DR VP RUGNATH,General practitioner,"14 Daisy Leaf, Brackenham, Richards Bay, 3900",Brackenham,Richards Bay,035 798 1009,yes,https://www.thinklocal.co.za/biz/rugnath-v-p-dr-richards-bay,4.4,5,open,-28.7248277,32.044505,"doctors general practitioners in Richards Bay, KwaZulu-Natal, South Africa",https://www.google.com/maps/place/?q=place_id:ChIJv1dFLto8-h4RefcE0jsDnjQ&cid=0x1efa3cda2e4557bf:0x349e033bd204f779
Dr Kholiwe Sangweni,General practitioner,"2 Krugerrand Grv, Richards Bay Central, Richards Bay, 3900",Richards Bay Central,Richards Bay,083 624 1836,yes,https://wa.me/message/KMP6MJIR7RASE1,4.5,2,open,-28.750961999999998,32.053530699999996,"doctors general practitioners in Richards Bay, KwaZulu-Natal, South Africa",https://www.google.com/maps/place/?q=place_id:ChIJ0TF-dAAj-h4RlZ2LJqKPGoU&cid=0x1efa2300747e31d1:0x851a8fa2268b9d95
Dr MM Thabede (Ubuntu Medcare Practice),General practitioner,"Shop 7 Phase 2, Town Square Mall, Richards Bay Central, Richards Bay, 3900",Richards Bay Central,Richards Bay,067 947 8802,no,,5,35,open,-28.748855499999998,32.0512272,"doctors general practitioners in Richards Bay, KwaZulu-Natal, South Africa",https://www.google.com/maps/place/?q=place_id:ChIJ4zZwRyMj-h4RFNFzeHH0Hw8&cid=0x1efa2323477036e3:0xf1ff4717873d114
Dr N Mongoato - General Practitioner in Richards Bay,General practitioner,"Shop 15b, Lakeside Mall, 5 Mark Strauss Street, Richards Bay Central, Richards Bay, 3900",Richards Bay Central,Richards Bay,035 789 0423,yes,https://drmongoato.co.za/,3.7,3,open,-28.7543452,32.0516833,"doctors general practitioners in Richards Bay, KwaZulu-Natal, South Africa",https://www.google.com/maps/place/?q=place_id:ChIJMdk3QkIj-h4Rkh5a4qXmpiA&cid=0x1efa23424237d931:0x20a6e6a5e25a1e92
Dr NP Mthembe,General practitioner,"1 Peseta Parade, Richards Bay Central, Richards Bay, 3900",Richards Bay Central,Richards Bay,035 789 0322,no,,5,1,open,-28.7478052,32.046774299999996,"doctors general practitioners in Richards Bay, KwaZulu-Natal, South Africa",https://www.google.com/maps/place/?q=place_id:ChIJPXrOKocj-h4RJ4RhS15u7Co&cid=0x1efa23872ace7a3d:0x2aec6e5e4b618427
Dr. NSK Sangweni General Practice and Skin Aesthetics,General practitioner,"Unit 3, Calypso Centre, 2 Krugerrand Grv, Richards Bay Central, Richards Bay, 3900",Richards Bay Central,Richards Bay,035 001 5665,no,,,,open,-28.7509409,32.0534438,"doctors general practitioners in Richards Bay, KwaZulu-Natal, South Africa",https://www.google.com/maps/place/?q=place_id:ChIJE1RxbyUj-h4Rw09F24AVSLU&cid=0x1efa23256f715413:0xb5481580db454fc3
Rentokil,General store,"Kuleka, Empangeni, 3880",Kuleka,Empangeni,0860 000 473,yes,https://www.rentokil.co.za/durban/,,,open,-28.7773984,31.897527399999998,"pest control in Richards Bay, KwaZulu-Natal, South Africa",https://www.google.com/maps/place/?q=place_id:ChIJ0yHj_GQb-h4RNGQifgjk1oI&cid=0x1efa1b64fce321d3:0x82d6e4087e226434
Rollo Accounting,General store,"Meer En See, Richards Bay, 3900",,,081 889 0848,no,,4.8,6,open,-28.7800647,32.1122954,"accountants in Richards Bay, KwaZulu-Natal, South Africa",https://www.google.com/maps/place/Rollo+Accounting/data=!4m7!3m6!1s0x1efa2528a1387e95:0x2a21ee7c638b704b!8m2!3d-28.7800647!4d32.1122954!16s%2Fg%2F11jgyqnr9f!19sChIJlX44oSgl-h4RS3CLY3zuISo
Rose Petals Gift,Gift shop,"Mkhobosa H2, Esikhawini H, Richards Bay, 3887",Esikhawini H,Richards Bay,063 479 4709,yes,https://sites.google.com/view/palletofdreamshampers/home,5,2,open,-28.8675888,31.9160291,"florists in Richards Bay, KwaZulu-Natal, South Africa",https://www.google.com/maps/place/?q=place_id:ChIJpcas9ykf-h4RSk2mcGqD994&cid=0x1efa1f29f7acc6a5:0xdef7836a70a64d4a
Rose Petals Gifts,Gift shop,"Lira Link, Arboretum, Richards Bay, 3900",Arboretum,Richards Bay,075 284 3820,yes,https://sites.google.com/view/palletofdreamshampers/home,,,open,-28.753141,32.053242,"florists in Richards Bay, KwaZulu-Natal, South Africa",https://www.google.com/maps/place/?q=place_id:ChIJWX07h5sj-h4RJZWK1WClavc&cid=0x1efa239b873b7d59:0xf76aa560d58a9525
Just Glass & Alluminium,Glass repair service,"123 Dollar Dr, Richards Bay Central, Richards Bay, 3900",Richards Bay Central,Richards Bay,082 503 5282,no,,3,1,open,-28.752816799999998,32.0444506,"aluminium and glass in Richards Bay, KwaZulu-Natal, South Africa",https://www.google.com/maps/place/?q=place_id:ChIJpzwrASQj-h4R94deFjbex1M&cid=0x1efa2324012b3ca7:0x53c7de36165e87f7
Jwayelani Richards Bay,Grocery store,"Shop 3, Bellingham Park, Penny Ln, Richards Bay Central, Richards Bay, 3900",,,035 880 0073,yes,https://www.jwayelani.co.za/,3.3,6,open,-28.7532511,32.0493423,"butcheries in Richards Bay, KwaZulu-Natal, South Africa",https://www.google.com/maps/place/Jwayelani+Richards+Bay/data=!4m7!3m6!1s0x1efa232528889243:0xa752ae271c7b406b!8m2!3d-28.7532511!4d32.0493423!16s%2Fg%2F11b6d2vd1p!19sChIJQ5KIKCUj-h4Ra0B7HCeuUqc
SPAR Meerensee,Grocery store,"8 L.A.C Centre, 53 Anglers Rod, Meer En See, Richards Bay, 3875",,,035 753 1261,yes,https://www.spar.co.za/Home/Store-View/SPAR-Meerensee-KwaZulu-Natal,3.6,917,open,-28.7833881,32.1015205,"butcheries in Richards Bay, KwaZulu-Natal, South Africa",https://www.google.com/maps/place/SPAR+Meerensee/data=!4m7!3m6!1s0x1efa259cd69aa10f:0x3e5704d27a50275a!8m2!3d-28.7833881!4d32.1015205!16s%2Fg%2F1th9k28l!19sChIJD6Ga1pwl-h4RWidQetIEVz4
Be Our Guest,Guest house,"16 Canterbury Bell, Veld En Vlei, Richards Bay, 3900",Veld En Vlei,Richards Bay,082 680 2715,no,,5,10,open,-28.7421036,32.0595912,"guest houses in Richards Bay, KwaZulu-Natal, South Africa",https://www.google.com/maps/place/?q=place_id:ChIJMUP5LsMj-h4RQXEsEsb01o8&cid=0x1efa23c32ef94331:0x8fd6f4c6122c7141
Duneside Guest House,Guest house,"29 Pipe Fish, Meer En See, Richards Bay, 3901",Meer En See,Richards Bay,082 821 1316,yes,http://www.duneside.co.za/,4.4,106,open,-28.7763663,32.1196231,"guest houses in Richards Bay, KwaZulu-Natal, South Africa",https://www.google.com/maps/place/?q=place_id:ChIJDR4m6kgk-h4RRI7EhbGIORE&cid=0x1efa2448ea261e0d:0x113988b185c48e44
Gecko Inn Guesthouse,Guest house,"48 Bottlebrushbend, Veld En Vlei, Richards Bay, 3900",Veld En Vlei,Richards Bay,035 789 5782,yes,http://www.geckoinn.co.za/,4.5,1027,open,-28.7410507,32.057415,"guest houses in Richards Bay, KwaZulu-Natal, South Africa",https://www.google.com/maps/place/?q=place_id:ChIJJZMk7jYj-h4RBGnUy99hjKk&cid=0x1efa2336ee249325:0xa98c61dfcbd46904
Hillton Manor,Guest house,"37 Shad Shoal, Meer En See, Richards Bay, 3901",Meer En See,Richards Bay,083 469 1994,yes,http://www.hilltonmanor.co.za/,4.5,171,open,-28.7628921,32.119734,"guest houses in Richards Bay, KwaZulu-Natal, South Africa",https://www.google.com/maps/place/?q=place_id:ChIJ-bP2OVck-h4R3dExf_ECc5o&cid=0x1efa245739f6b3f9:0x9a7302f17f31d1dd
Isibaya Guest Lodge,Guest house,"149 Krewelkring, Meer En See, Richards Bay, 3901",Meer En See,Richards Bay,082 089 9971,yes,http://isibayaguestlodge.co.za/,3.5,88,open,-28.782332099999998,32.112775299999996,"guest houses in Richards Bay, KwaZulu-Natal, South Africa",https://www.google.com/maps/place/?q=place_id:ChIJ_96UFBMk-h4R3sK6smZy5a4&cid=0x1efa24131494deff:0xaee57266b2bac2de
La Mer Lodge,Guest house,"14 Koorsboom, Arboretum, Richards Bay, 3900",Arboretum,Richards Bay,082 485 7220,yes,http://lamerlodge.com/,4.2,134,open,-28.7642432,32.053149,"guest houses in Richards Bay, KwaZulu-Natal, South Africa",https://www.google.com/maps/place/?q=place_id:ChIJHyvsrhEj-h4RqBacxMTFl3M&cid=0x1efa2311aeec2b1f:0x7397c5c4c49c16a8
Sea la vie,Guest house,"10 Manta Wing, Meer En See, Richards Bay, 3901",,,071 883 3644,no,,4.9,12,open,-28.7755866,32.1147293,"guest houses in Richards Bay, KwaZulu-Natal, South Africa",https://www.google.com/maps/place/Sea+la+vie/data=!4m7!3m6!1s0x1efa254e7ea3dba5:0xb22ef33e4155d787!8m2!3d-28.7755866!4d32.1147293!16s%2Fg%2F11yg3rzsn5!19sChIJpdujfk4l-h4Rh9dVQT7zLrI
Serendipity Guest House Richards Bay,Guest house,"1 White Eye Way, Birdswood, Richards Bay, 3900",Birdswood,Richards Bay,035 786 0869,yes,http://www.serendipityguesthousenrb.co.za/,4.2,62,open,-28.7423409,32.0752028,"guest houses in Richards Bay, KwaZulu-Natal, South Africa",https://www.google.com/maps/place/?q=place_id:ChIJHfGN_1oj-h4RJZ333Gjbpec&cid=0x1efa235aff8df11d:0xe7a5db68dcf79d25
THE NIGHT guest house,Guest house,"2 Felt Fern, Brackenham, Richards Bay, 3900",Brackenham,Richards Bay,076 807 3351,no,,5,7,open,-28.720519,32.038168,"guest houses in Richards Bay, KwaZulu-Natal, South Africa",https://www.google.com/maps/place/?q=place_id:ChIJdWnotjA9-h4RiwyydYy-n6c&cid=0x1efa3d30b6e86975:0xa79fbe8c75b20c8b
Tranquil Retreat Guest House,Guest house,"Ext, 21 Suikerbos Sirkel, Veld En Vlei, Richards Bay, 3900",Veld En Vlei,Richards Bay,076 989 2383,yes,http://www.tranquilretreat.co.za/,4.9,17,open,-28.734008099999997,32.0734358,"guest houses in Richards Bay, KwaZulu-Natal, South Africa",https://www.google.com/maps/place/?q=place_id:ChIJE28Sdu4j-h4Rol0KTpIdrFY&cid=0x1efa23ee76126f13:0x56ac1d924e0a5da2
Umuzi Guest House,Guest house,"17 Musselcracker, Meer En See, Richards Bay, 3901",Meer En See,Richards Bay,082 825 1492,yes,http://www.umuziguesthouse.co.za/,4.7,92,open,-28.7788763,32.113262899999995,"guest houses in Richards Bay, KwaZulu-Natal, South Africa",https://www.google.com/maps/place/?q=place_id:ChIJrcv-t8mp9x4R0njqOTNg6ak&cid=0x1ef7a9c9b7fecbad:0xa9e9603339ea78d2
ZATS GUEST HOUSE,Guest house,"20 Kruisbessie, Veld En Vlei, Richards Bay, 3900",,,067 378 7426,no,,3.4,9,open,-28.7346218,32.0671416,"guest houses in Richards Bay, KwaZulu-Natal, South Africa",https://www.google.com/maps/place/ZATS+GUEST+HOUSE/data=!4m7!3m6!1s0x1efa232093dacb53:0xfd406621ea4e7deb!8m2!3d-28.7346218!4d32.0671416!16s%2Fg%2F11rf8zcj10!19sChIJU8vakyAj-h4R631O6iFmQP0
eSangweni Guest House,Guest house,"41 Gallinule Gait, Birdswood, Richards Bay, 3900",Birdswood,Richards Bay,035 786 0641,yes,http://www.esangweni.co.za/,3.9,56,open,-28.732885999999997,32.089143,"guest houses in Richards Bay, KwaZulu-Natal, South Africa",https://www.google.com/maps/place/?q=place_id:ChIJlXA5LKkk-h4RbHV-UzlevJ8&cid=0x1efa24a92c397095:0x9fbc5e39537e756c
ALFOME FATIGUE AND STRESS MANAGERS,Gym,"15111 Xaba Rd, Richards Bay - New, Richards Bay, 3901",,,073 858 8417,no,,3.7,7,open,-28.757051,32.1315389,"gyms and fitness centres in Richards Bay, KwaZulu-Natal, South Africa",https://www.google.com/maps/place/ALFOME+FATIGUE+AND+STRESS+MANAGERS/data=!4m7!3m6!1s0x1efa25d0308b1f47:0x9c821197c28d50cf!8m2!3d-28.757051!4d32.1315389!16s%2Fg%2F11gzrdd_54!19sChIJRx-LMNAl-h4Rz1CNwpcRgpw
Bay Aerial Fitness,Gym,"11 Coucal Cover, Birdswood, Richards Bay, 3900",Birdswood,Richards Bay,083 521 0555,no,,4.6,8,open,-28.737078999999998,32.080661899999996,"gyms and fitness centres in Richards Bay, KwaZulu-Natal, South Africa",https://www.google.com/maps/place/?q=place_id:ChIJAaPudFcj-h4R4_fMefFSBNk&cid=0x1efa235774eea301:0xd90452f179ccf7e3
CafèGym Empangeni,Gym,"4 Paul Ave, Fairview, Empangeni, 3880",Fairview,Empangeni,060 428 9639,yes,https://cafegym.co.za/,4.6,17,open,-28.757823,31.9017576,"gyms and fitness centres in Richards Bay, KwaZulu-Natal, South Africa",https://www.google.com/maps/place/?q=place_id:ChIJ6wEVMd8R-h4RsrZAR2EBBiQ&cid=0x1efa11df311501eb:0x240601614740b6b2
CaféGym Extreme,Gym,"shop 7.2 phase 2 shop 7.2 phase 2, Town Square mall, Richards Bay Central, Richards Bay, 3900",Richards Bay Central,Richards Bay,064 541 0674,yes,http://www.cafegym.co.za/,4.3,108,open,-28.7488587,32.051510799999996,"gyms and fitness centres in Richards Bay, KwaZulu-Natal, South Africa",https://www.google.com/maps/place/?q=place_id:ChIJfXQN0uYj-h4RYuS0SMwQtlM&cid=0x1efa23e6d20d747d:0x53b610cc48b4e462
CaféGym Meerensee,Gym,"53 Anglers Rod, Meer En See, Richards Bay, 3901",Meer En See,Richards Bay,063 619 1829,yes,https://cafegym.co.za/,3.9,66,open,-28.783622899999997,32.101183,"gyms and fitness centres in Richards Bay, KwaZulu-Natal, South Africa",https://www.google.com/maps/place/?q=place_id:ChIJD8__OO4j-h4R8CrVHlA7r6U&cid=0x1efa23ee38ffcf0f:0xa5af3b501ed52af0
CaféJump Richards Bay,Gym,"Townsquare mall CBD, Richards Bay, 3900",Richards Bay Central,Richards Bay,064 541 0674,no,,4.3,28,open,-28.749535899999998,32.0513438,"gyms and fitness centres in Richards Bay, KwaZulu-Natal, South Africa",https://www.google.com/maps/place/?q=place_id:ChIJEf9pdkgl-h4RigagyIYeyj4&cid=0x1efa25487669ff11:0x3eca1e86c8a0068a
Cafégym Empangeni 2,Gym,"Sanlam Centre, Maxwell St, Empangeni Central, Empangeni, 3880",,,072 026 1177,yes,https://cafegym.co.za/,4.2,16,open,-28.741749,31.890497,"gyms and fitness centres in Richards Bay, KwaZulu-Natal, South Africa",https://www.google.com/maps/place/Caf%C3%A9gym+Empangeni+2/data=!4m7!3m6!1s0x1efa119bd36dc79b:0xeb17868ae183efac!8m2!3d-28.741749!4d31.890497!16s%2Fg%2F11khrwgkh4!19sChIJm8dt05sR-h4RrO-D4YqGF-s
Dynamic lab,Gym,"shop 7.2 phase 2, Town square mall, Richards Bay Central, Richards Bay, 3900",Richards Bay Central,Richards Bay,083 738 6814,no,,5,16,open,-28.7488872,32.0514976,"gyms and fitness centres in Richards Bay, KwaZulu-Natal, South Africa",https://www.google.com/maps/place/?q=place_id:ChIJ3xBC9W4j-h4RTKV8pSRkeoI&cid=0x1efa236ef54210df:0x827a6424a57ca54c
EAST COAST HEALTH,Gym,"5 Shad Shoal, Meer En See, Richards Bay, 3901",Meer En See,Richards Bay,035 753 2046,yes,http://eastcoasthealth.co.za/,4.9,15,open,-28.766299,32.119772,"gyms and fitness centres in Richards Bay, KwaZulu-Natal, South Africa",https://www.google.com/maps/place/?q=place_id:ChIJSZ4y7lAk-h4RwgL7hQaruU4&cid=0x1efa2450ee329e49:0x4eb9ab0685fb02c2
Elite Fitness Empangeni,Gym,South Africa,,,061 066 1988,yes,http://www.elitefitness.co.za/,5,16,open,-28.8137664,31.894051599999997,"gyms and fitness centres in Richards Bay, KwaZulu-Natal, South Africa",https://www.google.com/maps/place/?q=place_id:ChIJm-IUJiwa-h4RgKjHhM9SUGQ&cid=0x1efa1a2c2614e29b:0x645052cf84c7a880
Fitness Lab (Crossfit Richards Bay),Gym,"18 Strelitzia, Arboretum, Richards Bay, 3900",Arboretum,Richards Bay,067 561 2035,no,,4.9,61,open,-28.7619999,32.0601343,"gyms and fitness centres in Richards Bay, KwaZulu-Natal, South Africa",https://www.google.com/maps/place/?q=place_id:ChIJMSDaIiMj-h4RJS9oGmMkZpw&cid=0x1efa232322da2031:0x9c6624631a682f25
Maxim Health and Fitness Pty Ltd,Gym,"10 Kurper Kurwe, Meer En See, Richards Bay, 3901",Meer En See,Richards Bay,071 277 4997,no,,5,10,open,-28.7702708,32.101593199999996,"gyms and fitness centres in Richards Bay, KwaZulu-Natal, South Africa",https://www.google.com/maps/place/?q=place_id:ChIJKTs384Il-h4ROlo8xaKN8sY&cid=0x1efa2582f3373b29:0xc6f28da2c53c5a3a
Motion Fitness Richards Bay,Gym,"Town Square Mall, Bullion Blvd, Richards Bay, 3900",Richards Bay Central,Richards Bay,021 948 5673,yes,http://www.motionfitness.co.za/gyms/motion-fitness-richards-bay/,1,2,open,-28.7470434,32.0519505,"gyms and fitness centres in Richards Bay, KwaZulu-Natal, South Africa",https://www.google.com/maps/place/?q=place_id:ChIJW0k91Ekj-h4RoOWJAgq7Yx8&cid=0x1efa2349d43d495b:0x1f63bb0a0289e5a0
Senior Citizen Fitness Hub,Gym,"Esikhawini H, Richards Bay, 3887",Esikhawini H,Richards Bay,066 589 9510,no,,4,1,open,-28.867539999999998,31.916049599999997,"gyms and fitness centres in Richards Bay, KwaZulu-Natal, South Africa",https://www.google.com/maps/place/?q=place_id:ChIJlznSLcEf-h4Ri6eH_8BKnq4&cid=0x1efa1fc12dd23997:0xae9e4ac0ff87a78b
ShapeHER Ladies Gym,Gym,"38 Union St, Empangeni Central, Empangeni, 3880",Empangeni Central,Empangeni,035 004 0070,yes,https://shapehergym.co.za/,5,4,open,-28.7395535,31.8951252,"gyms and fitness centres in Richards Bay, KwaZulu-Natal, South Africa",https://www.google.com/maps/place/?q=place_id:ChIJxTAIoR8R-h4Rk0LMZlonHOk&cid=0x1efa111fa10830c5:0xe91c275a66cc4293
Tennis court,Gym,Richards Bay,,,,no,,4.0,4,open,-28.7628495,32.1307003,"gyms and fitness centres in Richards Bay, KwaZulu-Natal, South Africa",https://www.google.com/maps/place/Tennis+court/data=!4m7!3m6!1s0x1efa25aceac716e1:0x527e0d0f6895afe4!8m2!3d-28.7628495!4d32.1307003!16s%2Fg%2F11c6_fk1v_!19sChIJ4RbH6qwl-h4R5K-VaA8NflI
The Cage Fitness Centre,Gym,"4 Baines Rd, Fairview, Empangeni, 3880",Fairview,Empangeni,072 865 2752,no,,5,6,open,-28.7517554,31.8970728,"gyms and fitness centres in Richards Bay, KwaZulu-Natal, South Africa",https://www.google.com/maps/place/?q=place_id:ChIJ6RlytFUR-h4R45lAs6ETu_Q&cid=0x1efa1155b47219e9:0xf4bb13a1b34099e3
Virgin Active Gym Richards Bay,Gym,"19 Lira Link, Richards Bay Central, Richards Bay, 3900",Richards Bay Central,Richards Bay,035 628 0501,yes,https://www.virginactive.co.za/gyms/richards-bay?utm_source=google&utm_medium=gmb&utm_campaign=gmb&utm_id=gmb,4,483,open,-28.7522931,32.0540423,"gyms and fitness centres in Richards Bay, KwaZulu-Natal, South Africa",https://www.google.com/maps/place/?q=place_id:ChIJp1bbRTwj-h4RVjuq8o2R1Ec&cid=0x1efa233c45db56a7:0x47d4918df2aa3b56
Women in Fitness Richards Bay,Gym,"Shop 3A, Calypso Centre, Krugerrand Grv, Richards Bay, 3900",Richards Bay Central,Richards Bay,035 789 4704,no,,3,2,open,-28.751232599999998,32.053032,"gyms and fitness centres in Richards Bay, KwaZulu-Natal, South Africa",https://www.google.com/maps/place/?q=place_id:ChIJlwpYnAsj-h4R2rzOslVa6Fo&cid=0x1efa230b9c580a97:0x5ae85a55b2cebcda
INSIGHT MECHANICAL,HVAC contractor,"Unit 4, 46 Dollar Dr, Richards Bay Central, Richards Bay, 3900",,,035 789 0281,yes,http://insightmechanical.co.za/,,,open,-28.7584488,32.0430429,"air conditioning installation in Richards Bay, KwaZulu-Natal, South Africa",https://www.google.com/maps/place/INSIGHT+MECHANICAL/data=!4m7!3m6!1s0x1efa2321e3ab1601:0x97c3a19fd8c6dab5!8m2!3d-28.7584488!4d32.0430429!16s%2Fg%2F11sjz_vpq1!19sChIJARar4yEj-h4RtdrG2J-hw5c
Ntokozo fridge repairs,HVAC contractor,"Mandlankala reserve Skhawini, Shawini, Richards Bay, 3800",,,079 910 9077,no,,,,open,-28.8236711,31.9470192,"air conditioning installation in Richards Bay, KwaZulu-Natal, South Africa",https://www.google.com/maps/place/Ntokozo+fridge+repairs/data=!4m7!3m6!1s0x1efa198349c2f469:0x22463672d649aff7!8m2!3d-28.8236711!4d31.9470192!16s%2Fg%2F11nr3gzcf4!19sChIJafTCSYMZ-h4R969J1nI2RiI
S and S Projects and Sales (Pty) Ltd,HVAC contractor,"Unit 1, 130 Alumina Allee St, 2 Leopard Park, Alton, Richards Bay, 3900",,,073 179 2151,yes,http://sandsp.co.za/,,,open,-28.73601,32.03761,"air conditioning installation in Richards Bay, KwaZulu-Natal, South Africa",https://www.google.com/maps/place/S+and+S+Projects+and+Sales+%28Pty%29+Ltd/data=!4m7!3m6!1s0x1efa236dca107ccd:0xa8800581363fe550!8m2!3d-28.73601!4d32.03761!16s%2Fg%2F11pwwy5pht!19sChIJzXwQym0j-h4RUOU_NoEFgKg
Bellissima Richards Bay,Hair salon,"9 Tassel-Berry, Arboretum, Richards Bay, 3900",,,076 215 3542,no,,3.0,1,open,-28.7550412,32.0571035,"hairdressers in Richards Bay, KwaZulu-Natal, South Africa",https://www.google.com/maps/place/Bellissima+Richards+Bay/data=!4m7!3m6!1s0x1efa23554f5afa31:0x81860ecf945b842b!8m2!3d-28.7550412!4d32.0571035!16s%2Fg%2F11h6n23tgh!19sChIJMfpaT1Uj-h4RK4RblM8OhoE
Caetano's Hair Studio,Hair salon,"7 Appelblaar, Arboretum, Richards Bay, 3900",,,035 789 8266,no,,5.0,1,open,-28.7517757,32.0587395,"hairdressers in Richards Bay, KwaZulu-Natal, South Africa",https://www.google.com/maps/place/Caetano%27s+Hair+Studio/data=!4m7!3m6!1s0x1efa233f08040015:0xf34327ef25ce90e1!8m2!3d-28.7517757!4d32.0587395!16s%2Fg%2F1pzxqs_nv!19sChIJFQAECD8j-h4R4ZDOJe8nQ_M
Cozy beauty salon,Hair salon,"19 Lira Link, Richards Bay Central, Richards Bay, 3900",Richards Bay Central,Richards Bay,083 623 9589,no,,4.6,13,open,-28.7522861,32.0540927,"hairdressers in Richards Bay, KwaZulu-Natal, South Africa",https://www.google.com/maps/place/?q=place_id:ChIJoW5tMNIj-h4R5rfx-WUvdwU&cid=0x1efa23d2306d6ea1:0x5772f65f9f1b7e6
De Canha International Hairstylist,Hair salon,"38 Jacopever, Meer En See, Richards Bay, 3901",Meer En See,Richards Bay,084 645 9877,no,,5,1,open,-28.785674,32.0988381,"hairdressers in Richards Bay, KwaZulu-Natal, South Africa",https://www.google.com/maps/place/?q=place_id:ChIJEV-G1HQl-h4R7a9gprhs4LY&cid=0x1efa2574d4865f11:0xb6e06cb8a660afed
HIS grace Beauty Salon & Spa,Hair salon,"building, shop 3 & 4, Old Alph Cafe, 8 Shilling Swing, Richards Bay Central, Richards Bay, 3900",Richards Bay Central,Richards Bay,063 079 8096,yes,http://www.hisgracesalon.co.za/,4,132,open,-28.7502633,32.049110399999996,"hairdressers in Richards Bay, KwaZulu-Natal, South Africa",https://www.google.com/maps/place/?q=place_id:ChIJiRg6cr4j-h4REm0iPua0NqY&cid=0x1efa23be723a1889:0xa636b4e63e226d12
Hair By Ilene,Hair salon,"42 Essenwood Way, Arboretum, Richards Bay, 3900",,,,no,,5.0,1,open,-28.756381,32.0665887,"hairdressers in Richards Bay, KwaZulu-Natal, South Africa",https://www.google.com/maps/place/Hair+By+Ilene/data=!4m7!3m6!1s0x1efa236be025c487:0x678e70b28afae576!8m2!3d-28.756381!4d32.0665887!16s%2Fg%2F11p73jppys!19sChIJh8Ql4Gsj-h4RduX6irJwjmc
Images Hair And Beauty Salon,Hair salon,"24 Lira Link, Richards Bay Central, Richards Bay, 3900",,,,no,,5.0,1,open,-28.752722,32.052978,"hairdressers in Richards Bay, KwaZulu-Natal, South Africa",https://www.google.com/maps/place/Images+Hair+And+Beauty+Salon/data=!4m7!3m6!1s0x1efa233c4fdd95c3:0xc710887eaab3c6cd!8m2!3d-28.752722!4d32.052978!16s%2Fg%2F11jwskt0tf!19sChIJw5XdTzwj-h4Rzcazqn6IEMc
La Speranza Hair Studio,Hair salon,"23 Shad Shoal, Meer En See, Richards Bay, 3901",Meer En See,Richards Bay,083 718 1824,yes,https://www.facebook.com/LaSperanzaStudio/,4.5,24,open,-28.76444,32.119836899999996,"hairdressers in Richards Bay, KwaZulu-Natal, South Africa",https://www.google.com/maps/place/?q=place_id:ChIJCU48zVAk-h4RlYK15ziTc0s&cid=0x1efa2450cd3c4e09:0x4b739338e7b58295
Oppi Hawe Hair Salon / Duck Inn B&B,Hair salon,"3 Dageraad St, Meer En See, Richards Bay, 3900",,,,no,,4.7,67,open,-28.78866,32.09497,"hairdressers in Richards Bay, KwaZulu-Natal, South Africa",https://www.google.com/maps/place/Oppi+Hawe+Hair+Salon+%2F+Duck+Inn+B%26B/data=!4m7!3m6!1s0x1efa23ee78afa74d:0x670b03435de223a9!8m2!3d-28.78866!4d32.09497!16s%2Fg%2F11gj33mbxt!19sChIJTaeveO4j-h4RqSPiXUMDC2c
Radiance Hair & Beauty Team,Hair salon,"2 Krugerrand Grv, Richards Bay Central, Richards Bay, 3900",,,035 789 3039,no,,5.0,1,open,-28.7495044,32.0502021,"hairdressers in Richards Bay, KwaZulu-Natal, South Africa",https://www.google.com/maps/place/Radiance+Hair+%26+Beauty+Team/data=!4m7!3m6!1s0x1efa233b2fca3679:0x190b0d8b1f7d4cad!8m2!3d-28.7495044!4d32.0502021!16s%2Fg%2F1pzrvb_1c!19sChIJeTbKLzsj-h4RrUx9H4sNCxk
René's Hair Salon,Hair salon,"21 Klipviskinkel, Meer En See, Richards Bay, 3901",Meer En See,Richards Bay,084 676 6576,yes,https://web.facebook.com/RenesHairSalon/?modal=admin_todo_tour,4.7,29,open,-28.7799579,32.1047428,"hairdressers in Richards Bay, KwaZulu-Natal, South Africa",https://www.google.com/maps/place/?q=place_id:ChIJ70QaZxcl-h4RrOh-4Jk7lE8&cid=0x1efa2517671a44ef:0x4f943b99e07ee8ac
Salon Cut & Curl,Hair salon,"38 Mkhulu Cres, Arboretum, Richards Bay, 3900",,,035 789 8810,no,,,,open,-28.762009,32.071722,"hair salons in Richards Bay, KwaZulu-Natal, South Africa",https://www.google.com/maps/place/Salon+Cut+%26+Curl/data=!4m7!3m6!1s0x1efa2370053ac1d3:0x978de5cbdd9afd4c!8m2!3d-28.762009!4d32.071722!16s%2Fg%2F1pzsblw3h!19sChIJ08E6BXAj-h4RTP2a3cvljZc
Salon Natalie,Hair salon,"70 Lobatum, Brackenham, Richards Bay, 3900",Brackenham,Richards Bay,079 462 2695,no,,4.8,19,open,-28.715552,32.043745,"hairdressers in Richards Bay, KwaZulu-Natal, South Africa",https://www.google.com/maps/place/?q=place_id:ChIJgxF7vwU9-h4RUmpapYQjJsw&cid=0x1efa3d05bf7b1183:0xcc262384a55a6a52
Salon Pamela,Hair salon,"5 Ysterhout, Arboretum, Richards Bay, 3900",Arboretum,Richards Bay,035 789 4536,no,,4.7,72,open,-28.7538989,32.0594854,"hairdressers in Richards Bay, KwaZulu-Natal, South Africa",https://www.google.com/maps/place/?q=place_id:ChIJ3z541z8j-h4RKpw4I7XKSRI&cid=0x1efa233fd7783edf:0x1249cab523389c2a
Tiffany's Hairdressing Salon,Hair salon,"23 Anglers Rod, Meer En See, Richards Bay, 3901",,,035 753 1832,no,,5.0,2,open,-28.7847884,32.0952268,"hairdressers in Richards Bay, KwaZulu-Natal, South Africa",https://www.google.com/maps/place/Tiffany%27s+Hairdressing+Salon/data=!4m7!3m6!1s0x1efa246d6231c119:0x4f7e9f2b671abf84!8m2!3d-28.7847884!4d32.0952268!16s%2Fg%2F1pzs293_p!19sChIJGcExYm0k-h4RhL8aZyuffk8
Dinale Hair Salon,Hairdresser,"Shop 107b Boardwalk Inkwazi Shopping Centre, Kruger Rand Road, Richards Bay Central, Richards Bay, 3900",Richards Bay Central,Richards Bay,035 789 2305,no,,3.5,45,open,-28.7531079,32.0521379,"hairdressers in Richards Bay, KwaZulu-Natal, South Africa",https://www.google.com/maps/place/?q=place_id:ChIJu9cp-jwj-h4Rzx3mQ8KVbCM&cid=0x1efa233cfa29d7bb:0x236c95c243e61dcf
FoxGlove Salon & Spa,Hairdresser,"Unit 10, 14 Lira Link Road, Haiti Mall, Richards Bay, 3900",Richards Bay Central,Richards Bay,082 222 5818,no,,4,1,open,-28.751509499999997,32.053108099999996,"hairdressers in Richards Bay, KwaZulu-Natal, South Africa",https://www.google.com/maps/place/?q=place_id:ChIJLYC2lzQj-h4RIuMhsokTqdQ&cid=0x1efa233497b6802d:0xd4a91389b221e322
Hair & Nails @Chantelle,Hairdresser,"Sycamore Spread, Arboretum, Richards Bay, 3900",,,078 533 0663,no,,5.0,3,open,-28.7583852,32.062186,"hairdressers in Richards Bay, KwaZulu-Natal, South Africa",https://www.google.com/maps/place/Hair+%26+Nails+@Chantelle/data=!4m7!3m6!1s0x1efa23cda0657b41:0x8104546dccbac710!8m2!3d-28.7583852!4d32.062186!16s%2Fg%2F11n788vpz5!19sChIJQXtloM0j-h4REMe6zG1UBIE
KALON,Hairdresser,"2 Pinkie Pool, Meer En See, Richards Bay, 3900",,,084 247 1441,no,,5.0,35,temporarily closed,-28.780503,32.117723,"hair salons in Richards Bay, KwaZulu-Natal, South Africa",https://www.google.com/maps/place/KALON/data=!4m7!3m6!1s0x1efa25e18c0b6c43:0x60516d58a5d74b8b!8m2!3d-28.780503!4d32.117723!16s%2Fg%2F11nwwsd5xw!19sChIJQ2wLjOEl-h4Ri0vXpVhtUWA
Little Corner home salon,Hairdresser,"18 Raphia Palm, Arboretum, Richards Bay, 3900",Arboretum,Richards Bay,,yes,https://littlecornerhomesalon.setmore.com/,3.7,6,open,-28.7621868,32.0626976,"hair salons in Richards Bay, KwaZulu-Natal, South Africa",https://www.google.com/maps/place/?q=place_id:ChIJyXKglzE9-h4Rsvvr7nDH2kg&cid=0x1efa3d3197a072c9:0x48dac770eeebfbb2
Melis hair and beauty salon,Hairdresser,"20b Angler's rod meerensee, Meer En See, Richards Bay, 3901",Meer En See,Richards Bay,060 555 4601,no,,4.8,29,open,-28.7854587,32.0933967,"hairdressers in Richards Bay, KwaZulu-Natal, South Africa",https://www.google.com/maps/place/?q=place_id:ChIJRfYAODol-h4RjvTkEtGMWKE&cid=0x1efa253a3800f645:0xa1588cd112e4f48e
Ntando Nkosi Beauty Studio,Hairdresser,"Phase 2 Mandlazini, Richards Bay, 3900",,,073 061 6170,yes,https://www.tiktok.com/@ntandonkosibeautystudio?_r=1&_t=ZS-99dQiXwhPxn,5.0,1,open,-28.7457175,32.102172,"hairdressers in Richards Bay, KwaZulu-Natal, South Africa",https://www.google.com/maps/place/Ntando+Nkosi+Beauty+Studio/data=!4m7!3m6!1s0x1efa2582ef2faf63:0x269bde8b70816f55!8m2!3d-28.7457175!4d32.102172!16s%2Fg%2F11p0_cz69n!19sChIJY68v74Il-h4RVW-BcIvemyY
WOW HAIR,Hairdresser,"Anglers Rod, Meer En See, Richards Bay, 3901",,,079 880 0620,no,,,,open,-28.7819901,32.0984884,"hairdressers in Richards Bay, KwaZulu-Natal, South Africa",https://www.google.com/maps/place/WOW+HAIR/data=!4m7!3m6!1s0x1efa25caea218999:0xbfa085666b7f6eaf!8m2!3d-28.7819901!4d32.0984884!16s%2Fg%2F11ss504qyq!19sChIJmYkh6sol-h4Rr25_a2aFoL8
RocoMamas Richards Bay,Hamburger restaurant,"Shop L22 & L24, Boardwalk Inkwazi Shopping Centre, Krugerrand Grv, Richards Bay Central, Richards Bay, 3900",Richards Bay Central,Richards Bay,035 760 1182,yes,https://rocomamas.com/za/restaurants/kwazulu-natal/rocomamas-richards-bay?utm_source=google_maps&utm_medium=website_button&utm_campaign=SP&utm_content=SP,4,52,open,-28.752082899999998,32.0503243,"takeaways in Richards Bay, KwaZulu-Natal, South Africa",https://www.google.com/maps/place/?q=place_id:ChIJvd425LIj-h4RQiYR6wK8Wr0&cid=0x1efa23b2e436debd:0xbd5abc02eb112642
Steers Boardwalk Inkwazi,Hamburger restaurant,"Shop L83, Boardwalk Inkwazi Shopping Centre, 11 Penny Ln, Richards Bay Central, Richards Bay, 3900",,,035 940 2448,yes,https://locations.steers.co.za/restaurants-BoardwalkInkwaziShoppingCentre-SteersRichardsBayBoardwalk/?utm_source=google_maps&utm_medium=website_button&utm_campaign=SP&utm_content=SP,3.9,196,open,-28.7521725,32.05152,"takeaways in Richards Bay, KwaZulu-Natal, South Africa",https://www.google.com/maps/place/Steers+Boardwalk+Inkwazi/data=!4m7!3m6!1s0x1efa233ca2a7c7b1:0x8cb7b98e878eb76b!8m2!3d-28.7521725!4d32.05152!16s%2Fg%2F11d_7xr70n!19sChIJscenojwj-h4Ra7eOh465t4w
APC & Eshowe Garden Services,Handyman/Handywoman/Handyperson,,,,074 504 4449,no,,5.0,1,open,-28.8879529,31.4670716,"handyman services in Richards Bay, KwaZulu-Natal, South Africa",https://www.google.com/maps/place/APC+%26+Eshowe+Garden+Services/data=!4m7!3m6!1s0xadb94b1e33c76499:0x3239ffad8de9cd70!8m2!3d-28.8879529!4d31.4670716!16s%2Fg%2F11xn7lx2y1!19sChIJmWTHMx5Lua0RcM3pja3_OTI
Building Handyman Garden,Handyman/Handywoman/Handyperson,"Ballito Dr, Ballito, 4399",,,078 524 2022,no,,5.0,1,open,-29.5327545,31.2085993,"handyman services in Richards Bay, KwaZulu-Natal, South Africa",https://www.google.com/maps/place/Building+Handyman+Garden/data=!4m7!3m6!1s0x1ef71590dda8e509:0xe4a04ea510d3cef9!8m2!3d-29.5327545!4d31.2085993!16s%2Fg%2F11f69stv56!19sChIJCeWo3ZAV9x4R-c7TEKVOoOQ
Endless Creations & Personal Designs,Handyman/Handywoman/Handyperson,"26 Pompano Pl, Meer En See, Richards Bay, 3901",Meer En See,Richards Bay,063 738 7228,no,,,,open,-28.781767199999997,32.1063188,"handyman services in Richards Bay, KwaZulu-Natal, South Africa",https://www.google.com/maps/place/?q=place_id:ChIJzS2yZYol-h4Rr1wlIbc6mhY&cid=0x1efa258a65b22dcd:0x169a3ab721255caf
HandymanDirect.co.za South Africa,Handyman/Handywoman/Handyperson,"35 Tuscany Ridge Rd, Somerset West, Somerset west, 7130",,,081 753 3284,yes,https://www.handymandirect.co.za/,4.9,222,open,-34.0721381,18.8303229,"handyman services in Richards Bay, KwaZulu-Natal, South Africa",https://www.google.com/maps/place/HandymanDirect.co.za+South+Africa/data=!4m7!3m6!1s0x1dcdb517901248eb:0x36dbd2ff62dcba87!8m2!3d-34.0721381!4d18.8303229!16s%2Fg%2F11f4m3nqsv!19sChIJ60gSkBe1zR0Rh7rcYv_S2zY
In & Out Home Services South Coast KZN,Handyman/Handywoman/Handyperson,"1072 Lena Rd, Shelly Beach, Margate, 4265",,,081 721 1732,yes,https://admin25423.wixsite.com/inouthomeservices,4.6,17,open,-30.7872456,30.4194364,"handyman services in Richards Bay, KwaZulu-Natal, South Africa",https://www.google.com/maps/place/In+%26+Out+Home+Services+South+Coast+KZN/data=!4m7!3m6!1s0x1e58a1d572f92a63:0x510cdc4eeb58a124!8m2!3d-30.7872456!4d30.4194364!16s%2Fg%2F11pf7m2r6z!19sChIJYyr5ctWhWB4RJKFY607cDFE
KD Handyman Services,Handyman/Handywoman/Handyperson,,,,064 354 8066,no,,5.0,1,open,-28.9448254,30.8822356,"handyman services in Richards Bay, KwaZulu-Natal, South Africa",https://www.google.com/maps/place/KD+Handyman+Services/data=!4m7!3m6!1s0xa95a432b98b0a99b:0x670ef454b0127c4!8m2!3d-28.9448254!4d30.8822356!16s%2Fg%2F11zf0dwjwd!19sChIJm6mwmCtDWqkRxCcBS0XvcAY
The Ballito Handyman,Handyman/Handywoman/Handyperson,"24 Douglas Crowe Dr, Ballito, 4420",,,068 086 9190,yes,http://www.facebook.com/Ballitohandyman,3.0,2,open,-29.5288203,31.1995607,"handyman services in Richards Bay, KwaZulu-Natal, South Africa",https://www.google.com/maps/place/The+Ballito+Handyman/data=!4m7!3m6!1s0x1ef715b49f903931:0x325c85b1e112883f!8m2!3d-29.5288203!4d31.1995607!16s%2Fg%2F11fmt24gyv!19sChIJMTmQn7QV9x4RP4gS4bGFXDI
A.S.Hardware,Hardware store,"39 Bullion Blvd, Richards Bay Central, Richards Bay, 3900",,,,no,,,,open,-28.74734,32.0490799,"hardware stores in Richards Bay, KwaZulu-Natal, South Africa",https://www.google.com/maps/place/A.S.Hardware/data=!4m7!3m6!1s0x1efa23254bbee975:0xa79fec2e66f1a4dc!8m2!3d-28.74734!4d32.0490799!16s%2Fg%2F11kzck3nlf!19sChIJdem-SyUj-h4R3KTxZi7sn6c
African Hardware,Hardware store,"6WR2+QJ, 2 Paul Ave, Fairview, Empangeni, 3880",,,,no,,,,open,-28.7579489,31.9016328,"hardware stores in Richards Bay, KwaZulu-Natal, South Africa",https://www.google.com/maps/place/African+Hardware/data=!4m7!3m6!1s0x1efa110037ad1a91:0x14a881a4ff5b8dff!8m2!3d-28.7579489!4d31.9016328!16s%2Fg%2F11mt7bc06p!19sChIJkRqtNwAR-h4R_41b_6SBqBQ
BBS Mica Build Empangeni,Hardware store,"45 Knutzen St, Mpangele, Empangeni, 3880",Mpangele,Empangeni,035 787 1453,yes,http://www.mica.co.za/?utm_source=google_maps&utm_medium=website_link&utm_campaign=SP&utm_content=SP,4.2,273,open,-28.770336999999998,31.903902,"hardware stores in Richards Bay, KwaZulu-Natal, South Africa",https://www.google.com/maps/place/?q=place_id:ChIJIcp9klQX-h4RRXFPYLGxLWY&cid=0x1efa1754927dca21:0x662db1b1604f7145
BBS Mica Build Richards Bay,Hardware store,"14 Dollar Dr, Richards Bay Central, Richards Bay, 3900",,,035 789 7645,yes,http://www.mica.co.za/?utm_source=google_maps&utm_medium=website_link&utm_campaign=SP&utm_content=SP,4.2,209,open,-28.7540505,32.0446592,"pest control in Richards Bay, KwaZulu-Natal, South Africa",https://www.google.com/maps/place/BBS+Mica+Build+Richards+Bay/data=!4m7!3m6!1s0x1efa2323e9f8465f:0x8468f3dfca9621a9!8m2!3d-28.7540505!4d32.0446592!16s%2Fg%2F1thpz3f2!19sChIJX0b46SMj-h4RqSGWyt_zaIQ
BUCO Empangeni,Hardware store,"23 Tanner Rd, Mpangele, Empangeni, 3880",Mpangele,Empangeni,035 787 1416,yes,https://www.buco.co.za/store-location-details?loc=BUCO%20Empangeni&locationid=27ec76d5-b7a8-48c8-b866-74c8e9ae8c3b,4,179,open,-28.7668355,31.9068968,"hardware stores in Richards Bay, KwaZulu-Natal, South Africa",https://www.google.com/maps/place/?q=place_id:ChIJIaSQ4wEa-h4R1_90sBzmU2M&cid=0x1efa1a01e390a421:0x6353e61cb074ffd7
Bolt Centre - RichardsBay,Hardware store,"87 Bullion Blvd, Richards Bay Central, Richards Bay, 3900",Richards Bay Central,Richards Bay,035 789 3866,yes,https://www.boltcentre.co.za/,4.5,529,open,-28.7546528,32.045645199999996,"hardware stores in Richards Bay, KwaZulu-Natal, South Africa",https://www.google.com/maps/place/?q=place_id:ChIJlYxEuCMj-h4RnZX1r5U2DgI&cid=0x1efa2323b8448c95:0x20e3695aff5959d
Build it Richards Bay,Hardware store,"135 Dollar Dr, Richards Bay Central, Richards Bay, 3900",Richards Bay Central,Richards Bay,035 789 2573,yes,http://www.buildit.co.za/,4.1,521,open,-28.750726,32.0453291,"hardware stores in Richards Bay, KwaZulu-Natal, South Africa",https://www.google.com/maps/place/?q=place_id:ChIJzUv9NyQj-h4ROAWXY42_mK0&cid=0x1efa232437fd4bcd:0xad98bf8d63970538
BuildRite Hardware Esikhaleni,Hardware store,"H Section West Esakhaleni, 9 Ihlokohloko Street, Esikhawini H, Empangeni, 3887",,,060 602 7174,yes,http://www.buildritegroup.co.za/,4.2,33,open,-28.867007,31.9085237,"hardware stores in Richards Bay, KwaZulu-Natal, South Africa",https://www.google.com/maps/place/BuildRite+Hardware+Esikhaleni/data=!4m7!3m6!1s0x1efa1fc68333afb5:0x579a8b713464612f!8m2!3d-28.867007!4d31.9085237!16s%2Fg%2F11t3bs_wq_!19sChIJta8zg8Yf-h4RL2FkNHGLmlc
Builders Warehouse Richards Bay,Hardware store,"Shop 1, Town Square Mall, Bullion Blvd, Richards Bay Central, Richards Bay, 3900",,,0860 008 935,yes,https://www.builders.co.za/?utm_source=google_maps&utm_medium=website_link&utm_campaign=SP&utm_content=SP,4.0,1063,open,-28.7474868,32.0517778,"building contractors in Richards Bay, KwaZulu-Natal, South Africa",https://www.google.com/maps/place/Builders+Warehouse+Richards+Bay/data=!4m7!3m6!1s0x1efa233a940b6591:0xa239446c25e6e3eb!8m2!3d-28.7474868!4d32.0517778!16s%2Fg%2F11clytwnq3!19sChIJkWULlDoj-h4R6-PmJWxEOaI
Buildrite Hardware Empangeni,Hardware store,"55 Tanner Rd, Empangeni Rail, Empangeni, 3880",,,031 072 0786,yes,http://www.buildritegroup.co.za/,3.8,162,open,-28.7716569,31.9047522,"hardware stores in Richards Bay, KwaZulu-Natal, South Africa",https://www.google.com/maps/place/Buildrite+Hardware+Empangeni/data=!4m7!3m6!1s0x1efa1755ab0c0ba7:0x4396514be0eec741!8m2!3d-28.7716569!4d31.9047522!16s%2Fg%2F11f3j8wvhv!19sChIJpwsMq1UX-h4RQcfu4EtRlkM
Easy build Richards bay,Hardware store,"147 Dollar Dr, Richards Bay Central, Richards Bay, 3900",,,084 744 1800,no,,4.8,5,open,-28.75167,32.046924,"pest control in Richards Bay, KwaZulu-Natal, South Africa",https://www.google.com/maps/place/Easy+build+Richards+bay/data=!4m7!3m6!1s0x1efa231c7ae19287:0xb93ad041cd817060!8m2!3d-28.75167!4d32.046924!16s%2Fg%2F11q1vspkrm!19sChIJh5Lhehwj-h4RYHCBzUHQOrk
Finishing Touches,Hardware store,"154 Dollar Dr, Richards Bay Central, Richards Bay, 3900",,,035 789 0153,no,,,,open,-28.7524309,32.0459448,"hardware stores in Richards Bay, KwaZulu-Natal, South Africa",https://www.google.com/maps/place/Finishing+Touches/data=!4m7!3m6!1s0x1efa23a5113e5597:0xab3d126afe10ae6!8m2!3d-28.7524309!4d32.0459448!16s%2Fg%2F11vd3b2pct!19sChIJl1U-EaUj-h4R5grhrybRswo
King Star Hardware Esikhawini,Hardware store,"Ntshona W Rd, Esikhawini H, Richards Bay, 3887",Esikhawini H,Richards Bay,061 381 2232,no,,3,1,open,-28.861121299999997,31.9162219,"hardware stores in Richards Bay, KwaZulu-Natal, South Africa",https://www.google.com/maps/place/?q=place_id:ChIJAaApHgAf-h4RasY3TYp9OFE&cid=0x1efa1f001e29a001:0x51387d8a4d37c66a
MEERENSEE DIY & HARDWARE,Hardware store,"72 Anglers Rod, Meer En See, Richards Bay, 3901",,,060 382 8719,no,,5.0,1,open,-28.781863,32.102549,"hardware stores in Richards Bay, KwaZulu-Natal, South Africa",https://www.google.com/maps/place/MEERENSEE+DIY+%26+HARDWARE/data=!4m7!3m6!1s0x1efa255f89638b21:0xc48342edbc8afb4c!8m2!3d-28.781863!4d32.102549!16s%2Fg%2F11ycspct7y!19sChIJIYtjiV8l-h4RTPuKvO1Cg8Q
MR.DIY Boardwalk Inkwazi,Hardware store,"Shop L064, Boardwalk Inkwazi, 11 Penny Ln, Richards Bay Central, Richards Bay, 3900",Richards Bay Central,Richards Bay,035 001 5661,yes,https://www.mrdiy.com/za/,4,4,open,-28.755165899999998,32.0482144,"hardware stores in Richards Bay, KwaZulu-Natal, South Africa",https://www.google.com/maps/place/?q=place_id:ChIJvbkEnA4j-h4RPzd1QKVmBTk&cid=0x1efa230e9c04b9bd:0x390566a54075373f
Richards Bay Hardware & Maintenance,Hardware store,"3 Brass Link, Alton, Richards Bay, 3900",Alton,Richards Bay,035 751 1239,yes,http://rbhardware.co.za/,4.3,16,open,-28.750272,32.029578,"handyman services in Richards Bay, KwaZulu-Natal, South Africa",https://www.google.com/maps/place/?q=place_id:ChIJl5T9XtAi-h4RNO_7UtJqGw8&cid=0x1efa22d05efd9497:0xf1b6ad252fbef34
Roy's Mica Home Warehouse,Hardware store,"Shop 1, Home Centre, 18 Biyela St, Empangeni Central, Empangeni, 3880",Empangeni Central,Empangeni,035 772 7760,yes,http://www.mica.co.za/?utm_source=google_maps&utm_medium=website_link&utm_campaign=SP&utm_content=SP,4.5,422,open,-28.742028299999998,31.8871628,"hardware stores in Richards Bay, KwaZulu-Natal, South Africa",https://www.google.com/maps/place/?q=place_id:ChIJCwBY3NkQ-h4RGcHkLQNzs9M&cid=0x1efa10d9dc58000b:0xd3b373032de4c119
THEMBAKOSI EQUIPMENT AND HARDWARE,Hardware store,"12 Peseta Parade, Richards Bay Central, Richards Bay, 3900",Richards Bay Central,Richards Bay,035 789 0159,no,,5,3,open,-28.746677599999998,32.0480977,"hardware stores in Richards Bay, KwaZulu-Natal, South Africa",https://www.google.com/maps/place/?q=place_id:ChIJWZpxXCUj-h4RVEHd7J_qLo0&cid=0x1efa23255c719a59:0x8d2eea9fecdd4154
The Paint Express,Hardware store,"97 Dollar Dr, CBD, Richards Bay, 3900",,,035 789 7492,yes,http://www.thepaintexpress.co.za/,4.2,13,open,-28.756794,32.042478,"painters in Richards Bay, KwaZulu-Natal, South Africa",https://www.google.com/maps/place/The+Paint+Express/data=!4m7!3m6!1s0x1efa233016941c9d:0x400229cf17e74515!8m2!3d-28.756794!4d32.042478!16s%2Fg%2F1pzqhth0f!19sChIJnRyUFjAj-h4RFUXnF88pAkA
ZONE 14 HARDWARE MZINGAZI,Hardware store,"Current Mzingazi, Dune Route, Richards Bay - New, Richards Bay, 3900",Richards Bay - New,Richards Bay,083 629 1250,no,,5,1,open,-28.7587513,32.132903,"hardware stores in Richards Bay, KwaZulu-Natal, South Africa",https://www.google.com/maps/place/?q=place_id:ChIJX4whazIl-h4RDCLeQn2TWKQ&cid=0x1efa25326b218c5f:0xa458937d42de220c
zone 14 Hardware,Hardware store,"Peseta Parade, Richards Bay Central, Richards Bay, 3900",,,073 762 9583,no,,3.8,71,open,-28.7479333,32.0468324,"pest control in Richards Bay, KwaZulu-Natal, South Africa",https://www.google.com/maps/place/zone+14+Hardware/data=!4m7!3m6!1s0x1efa232577b0dbfd:0xda3b81164d308ae1!8m2!3d-28.7479333!4d32.0468324!16s%2Fg%2F11jwshxvm4!19sChIJ_duwdyUj-h4R4YowTRaBO9o
Elite Wellness NRB,Health and beauty shop,"14 Lira Link, Richards Bay Central, Richards Bay, 3900",Richards Bay Central,Richards Bay,078 667 4272,no,,4.9,61,open,-28.751102,32.053486899999996,"day spas in Richards Bay, KwaZulu-Natal, South Africa",https://www.google.com/maps/place/?q=place_id:ChIJVVVVVVUi-h4RdCvd3rkK-fA&cid=0x1efa225555555555:0xf0f90ab9dedd2b74
Roong Rueang Thai Massage,Health and beauty shop,"Unit 01A, Tuzi Gazi Esplanade, Tuzi Gazi Waterfront, Richards Bay, Small Craft Harbour, 3900",,Richards Bay,082 568 2633,no,,4.5,42,open,-28.7930972,32.079459899999996,"day spas in Richards Bay, KwaZulu-Natal, South Africa",https://www.google.com/maps/place/?q=place_id:ChIJKSS3VIsj-h4RfOsKOCrX-mo&cid=0x1efa238b54b72429:0x6afad72a380aeb7c
Younger Medicals Aesthetics Clinic,Health and beauty shop,"2 Rupee Rif, Bakab Center, Richards Bay, 3900",,,066 463 4800,yes,http://www.youngermedical.co.za/,5.0,2,open,-28.7484249,32.0484756,"beauty salons in Richards Bay, KwaZulu-Natal, South Africa",https://www.google.com/maps/place/Younger+Medicals+Aesthetics+Clinic/data=!4m7!3m6!1s0x1efa231a936344d9:0x5ff44785b5ea7f79!8m2!3d-28.7484249!4d32.0484756!16s%2Fg%2F11s4z5z6ck!19sChIJ2URjkxoj-h4ReX_qtYVH9F8
KAUAI Virgin Active Richards Bay,Health food restaurant,"Virgin Active, 19 Lira Link, Richards Bay Central, Richards Bay, 3900",,,064 707 6544,yes,https://locations.kauai.co.za/FoodDrink-RichardsBay-KAUAIVirginActiveRichardsBay?utm_source=google_maps&utm_medium=website_button&utm_campaign=SP&utm_content=SP,4.0,139,open,-28.7522643,32.0539779,"takeaways in Richards Bay, KwaZulu-Natal, South Africa",https://www.google.com/maps/place/KAUAI+Virgin+Active+Richards+Bay/data=!4m7!3m6!1s0x1efa233c47eb1dc3:0x12969959e55ab069!8m2!3d-28.7522643!4d32.0539779!16s%2Fg%2F11bv2czfcr!19sChIJwx3rRzwj-h4RabBa5VmZlhI
Bravely Beauty and Laser,Health spa,"13 Rupee Rif, Cbd, Richards Bay, 3900",,,062 937 1552,no,,5.0,20,open,-28.7462684,32.0488187,"hair salons in Richards Bay, KwaZulu-Natal, South Africa",https://www.google.com/maps/place/Bravely+Beauty+and+Laser/data=!4m7!3m6!1s0x1efa23e598bdac05:0x226cca66a2debb7f!8m2!3d-28.7462684!4d32.0488187!16s%2Fg%2F11yjv5jt1p!19sChIJBay9mOUj-h4Rf7veombKbCI
Earth spa,Health spa,"68 Palm Dr, Grantham Park, Empangeni, 3880",,,082 324 3024,yes,http://earthspa.co.za/,5.0,7,open,-28.769875,31.896266,"massage therapists in Richards Bay, KwaZulu-Natal, South Africa",https://www.google.com/maps/place/Earth+spa/data=!4m7!3m6!1s0x1efa10ac202db58d:0x306a29680c211df4!8m2!3d-28.769875!4d31.896266!16s%2Fg%2F11ghncs6qm!19sChIJjbUtIKwQ-h4R9B0hDGgpajA
Meraki Eco Health & Lymph Spa,Health spa,"103 Krewelkring, Meer En See, Richards Bay, 3901",Meer En See,Richards Bay,084 410 9829,no,,5,2,open,-28.776578299999997,32.1028835,"massage therapists in Richards Bay, KwaZulu-Natal, South Africa",https://www.google.com/maps/place/?q=place_id:ChIJNzWBffsl-h4RNZjf1ii_bzY&cid=0x1efa25fb7d813537:0x366fbf28d6df9835
New Leaf Health Spa,Health spa,"15 Lira Link, Montego Park, Richards Bay, 3900",Montego Park,Richards Bay,078 609 9500,yes,https://www.fresha.com/a/new-leaf-health-spa-richards-bay-15-lira-link-x4sv1zyo,5,3,open,-28.75182,32.05438,"day spas in Richards Bay, KwaZulu-Natal, South Africa",https://www.google.com/maps/place/?q=place_id:ChIJgUbA8Z8j-h4RxW8XNvz-NAo&cid=0x1efa239ff1c04681:0xa34fefc36176fc5
Ozone Thai spa and massage Empangeni,Health spa,"9 Baines Rd, Fairview, Empangeni, 3880",,,073 382 9741,no,,5.0,1,open,-28.7521786,31.8975941,"massage therapists in Richards Bay, KwaZulu-Natal, South Africa",https://www.google.com/maps/place/Ozone+Thai+spa+and+massage+Empangeni/data=!4m7!3m6!1s0x1efa11276097aa97:0xa0c7594ab92eff01!8m2!3d-28.7521786!4d31.8975941!16s%2Fg%2F11tcyr262l!19sChIJl6qXYCcR-h4RAf8uuUpZx6A
Velvet Spa and Aesthetics,Health spa,"Haiti Mall, 14 Lira Link, CBD, Richards Bay, 3900",CBD,Richards Bay,081 442 2658,no,,4.5,2,open,-28.7512507,32.0529426,"day spas in Richards Bay, KwaZulu-Natal, South Africa",https://www.google.com/maps/place/?q=place_id:ChIJuStN91kj-h4RlfbZELv-hyA&cid=0x1efa2359f74d2bb9:0x2087febb10d9f695
Crazy Plastics Richards Bay,Home goods store,"Town Square Mall, Bullion Blvd, Richards Bay Central, Richards Bay, 3900",Richards Bay Central,Richards Bay,035 789 0117,yes,https://www.crazyplastics.co.za/stores/crazy-plastics-richards-bay?utm_source=gmb&utm_medium=organic&utm_campaign=richards_bay,4.4,558,open,-28.746700099999998,32.051431199999996,"pet shops in Richards Bay, KwaZulu-Natal, South Africa",https://www.google.com/maps/place/?q=place_id:ChIJZz2zkDoj-h4R689WSwqbv5E&cid=0x1efa233a90b33d67:0x91bf9b0a4b56cfeb
Home Studio Richards Bay,Home goods store,"43 Bullion Blvd, CBD, Richards Bay, 3900",CBD,Richards Bay,035 789 0263,yes,http://www.homestudio.co.za/,4.3,30,open,-28.74787,32.048829999999995,"furniture stores in Richards Bay, KwaZulu-Natal, South Africa",https://www.google.com/maps/place/?q=place_id:ChIJ2UBAYSQj-h4R7249bmqOeVY&cid=0x1efa2324614040d9:0x56798e6a6e3d6eef
Umhlathuze Glass & Aluminium,Home goods store,"Peseta Parade, Richards Bay Central, Richards Bay, 3900",Richards Bay Central,Richards Bay,035 789 0151,no,,,,open,-28.7484649,32.0467314,"aluminium and glass in Richards Bay, KwaZulu-Natal, South Africa",https://www.google.com/maps/place/?q=place_id:ChIJKbm1GBAj-h4R95G8xxugQAo&cid=0x1efa231018b5b929:0xa40a01bc7bc91f7
Above All - Ceiling & Partitioning,Home improvement store,"Unit 2, 13 Ceramic Curve, Alton, Richards Bay, 3901",,,064 299 4861,yes,http://aboveall.co.za/,4.4,65,open,-28.7525122,32.0307092,"painters in Richards Bay, KwaZulu-Natal, South Africa",https://www.google.com/maps/place/Above+All+-+Ceiling+%26+Partitioning/data=!4m7!3m6!1s0x1efa22da6910033d:0x91abc914095d1faa!8m2!3d-28.7525122!4d32.0307092!16s%2Fg%2F11g6ttqntg!19sChIJPQMQadoi-h4Rqh9dCRTJq5E
Gelmar Richards Bay,Home improvement store,"Shop 1, Town Square Mall, Bullion Blvd, Richards Bay Central, Richards Bay, 3900",Richards Bay Central,Richards Bay,035 940 1030,yes,https://stores.gelmar.co.za/kwazulu-natal/richards-bay/town-square-mall-shop-1,4.6,273,open,-28.7483316,32.051339899999995,"handyman services in Richards Bay, KwaZulu-Natal, South Africa",https://www.google.com/maps/place/?q=place_id:ChIJ7Rw3hywj-h4RWt9TzBBBrtU&cid=0x1efa232c87371ced:0xd5ae4110cc53df5a
M&M Self-Catering,Homestay,"15 Robbin Rif, Birdswood, Richards Bay, 3900",,,,no,,5.0,1,open,-28.7440848,32.0815475,"catering services in Richards Bay, KwaZulu-Natal, South Africa",https://www.google.com/maps/place/M%26M+Self-Catering/data=!4m7!3m6!1s0x1efa23006962407d:0xa1e9ba3293992925!8m2!3d-28.7440848!4d32.0815475!16s%2Fg%2F11v_26c4pq!19sChIJfUBiaQAj-h4RJSmZkzK66aE
The Bay Hospital Physiotherapists,Hospice,"The Bay Hospital, Kruger Rand Road, Richards Bay, 3900",Richards Bay Central,Richards Bay,035 789 4411,no,,3,1,open,-28.750024,32.0531,"physiotherapists in Richards Bay, KwaZulu-Natal, South Africa",https://www.google.com/maps/place/?q=place_id:ChIJA0zqmjsj-h4R0dBZ7Hr_HRY&cid=0x1efa233b9aea4c03:0x161dff7aec59d0d1
The Ridge,Hotel,"Meer En See, Richards Bay, 3900",Meer En See,Richards Bay,035 753 4312,yes,http://www.theridgeguesthouse.co.za/,4.2,375,open,-28.794999999999998,32.096,"guest houses in Richards Bay, KwaZulu-Natal, South Africa",https://www.google.com/maps/place/?q=place_id:ChIJZ0FeORAk-h4RJ1eIHWSQBEU&cid=0x1efa2410395e4167:0x450490641d885727
Cleaning & Hygiene Specialists™ Zululand,House cleaning service,"17 Raphia Palm, Arboretum, Richards Bay, 3900",Arboretum,Richards Bay,061 077 2929,yes,https://www.thespecialists.co.za/cleaning-services-kwazulu-natal-branches-zululand/,4.8,132,open,-28.7619129,32.0638094,"cleaning services in Richards Bay, KwaZulu-Natal, South Africa",https://www.google.com/maps/place/?q=place_id:ChIJgWMie9M8-h4RMED63LlKEME&cid=0x1efa3cd37b226381:0xc1104ab9dcfa4030
Raylin Cleaning Services,House cleaning service,"1 Copper Corner, Alton, Richards Bay, 3900",Alton,Richards Bay,035 797 4622,no,,3.7,3,open,-28.754418599999997,32.0263912,"cleaning services in Richards Bay, KwaZulu-Natal, South Africa",https://www.google.com/maps/place/?q=place_id:ChIJ_exDMMUi-h4R3Kuu5skUUwo&cid=0x1efa22c53043ecfd:0xa5314c9e6aeabdc
Reflection Cleaning,House cleaning service,"8 Kitefish, Meer En See, Richards Bay, 3901",Meer En See,Richards Bay,065 698 6464,yes,http://www.reflectioncleaning.co.za/,5,21,open,-28.7892868,32.1010501,"cleaning services in Richards Bay, KwaZulu-Natal, South Africa",https://www.google.com/maps/place/?q=place_id:ChIJ3Vgi_ZMKHKURBGHgA4PSFP8&cid=0xa51c0a93fd2258dd:0xff14d28303e06104
"Whispering Palms, Karanteen, Richards bay",Housing complex,"Karanteen, Meer En See, Richards Bay, 3900",,,082 875 5838,yes,http://www.remax-marine.co.za/,4.7,3,open,-28.7846599,32.101381,"estate agents in Richards Bay, KwaZulu-Natal, South Africa","https://www.google.com/maps/place/Whispering+Palms,+Karanteen,+Richards+bay/data=!4m7!3m6!1s0x1efa251ec9001aad:0x599ad895e78e39e7!8m2!3d-28.7846599!4d32.101381!16s%2Fg%2F11fl7fpm6q!19sChIJrRoAyR4l-h4R5zmO55XYmlk"
Milky Lane Town Square Mall,Ice cream shop,"Town Square Mall, Bullion Blvd, Richards Bay Central, Richards Bay, 3900",,,035 760 1272,yes,https://locations.milkylane.co.za/restaurants-TownSquareMall-MilkyLaneTownSquareMallRichardsBay?utm_source=google_maps&utm_medium=website_button&utm_campaign=SP&utm_content=SP,4.7,66,open,-28.7488169,32.0514288,"bakery in Richards Bay, KwaZulu-Natal, South Africa",https://www.google.com/maps/place/Milky+Lane+Town+Square+Mall/data=!4m7!3m6!1s0x1efa23045701873d:0x3d814dc8df44ebef!8m2!3d-28.7488169!4d32.0514288!16s%2Fg%2F11lzpqs8ms!19sChIJPYcBVwQj-h4R7-tE38hNgT0
K N K CURRIES,Indian restaurant,"Shop 1, Newark Rd, Richards Bay, 3900",,Richards Bay,079 819 4597,no,,4.5,985,open,-28.7959551,32.0781134,"takeaways in Richards Bay, KwaZulu-Natal, South Africa",https://www.google.com/maps/place/?q=place_id:ChIJzzw2yKIj-h4R6mUT5h6W5yM&cid=0x1efa23a2c8363ccf:0x23e7961ee61365ea
Saffron Curries,Indian restaurant,"we are situated at the back of the building, Promenade building, 24 Lira Link, Richards Bay Central, Richards Bay, 3900",Richards Bay Central,Richards Bay,076 757 8292,yes,https://g.co/kgs/q4YFSUd,4.2,156,open,-28.752647,32.0531335,"takeaways in Richards Bay, KwaZulu-Natal, South Africa",https://www.google.com/maps/place/?q=place_id:ChIJ8Qv-tpYj-h4Rso4Vb1BKglo&cid=0x1efa2396b6fe0bf1:0x5a824a506f158eb2
Afritech Equipment Solutions,Industrial equipment supplier,"5 Brass Link, Alton, Richards Bay",,,083 705 6231,yes,http://www.afritech.co.za/,1.0,2,open,-28.7508847,32.0296387,"welding services in Richards Bay, KwaZulu-Natal, South Africa",https://www.google.com/maps/place/Afritech+Equipment+Solutions/data=!4m7!3m6!1s0x1efa23886a5a9c8d:0x94ff63607f137de7!8m2!3d-28.7508847!4d32.0296387!16s%2Fg%2F11rvbk6_bx!19sChIJjZxaaogj-h4R530Tf2Bj_5Q
Renttech Welding - Richards Bay,Industrial equipment supplier,"16 Brass Link, Alton, Richards Bay",Alton,Richards Bay,035 751 1965,yes,https://renttechsa.co.za/,5,2,open,-28.7509776,32.0233449,"welding services in Richards Bay, KwaZulu-Natal, South Africa",https://www.google.com/maps/place/?q=place_id:ChIJx5m7LDwj-h4RzwXw-u0Bdac&cid=0x1efa233c2cbb99c7:0xa77501edfaf005cf
"Kelsey, Richards Bay Agent",Industrial real estate agency,"Lira Link Road Partridge Place Suite 8, CBD, Richards Bay, 3900",,,082 859 7876,no,,1.0,1,open,-28.753141,32.053242,"estate agents in Richards Bay, KwaZulu-Natal, South Africa","https://www.google.com/maps/place/Kelsey,+Richards+Bay+Agent/data=!4m7!3m6!1s0x1efa2300a0dcb807:0xec16f218c18cfb11!8m2!3d-28.753141!4d32.053242!16s%2Fg%2F11g1gmc2xb!19sChIJB7jcoAAj-h4REfuMwRjyFuw"
Poongavanum General Cleaning Services t/a RIG Marketing,Industrial vacuum equipment supplier,"12 Emaljedraai, Alton, Richards Bay, 3900",Alton,Richards Bay,035 789 2963,yes,http://rigmaintenance.co.za/,5,3,open,-28.7391562,32.0355371,"cleaning services in Richards Bay, KwaZulu-Natal, South Africa",https://www.google.com/maps/place/?q=place_id:ChIJ5Wdp_yMj-h4R5zUc2z6xOO8&cid=0x1efa2323ff6967e5:0xef38b13edb1c35e7
Bonny Maraj Insurance Brokers and Consultants CC,Insurance agency,"5 Lira Link, Richards Bay Central, Richards Bay, 3900",Richards Bay Central,Richards Bay,035 789 3410,no,,,,open,-28.749769299999997,32.0541917,"insurance brokers in Richards Bay, KwaZulu-Natal, South Africa",https://www.google.com/maps/place/?q=place_id:ChIJ8xjx7Tsj-h4RuYU5TxXwOss&cid=0x1efa233bedf118f3:0xcb3af0154f3985b9
D G Insurance Brokers,Insurance agency,"Chamber House, 38 Union St, Empangeni Central, Empangeni, 3880",Empangeni Central,Empangeni,082 463 2017,yes,https://www.africanadvice.com/1068532/Insurance_Brokers/Kwazulu_Natal/D_G_Insurance_Brokers/,5,1,open,-28.739561799999997,31.895024,"insurance brokers in Richards Bay, KwaZulu-Natal, South Africa",https://www.google.com/maps/place/?q=place_id:ChIJDZ_pudYQ-h4RuoLnValQAlY&cid=0x1efa10d6b9e99f0d:0x560250a955e782ba
Dhana Pillay Insurance Brokers,Insurance agency,"1, Kennemar, 72 Turnbull St, Empangeni, 3880",Empangeni Central,Empangeni,035 772 6536,yes,http://dpib.co.za/,5,1,open,-28.7474155,31.890137199999998,"insurance brokers in Richards Bay, KwaZulu-Natal, South Africa",https://www.google.com/maps/place/?q=place_id:ChIJ4cmUV8UQ-h4Rb5roRJO-KJ8&cid=0x1efa10c55794c9e1:0x9f28be9344e89a6f
HENK MATHEE INSURANCE BROKERS,Insurance agency,"5 Essenwood Way, Arboretum, Richards Bay, 3900",Arboretum,Richards Bay,035 789 0417,yes,https://www.brabys.com/za/kwazulu-natal/richards-bay/arboretum/insurance-brokers/henk-mathee-insurance-brokers,5,2,open,-28.76186,32.067879999999995,"insurance brokers in Richards Bay, KwaZulu-Natal, South Africa",https://www.google.com/maps/place/?q=place_id:ChIJJeLbGW4j-h4R0hveTXKic5Y&cid=0x1efa236e19dbe225:0x9673a2724dde1bd2
Liberty Richards Bay,Insurance agency,"Unit 9, Montego Park, 15 Lira Link, Arboretum, Richards Bay, 3900",Arboretum,Richards Bay,035 789 1727,yes,https://www.liberty.co.za/contact-us?cid=WPS_tV2ET,5,1,open,-28.75182,32.05438,"insurance brokers in Richards Bay, KwaZulu-Natal, South Africa",https://www.google.com/maps/place/?q=place_id:ChIJ83i-PTwj-h4RDo8MWX_6KRQ&cid=0x1efa233c3dbe78f3:0x1429fa7f590c8f0e
Metropolitan Richard's Bay,Insurance agency,"Shop 12-15, Lakeview Terrace, Penny Ln, Richards Bay Central, Richards Bay, 3900",Richards Bay Central,Richards Bay,035 772 7117,yes,https://www.metropolitan.co.za/public/TestLocationDetails/?location=RichardsBay,4.5,2,open,-28.752623,32.049391,"insurance brokers in Richards Bay, KwaZulu-Natal, South Africa",https://www.google.com/maps/place/?q=place_id:ChIJVXUKL1Yj-h4RI8QvJsMTWeM&cid=0x1efa23562f0a7555:0xe35913c3262fc423
PSI Brokers,Insurance agency,"13 Grunter Gully, Meer En See, Richards Bay, 3901",Meer En See,Richards Bay,035 753 4902,yes,https://www.psibrokers.co.za/,3.5,11,open,-28.7835514,32.0973311,"insurance brokers in Richards Bay, KwaZulu-Natal, South Africa",https://www.google.com/maps/place/?q=place_id:ChIJVVVVVUEk-h4R6ALYHy2AQGc&cid=0x1efa244155555555:0x6740802d1fd802e8
R J Insurance Brokers,Insurance agency,"21 Union St, Empangeni Central, Empangeni, 3880",Empangeni Central,Empangeni,035 772 4478,no,,3,1,open,-28.7410054,31.8943716,"insurance brokers in Richards Bay, KwaZulu-Natal, South Africa",https://www.google.com/maps/place/?q=place_id:ChIJmRKdMdEQ-h4RrCgFFSh0WZ0&cid=0x1efa10d1319d1299:0x9d597428150528ac
WORKERS LIFE,Insurance agency,"8 Maxwell St, Empangeni Central, Empangeni, 3880",Empangeni Central,Empangeni,035 772 1950,yes,https://www.brabys.com/za/kwazulu-natal/empangeni/cbd/insurance-brokers/workers-life,2.5,2,open,-28.738029899999997,31.8947652,"insurance brokers in Richards Bay, KwaZulu-Natal, South Africa",https://www.google.com/maps/place/?q=place_id:ChIJVeuDjNYQ-h4RIfZU23yR2UQ&cid=0x1efa10d68c83eb55:0x44d9917cdb54f621
Wilida Insurance Brokers CC,Insurance agency,"72 Turnbull St, Empangeni Central, Empangeni, 3880",Empangeni Central,Empangeni,035 772 1619,no,,4,3,open,-28.7475331,31.8900622,"insurance brokers in Richards Bay, KwaZulu-Natal, South Africa",https://www.google.com/maps/place/?q=place_id:ChIJ4cmUV8UQ-h4RtQz4NsEHj8I&cid=0x1efa10c55794c9e1:0xc28f07c136f80cb5
DCI Risk Management (PTY) Ltd.,Insurance broker,"Unit S01 Mzingazi Office Park 15 Club Road, Mzingazi Golf Estate, Meer En See, Richards Bay, 3901",Meer En See,Richards Bay,035 772 1619,yes,https://www.dcig.co.za/,,,open,-28.773546,32.100907899999996,"insurance brokers in Richards Bay, KwaZulu-Natal, South Africa",https://www.google.com/maps/place/?q=place_id:ChIJNREjhKIR-h4RioU-mJIdHP8&cid=0x1efa11a284231135:0xff1c1d92983e858a
DEWET Insurance Brokers,Insurance broker,"82 Kolstertkring, Meer En See, Richards Bay, 3901",Meer En See,Richards Bay,087 898 8714,yes,https://dwib.co.za/,,,open,-28.767076699999997,32.1133096,"insurance brokers in Richards Bay, KwaZulu-Natal, South Africa",https://www.google.com/maps/place/?q=place_id:ChIJVcPYRAQj-h4Rf4-TT3QhENY&cid=0x1efa230444d8c355:0xd61021744f938f7f
Faulds Financial Service,Insurance broker,"Mzingazi Office Park, 15 Club Rd, Meer En See, 3901",Meer En See,Richards Bay,035 753 1425,yes,http://www.faulds.co.za/,1,1,open,-28.772658,32.1015016,"insurance brokers in Richards Bay, KwaZulu-Natal, South Africa",https://www.google.com/maps/place/?q=place_id:ChIJe15sCmYk-h4RRtI1I4rsbgQ&cid=0x1efa24660a6c5e7b:0x46eec8a2335d246
MJ's Short-Term Insurance Consultants CC,Insurance broker,"Unit 5, Carrington Place, 10 Ukula St, Empangeni Central, Empangeni, 3880",Empangeni Central,Empangeni,035 772 2810,yes,https://www.mjstrust.co.za/short-term-insurance/,,,open,-28.737816499999997,31.8936092,"insurance brokers in Richards Bay, KwaZulu-Natal, South Africa",https://www.google.com/maps/place/?q=place_id:ChIJq_aopKIR-h4R9RZL8r-xbyw&cid=0x1efa11a2a4a8f6ab:0x2c6fb1bff24b16f5
Nexus Riskmaster pty ltd,Insurance broker,"Sybas, Arboretum, Richards Bay, 3900",,,063 870 5494,no,,,,open,-28.7550866,32.0548619,"insurance brokers in Richards Bay, KwaZulu-Natal, South Africa",https://www.google.com/maps/place/Nexus+Riskmaster+pty+ltd/data=!4m7!3m6!1s0x1efa2375550a398b:0x318e576592651a4b!8m2!3d-28.7550866!4d32.0548619!16s%2Fg%2F11x2hwtqwg!19sChIJizkKVXUj-h4RSxplkmVXjjE
Silvey Chetty Brokers,Insurance broker,"37 Buscom Centre Entrance Gate 5, Alton, Richards Bay, 3900",Alton,Richards Bay,076 508 4947,no,,,,open,-28.756455,32.0348851,"insurance brokers in Richards Bay, KwaZulu-Natal, South Africa",https://www.google.com/maps/place/?q=place_id:ChIJqRLpVT8j-h4R78TBb6nG7q0&cid=0x1efa233f55e912a9:0xadeec6a96fc1c4ef
Synfinex BlueStar,Insurance broker,"24 Lira Link, Richards Bay Central, Richards Bay, 3900",Richards Bay Central,Richards Bay,072 258 4718,yes,https://www.sanlamadvice.co.za/bluestar/synfinex,,,open,-28.753784699999997,32.0520718,"insurance brokers in Richards Bay, KwaZulu-Natal, South Africa",https://www.google.com/maps/place/?q=place_id:ChIJ2Q03Q-Qj-h4RhVj3rYZV5vM&cid=0x1efa23e443370dd9:0xf3e65586adf75885
World Focus 314,Insurance broker,"Chamber House, 38 Union St, Empangeni Central, Empangeni, 3880",Empangeni Central,Empangeni,035 792 5031,no,,5,2,open,-28.739615399999998,31.8951194,"insurance brokers in Richards Bay, KwaZulu-Natal, South Africa",https://www.google.com/maps/place/?q=place_id:ChIJDZ_pudYQ-h4Rg3HicXrM_Do&cid=0x1efa10d6b9e99f0d:0x3afccc7a71e27183
Zululand Insurance Brokers,Insurance broker,"72 Turnbull St, Empangeni Central, Empangeni, 3880",Empangeni Central,Empangeni,035 772 6921,yes,https://www.zululandinsurancebrokers.co.za/,4.3,6,open,-28.7474553,31.890224399999997,"insurance brokers in Richards Bay, KwaZulu-Natal, South Africa",https://www.google.com/maps/place/?q=place_id:ChIJ4cmUV8UQ-h4RGdsONWmSGkc&cid=0x1efa10c55794c9e1:0x471a9269350edb19
Jouco Interior and Renovation Design Consulting,Interior designer,"66 Loodvislyn, Meer En See, Richards Bay, 3901",,,081 015 5091,yes,https://www.jouco.biz/#hello,4.0,1,open,-28.7727923,32.1111138,"painters in Richards Bay, KwaZulu-Natal, South Africa",https://www.google.com/maps/place/Jouco+Interior+and+Renovation+Design+Consulting/data=!4m7!3m6!1s0x1efa25c75605ec4b:0x272679f113b8def4!8m2!3d-28.7727923!4d32.1111138!16s%2Fg%2F11tjkbfh5n!19sChIJS-wFVscl-h4R9N64E_F5Jic
RICHARDS BAY INTERIORS,Interior designer,"Unit 10, Kingfisher, 16 Ceramic Curve, Alton, Richards Bay, 3900",,,035 751 1456,yes,http://www.rbinteriors.co.za/,,,open,-28.7529546,32.0316801,"tiling contractors in Richards Bay, KwaZulu-Natal, South Africa",https://www.google.com/maps/place/RICHARDS+BAY+INTERIORS/data=!4m7!3m6!1s0x1efa22d72e0c7cbd:0x1230e12d8c396b62!8m2!3d-28.7529546!4d32.0316801!16s%2Fg%2F11bzw013pw!19sChIJvXwMLtci-h4RYms5jC3hMBI
Local Pros,Internet marketing service,,,,078 786 9161,yes,https://www.localpros.co.za/,4.7,1465,open,-34.6283864,27.2516952,"plumbers in Richards Bay, KwaZulu-Natal, South Africa",https://www.google.com/maps/place/Local+Pros/data=!4m7!3m6!1s0x1efa235edd61726f:0x2d27a3ca84715414!8m2!3d-34.6283864!4d27.2516952!16s%2Fg%2F1tjp4ng0!19sChIJb3Jh3V4j-h4RFFRxhMqjJy0
Warriors Fight and Fitness Academy,Kickboxing school,"Eagles Nest Ministry, 2 Pipit Pl, Birdswood, Richards Bay, 3900",,,082 631 9645,yes,http://warriorsfightandfitness.co.za/,,,open,-28.7379449,32.0816806,"gyms and fitness centres in Richards Bay, KwaZulu-Natal, South Africa",https://www.google.com/maps/place/Warriors+Fight+and+Fitness+Academy/data=!4m7!3m6!1s0x1efa23578813ffff:0x5593fe1f528454c8!8m2!3d-28.7379449!4d32.0816806!16s%2Fg%2F11t35grw26!19sChIJ__8TiFcj-h4RyFSEUh_-k1U
Griffindale,Kindergarten,"10 Dove Cres, Nyala Park, Empangeni, 3880",,,071 493 4452,no,,5.0,16,open,-28.7526739,31.9059522,"creche and daycare in Richards Bay, KwaZulu-Natal, South Africa",https://www.google.com/maps/place/Griffindale/data=!4m7!3m6!1s0x1efa175a370489cf:0xdcb4008682a5fa18!8m2!3d-28.7526739!4d31.9059522!16s%2Fg%2F11sk8ftv7_!19sChIJz4kEN1oX-h4RGPqlgoYAtNw
Little People's Centre,Kindergarten,"48 Geelhoutkruin, Arboretum, Richards Bay, 3900",Arboretum,Richards Bay,035 789 6046,yes,https://www.facebook.com/littlepeoples.centre.5/,4.6,24,open,-28.7518997,32.066978399999996,"creche and daycare in Richards Bay, KwaZulu-Natal, South Africa",https://www.google.com/maps/place/?q=place_id:ChIJy0IMBEIj-h4RyLGQMVlOSaw&cid=0x1efa2342040c42cb:0xac494e593190b1c8
Richards Bay Christian School Pre-Primary,Kindergarten,"32 Disa Dives, Veld En Vlei, Richards Bay, 3900",,,035 786 0184,no,,5.0,3,open,-28.738232,32.0631019,"creche and daycare in Richards Bay, KwaZulu-Natal, South Africa",https://www.google.com/maps/place/Richards+Bay+Christian+School+Pre-Primary/data=!4m7!3m6!1s0x1efa232d8aca50c1:0x5f05585af3e530a9!8m2!3d-28.738232!4d32.0631019!16s%2Fg%2F1pzqmg84j!19sChIJwVDKii0j-h4RqTDl81pYBV8
Melwood Kitchens C C,Kitchen remodeler,"17 Peseta Parade, Richards Bay Central, Richards Bay, 3900",Richards Bay Central,Richards Bay,035 789 3525,yes,https://www.snupit.co.za/richards-bay/central/melwood-kitchens-cc/18106,4,22,open,-28.745699899999998,32.047860799999995,"carpenters in Richards Bay, KwaZulu-Natal, South Africa",https://www.google.com/maps/place/?q=place_id:ChIJB1Cmiy8j-h4RLiAAyruyxh8&cid=0x1efa232f8ba65007:0x1fc6b2bbca00202e
Monalisa Cleaning Service,Landscape designer,"9 E Central Arterial, Richards Bay Central, Richards Bay, 3900",Richards Bay Central,Richards Bay,074 702 0082,no,,5,1,open,-28.746461,32.059063,"cleaning services in Richards Bay, KwaZulu-Natal, South Africa",https://www.google.com/maps/place/?q=place_id:ChIJDZcvAwEj-h4R4sNdDEDmZ6Y&cid=0x1efa2301032f970d:0xa667e6400c5dc3e2
Tshikiza Projects and Supply(Pty)ltd,Landscape designer,"2 Sand Olive Cl, Arboretum, Richards Bay, 3900",Arboretum,Richards Bay,065 951 9218,no,,5,1,open,-28.7581609,32.0558455,"landscaping and garden services in Richards Bay, KwaZulu-Natal, South Africa",https://www.google.com/maps/place/?q=place_id:ChIJiUv93sQj-h4RoXixX-aU18M&cid=0x1efa23c4defd4b89:0xc3d794e65fb178a1
Youthlegacylandscape(pty)ltd,Landscape designer,"D887 mpembeni road, Esikhawini H, Mabuyeni, 3887",,,064 037 8212,no,,,,open,-28.8537978,31.9439461,"landscaping and garden services in Richards Bay, KwaZulu-Natal, South Africa",https://www.google.com/maps/place/Youthlegacylandscape%28pty%29ltd/data=!4m7!3m6!1s0x1efa1f7a9ca026e5:0x2edd77a23bb69a0e!8m2!3d-28.8537978!4d31.9439461!16s%2Fg%2F11xvlsz_sw!19sChIJ5SagnHof-h4RDpq2O6J33S4
Core Blend Grounds Maintenance,Landscaper,"1535 Inkankane St, Esikhawini H, Richards Bay, 3887",Esikhawini H,Richards Bay,062 881 0932,no,,,,open,-28.8716586,31.918127799999997,"landscaping and garden services in Richards Bay, KwaZulu-Natal, South Africa",https://www.google.com/maps/place/?q=place_id:ChIJ312FLGQf-h4RZHS66GH7mRM&cid=0x1efa1f642c855ddf:0x1399fb61e8ba7464
Green Brothers Landscaping,Landscaper,"Esikhawini H, Richards Bay, 3887",Esikhawini H,Richards Bay,082 638 6303,no,,2.3,3,open,-28.8723352,31.9001651,"landscaping and garden services in Richards Bay, KwaZulu-Natal, South Africa",https://www.google.com/maps/place/?q=place_id:ChIJ9VJsGJgf-h4RNp-O55YNk5g&cid=0x1efa1f98186c52f5:0x98930d96e78e9f36
Phakamisa Garden Services,Landscaper,"29 Disa Dives, Veld En Vlei, Richards Bay, 3900",Veld En Vlei,Richards Bay,082 373 7346,no,,4.5,14,open,-28.737461999999997,32.062877,"landscaping and garden services in Richards Bay, KwaZulu-Natal, South Africa",https://www.google.com/maps/place/?q=place_id:ChIJexaiJkoj-h4Rjd-SOczELxQ&cid=0x1efa234a26a2167b:0x142fc4cc3992df8d
Sinometals Kzn,Laser cutting service,"11 Betastraal, Alton, Richards Bay",Alton,Richards Bay,035 751 2135,yes,http://www.sinometals.co.za/,5,3,open,-28.750196799999998,32.0242467,"welding services in Richards Bay, KwaZulu-Natal, South Africa",https://www.google.com/maps/place/?q=place_id:ChIJr6otVM4i-h4R4bANM2VYiP4&cid=0x1efa22ce542daaaf:0xfe885865330db0e1
Tannies laundry,Laundromat,"Lakeside Mall, 6 Mark Strasse, Richards Bay Central, Richards Bay, 3900",,,076 881 3583,no,,3.3,14,open,-28.7560106,32.050344,"cleaning services in Richards Bay, KwaZulu-Natal, South Africa",https://www.google.com/maps/place/Tannies+laundry/data=!4m7!3m6!1s0x1efa235fbee02063:0x98a917326ae7cdad!8m2!3d-28.7560106!4d32.050344!16s%2Fg%2F11h75r5tth!19sChIJYyDgvl8j-h4Rrc3najIXqZg
Eco Laundry (Pty) Ltd Richards Bay,Laundry service,"Next to Taylor's consepts, 13B Betastraal, Alton, Richards Bay, 3900",Alton,Richards Bay,083 422 6999,no,,4.8,56,open,-28.750021999999998,32.023545999999996,"cleaning services in Richards Bay, KwaZulu-Natal, South Africa",https://www.google.com/maps/place/?q=place_id:ChIJx5YE3eQl-h4RjUTPoLZE1_Y&cid=0x1efa25e4dd0496c7:0xf6d744b6a0cf448d
Kwanele’s Washing Services,Laundry service,"RBM Road Nzalabantu, Reserve, EMpangele, Richards Bay, 3900",,Richards Bay,065 890 8948,no,,5,8,open,-28.7243459,32.161327899999996,"cleaning services in Richards Bay, KwaZulu-Natal, South Africa",https://www.google.com/maps/place/?q=place_id:ChIJ38XcBN0l-h4RssoyfIE4FZA&cid=0x1efa25dd04dcc5df:0x901538817c32cab2
Pressed In Time Laundry and Dry Cleaner's Richards Bay,Laundry service,"Anglers Rod, Mall, Richards Bay, 3900",,,063 960 4370,no,,2.8,33,open,-28.7820504,32.1007052,"cleaning services in Richards Bay, KwaZulu-Natal, South Africa",https://www.google.com/maps/place/Pressed+In+Time+Laundry+and+Dry+Cleaner%27s+Richards+Bay/data=!4m7!3m6!1s0x1efa244803856c47:0x565c7ed7d0a0eb5b!8m2!3d-28.7820504!4d32.1007052!16s%2Fg%2F11f54r0627!19sChIJR2yFA0gk-h4RW-ug0Nd-XFY
Prestige Industrial Laundry,Laundry service,"Unit 6 & 7 Ngoya Park, 109 Alumina Allee St, Alton, Richards Bay, 3900",,,082 321 1006,no,,3.0,2,open,-28.7495244,32.0308158,"cleaning services in Richards Bay, KwaZulu-Natal, South Africa",https://www.google.com/maps/place/Prestige+Industrial+Laundry/data=!4m7!3m6!1s0x1efa22d0e4508cab:0xf06bda91ff738ecc!8m2!3d-28.7495244!4d32.0308158!16s%2Fg%2F11hc_fwldv!19sChIJq4xQ5NAi-h4RzI5z_5Haa_A
A.P Mthiyane and Associates,Law firm,"1st floor, Old mutual building, 38 Turnbull St, Central, Empangeni, 3880",,,075 484 6337,no,,5.0,5,open,-28.7448591,31.8918812,"attorneys in Richards Bay, KwaZulu-Natal, South Africa",https://www.google.com/maps/place/A.P+Mthiyane+and+Associates/data=!4m7!3m6!1s0x1efa23d5ce9326d5:0xa9ea604d9248f4f3!8m2!3d-28.7448591!4d31.8918812!16s%2Fg%2F11vz8_pr47!19sChIJ1SaTztUj-h4R8_RIkk1g6qk
FI GINA ATTORNEYS,Law firm,"4th Floor, Lakeview Terrace, Penny Ln, Richards Bay Central, Richards Bay, 3900",Richards Bay Central,Richards Bay,078 560 2203,no,,,,open,-28.7525646,32.0494856,"attorneys in Richards Bay, KwaZulu-Natal, South Africa",https://www.google.com/maps/place/?q=place_id:ChIJJXY19SMj-h4RMaaxJ-Mbbe0&cid=0x1efa2323f5357625:0xed6d1be327b1a631
Kloppers Incorporated,Law firm,"Partridge Place, Unit 21 Lira Link, Richards Bay Central, Richards Bay, 3900",Richards Bay Central,Richards Bay,035 780 7300,yes,http://www.kloppersinc.co.za/,4.3,42,open,-28.752793999999998,32.0535984,"attorneys in Richards Bay, KwaZulu-Natal, South Africa",https://www.google.com/maps/place/?q=place_id:ChIJEzohdz0j-h4RYbp8LhszbSw&cid=0x1efa233d77213a13:0x2c6d331b2e7cba61
Kruger Attorneys,Law firm,"10 Kurperkurwe, Mzingazi Golf Estate, Richards Bay, 3901",Mzingazi Golf Estate,Richards Bay,087 086 5742,no,,5,1,open,-28.7764004,32.0996206,"attorneys in Richards Bay, KwaZulu-Natal, South Africa",https://www.google.com/maps/place/?q=place_id:ChIJPbThPm8k-h4RDYYSBnCEBUQ&cid=0x1efa246f3ee1b43d:0x440584700612860d
LAMBERT ATTORNEYS INCORPORATED,Law firm,"19 Partridge Rd, Nyala Park, Richards Bay, 3900",Nyala Park,Richards Bay,035 789 9321,yes,https://www.lambertattorneys.co.za/,5,2,open,-28.745115,31.903606999999997,"attorneys in Richards Bay, KwaZulu-Natal, South Africa",https://www.google.com/maps/place/?q=place_id:ChIJKzVO7zIX-h4RZAR1g9XCYyw&cid=0x1efa1732ef4e352b:0x2c63c2d583750464
Lindiwe Chonco attorneys,Law firm,"Bullion Blvd, Richards Bay Central, Richards Bay, 3900",Richards Bay Central,Richards Bay,072 967 1570,yes,http://lchoncoattorneys.co.za/,,,open,-28.7553305,32.0457938,"attorneys in Richards Bay, KwaZulu-Natal, South Africa",https://www.google.com/maps/place/?q=place_id:ChIJsTSwTCIj-h4R-ppaSQ8Dcpc&cid=0x1efa23224cb034b1:0x9772030f495a9afa
M Khuzwayo Attorneys,Law firm,"Ste 6, Standard Bank House, 9 Maxwell St, Empangeni Central, Empangeni, 3880",,,079 742 4559,yes,http://mkhuzwayoattorneys.co.za/,,,open,-28.7393143,31.8944374,"attorneys in Richards Bay, KwaZulu-Natal, South Africa",https://www.google.com/maps/place/M+Khuzwayo+Attorneys/data=!4m7!3m6!1s0x1efa113749302e29:0x4462c7c4fc10d013!8m2!3d-28.7393143!4d31.8944374!16s%2Fg%2F11rt_qhxw2!19sChIJKS4wSTcR-h4RE9AQ_MTHYkQ
Morrow & Morrow Inc Richards Bay,Law firm,"Unit 8, Partridge Place, 23 Lira Link, Richards Bay Central, Richards Bay, 3900",Richards Bay Central,Richards Bay,035 789 7246,yes,http://www.morrowandmorrow.co.za/,4.5,44,open,-28.752921999999998,32.053796999999996,"attorneys in Richards Bay, KwaZulu-Natal, South Africa",https://www.google.com/maps/place/?q=place_id:ChIJqYkiFzwj-h4RwAUbZcOe6t0&cid=0x1efa233c172289a9:0xddea9ec3651b05c0
N Dlamini and Associates Inc,Law firm,"4th Floor, Lakeview Terrace, Penny Ln, Richards Bay Central, Richards Bay",Richards Bay Central,Richards Bay,068 573 0900,yes,http://www.ndlaminiassociatesinc.co.za/,5,1,open,-28.7527737,32.049298799999995,"attorneys in Richards Bay, KwaZulu-Natal, South Africa",https://www.google.com/maps/place/?q=place_id:ChIJ8X-S6w8j-h4Rq0_Iq5nKFvI&cid=0x1efa230feb927ff1:0xf216ca99abc84fab
Shandu M Attorneys,Law firm,"Lakeview Terrace, Penny Ln, Richards Bay Central, Richards Bay, 3900",Richards Bay Central,Richards Bay,071 540 9848,yes,https://www.shandumattorneys.co.za/,,,open,-28.7525646,32.0494856,"attorneys in Richards Bay, KwaZulu-Natal, South Africa",https://www.google.com/maps/place/?q=place_id:ChIJzTwBwQQj-h4RoF0AzefyyCA&cid=0x1efa2304c1013ccd:0x20c8f2e7cd005da0
Shepstone & Wylie Attorneys,Law firm,"Ste 27, 2 Krugerrand Grv, Richards Bay Central, Richards Bay, 3900",Richards Bay Central,Richards Bay,035 780 7250,yes,http://www.wylie.co.za/,4,21,open,-28.750965299999997,32.0535292,"attorneys in Richards Bay, KwaZulu-Natal, South Africa",https://www.google.com/maps/place/?q=place_id:ChIJyeuSICUj-h4R6owguJ2sIEo&cid=0x1efa23252092ebc9:0x4a20ac9db8208cea
VAN NIEKERK ATTORNEYS,Law firm,"45 Anglers Rod, Meer En See, Richards Bay, 3901",Meer En See,Richards Bay,035 788 0360,no,,3.2,5,open,-28.7829849,32.0990238,"attorneys in Richards Bay, KwaZulu-Natal, South Africa",https://www.google.com/maps/place/?q=place_id:ChIJBdN19mwk-h4RRPXR4T78O_E&cid=0x1efa246cf675d305:0xf13bfc3ee1d1f544
Cycad Garden Services,Lawn care service,,,,082 415 0007,no,,5.0,1,open,-28.7785855,31.992421,"landscaping and garden services in Richards Bay, KwaZulu-Natal, South Africa",https://www.google.com/maps/place/Cycad+Garden+Services/data=!4m7!3m6!1s0x833641b334989d4b:0x116d2fe25b4310d9!8m2!3d-28.7785855!4d31.992421!16s%2Fg%2F11nj0wtlwd!19sChIJS52YNLNBNoMR2RBDW-IvbRE
Thabethe garden service Pty,Lawn care service,"ward 14, esikhawini 3887, Gobandlovu reserve, Esikhawini, 3887",,,079 952 4017,yes,https://www.thabethegardens.co.za/,5.0,2,open,-28.8491714,31.9138779,"pest control in Richards Bay, KwaZulu-Natal, South Africa",https://www.google.com/maps/place/Thabethe+garden+service+Pty/data=!4m7!3m6!1s0x1efa1926b7445497:0xe0c26962e9208d9b!8m2!3d-28.8491714!4d31.9138779!16s%2Fg%2F11zypf5dz0!19sChIJl1REtyYZ-h4Rm40g6WJpwuA
Cutsmart - Richards Bay,Lawn mower store,"Unit 3, Behind BP, 11 Rupee Riff, Boullion Blvrd, Richards Bay, 3900",Richards Bay Central,Richards Bay,071 559 3536,yes,https://www.cutsmart.co.za/,4,12,open,-28.7467197,32.0485,"landscaping and garden services in Richards Bay, KwaZulu-Natal, South Africa",https://www.google.com/maps/place/?q=place_id:ChIJgSnCOh8j-h4RggNRFRBf0_U&cid=0x1efa231f3ac22981:0xf5d35f1015510382
Lawnmower centre,Lawn mower store,"107 Dollar Dr, cbd, Richards Bay, 3900",,,035 789 0051,no,,5.0,5,open,-28.755017,32.0432031,"landscaping and garden services in Richards Bay, KwaZulu-Natal, South Africa",https://www.google.com/maps/place/Lawnmower+centre/data=!4m7!3m6!1s0x1efa23b01450f3e9:0x3748fd03f1f2999d!8m2!3d-28.755017!4d32.0432031!16s%2Fg%2F11spvv62r6!19sChIJ6fNQFLAj-h4RnZny8QP9SDc
Bothas Incorporated,Lawyer,"7 Addison St, Empangeni Central, Empangeni, 3880",,,035 792 2011,yes,https://www.bothasinc.co.za/,4.1,18,open,-28.7375426,31.8946966,"attorneys in Richards Bay, KwaZulu-Natal, South Africa",https://www.google.com/maps/place/Bothas+Incorporated/data=!4m7!3m6!1s0x1efa10d65fd4da6d:0x583c7a1c8da65838!8m2!3d-28.7375426!4d31.8946966!16s%2Fg%2F1pzx2w3tv!19sChIJbdrUX9YQ-h4ROFimjRx6PFg
Chris Van Der Merwe & Partners,Lawyer,"16 Hancock Ave, Empangeni Central, Empangeni, 3880",,,035 792 3971,no,,4.5,2,open,-28.739678,31.8894344,"attorneys in Richards Bay, KwaZulu-Natal, South Africa",https://www.google.com/maps/place/Chris+Van+Der+Merwe+%26+Partners/data=!4m7!3m6!1s0x1efa10d9cf66c615:0x52feca7cab2d2f0c!8m2!3d-28.739678!4d31.8894344!16s%2Fg%2F1pztd4c_q!19sChIJFcZmz9kQ-h4RDC8tq3zK_lI
Christine Wade and Co,Lawyer,"4 Union St, Empangeni Central, Empangeni, 3880",,,035 772 1244,no,,4.2,9,open,-28.743555,31.89066,"attorneys in Richards Bay, KwaZulu-Natal, South Africa",https://www.google.com/maps/place/Christine+Wade+and+Co/data=!4m7!3m6!1s0x1efa10d086ece7b5:0xfbed7b5bcef982c0!8m2!3d-28.743555!4d31.89066!16s%2Fg%2F1pzs12cs3!19sChIJtefshtAQ-h4RwIL5zlt77fs
GABELLAH ATTORNEYS,Lawyer,"Alton, 17 Guldengracht St, Richards Bay Central, Richards Bay, 3900",Richards Bay Central,Richards Bay,083 392 7326,no,,5,2,open,-28.7557883,32.044219,"attorneys in Richards Bay, KwaZulu-Natal, South Africa",https://www.google.com/maps/place/?q=place_id:ChIJ0eR1miEj-h4R5ZuaKgQdnUE&cid=0x1efa23219a75e4d1:0x419d1d042a9a9be5
MTHIYANE & PARTNERS,Lawyer,"14 Bellingham Pk, Penny Ln, CBD, Richards Bay, 3900",Richards Bay Central,Richards Bay,035 789 7217,no,,,,open,-28.753109799999997,32.0497114,"attorneys in Richards Bay, KwaZulu-Natal, South Africa",https://www.google.com/maps/place/?q=place_id:ChIJvzLOyjwj-h4R5FIw6mItW9g&cid=0x1efa233ccace32bf:0xd85b2d62ea3052e4
Mthembu VB Attorney,Lawyer,"4 Union St, Empangeni Central, Empangeni, 3880",,,035 772 3735,no,,5.0,1,open,-28.7436603,31.8909078,"attorneys in Richards Bay, KwaZulu-Natal, South Africa",https://www.google.com/maps/place/Mthembu+VB+Attorney/data=!4m7!3m6!1s0x1efa10d066ccd323:0x8f5dee9eab96f5c8!8m2!3d-28.7436603!4d31.8909078!16s%2Fg%2F1pzyqdpxp!19sChIJI9PMZtAQ-h4RyPWWq57uXY8
Mthethwa Attorneys,Lawyer,"10 Union St, Empangeni Central, Empangeni, 3880",,,035 772 7411,no,,4.3,3,open,-28.74317,31.8912361,"attorneys in Richards Bay, KwaZulu-Natal, South Africa",https://www.google.com/maps/place/Mthethwa+Attorneys/data=!4m7!3m6!1s0x1efa10d0907a062b:0xf426f206f9ab902f!8m2!3d-28.74317!4d31.8912361!16s%2Fg%2F1pzrzmwht!19sChIJKwZ6kNAQ-h4RL5Cr-QbyJvQ
NDLOVU QWABE & PARTNERS,Lawyer,"19 Krugerrand Grv, Richards Bay Central, Richards Bay, 3900",,,035 789 3535,yes,https://www.brabys.com/za/kwazulu-natal/richards-bay/arboretum/attorneys/ndlovu-qwabe-partners,,,open,-28.7495042,32.0502022,"attorneys in Richards Bay, KwaZulu-Natal, South Africa",https://www.google.com/maps/place/NDLOVU+QWABE+%26+PARTNERS/data=!4m7!3m6!1s0x1efa233b2fca3661:0xa90dbdaebe7be8da!8m2!3d-28.7495042!4d32.0502022!16s%2Fg%2F11bzvzmzd5!19sChIJYTbKLzsj-h4R2uh7vq69Dak
Rivanee Pillay Attorneys Inc,Lawyer,"6 Sand Olive Cl, Arboretum, Richards Bay, 3900",Arboretum,Richards Bay,060 701 6354,yes,https://rivaneepillay.wixsite.com/attorneys,5,1,open,-28.7589707,32.0557456,"attorneys in Richards Bay, KwaZulu-Natal, South Africa",https://www.google.com/maps/place/?q=place_id:ChIJy63-ZcIj-h4RrzIimuudXMw&cid=0x1efa23c265feadcb:0xcc5c9deb9a2232af
Schreiber Smith Attorneys,Lawyer,"6 Norman Tedder Ln, Empangeni Central, Empangeni, 3880",,,035 772 3516,yes,https://www.attorneys.co.za/AttorneyHomePage.asp?AttorneyID=1463&CompanyID=505,3.9,14,open,-28.7407379,31.8953151,"attorneys in Richards Bay, KwaZulu-Natal, South Africa",https://www.google.com/maps/place/Schreiber+Smith+Attorneys/data=!4m7!3m6!1s0x1efa10d14f873709:0xdc7b456ee7145e81!8m2!3d-28.7407379!4d31.8953151!16s%2Fg%2F1pzq5_vy5!19sChIJCTeHT9EQ-h4RgV4U525Fe9w
Serfontein and Richards Attorneys,Lawyer,"20 Anglers Rod, Meer En See, Richards Bay, 3901",Meer En See,Richards Bay,035 753 4300,yes,http://www.serfontein-richards.co.za/,4.8,32,open,-28.785436899999997,32.093371,"attorneys in Richards Bay, KwaZulu-Natal, South Africa",https://www.google.com/maps/place/?q=place_id:ChIJE0HE53Ik-h4RqhFwlgX-k_4&cid=0x1efa2472e7c44113:0xfe93fe05967011aa
Anand Govender & Co,Legal services,"Union Street, 1 Pasteur Rd, Empangeni Central, Empangeni, 3880",,,035 772 2845,no,,5.0,5,open,-28.737802,31.897585,"attorneys in Richards Bay, KwaZulu-Natal, South Africa",https://www.google.com/maps/place/Anand+Govender+%26+Co/data=!4m7!3m6!1s0x1efa10d0837e8d2d:0x58a680b0f547fed3!8m2!3d-28.737802!4d31.897585!16s%2Fg%2F1pzxw6zpm!19sChIJLY1-g9AQ-h4R0_5H9bCAplg
Duvenage Attorneys,Legal services,"Unit 8, Palm Court Building, 13 Lira Link, Richards Bay Central, Richards Bay, 3900",Richards Bay Central,Richards Bay,035 780 7200,yes,http://www.duvenage.co.za/,4.7,67,open,-28.751450799999997,32.054482799999995,"attorneys in Richards Bay, KwaZulu-Natal, South Africa",https://www.google.com/maps/place/?q=place_id:ChIJeTbKLzsj-h4RaV5wDYa75Dw&cid=0x1efa233b2fca3679:0x3ce4bb860d705e69
Kirkwood Inc Attorneys,Legal services,"Unit 12, Calypso centre, 15 Lira Link, Richards Bay Central, Richards Bay, 3900",Richards Bay Central,Richards Bay,035 001 0336,yes,https://www.kirkwoodinc.co.za/,,,open,-28.751889499999997,32.0525532,"attorneys in Richards Bay, KwaZulu-Natal, South Africa",https://www.google.com/maps/place/?q=place_id:ChIJjyaiFWEj-h4RmYeGe9Q1i-M&cid=0x1efa236115a2268f:0xe38b35d47b868799
Kloppers Inc Empangeni,Legal services,"Unit F2, The Park, Pearce Cres, Empangeni Central, Empangeni, 3880",,,035 772 2700,yes,http://kloppersinc.mobi/,4.7,24,open,-28.745432,31.8927047,"attorneys in Richards Bay, KwaZulu-Natal, South Africa",https://www.google.com/maps/place/Kloppers+Inc+Empangeni/data=!4m7!3m6!1s0x1efa10ce09250c75:0x9a3d30bcf59edb24!8m2!3d-28.745432!4d31.8927047!16s%2Fg%2F11bzvv_cly!19sChIJdQwlCc4Q-h4RJNue9bwwPZo
NGL Ngwenya & Zwane Attorneys,Legal services,"Noordsig, Empangeni, 3880",,,035 792 4450,no,,2.0,2,open,-28.7387214,31.8972178,"attorneys in Richards Bay, KwaZulu-Natal, South Africa",https://www.google.com/maps/place/NGL+Ngwenya+%26+Zwane+Attorneys/data=!4m7!3m6!1s0x1efa11027e114057:0xffcfe5f11edc4d42!8m2!3d-28.7387214!4d31.8972178!16s%2Fg%2F1pzt98428!19sChIJV0ARfgIR-h4RQk3cHvHlz_8
Philip Walsh Incorporated,Legal services,"7 Pearce Cres, Fairview, Empangeni, 3880",,,035 792 2012,yes,http://pmwa.co.za/,5.0,3,open,-28.7455911,31.8928812,"attorneys in Richards Bay, KwaZulu-Natal, South Africa",https://www.google.com/maps/place/Philip+Walsh+Incorporated/data=!4m7!3m6!1s0x1efa10d6c0512677:0xd591d8d32af584f6!8m2!3d-28.7455911!4d31.8928812!16s%2Fg%2F11h008vkld!19sChIJdyZRwNYQ-h4R9oT1KtPYkdU
SEESA Richards Bay,Legal services,"72 Anglers Rod, Meer En See, Richards Bay, 3901",Meer En See,Richards Bay,035 780 5750,no,,5,46,open,-28.781862999999998,32.102548999999996,"attorneys in Richards Bay, KwaZulu-Natal, South Africa",https://www.google.com/maps/place/?q=place_id:ChIJW3nMoGsk-h4RkIp-EKb0ynA&cid=0x1efa246ba0cc795b:0x70caf4a6107e8a90
Van Niekerk Maree Incorporated Attorneys (Richards Bay Office),Legal services,"45 Anglers Rod, Meer En See, Richards Bay, 3910",Meer En See,Richards Bay,035 788 0360,yes,http://www.vanniekerkmareeinc.co.za/,5,2,open,-28.7829943,32.099024299999996,"attorneys in Richards Bay, KwaZulu-Natal, South Africa",https://www.google.com/maps/place/?q=place_id:ChIJa2XJ-gqkJy8RHY-HOXyuriA&cid=0x2f27a40afac9656b:0x20aeae7c39878f1d
AVBOB Insurance Richards Bay,Life insurance agency,"Office 44, Bellingham Park Mall, Penny Ln, Richards Bay Central, Richards Bay, 3900",Richards Bay Central,Richards Bay,035 789 1399,yes,https://www.avbob.co.za/our-branches/branch-details?loc=AVBOB%20Insurance%20Richards%20Bay&locationid=bee3723a-6e83-4390-a3e4-12fdbf6d51e8,3.7,18,open,-28.752257099999998,32.0497936,"insurance brokers in Richards Bay, KwaZulu-Natal, South Africa",https://www.google.com/maps/place/?q=place_id:ChIJQ1QWrjwj-h4RS-662qq4Qt0&cid=0x1efa233cae165443:0xdd42b8aadabaee4b
Kevin's Keys,Locksmith,"Unit 13, Kingfisher Park, 16 Ceramic Curve, Alton, Richards Bay, 3900",Alton,Richards Bay,035 751 2320,yes,http://www.kevinskeys.co.za/,4.7,41,open,-28.752815,32.031560999999996,"locksmiths in Richards Bay, KwaZulu-Natal, South Africa",https://www.google.com/maps/place/?q=place_id:ChIJgWMie9M8-h4RCjXbX35YD-c&cid=0x1efa3cd37b226381:0xe70f587e5fdb350a
MR Lock MR Key,Locksmith,"5 Rupee Rif, Richards Bay Central, Richards Bay, 3900",Richards Bay Central,Richards Bay,,yes,https://www.africanadvice.com/1332332/Locks_And_Locksmiths/Kwazulu_Natal/Mr_Lock_Mr_Key/,1,2,open,-28.7469553,32.0485883,"locksmiths in Richards Bay, KwaZulu-Natal, South Africa",https://www.google.com/maps/place/?q=place_id:ChIJoUY6fiUj-h4RuS13pQaL4IE&cid=0x1efa23257e3a46a1:0x81e08b06a5772db9
R B Locksmiths,Locksmith,"87 Bullion Blvd, CBD, Richards Bay, 3900",CBD,Richards Bay,035 789 9583,yes,http://www.rblocksmith.co.za/,4.5,92,open,-28.7544482,32.045730999999996,"locksmiths in Richards Bay, KwaZulu-Natal, South Africa",https://www.google.com/maps/place/?q=place_id:ChIJb8JEDD0j-h4R7fzxV-YsRoI&cid=0x1efa233d0c44c26f:0x82462ce657f1fced
Rattrays Locksmith,Locksmith,"1 Morris Centre, Morris Rd, Empangeni Rail, Empangeni, 3880",Empangeni Rail,Empangeni,035 787 0421,yes,https://rattrayslocksmith.co.za/,4.5,79,open,-28.7685708,31.904708799999998,"locksmiths in Richards Bay, KwaZulu-Natal, South Africa",https://www.google.com/maps/place/?q=place_id:ChIJlZpiRFUX-h4RgatZzW3kcAo&cid=0x1efa175544629a95:0xa70e46dcd59ab81
Sprint Logistics SA CC,Logistics,"26 Eutectic Point, Alton, Richards Bay, 3900",,,035 797 5522,yes,http://www.sprintlogistics.co.za/,4.3,47,open,-28.7650457,32.015151,"transport and logistics companies in Richards Bay, KwaZulu-Natal, South Africa",https://www.google.com/maps/place/Sprint+Logistics+SA+CC/data=!4m7!3m6!1s0x1efa22c00b7160c9:0x2e323fefa07d072c!8m2!3d-28.7650457!4d32.015151!16s%2Fg%2F1pzs_vbvn!19sChIJyWBxC8Ai-h4RLAd9oO8_Mi4
Bhebhethi Logistics (Pty) Ltd,Logistics service,"46 Ceramic Curve, Alton, Richards Bay, 3900",,,035 760 1953,no,,5.0,1,open,-28.7460796,32.0355699,"transport and logistics companies in Richards Bay, KwaZulu-Natal, South Africa",https://www.google.com/maps/place/Bhebhethi+Logistics+%28Pty%29+Ltd/data=!4m7!3m6!1s0x1efa233ec929ee73:0x87bb90a8107b3d2c!8m2!3d-28.7460796!4d32.0355699!16s%2Fg%2F11yljgq0mv!19sChIJc-4pyT4j-h4RLD17EKiQu4c
INDUNA LOGISTICS & TERMINALS,Logistics service,"33 Ohmzone, Alton, Richards Bay, 3900",,,083 288 9101,yes,http://indunalogistics.co.za/,4.3,26,open,-28.7691342,32.0090711,"transport and logistics companies in Richards Bay, KwaZulu-Natal, South Africa",https://www.google.com/maps/place/INDUNA+LOGISTICS+%26+TERMINALS/data=!4m7!3m6!1s0x1efa22966fbca80d:0x8dad8d826414ee77!8m2!3d-28.7691342!4d32.0090711!16s%2Fg%2F1tf8hh2_!19sChIJDai8b5Yi-h4Rd-4UZIKNrY0
KLM Express Logistics,Logistics service,"138 Dollar Dr, Richards Bay Central, Richards Bay, 3900",,,035 753 2732,yes,https://www.klmexpress.co.za/,,,open,-28.7514903,32.0458207,"courier services in Richards Bay, KwaZulu-Natal, South Africa",https://www.google.com/maps/place/KLM+Express+Logistics/data=!4m7!3m6!1s0x1efa2362bfefec0d:0x8fcc7e28128a731a!8m2!3d-28.7514903!4d32.0458207!16s%2Fg%2F11vdlx49bh!19sChIJDezvv2Ij-h4RGnOKEih-zI8
MacDonald's Transport,Logistics service,"65 Kabelring, Alton, Richards Bay",,,087 095 2050,yes,https://www.macdonaldstransport.co.za/,4.5,12,open,-28.7604179,32.0064086,"transport and logistics companies in Richards Bay, KwaZulu-Natal, South Africa",https://www.google.com/maps/place/MacDonald%27s+Transport/data=!4m7!3m6!1s0x1efa22bce064c1c7:0x7e22b403294a169a!8m2!3d-28.7604179!4d32.0064086!16s%2Fg%2F11dftbvlmv!19sChIJx8Fk4Lwi-h4RmhZKKQO0In4
Maverick Beyond,Logistics service,"North 8, 8 Betastraal, Alton, Richards Bay",,,082 882 8895,yes,http://maverickbeyond.co.za/,4.5,6,open,-28.7495163,32.0249842,"transport and logistics companies in Richards Bay, KwaZulu-Natal, South Africa",https://www.google.com/maps/place/Maverick+Beyond/data=!4m7!3m6!1s0x1efa22ce4457511f:0xebf636f2d3c697b2!8m2!3d-28.7495163!4d32.0249842!16s%2Fg%2F11mx9d6_mq!19sChIJH1FXRM4i-h4RspfG0_I29us
Mega C Richards Bay,Logistics service,"31 Alumina Allee St, Alton, Richards Bay, 3900",,,035 880 0138,yes,https://www.megac.co.za/,,,open,-28.76563,32.01696,"transport and logistics companies in Richards Bay, KwaZulu-Natal, South Africa",https://www.google.com/maps/place/Mega+C+Richards+Bay/data=!4m7!3m6!1s0x1efa233cccb943d7:0x25a22d25161cfb2b!8m2!3d-28.76563!4d32.01696!16s%2Fg%2F11xknydcjf!19sChIJ10O5zDwj-h4RK_scFiUtoiU
Mthwalo Trading and Logistics,Logistics service,"unit 7, 31 Alumina Alley, Alton, Richards Bay, KwaZulu- Natal, South Africa 102536 Meerensee, 3901",,,035 285 0059,no,,3.0,2,open,-28.76563,32.01696,"transport and logistics companies in Richards Bay, KwaZulu-Natal, South Africa",https://www.google.com/maps/place/Mthwalo+Trading+and+Logistics/data=!4m7!3m6!1s0x1efa22eaa027b465:0xbe11ab2cd109803e!8m2!3d-28.76563!4d32.01696!16s%2Fg%2F11v4kp6nt7!19sChIJZbQnoOoi-h4RPoAJ0SyrEb4
Reinhardt Transport Group - Alton Warehouse,Logistics service,"13 Bronze Bar, Alton, Richards Bay, 0000",,,011 363 9300,yes,http://www.reinhardt.co.za/,4.7,20,open,-28.7465451,32.0228184,"transport and logistics companies in Richards Bay, KwaZulu-Natal, South Africa",https://www.google.com/maps/place/Reinhardt+Transport+Group+-+Alton+Warehouse/data=!4m7!3m6!1s0x1efa23296643bcef:0xe48973abce1e4c4c!8m2!3d-28.7465451!4d32.0228184!16s%2Fg%2F11s8_73cpf!19sChIJ77xDZikj-h4RTEwezqtzieQ
Y3T Transport Pty (Ltd),Logistics service,"22 Bauxite Bay, Alton, Richards Bay, 3900",,,083 662 1447,yes,http://y3t.co.za/,4.4,5,open,-28.7514402,32.0196127,"transport and logistics companies in Richards Bay, KwaZulu-Natal, South Africa",https://www.google.com/maps/place/Y3T+Transport+Pty+%28Ltd%29/data=!4m7!3m6!1s0x1efa235a36883c9f:0x13f2629edde3aa16!8m2!3d-28.7514402!4d32.0196127!16s%2Fg%2F11jprnm0cy!19sChIJnzyINloj-h4RFqrj3Z5i8hM
Zidedele Warehousing & Logistics Solutions,Logistics service,"39 Kabelkring, Alton, Richards Bay, 3900",,,035 797 4025,no,,4.1,28,open,-28.7644644,32.0043663,"transport and logistics companies in Richards Bay, KwaZulu-Natal, South Africa",https://www.google.com/maps/place/Zidedele+Warehousing+%26+Logistics+Solutions/data=!4m7!3m6!1s0x1efa22bcab4698a3:0xfe70e0ebb27de927!8m2!3d-28.7644644!4d32.0043663!16s%2Fg%2F1pztfdjhj!19sChIJo5hGq7wi-h4RJ-l9suvgcP4
EKZ Engineering & Machining,Machine shop,"Unit 3, 11 Copper Corner, Alton, Richards Bay",Alton,Richards Bay,083 394 8567,no,,3,2,open,-28.7560185,32.0293231,"welding services in Richards Bay, KwaZulu-Natal, South Africa",https://www.google.com/maps/place/?q=place_id:ChIJR7zRjq0j-h4Rdj2KzxIN1V0&cid=0x1efa23ad8ed1bc47:0x5dd50d12cf8a3d76
Zululand Service Providers,Machine workshop,"25 Ceramic Curve, Alton, Richards Bay, 3900",Alton,Richards Bay,035 751 2186,yes,https://www.zspkzn.co.za/,4.8,14,open,-28.7343239,32.0323797,"air conditioning installation in Richards Bay, KwaZulu-Natal, South Africa",https://www.google.com/maps/place/?q=place_id:ChIJjWmaytAi-h4RPXHhw0qYXGU&cid=0x1efa22d0ca9a698d:0x655c984ac3e1713d
SM Glam,Make-up artist,"White Pear, Arboretum, Richards Bay, 3900",,,081 457 1921,yes,https://book.heygoldie.com/SM-Glam,5.0,2,open,-28.753915,32.055388,"photographers in Richards Bay, KwaZulu-Natal, South Africa",https://www.google.com/maps/place/SM+Glam/data=!4m7!3m6!1s0x1efa23e8c30a4a7d:0xffec4623d4fc604e!8m2!3d-28.753915!4d32.055388!16s%2Fg%2F11nvt8y0yv!19sChIJfUoKw-gj-h4RTmD81CNG7P8
Albatross Engineering,Manufacturer,"49 Ceramic Curve, St, Richards Bay, 3900",,,078 256 2061,no,,,,open,-28.7451491,32.0351356,"welding services in Richards Bay, KwaZulu-Natal, South Africa",https://www.google.com/maps/place/Albatross+Engineering/data=!4m7!3m6!1s0x1efa3cd37b226381:0xa4a954757399b70a!8m2!3d-28.7451491!4d32.0351356!16s%2Fg%2F11b6dpf9rd!19sChIJgWMie9M8-h4RCreZc3VUqaQ
Apex Roofing,Manufacturer,"81 Ceramic Curve, Alton, Richards Bay, 3900",Alton,Richards Bay,078 164 7814,no,,,,open,-28.7369202,32.0387992,"roofing contractors in Richards Bay, KwaZulu-Natal, South Africa",https://www.google.com/maps/place/?q=place_id:ChIJL_Yp8sY9-h4RsHAPOcNpwlI&cid=0x1efa3dc6f229f62f:0x52c269c3390f70b0
Bell Technical Training Centre,Manufacturer,"Kabelring, Alton, Richards Bay",,,035 907 9111,yes,https://www.bellequipment.com/bell-south-africa/,4.5,6,open,-28.765903,32.0061374,"gyms and fitness centres in Richards Bay, KwaZulu-Natal, South Africa",https://www.google.com/maps/place/Bell+Technical+Training+Centre/data=!4m7!3m6!1s0x1efa22bd1daa64fd:0x8a0fd47bc2da0b6!8m2!3d-28.765903!4d32.0061374!16s%2Fg%2F11kmnwg21v!19sChIJ_WSqHb0i-h4RtqAtvEf9oAg
KZN Canvas & General Marketing,Manufacturer,"UNIT 8 SHOP 123, Same building as leaf Technology, Rondo industrial Park, Dollar Dr, Richards Bay Central, Richards Bay, 3900",,,083 460 7495,no,,3.7,3,open,-28.7528858,32.0441527,"printers in Richards Bay, KwaZulu-Natal, South Africa",https://www.google.com/maps/place/KZN+Canvas+%26+General+Marketing/data=!4m7!3m6!1s0x1efa2322d6ecdcb9:0x13db4463856cacb!8m2!3d-28.7528858!4d32.0441527!16s%2Fg%2F11rd8x3cnn!19sChIJudzs1iIj-h4Ry8pWOEa0PQE
Mondi Group Richards Bay,Manufacturer,"7 Western Arterial, Centra, Richards Bay, 3900",,,035 902 2111,yes,http://www.mondigroup.com/,4.2,142,open,-28.7635482,31.995771,"catering services in Richards Bay, KwaZulu-Natal, South Africa",https://www.google.com/maps/place/Mondi+Group+Richards+Bay/data=!4m7!3m6!1s0x1efa22db20418c77:0xe345970aee430b1f!8m2!3d-28.7635482!4d31.995771!16s%2Fg%2F1td8mx49!19sChIJd4xBINsi-h4RHwtD7gqXReM
Mr Sign,Manufacturer,"Unit 9, Kingfisher Park, 16 Ceramic Curve, Alton, Richards Bay, 3900",,,035 751 1880,no,,3.0,2,open,-28.7529546,32.0316801,"printers in Richards Bay, KwaZulu-Natal, South Africa",https://www.google.com/maps/place/Mr+Sign/data=!4m7!3m6!1s0x1efa22da3a5afc09:0xd0559058b1bb51d9!8m2!3d-28.7529546!4d32.0316801!16s%2Fg%2F11hbqq6s93!19sChIJCfxaOtoi-h4R2VG7sViQVdA
NETECH DISTRIBUTORS,Manufacturer,"46 Ceramic Curve, Alton, Richards Bay, 3900",,,035 751 1609,yes,http://www.netech.co.za/,5.0,19,open,-28.7461361,32.0355308,"welding services in Richards Bay, KwaZulu-Natal, South Africa",https://www.google.com/maps/place/NETECH+DISTRIBUTORS/data=!4m7!3m6!1s0x1efa22d6603c6465:0x15f2fff163b61d18!8m2!3d-28.7461361!4d32.0355308!16s%2Fg%2F11c57cnr3d!19sChIJZWQ8YNYi-h4RGB22Y_H_8hU
Rainbow Engineering,Manufacturer,"1 Ferro Gang, Road, Richards Bay, 3900",,,035 880 0049,no,,5.0,1,open,-28.7350744,32.0376575,"building contractors in Richards Bay, KwaZulu-Natal, South Africa",https://www.google.com/maps/place/Rainbow+Engineering/data=!4m7!3m6!1s0x1efa3dcde7eb6b61:0xd17768729eddef70!8m2!3d-28.7350744!4d32.0376575!16s%2Fg%2F11smv47k39!19sChIJYWvr5809-h4RcO_dnnJod9E
Richard's Bay Concrete Products (Pty) Ltd,Manufacturer,"Woods Estate, Alton, Nseleni, 3900",Alton,Nseleni,035 797 3019,yes,https://rbcp.co.za/,,,open,-28.7589981,32.0263992,"paving contractors in Richards Bay, KwaZulu-Natal, South Africa",https://www.google.com/maps/place/?q=place_id:ChIJq6oJScMi-h4R7Hvzvb1UqbA&cid=0x1efa22c34909aaab:0xb0a954bdbdf37bec
Garage Boys MMA,Martial arts school,"35 Watsonia Rd, Grantham Park, Empangeni, 3880",,,083 259 7036,yes,https://combatcoaching.com/south-africa/,4.8,11,open,-28.7636387,31.8990823,"gyms and fitness centres in Richards Bay, KwaZulu-Natal, South Africa",https://www.google.com/maps/place/Garage+Boys+MMA/data=!4m7!3m6!1s0x1efa11f3d6400763:0x64eb84837b752ff9!8m2!3d-28.7636387!4d31.8990823!16s%2Fg%2F11g0kgtqz6!19sChIJYwdA1vMR-h4R-S91e4OE62Q
Ammalia day spa,Massage spa,"5 Copper Dr, Kuleka, Empangeni, 3880",Kuleka,Empangeni,063 331 3443,no,,5,1,open,-28.77488,31.896936,"day spas in Richards Bay, KwaZulu-Natal, South Africa",https://www.google.com/maps/place/?q=place_id:ChIJVQZp5AcR-h4RMhJfH-i5OME&cid=0x1efa1107e4690655:0xc138b9e81f5f1232
Crayfish Creek Guest House and Spa,Massage spa,"10 Crayfish Creek, Meer En See, Richards Bay, 3901",Meer En See,Richards Bay,067 331 1126,yes,https://crayfishcreekguesthouse.co.za/,4.6,181,open,-28.787854399999997,32.0931298,"day spas in Richards Bay, KwaZulu-Natal, South Africa",https://www.google.com/maps/place/?q=place_id:ChIJ-d_OOw0k-h4REK6GJ9Wggqg&cid=0x1efa240d3bcedff9:0xa882a0d52786ae10
Lisa's Thai Massage,Massage spa,"54 Anglers Rod, Meer En See, Richards Bay, 3900",Meer En See,Richards Bay,074 621 2511,no,,5,2,open,-28.7818521,32.101798599999995,"day spas in Richards Bay, KwaZulu-Natal, South Africa",https://www.google.com/maps/place/?q=place_id:ChIJYY-zDHkl-h4RjvyBjNdy_N0&cid=0x1efa25790cb38f61:0xddfc72d78c81fc8e
Elshadia's Indian Massage Therapy,Massage therapist,"7 Satrins Centre Brackenham, Richards Bay, 3900",Brackenham,Richards Bay,078 368 5850,no,,,,open,-28.7252425,32.041081399999996,"massage therapists in Richards Bay, KwaZulu-Natal, South Africa",https://www.google.com/maps/place/?q=place_id:ChIJq6qqqtk8-h4RTaITledxGJM&cid=0x1efa3cd9aaaaaaab:0x931871e79513a24d
Grace Aesthetics Wellness Spa,Massage therapist,"16 Mack Rd, Central, Empangeni, 3880",,,035 796 1312,yes,https://gracespa.co.za/,,,open,-28.7385935,31.8888401,"massage therapists in Richards Bay, KwaZulu-Natal, South Africa",https://www.google.com/maps/place/Grace+Aesthetics+Wellness+Spa/data=!4m7!3m6!1s0x1efa111e2a879f29:0x218788f3f4f22ac8!8m2!3d-28.7385935!4d31.8888401!16s%2Fg%2F11zxms8764!19sChIJKZ-HKh4R-h4RyCry9POIhyE
Adt auto,Mechanic,"18 Peseta Parade, CBD, Richards Bay, 3980",CBD,Richards Bay,076 482 5919,no,,5,16,open,-28.7456331,32.0485938,"car repair mechanics in Richards Bay, KwaZulu-Natal, South Africa",https://www.google.com/maps/place/?q=place_id:ChIJ73Ul4Mgj-h4RE8lz57aucyc&cid=0x1efa23c8e02575ef:0x2773aeb6e773c913
Mbatha Auto Mechanic,Mechanic,"113 Alumina Allee St, Alton, Richards Bay, 3900",Alton,Richards Bay,076 052 5595,yes,https://www.mbathaauto.xyz/,4.5,8,open,-28.748269999999998,32.03111,"car repair mechanics in Richards Bay, KwaZulu-Natal, South Africa",https://www.google.com/maps/place/?q=place_id:ChIJSdhKqAcj-h4R4f1IxcpiZGg&cid=0x1efa2307a84ad849:0x686462cac548fde1
Moodley's Auto Repairs,Mechanic,"Unit Number 3, 122 Alumina Allee St, Alton, Richards Bay, 3900",Alton,Richards Bay,035 751 8033,no,,4.2,5,open,-28.7389498,32.037331,"car repair mechanics in Richards Bay, KwaZulu-Natal, South Africa",https://www.google.com/maps/place/?q=place_id:ChIJw46n-b4j-h4R2kczaD_bRJ0&cid=0x1efa23bef9a78ec3:0x9d44db3f683347da
N.S Automotive Maintenance,Mechanic,,,,063 950 1019,no,,5.0,1,open,-29.8684734,30.990952,"car repair mechanics in Richards Bay, KwaZulu-Natal, South Africa",https://www.google.com/maps/place/N.S+Automotive+Maintenance/data=!4m7!3m6!1s0x610839cd1a96307b:0x5f7cc98f8a07fecd!8m2!3d-29.8684734!4d30.990952!16s%2Fg%2F11nvm842m3!19sChIJezCWGs05CGERzf4Hio_JfF8
Point S Empangeni,Mechanic,"53 Knutzen St, Mpangele, Empangeni, 3880",,,035 787 0065,no,,4.1,9,open,-28.7717279,31.9027513,"tyre shops in Richards Bay, KwaZulu-Natal, South Africa",https://www.google.com/maps/place/Point+S+Empangeni/data=!4m7!3m6!1s0x1efa11509a90d935:0x6aabfde8a5176433!8m2!3d-28.7717279!4d31.9027513!16s%2Fg%2F11rcncq_vd!19sChIJNdmQmlAR-h4RM2QXpej9q2o
SPTLS Auto,Mechanic,"7 Peseta Parade, CBD, Richards Bay, 3900",CBD,Richards Bay,079 143 5461,yes,https://www.sptlsauto.co.za/,,,open,-28.746982199999998,32.047222399999995,"car repair mechanics in Richards Bay, KwaZulu-Natal, South Africa",https://www.google.com/maps/place/?q=place_id:ChIJrT0Cbwoj-h4RbbFw1BA8w3M&cid=0x1efa230a6f023dad:0x73c33c10d470b16d
Sp Speed (Pty) Ltd,Mechanic,"68 Ceramic Curve, Alton, Richards Bay, 3900",Alton,Richards Bay,081 339 9175,no,,3.8,13,open,-28.740052,32.038868,"car repair mechanics in Richards Bay, KwaZulu-Natal, South Africa",https://www.google.com/maps/place/?q=place_id:ChIJ149iX9Ui-h4ROByhloZ-Zuc&cid=0x1efa22d55f628fd7:0xe7667e8696a11c38
The Workshop,Mechanic,"55 Ceramic Curve, Alton, Richards Bay, 3900",Alton,Richards Bay,035 001 0098,no,,4.7,58,open,-28.743046699999997,32.035998899999996,"car repair mechanics in Richards Bay, KwaZulu-Natal, South Africa",https://www.google.com/maps/place/?q=place_id:ChIJTT9lBLUj-h4R43eDwzscp7U&cid=0x1efa23b504653f4d:0xb5a71c3bc38377e3
Hakuna Matata Engineering and Lubrication PTY Ltd,Mechanical engineer,"Unit 13, Barossa Park, 4 Ceramic Curve, Alton, Richards Bay, 3900",Alton,Richards Bay,035 001 0373,no,,4.7,3,open,-28.7544149,32.0287986,"welding services in Richards Bay, KwaZulu-Natal, South Africa",https://www.google.com/maps/place/?q=place_id:ChIJL-CnStMj-h4RBY3mxuLBlx0&cid=0x1efa23d34aa7e02f:0x1d97c1e2c6e68d05
S Mach Engineering & services (Pty) Ltd,Mechanical engineer,"Eagle Industrial Park, 12, 3 Bauxite Bay, Alton, Richards Bay, 3900",,,035 880 0188,yes,http://smachengineering.co.za/,5.0,1,open,-28.754545,32.024242,"welding services in Richards Bay, KwaZulu-Natal, South Africa",https://www.google.com/maps/place/S+Mach+Engineering+%26+services+%28Pty%29+Ltd/data=!4m7!3m6!1s0x1efa236d13ba8a4b:0xaabe6b4ae1b750d9!8m2!3d-28.754545!4d32.024242!16s%2Fg%2F11t7cn7snw!19sChIJS4q6E20j-h4R2VC34Uprvqo
VSB Auto Repairs,Mechanical engineer,"Unit 4&5number, 68 Ceramic Curve, Alton, Richards Bay, 3900",,,076 783 6617,yes,http://www.vsb-auto.com/,1.0,1,open,-28.7399184,32.0387519,"car repair mechanics in Richards Bay, KwaZulu-Natal, South Africa",https://www.google.com/maps/place/VSB+Auto+Repairs/data=!4m7!3m6!1s0x1efa23aabad6f299:0x16124afae06d83d2!8m2!3d-28.7399184!4d32.0387519!16s%2Fg%2F11j8jvnzdl!19sChIJmfLWuqoj-h4R0oNt4PpKEhY
Black Linear Studios,Media company,"Mzingazi, Meer En See, Richards Bay, 3901",,,071 960 3638,yes,http://www.facebook.com/idealmediacontent,4.8,12,open,-28.7665354,32.1347677,"photographers in Richards Bay, KwaZulu-Natal, South Africa",https://www.google.com/maps/place/Black+Linear+Studios/data=!4m7!3m6!1s0x1efa25df2d4b7311:0x621594b377c1fafc!8m2!3d-28.7665354!4d32.1347677!16s%2Fg%2F11qfyl0y2d!19sChIJEXNLLd8l-h4R_PrBd7OUFWI
Meerensee Medical Centre,Medical Center,"1 Cod Cove, Meer En See, Richards Bay, 3901",,,035 001 0440,yes,https://occdoc.co.za/meerensee-medical-centre/,4.4,7,open,-28.7857423,32.0945071,"dentists in Richards Bay, KwaZulu-Natal, South Africa",https://www.google.com/maps/place/Meerensee+Medical+Centre/data=!4m7!3m6!1s0x1efa252c1ee271c5:0x864203a62ee55302!8m2!3d-28.7857423!4d32.0945071!16s%2Fg%2F11vtbnclwc!19sChIJxXHiHiwl-h4RAlPlLqYDQoY
Civic Centre Clinic,Medical clinic,"Richards Bay Central, Richards Bay, 3900",,,035 907 5303,no,,1.0,1,open,-28.7542,32.0491,"dentists in Richards Bay, KwaZulu-Natal, South Africa",https://www.google.com/maps/place/Civic+Centre+Clinic/data=!4m7!3m6!1s0x1efa237742086589:0x34dbfb59d3e50ce5!8m2!3d-28.7542!4d32.0491!16s%2Fg%2F11fnxpl6cv!19sChIJiWUIQncj-h4R5Qzl01n72zQ
Dr JC Mogambery Specialist Physician and Infectious Diseases Specialist Melomed Richards Bay,Medical clinic,"Corner N2 and Mr 496, John Ross Hwy, Eco Centre, Richards Bay, 3900",Eco Centre,Richards Bay,035 772 2002,no,,5,2,open,-28.771244399999997,31.940490699999998,"doctors general practitioners in Richards Bay, KwaZulu-Natal, South Africa",https://www.google.com/maps/place/?q=place_id:ChIJQ--osiQZ-h4RgT4R7UDBuHQ&cid=0x1efa1924b2a8ef43:0x74b8c140ed113e81
HW Jones Optometrists,Medical clinic,"uMhlathuze 125 Sanlam Cntr,Empangeni (KwaZulu Natal, 3880",Empangeni Central,Empangeni,035 772 6021,no,,5,1,open,-28.7409,31.8906,"optometrists in Richards Bay, KwaZulu-Natal, South Africa",https://www.google.com/maps/place/?q=place_id:ChIJ77IEhGgR-h4RGvc1gsQ08f8&cid=0x1efa11688404b2ef:0xfff134c48235f71a
L G Mtshali Inc Physiotherapy,Medical clinic,"Richards Bay Central, Richards Bay, 3900",Richards Bay Central,Richards Bay,035 870 1123,no,,,,open,-28.7502,32.055299999999995,"physiotherapists in Richards Bay, KwaZulu-Natal, South Africa",https://www.google.com/maps/place/?q=place_id:ChIJ0QTmpwgj-h4RJ2LDOh9kxDY&cid=0x1efa2308a7e604d1:0x36c4641f3ac36227
Mandulo Physiotheraphy Services,Medical clinic,"Unit 14C , Calypso Centre ,Cnr kruger Rand, Lira Link, Road, Richards Bay, 3900",Road,Richards Bay,035 789 2028,no,,5,2,open,-28.7513063,32.0539167,"physiotherapists in Richards Bay, KwaZulu-Natal, South Africa",https://www.google.com/maps/place/?q=place_id:ChIJ_z02oVoj-h4RwtBDx-b6l3U&cid=0x1efa235aa1363dff:0x7597fae6c743d0c2
Medicross Meerensee,Medical clinic,"60 Anglers Rod, Meer En See, Richards Bay, 3901",,,035 753 3671,yes,http://www.medicross.co.za/,3.5,13,open,-28.7820739,32.1022338,"dentists in Richards Bay, KwaZulu-Natal, South Africa",https://www.google.com/maps/place/Medicross+Meerensee/data=!4m7!3m6!1s0x1efa2501f788880f:0x6ce6a72d718ddef8!8m2!3d-28.7820739!4d32.1022338!16s%2Fg%2F11j025kh5v!19sChIJD4iI9wEl-h4R-N6NcS2n5mw
Moodley M Physiotherapy,Medical clinic,"Birdswood, Richards Bay, 3900",Birdswood,Richards Bay,035 760 1002,no,,,,open,-28.740715599999998,32.072775799999995,"physiotherapists in Richards Bay, KwaZulu-Natal, South Africa",https://www.google.com/maps/place/?q=place_id:ChIJUTuHvyIj-h4R-2sIBqntY24&cid=0x1efa2322bf873b51:0x6e63eda906086bfb
Schilz M V & Cloete J K Physio.,Medical clinic,"Richards Bay Central, Richards Bay, 3900",Richards Bay Central,Richards Bay,035 789 4411,no,,,,open,-28.7496652,32.0532628,"physiotherapists in Richards Bay, KwaZulu-Natal, South Africa",https://www.google.com/maps/place/?q=place_id:ChIJH6BB7voj-h4Rd0BkXSzHYjg&cid=0x1efa23faee41a01f:0x3862c72c5d644077
Sereneté Wellness Centre,Medical clinic,"3 Lira Link, Richards Bay Central, Richards Bay, 3900",Richards Bay Central,Richards Bay,035 789 5101,yes,https://www.serenete.co.za/,4,10,open,-28.7494837,32.0536811,"day spas in Richards Bay, KwaZulu-Natal, South Africa",https://www.google.com/maps/place/?q=place_id:ChIJQTShlTsj-h4RLyOS27WDsyc&cid=0x1efa233b95a13441:0x27b383b5db92232f
Chads Power Engineering & Suppliers (Pty)Ltd,Metal workshop,"22, 31 Alumina Allee St, Alton, Richards Bay, 3900",Alton,Richards Bay,081 569 1745,yes,http://www.chadspowerengineering.co.za/,4.5,2,open,-28.765629999999998,32.01696,"welding services in Richards Bay, KwaZulu-Natal, South Africa",https://www.google.com/maps/place/?q=place_id:ChIJW2s82H8j-h4R9ktqx5b44E0&cid=0x1efa237fd83c6b5b:0x4de0f896c76a4bf6
Mexigo,Mexican restaurant,"Shop7b, 24 Lira Link, CBD, Richards Bay, 3900",,,035 789 1669,no,,5.0,4,open,-28.752722,32.052978,"takeaways in Richards Bay, KwaZulu-Natal, South Africa",https://www.google.com/maps/place/Mexigo/data=!4m7!3m6!1s0x1efa23792f39c529:0x599770a8f8d21a19!8m2!3d-28.752722!4d32.052978!16s%2Fg%2F11ff28gpg5!19sChIJKcU5L3kj-h4RGRrS-Khwl1k
Non Stop Furniture Removals,Moving service,"4 Boston Bend, Brackenham, Richards Bay, 3900",Brackenham,Richards Bay,074 756 5308,yes,https://nonstopmovers.lovable.app/,5,23,open,-28.7271899,32.0388765,"handyman services in Richards Bay, KwaZulu-Natal, South Africa",https://www.google.com/maps/place/?q=place_id:ChIJ4Vu43M09-h4RSjmcI6tJKsE&cid=0x1efa3dcddcb85be1:0xc12a49ab239c394a
@ Erika Nail Studio,Nail salon,"14 Lantern Reef, rd, Richards Bay, 3901",,,064 943 8864,no,,4.6,79,open,-28.7750872,32.1022309,"hairdressers in Richards Bay, KwaZulu-Natal, South Africa",https://www.google.com/maps/place/%27@+Erika+Nail+Studio%27/data=!4m7!3m6!1s0x1efa244155555555:0x10e1bc9d539de47e!8m2!3d-28.7750872!4d32.1022309!16s%2Fg%2F11fylssq17!19sChIJVVVVVUEk-h4RfuSdU5284RA
Blush nails co.,Nail salon,"6 Bream Hill, Meer En See, Richards Bay, 3900",Meer En See,Richards Bay,062 070 7326,no,,5,1,open,-28.786098199999998,32.0913699,"nail salons in Richards Bay, KwaZulu-Natal, South Africa",https://www.google.com/maps/place/?q=place_id:ChIJn_g85Yol-h4RyKh5Y2m5FXg&cid=0x1efa258ae53cf89f:0x7815b9696379a8c8
Cherry’s nails,Nail salon,"7 Proteaprag, Veld En Vlei, Richards Bay, 3900",Veld En Vlei,Richards Bay,064 683 7686,no,,,,open,-28.7348075,32.0701399,"nail salons in Richards Bay, KwaZulu-Natal, South Africa",https://www.google.com/maps/place/?q=place_id:ChIJC2gzedYj-h4RZHqJ3ErCHZY&cid=0x1efa23d67933680b:0x961dc24adc897a64
Crazy Nails by Yolandi,Nail salon,"12 Egret Estuary, Birdswood, Richards Bay, 3900",Birdswood,Richards Bay,082 076 1434,no,,5,15,open,-28.7341999,32.0819913,"nail salons in Richards Bay, KwaZulu-Natal, South Africa",https://www.google.com/maps/place/?q=place_id:ChIJ4QLbCRkj-h4RWkYINpDni94&cid=0x1efa231909db02e1:0xde8be7903608465a
Lemon Tree Nail & Beauty Studio,Nail salon,"Warbler Walk, Birdswood, Richards Bay, 3900",Birdswood,Richards Bay,083 454 8019,no,,4.8,9,open,-28.7454616,32.0782652,"nail salons in Richards Bay, KwaZulu-Natal, South Africa",https://www.google.com/maps/place/?q=place_id:ChIJ5cjjHjQj-h4RI9To3RXSfps&cid=0x1efa23341ee3c8e5:0x9b7ed215dde8d423
Sthe Nails & Planet Nails Products,Nail salon,"Shop D2, Promenade Building, 24 Lira Link, Richards Bay Central, Richards Bay, 3900",Richards Bay Central,Richards Bay,078 880 3348,yes,http://www.planetnails.co.za/,3.5,24,open,-28.7537909,32.0520853,"nail salons in Richards Bay, KwaZulu-Natal, South Africa",https://www.google.com/maps/place/?q=place_id:ChIJKeGETTwj-h4RymPLgwoKaJU&cid=0x1efa233c4d84e129:0x95680a0a83cb63ca
Gentle Hearts School,Nursery school,"Empangeni Central, Empangeni, 3880",,,082 722 4824,yes,https://www.gentlehearts.co.za/,5.0,2,open,-28.7352545,31.8946117,"creche and daycare in Richards Bay, KwaZulu-Natal, South Africa",https://www.google.com/maps/place/Gentle+Hearts+School/data=!4m7!3m6!1s0x1efa11a8241c2f65:0x14941e23dec780fd!8m2!3d-28.7352545!4d31.8946117!16s%2Fg%2F11q95g0fjm!19sChIJZS8cJKgR-h4R_YDH3iMelBQ
Grannies Chrechè,Nursery school,"24 Farewell Rd, Fairview, Empangeni, 3880",,,082 337 9758,no,,3.0,2,open,-28.755675,31.892707,"creche and daycare in Richards Bay, KwaZulu-Natal, South Africa",https://www.google.com/maps/place/Grannies+Chrech%C3%A8/data=!4m7!3m6!1s0x1efa1173d99096cd:0xe00eed1597e70a05!8m2!3d-28.755675!4d31.892707!16s%2Fg%2F11fjv4_lls!19sChIJzZaQ2XMR-h4RBQrnlxXtDuA
Grantleigh Nursery School,Nursery school,"District Road P386, Mposa, KwaMbonambi, 3915",,,035 580 1581,yes,https://www.curro.co.za/schools/grantleigh-preschool/,4.4,98,open,-28.6351781,32.0546972,"creche and daycare in Richards Bay, KwaZulu-Natal, South Africa",https://www.google.com/maps/place/Grantleigh+Nursery+School/data=!4m7!3m6!1s0x1ef6f3bb490de537:0xfdaf9c2bf9b40393!8m2!3d-28.6351781!4d32.0546972!16s%2Fg%2F1tdsmn_2!19sChIJN-UNSbvz9h4RkwO0-Sucr_0
Mouse House Nursery School,Nursery school,"8 Prodigal Son, Meer En See, Richards Bay, 3901",Meer En See,Richards Bay,035 753 3874,yes,http://mouse-house.co.za/,5,2,open,-28.767555899999998,32.110633,"creche and daycare in Richards Bay, KwaZulu-Natal, South Africa",https://www.google.com/maps/place/?q=place_id:ChIJ549fPVwk-h4Rz9INLh1nWvE&cid=0x1efa245c3d5f8fe7:0xf15a671d2e0dd2cf
Oompaloompa Early Learning Centre,Nursery school,"5 Pearce Cres, Empangeni Central, Empangeni, 3880",,,072 425 0500,no,,5.0,9,open,-28.7450798,31.8925478,"creche and daycare in Richards Bay, KwaZulu-Natal, South Africa",https://www.google.com/maps/place/Oompaloompa+Early+Learning+Centre/data=!4m7!3m6!1s0x1efa10d037587809:0xdffe3112a79e77ff!8m2!3d-28.7450798!4d31.8925478!16s%2Fg%2F11f_4rpg72!19sChIJCXhYN9AQ-h4R_3eepxIx_t8
Play and Schoolroom,Nursery school,"10 Perlemoen, Meer En See, Richards Bay, 3901",Meer En See,Richards Bay,071 313 1930,yes,http://playandschoolroom.co.za/,4,1,open,-28.779722,32.1185981,"creche and daycare in Richards Bay, KwaZulu-Natal, South Africa",https://www.google.com/maps/place/?q=place_id:ChIJaZe7Gkgk-h4RGFgjnLZ9h8o&cid=0x1efa24481abb9769:0xca877db69c235818
Ting-A-Ling Nursery School,Nursery school,"18 Elweboog, Meer En See, Richards Bay, 3901",Meer En See,Richards Bay,035 753 2338,yes,http://www.ting-a-lingpreprimaryschool.co.za/wcontact.php,4,4,open,-28.7884635,32.0979308,"creche and daycare in Richards Bay, KwaZulu-Natal, South Africa",https://www.google.com/maps/place/?q=place_id:ChIJFblLVRIk-h4RYRCRzXPc_X4&cid=0x1efa2412554bb915:0x7efddc73cd911061
Dr VP Kalapdeo,Occupational medical physician,"Shop 6, 1 Peseta Parade, Richards Bay Central, Richards Bay, 3900",Richards Bay Central,Richards Bay,032 061 0406,no,,4.4,5,open,-28.7478052,32.046774299999996,"doctors general practitioners in Richards Bay, KwaZulu-Natal, South Africa",https://www.google.com/maps/place/?q=place_id:ChIJ5QtpJiUj-h4Rbg3fqNsGXjE&cid=0x1efa232526690be5:0x315e06dba8df0d6e
Nashua Zululand,Office equipment repair service,"97 Dollar Dr, CBD, Richards Bay, 3900",,,035 799 1300,no,,4.2,56,open,-28.7568054,32.0424881,"printers in Richards Bay, KwaZulu-Natal, South Africa",https://www.google.com/maps/place/Nashua+Zululand/data=!4m7!3m6!1s0x1efa2321bd37d843:0x2fa24b578b8ed619!8m2!3d-28.7568054!4d32.0424881!16s%2Fg%2F1v2f2stk!19sChIJQ9g3vSEj-h4RGdaOi1dLoi8
Daisy Business Solutions Richards Bay,Office equipment supplier,"37 Dollar Dr, Richards Bay Central, Richards Bay, 3900",,,035 789 6541,yes,https://daisysolutions.co.za/,4.9,227,open,-28.757458,32.044264,"printers in Richards Bay, KwaZulu-Natal, South Africa",https://www.google.com/maps/place/Daisy+Business+Solutions+Richards+Bay/data=!4m7!3m6!1s0x1efa23e4833f6353:0x322a81ac8ec62efa!8m2!3d-28.757458!4d32.044264!16s%2Fg%2F11rxnxtry7!19sChIJU2M_g-Qj-h4R-i7GjqyBKjI
Audio Computer World Pty Ltd,Office furniture store,"North, 54 Ceramic Curve, Alton, Richards Bay, 3900",,,035 751 1504,no,,4.3,7,open,-28.7428071,32.0369572,"furniture stores in Richards Bay, KwaZulu-Natal, South Africa",https://www.google.com/maps/place/Audio+Computer+World+Pty+Ltd/data=!4m7!3m6!1s0x1efa3cd37b226381:0xb3f1ce3e02c2a154!8m2!3d-28.7428071!4d32.0369572!16s%2Fg%2F11b6dnr8bk!19sChIJgWMie9M8-h4RVKHCAj7O8bM
Interior Office Concepts CC,Office furniture store,"13a, Ngoya Office Park, 109 Alumina Allee St, Alton, Richards Bay, 3900",,,035 789 6644,yes,http://www.interiorofficeconcepts.co.za/,4.0,4,open,-28.7495244,32.0308158,"furniture stores in Richards Bay, KwaZulu-Natal, South Africa",https://www.google.com/maps/place/Interior+Office+Concepts+CC/data=!4m7!3m6!1s0x1efa231f134556bd:0x38d3155f281d7ddd!8m2!3d-28.7495244!4d32.0308158!16s%2Fg%2F1pzscbk0w!19sChIJvVZFEx8j-h4R3X0dKF8V0zg
Mzingazi Office Park,Office space rental agency,"Mzingazi Golf Estate, Richards Bay, 3900",,,083 777 2957,yes,http://www.mzingaziofficepark.co.za/,4.6,33,open,-28.7735318,32.1009018,"estate agents in Richards Bay, KwaZulu-Natal, South Africa",https://www.google.com/maps/place/Mzingazi+Office+Park/data=!4m7!3m6!1s0x1efa2583cb2c47b1:0x18b997ed4d74c587!8m2!3d-28.7735318!4d32.1009018!16s%2Fg%2F11h_wm_591!19sChIJsUcsy4Ml-h4Rh8V0Te2XuRg
"Regus - Richards Bay, Lakeview Terraces",Office space rental agency,"Lakeview Terrace, Penny Ln, Richards Bay Central, Richards Bay, 3900",,,031 003 4635,yes,https://www.regus.com/en/za/4872?utm_source=google_uberall&utm_medium=places&utm_campaign=uberall&utm_content=uberall,4.6,24,open,-28.7527354,32.0491582,"estate agents in Richards Bay, KwaZulu-Natal, South Africa","https://www.google.com/maps/place/Regus+-+Richards+Bay,+Lakeview+Terraces/data=!4m7!3m6!1s0x1efa23234bed930f:0xebe2ea62d96d21d6!8m2!3d-28.7527354!4d32.0491582!16s%2Fg%2F11ggw8p4b9!19sChIJD5PtSyMj-h4R1iFt2WLq4us"
Waltons Richards Bay,Office supply store,"Town Square Mall, Shop22 B, Town Square Mall Cnr Bullion Blvd, Krugerrand Grv, &, Richards Bay, 3900",,,031 582 3840,yes,https://www.waltons.co.za/home?utm_source=google&utm_medium=organic&utm_campaign=local&utm_content=Richards_Bay,4.5,33,open,-28.7465154,32.0506279,"printers in Richards Bay, KwaZulu-Natal, South Africa",https://www.google.com/maps/place/Waltons+Richards+Bay/data=!4m7!3m6!1s0x1efa230bd7c3074b:0xba5756e51dcf161f!8m2!3d-28.7465154!4d32.0506279!16s%2Fg%2F11ssbsyqx9!19sChIJSwfD1wsj-h4RHxbPHeVWV7o
Dr Johann De Lange - Richards Bay,Ophthalmologist,"Suite 6, The Bay Hospital, 6 Krugerrand Grv, Richards Bay Central, Richards Bay, 3900",Richards Bay Central,Richards Bay,035 789 4430,yes,https://medicalads.net/job/dr-johann-de-lange-ophthalmologist-in-richards-bay-2/,3.2,5,open,-28.7495044,32.0502021,"optometrists in Richards Bay, KwaZulu-Natal, South Africa",https://www.google.com/maps/place/?q=place_id:ChIJzTLyijsj-h4RlE7JtUAhbbI&cid=0x1efa233b8af232cd:0xb26d2140b5c94e94
Practice of Dr Singh - Eye Specialist,Ophthalmologist,"Room 115, Melomed Hospital, Cnr N2 &, John Ross Hwy, Richards Bay",,Richards Bay,035 772 1631,no,,4.4,5,open,-28.7703982,31.934800499999998,"optometrists in Richards Bay, KwaZulu-Natal, South Africa",https://www.google.com/maps/place/?q=place_id:ChIJXTyGtNcQ-h4RB-VWKJTwUUs&cid=0x1efa10d7b4863c5d:0x4b51f0942856e507
Gerhard Prinsloo Optometrist,Optometrist,"Shop 9, Town Square Mall City Centre, Richards Bay, 3900",Richards Bay Central,Richards Bay,035 068 0992,yes,http://www.gprinsloo.co.za/,4.9,85,open,-28.7465874,32.051203099999995,"optometrists in Richards Bay, KwaZulu-Natal, South Africa",https://www.google.com/maps/place/?q=place_id:ChIJcwrKFykj-h4Rm8NA5_aHckE&cid=0x1efa232917ca0a73:0x417287f6e740c39b
MBUYISELO OPTOMETRIST,Optometrist,"Shop 19, Old Shoprite Centre, Checkers Centre, Between PEP & Ackerman, 53 Bullion Blvd, Richards Bay, 3900",Richards Bay Central,Richards Bay,081 427 6909,no,,3.7,3,open,-28.7509907,32.048775,"optometrists in Richards Bay, KwaZulu-Natal, South Africa",https://www.google.com/maps/place/?q=place_id:ChIJNyrzy8Mj-h4RV9JfeHI76Vg&cid=0x1efa23c3cbf32a37:0x58e93b72785fd257
Mellins i.Style Richardsbay,Optometrist,"Shop U57, Boardwalk Inkwazi Centre, Bullion Boulevard, Richardsbay, 3900",Richards Bay Central,Richardsbay,035 789 4742,yes,http://www.mellins.co.za/,4.1,14,open,-28.7545486,32.0498498,"optometrists in Richards Bay, KwaZulu-Natal, South Africa",https://www.google.com/maps/place/?q=place_id:ChIJI14opTwj-h4Rw1adGCCibjM&cid=0x1efa233ca5285e23:0x336ea220189d56c3
Moffatt Optical 5 Ways Mall,Optometrist,"4 Paul Ave, Fairview, Empangeni, 3880",Fairview,Empangeni,035 792 3639,yes,https://www.moffattoptical.co.za/moffatt-optical-5-ways/,4.2,23,open,-28.757822299999997,31.901814799999997,"optometrists in Richards Bay, KwaZulu-Natal, South Africa",https://www.google.com/maps/place/?q=place_id:ChIJpUE2sTQX-h4RyhJLAiyy7ag&cid=0x1efa1734b13641a5:0xa8edb22c024b12ca
Moffatt Optical Boardwalk,Optometrist,"Shop L32/32, Boardwalk Ikwzi Centre, Richards Bay, 3900",Richards Bay Central,Richards Bay,035 789 7204,yes,https://www.moffattoptical.co.za/moffatt-optical-boardwalk/,4.1,11,open,-28.7529602,32.0501852,"optometrists in Richards Bay, KwaZulu-Natal, South Africa",https://www.google.com/maps/place/?q=place_id:ChIJ_____zsj-h4R1fLFagIzvmg&cid=0x1efa233bffffffff:0x68be33026ac5f2d5
Moffatt Optical Lakeside,Optometrist,"Shop 9, Lakeside Mall, Mark Strasse, CBD, Richards Bay, 3900",CBD,Richards Bay,035 789 3936,yes,http://moffattoptical.co.za/index.php/our-practices/moffatt-optical-lakeside-mall,2.7,7,open,-28.7540123,32.051347899999996,"optometrists in Richards Bay, KwaZulu-Natal, South Africa",https://www.google.com/maps/place/?q=place_id:ChIJb8JEDD0j-h4Rp-3TZGXfdGA&cid=0x1efa233d0c44c26f:0x6074df6564d3eda7
RA Optometrist,Optometrist,"13 Grunter Gully, Meer En See, Richards Bay, 3901",Meer En See,Richards Bay,066 014 3978,no,,5,6,open,-28.7835514,32.0973311,"optometrists in Richards Bay, KwaZulu-Natal, South Africa",https://www.google.com/maps/place/?q=place_id:ChIJow8cjpkl-h4RwviC3Ik42ls&cid=0x1efa25998e1c0fa3:0x5bda3889dc82f8c2
Selepe optometrists,Optometrist,"Shop SF, 67, 21 Tanner Rd, Kuleka, Empangeni, 3880",Kuleka,Empangeni,078 712 1964,no,,,,open,-28.7730145,31.9051194,"optometrists in Richards Bay, KwaZulu-Natal, South Africa",https://www.google.com/maps/place/?q=place_id:ChIJh6fJiFYR-h4R-xL8wsN9H8g&cid=0x1efa115688c9a787:0xc81f7dc3c2fc12fb
Sight-Setters Optometrist,Optometrist,"54 Maxwell St, Empangeni Central, Empangeni, 3880",Empangeni Central,Empangeni,035 772 3421,no,,5,3,open,-28.7436637,31.8894827,"optometrists in Richards Bay, KwaZulu-Natal, South Africa",https://www.google.com/maps/place/?q=place_id:ChIJYVsSZdoQ-h4RksgyFd-jzR8&cid=0x1efa10da65125b61:0x1fcda3df1532c892
Spec-Savers Boardwalk Inkwazi,Optometrist,"Boardwalk Inkwazi, Krugerrand Road, CBD, Richards Bay, 3900",CBD,Richards Bay,035 302 0989,yes,https://www.specsavers.co.za/store/boardwalk-inkwazi?utm_source=google&utm_medium=organic&utm_campaign=GMB&utm_content=spec-savers-boardwalk-inkwazi,4.2,25,open,-28.7546553,32.0496096,"optometrists in Richards Bay, KwaZulu-Natal, South Africa",https://www.google.com/maps/place/?q=place_id:ChIJy_7Etxcj-h4RXhQCz8JhiAM&cid=0x1efa2317b7c4fecb:0x38861c2cf02145e
Spec-Savers Empangeni,Optometrist,"Sanlam Centre Empangeni, Maxwell St, Empangeni Central, Empangeni, 3880",Empangeni Central,Empangeni,035 772 2899,yes,https://www.specsavers.co.za/store/empangeni?utm_source=google&utm_medium=organic&utm_campaign=GMB&utm_content=spec-savers-empangeni,4.5,44,open,-28.741403199999997,31.890054799999998,"optometrists in Richards Bay, KwaZulu-Natal, South Africa",https://www.google.com/maps/place/?q=place_id:ChIJdXgphdYQ-h4Rl9VjzsL9HEg&cid=0x1efa10d685297875:0x481cfdc2ce63d597
Spec-Savers Richards Bay,Optometrist,"Medical Centre, 3 Lira Link, Arboretum, Richards Bay, 3901",Arboretum,Richards Bay,035 789 8011,yes,https://www.specsavers.co.za/store/richards-bay?utm_source=google&utm_medium=organic&utm_campaign=GMB&utm_content=spec-savers-richards-bay,4.9,109,open,-28.7495464,32.0537521,"optometrists in Richards Bay, KwaZulu-Natal, South Africa",https://www.google.com/maps/place/?q=place_id:ChIJQTShlTsj-h4RG0zRizmgy8U&cid=0x1efa233b95a13441:0xc5cba0398bd14c1b
Torga Optical Richard's Bay Optometrists,Optometrist,"Shop L97b, Boardwalk Inkwazi Mall, Kruger Rand Road, Richards Bay, 3900",Richards Bay Central,Richards Bay,035 789 0548,yes,http://www.torgaoptical.co.za/,4.9,157,open,-28.754308899999998,32.0496864,"optometrists in Richards Bay, KwaZulu-Natal, South Africa",https://www.google.com/maps/place/?q=place_id:ChIJ2WTodfQj-h4Rqd-MOD2KCwM&cid=0x1efa23f475e864d9:0x30b8a3d388cdfa9
Value-Specs Richards Bay,Optometrist,"7 Richards Park, Barbados Bay, Richards Bay, 3900",Richards Bay Central,Richards Bay,035 789 8010,no,,5,17,open,-28.751638099999997,32.050114199999996,"optometrists in Richards Bay, KwaZulu-Natal, South Africa",https://www.google.com/maps/place/?q=place_id:ChIJK-MD3MEj-h4Rp6uCx6qJkYQ&cid=0x1efa23c1dc03e32b:0x849189aac782aba7
Esprit Aesthetic & Dental,Oral surgeon,"Shop 2, 19 Lira Link, Richards Bay Central, Richards Bay, 3900",Richards Bay Central,Richards Bay,079 526 5265,yes,http://www.espritdental.co.za/,4.6,9,open,-28.7522816,32.0541029,"dentists in Richards Bay, KwaZulu-Natal, South Africa",https://www.google.com/maps/place/?q=place_id:ChIJU1JB6pUj-h4RnXe05Z7Pz4k&cid=0x1efa2395ea415253:0x89cfcf9ee5b4779d
De Muelenaere Dr Karline,Orthodontist,"26 Crayfish Creek, Meer En See, Richards Bay, 3901",Meer En See,Richards Bay,035 753 1941,no,,4.9,10,open,-28.788544599999998,32.093614099999996,"dentists in Richards Bay, KwaZulu-Natal, South Africa",https://www.google.com/maps/place/?q=place_id:ChIJI_2IbA0k-h4RgRwPFm9qWI4&cid=0x1efa240d6c88fd23:0x8e586a6f160f1c81
Takealot Pickup Point Richards Bay,Package locker,"Unit 11A, Ngoya Office Park, 109 Alumina Allee St, Alton, Richards Bay, 3900",,,087 362 7500,yes,https://www.takealot.com/,4.2,165,open,-28.749524,32.0307717,"courier services in Richards Bay, KwaZulu-Natal, South Africa",https://www.google.com/maps/place/Takealot+Pickup+Point+Richards+Bay/data=!4m7!3m6!1s0x1efa2308abe97f8d:0x71089a85dd16f116!8m2!3d-28.749524!4d32.0307717!16s%2Fg%2F11ljtpyfzy!19sChIJjX_pqwgj-h4RFvEW3YWaCHE
Platinum Packaging and Industrial Supplies,Packaging supply store,"36 Dollar Dr, Richards Bay Central, Richards Bay, 3900",,,035 751 2558,yes,https://platinumpackaging.co.za/,4.1,7,open,-28.75719,32.043579,"catering services in Richards Bay, KwaZulu-Natal, South Africa",https://www.google.com/maps/place/Platinum+Packaging+and+Industrial+Supplies/data=!4m7!3m6!1s0x1efa22d6eb2abe67:0xd8ab14118381344a!8m2!3d-28.75719!4d32.043579!16s%2Fg%2F1pzxcv8zv!19sChIJZ74q69Yi-h4RSjSBgxEUq9g
Auto Paint Suppliers,Paint store,"103 Bullion Blvd, Richards Bay Central, Richards Bay, 3900",,,035 789 1565,yes,https://www.brabys.com/za/kwazulu-natal/richards-bay/automotive-paints/auto-paint-suppliers,4.4,34,open,-28.756002,32.0450254,"painters in Richards Bay, KwaZulu-Natal, South Africa",https://www.google.com/maps/place/Auto+Paint+Suppliers/data=!4m7!3m6!1s0x1efa23301cd5f7c1:0xe72abe1a3389f6!8m2!3d-28.756002!4d32.0450254!16s%2Fg%2F1pztfdjhk!19sChIJwffVHDAj-h4R9okzGr4q5wA
Dulux Paint Centre,Paint store,"71 Bullion Blvd, Richards Bay Central, Richards Bay, 3900",,,035 789 1558,yes,https://www.brabys.com/za/kwazulu-natal/richards-bay/paints/dulux-paint-centre,4.3,25,open,-28.7540525,32.046415,"painters in Richards Bay, KwaZulu-Natal, South Africa",https://www.google.com/maps/place/Dulux+Paint+Centre/data=!4m7!3m6!1s0x1efa232210d87d0f:0x2a4b6b9d783d492e!8m2!3d-28.7540525!4d32.046415!16s%2Fg%2F11b6d7d6b4!19sChIJD33YECIj-h4RLkk9eJ1rSyo
Jack's Paint & Hardware,Paint store,"148 Dollar Dr, Richards Bay Central, Richards Bay, 3900",,,035 789 1800,yes,http://www.jackspaint.co.za/,4.5,4,open,-28.751668,32.04621,"hardware stores in Richards Bay, KwaZulu-Natal, South Africa",https://www.google.com/maps/place/Jack%27s+Paint+%26+Hardware/data=!4m7!3m6!1s0x1efa232465c3fe99:0x1ecc056c75dd1aa8!8m2!3d-28.751668!4d32.04621!16s%2Fg%2F1pp2vb2bv!19sChIJmf7DZSQj-h4RqBrddWwFzB4
Paint & Tile Depot,Paint store,"154 Dollar Dr, CBD, Richards Bay, 3900",,,035 789 0153,yes,http://finishingtouches1.co.za/,4.7,56,open,-28.7524325,32.0459102,"painters in Richards Bay, KwaZulu-Natal, South Africa",https://www.google.com/maps/place/Paint+%26+Tile+Depot/data=!4m7!3m6!1s0x1efa23b2d9053bdb:0xa693cf9a3dfc9dfd!8m2!3d-28.7524325!4d32.0459102!16s%2Fg%2F11f9d5hd1f!19sChIJ2zsF2bIj-h4R_Z38PZrPk6Y
Paint And All,Paint store,"1 Chrome Cres, Kuleka, Empangeni, 3880",,,082 791 2999,no,,4.8,12,open,-28.7760446,31.8979092,"painters in Richards Bay, KwaZulu-Natal, South Africa",https://www.google.com/maps/place/Paint+And+All/data=!4m7!3m6!1s0x1efa10aa7aeb89b7:0x14aafc30075c75b9!8m2!3d-28.7760446!4d31.8979092!16s%2Fg%2F11byygf3s4!19sChIJt4nreqoQ-h4RuXVcBzD8qhQ
Paint Centre-Zululand (Pty) Ltd,Paint store,"Empangela, 35 Knutzen St, Empangeni, 3880",,,035 787 1770,no,,4.5,82,open,-28.7681136,31.9049232,"painters in Richards Bay, KwaZulu-Natal, South Africa",https://www.google.com/maps/place/Paint+Centre-Zululand+%28Pty%29+Ltd/data=!4m7!3m6!1s0x1efa17539ced0215:0xebf6e890adc7bc52!8m2!3d-28.7681136!4d31.9049232!16s%2Fg%2F1v5xgyhd!19sChIJFQLtnFMX-h4RUrzHrZDo9us
SHILOH INDUSTRIAL PAINTERS,Paint store,"11 Copper Corner, Alton, Richards Bay, 3900",,,083 301 2923,no,,,,open,-28.7560185,32.0293231,"painters in Richards Bay, KwaZulu-Natal, South Africa",https://www.google.com/maps/place/SHILOH+INDUSTRIAL+PAINTERS/data=!4m7!3m6!1s0x1efa22db73c142bf:0x815e21fe44582b87!8m2!3d-28.7560185!4d32.0293231!16s%2Fg%2F11bzvtrrjw!19sChIJv0LBc9si-h4RhytYRP4hXoE
A.C.T Painting uMhlanga,Painting,,,,0860 777 190,yes,https://actpainting.co.za/,4.9,53,open,-29.7345654,31.064722,"painters in Richards Bay, KwaZulu-Natal, South Africa",https://www.google.com/maps/place/A.C.T+Painting+uMhlanga/data=!4m7!3m6!1s0x1ef7075983536d6b:0xb64ee972e39f3fcc!8m2!3d-29.7345654!4d31.064722!16s%2Fg%2F11b6t3g42c!19sChIJa21Tg1kH9x4RzD-f43LpTrY
Dot Za Painting Services (Pty) Ltd,Painting,,,,063 208 4863,yes,https://fantasticsofa94.github.io/DOTZA/,5.0,9,open,-29.31064,31.538054,"painters in Richards Bay, KwaZulu-Natal, South Africa",https://www.google.com/maps/place/Dot+Za+Painting+Services+%28Pty%29+Ltd/data=!4m7!3m6!1s0x25cae58bfef77199:0x89f04b475f4ac7a9!8m2!3d-29.31064!4d31.538054!16s%2Fg%2F11kqnz1hq8!19sChIJmXH3_ovlyiURqcdKX0dL8Ik
Lucky's brush painter,Painting,"woodpecker, Richards Bay, 3900",,,066 579 0187,no,,,,open,-28.7401206,32.07451,"painters in Richards Bay, KwaZulu-Natal, South Africa",https://www.google.com/maps/place/Lucky%27s+brush+painter/data=!4m7!3m6!1s0x1efa25b490413b35:0x7e024f940a912cb5!8m2!3d-28.7401206!4d32.07451!16s%2Fg%2F11thfx3nw4!19sChIJNTtBkLQl-h4RtSyRCpRPAn4
SIYA AND NKAZI PAINTING SERVICES,Painting,"L1719, Esikhawini, 3887",,,068 462 4124,yes,http://web.facebook.com/profile.php?id=100074053695638,,,open,-28.826476,31.9466733,"painters in Richards Bay, KwaZulu-Natal, South Africa",https://www.google.com/maps/place/SIYA+AND+NKAZI+PAINTING+SERVICES/data=!4m7!3m6!1s0x1efa193a46b700cf:0x9532b06a79e05a71!8m2!3d-28.826476!4d31.9466733!16s%2Fg%2F11k51t7mrc!19sChIJzwC3RjoZ-h4RcVrgeWqwMpU
BIRTHMAC CONSTRUCTION,Paving contractor,"55 Olienhoutkoppie, Arboretum, Richards Bay, 3900",,,078 018 0148,yes,http://birthmacconstruction.com/,4.6,7,open,-28.7659873,32.0696339,"building contractors in Richards Bay, KwaZulu-Natal, South Africa",https://www.google.com/maps/place/BIRTHMAC+CONSTRUCTION/data=!4m7!3m6!1s0x1efa3d067b243e87:0xa2af23c2e923d57b!8m2!3d-28.7659873!4d32.0696339!16s%2Fg%2F11pcwgf87d!19sChIJhz4kewY9-h4Re9Uj6cIjr6I
Liyintokozo Paving,Paving contractor,,,,079 730 5850,yes,https://www.facebook.com/share/1Tdapi9PQx/?mibextid=LQQJ4d,,,open,-28.7785855,31.98598,"paving contractors in Richards Bay, KwaZulu-Natal, South Africa",https://www.google.com/maps/place/Liyintokozo+Paving/data=!4m7!3m6!1s0x2e12a9ded4fc1a59:0x6a58e736505e6e4e!8m2!3d-28.7785855!4d31.98598!16s%2Fg%2F11y86vp6p0!19sChIJWRr81N6pEi4RTm5eUDbnWGo
Mr MAINTENANCE,Paving contractor,"15 Fucus Fen, Aquadene, Richards Bay, 3900",Aquadene,Richards Bay,073 262 7697,no,,,,open,-28.7143937,32.0385853,"paving contractors in Richards Bay, KwaZulu-Natal, South Africa",https://www.google.com/maps/place/?q=place_id:ChIJx0DARy49-h4Rqh8NaiL2-2I&cid=0x1efa3d2e47c040c7:0x62fbf6226a0d1faa
NK Projects (PTY) LTD,Paving contractor,"Bulbul Bend, Birdswood, Richards Bay, 3900",Birdswood,Richards Bay,071 955 5653,no,,,,open,-28.735720999999998,32.079749,"paving contractors in Richards Bay, KwaZulu-Natal, South Africa",https://www.google.com/maps/place/?q=place_id:ChIJZQa_Bbol-h4RJBlwhVnQsGM&cid=0x1efa25ba05bf0665:0x63b0d05985701924
Power Pave,Paving contractor,"Loodvislyn, Meer En See, Richards Bay, 3901",,,079 628 0401,no,,5.0,2,open,-28.774174,32.116611,"landscaping and garden services in Richards Bay, KwaZulu-Natal, South Africa",https://www.google.com/maps/place/Power+Pave/data=!4m7!3m6!1s0x1efa244594561fc5:0xfbd47765c3023fe9!8m2!3d-28.774174!4d32.116611!16s%2Fg%2F11b6dnz175!19sChIJxR9WlEUk-h4R6T8Cw2V31Ps
THE PAVING SPECIALIST,Paving contractor,"3 Copper Corner, Alton, Richards Bay, 3900",Alton,Richards Bay,082 825 5109,yes,https://www.thepavingspecialist.co.za/,4.8,10,open,-28.754766699999998,32.0269219,"paving contractors in Richards Bay, KwaZulu-Natal, South Africa",https://www.google.com/maps/place/?q=place_id:ChIJU3O51Noi-h4RGUkOrnMQnR0&cid=0x1efa22dad4b97353:0x1d9d1073ae0e4919
Bay Paving & Concrete,Paving materials supplier,"33 Dollar Dr, CBD, Richards Bay, 3900",,,035 004 0174,yes,http://baypaving.co.za/,4.0,13,open,-28.756638,32.044611,"landscaping and garden services in Richards Bay, KwaZulu-Natal, South Africa",https://www.google.com/maps/place/Bay+Paving+%26+Concrete/data=!4m7!3m6!1s0x1efa22d71bda09bb:0xabe66a0624dba32b!8m2!3d-28.756638!4d32.044611!16s%2Fg%2F11f733c6y8!19sChIJuwnaG9ci-h4RK6PbJAZq5qs
ProPave,Paving materials supplier,"3 Copper Corner, Alton, Richards Bay, 3900",,,082 825 5109,yes,https://www.propave.co.za/,3.7,3,open,-28.754687,32.0268291,"landscaping and garden services in Richards Bay, KwaZulu-Natal, South Africa",https://www.google.com/maps/place/ProPave/data=!4m7!3m6!1s0x1efa22dad6af6063:0xf18eeb454c731492!8m2!3d-28.754687!4d32.0268291!16s%2Fg%2F11hhz4kx39!19sChIJY2Cv1toi-h4RkhRzTEXrjvE
Bhomane Pest Control Solutions,Pest control service,"1129 Office No.12, Hluhluwe mall, Mtubatuba, 3935",,,083 543 4248,no,,,,open,-28.4059334,32.2143323,"pest control in Richards Bay, KwaZulu-Natal, South Africa",https://www.google.com/maps/place/Bhomane+Pest+Control+Solutions/data=!4m7!3m6!1s0x1efa4f9c1f74a2cd:0x7acc5196f01e2e3a!8m2!3d-28.4059334!4d32.2143323!16s%2Fg%2F11zh914pc6!19sChIJzaJ0H5xP-h4ROi4e8JZRzHo
CHEMICALIST MTIMANDE,Pest control service,"Ntshingimpisi, street, Richards Bay, 3901",street,Richards Bay,068 456 1932,no,,,,open,-28.776820999999998,32.112146599999996,"pest control in Richards Bay, KwaZulu-Natal, South Africa",https://www.google.com/maps/place/?q=place_id:ChIJE-nU8Bgl-h4Rfoi7peIddNs&cid=0x1efa2518f0d4e913:0xdb741de2a5bb887e
Dorine Pest Control,Pest control service,"msasandla, Ngwelezane Rd, Empangeni, 3880",,Empangeni,071 983 9191,no,,,,open,-28.7780159,31.8813769,"pest control in Richards Bay, KwaZulu-Natal, South Africa",https://www.google.com/maps/place/?q=place_id:ChIJ5TgTXW8R-h4RdSqYDqQS3jQ&cid=0x1efa116f5d1338e5:0x34de12a40e982a75
EyabantuChem Pty Ltd,Pest control service,"Dumisane Makhaye Village, 12021 Insimba Street, Empangeni, 3880",,Empangeni,079 428 2135,no,,5,3,open,-28.7745671,31.8772836,"pest control in Richards Bay, KwaZulu-Natal, South Africa",https://www.google.com/maps/place/?q=place_id:ChIJeeBNjGER-h4RSYA8qyASmHA&cid=0x1efa11618c4de079:0x70981220ab3c8049
Fikelela Isidingo,Pest control service,"No. 27 John Ross Hwy, Arboretum, Richards Bay, 3900",Arboretum,Richards Bay,073 889 9339,no,,,,open,-28.7701571,32.0372397,"pest control in Richards Bay, KwaZulu-Natal, South Africa",https://www.google.com/maps/place/?q=place_id:ChIJNwY0seIi-h4RQ6p3oWkKPic&cid=0x1efa22e2b1340637:0x273e0a69a177aa43
Global Integral Hygiene Pty Ltd,Pest control service,"ward 13, Empembeni reserve, Esikhawini, Richards Bay, 3887",Esikhawini,Richards Bay,081 747 0950,no,,5,2,open,-28.8623688,31.981020299999997,"pest control in Richards Bay, KwaZulu-Natal, South Africa",https://www.google.com/maps/place/?q=place_id:ChIJbal21BMf-h4RKDm41nYuqko&cid=0x1efa1f13d476a96d:0x4aaa2e76d6b83928
Infestek Maintenance and Services PTY (LTD),Pest control service,"6 Perlemoen, Meer En See, Richards Bay, 3901",Meer En See,Richards Bay,078 008 6279,yes,https://www.facebook.com/infestekmaintenanceandservices/,5,4,open,-28.7800844,32.1180258,"pest control in Richards Bay, KwaZulu-Natal, South Africa",https://www.google.com/maps/place/?q=place_id:ChIJv623GHcl-h4R2_gTSnLpqJw&cid=0x1efa257718b7adbf:0x9ca8e9724a13f8db
Interpest SA,Pest control service,"18b Hoopoe Hide Away, Birdswood, Richards Bay, 3900",,,083 781 9612,yes,http://www.interpestsa.co.za/,4.5,24,open,-28.73349,32.08479,"cleaning services in Richards Bay, KwaZulu-Natal, South Africa",https://www.google.com/maps/place/Interpest+SA/data=!4m7!3m6!1s0x1efa23c52ac9e769:0xe0dd010a5675cbc2!8m2!3d-28.73349!4d32.08479!16s%2Fg%2F11f767zjym!19sChIJaefJKsUj-h4Rwst1VgoB3eA
Mtuba Pest Control,Pest control service,"175, Jacaranda Ave, Mtubatuba, 3935",,,035 550 2007,yes,http://mtubapestcontrol.co.za/,4.8,5,open,-28.4269583,32.1893416,"pest control in Richards Bay, KwaZulu-Natal, South Africa",https://www.google.com/maps/place/Mtuba+Pest+Control/data=!4m7!3m6!1s0x1efa4f69c831be31:0xf22018307baca98f!8m2!3d-28.4269583!4d32.1893416!16s%2Fg%2F11fnps7g71!19sChIJMb4xyGlP-h4Rj6msezAYIPI
NC Pest and Hygiene,Pest control service,"Mzingazi Manors, 21, Meer En See, Richards Bay, 3900",Meer En See,Richards Bay,081 815 0207,yes,https://www.ncpestandhygiene.co.za/,,,open,-28.776820999999998,32.112146599999996,"pest control in Richards Bay, KwaZulu-Natal, South Africa",https://www.google.com/maps/place/?q=place_id:ChIJDRgV7oYl-h4R4Wz9d3cFr04&cid=0x1efa2586ee15180d:0x4eaf057777fd6ce1
Rentokil Initial (Pty) Ltd,Pest control service,"3 Nickel St, Kuleka, Empangeni, 3880",Kuleka,Empangeni,084 811 5805,no,,3.3,4,open,-28.7747469,31.8919607,"pest control in Richards Bay, KwaZulu-Natal, South Africa",https://www.google.com/maps/place/?q=place_id:ChIJEUKC86gQ-h4RMdkYjjlY8TE&cid=0x1efa10a8f3824211:0x31f158398e18d931
Site Serve Services,Pest control service,"23 Quibeba, Arboretum, Richards Bay, 3900",,,035 789 2157,yes,http://www.siteserveservices.co.za/pages/contacts.aspx,5.0,3,open,-28.7656148,32.067148,"cleaning services in Richards Bay, KwaZulu-Natal, South Africa",https://www.google.com/maps/place/Site+Serve+Services/data=!4m7!3m6!1s0x1efa23717bd78f03:0x81f70f10eaa4a2b2!8m2!3d-28.7656148!4d32.067148!16s%2Fg%2F1pzxt8s9k!19sChIJA4_Xe3Ej-h4RsqKk6hAP94E
Supercare Services Group (Pty) Ltd,Pest control service,"130 Alumina Allee St, Alton, Richards Bay",,,,no,,,,open,-28.73601,32.03761,"pest control in Richards Bay, KwaZulu-Natal, South Africa",https://www.google.com/maps/place/Supercare+Services+Group+%28Pty%29+Ltd/data=!4m7!3m6!1s0x1efa3d2a7ab036af:0x4eae8601e16533b2!8m2!3d-28.73601!4d32.03761!16s%2Fg%2F11j00s8tq1!19sChIJrzaweio9-h4RsjNl4QGGrk4
The Specialists - Pest Control Zululand,Pest control service,"18 Musselcracker, Meer En See, Richards Bay, 3900",Meer En See,Richards Bay,035 789 2336,yes,http://www.zululandpest.co.za/,5,58,open,-28.7793414,32.1137662,"pest control in Richards Bay, KwaZulu-Natal, South Africa",https://www.google.com/maps/place/?q=place_id:ChIJQzhY9qYl-h4RUycjh6oMFOw&cid=0x1efa25a6f6583843:0xec140caa87232753
Titan Pest Control,Pest control service,"11 Platina Pl, Platina Rd, Kuleka, Empangeni, 3880",Kuleka,Empangeni,035 787 0338,yes,http://www.titanpestcontrol.co.za/,3.7,3,open,-28.773816,31.891047999999998,"pest control in Richards Bay, KwaZulu-Natal, South Africa",https://www.google.com/maps/place/?q=place_id:ChIJA_e-oqgQ-h4RQlcT0oaGLBo&cid=0x1efa10a8a2bef703:0x1a2c8686d2135742
Vital Pest Control,Pest control service,,,,035 789 9695,no,,3.7,3,open,-27.989538,31.66811,"pest control in Richards Bay, KwaZulu-Natal, South Africa",https://www.google.com/maps/place/Vital+Pest+Control/data=!4m7!3m6!1s0x1efa256fafdb65cb:0x239b6863416f29b0!8m2!3d-27.989538!4d31.66811!16s%2Fg%2F11g0yxg_cs!19sChIJy2Xbr28l-h4RsClvQWNomyM
Zakhele pest control,Pest control service,"D880 Matshana, Empangeni, 3880",,Empangeni,071 933 4895,yes,https://brand.site/Zakhelepestcontrol,,,open,-28.755240599999997,31.8653522,"pest control in Richards Bay, KwaZulu-Natal, South Africa",https://www.google.com/maps/place/?q=place_id:ChIJ8es14pwR-h4RPDk-e5z97K4&cid=0x1efa119ce235ebf1:0xaeecfd9c7b3e393c
Zululand Pest Control,Pest control service,"18 Addison St, CBD, Empangeni, 3880",CBD,Empangeni,035 772 4091,yes,http://www.zululandpestcontrol.com/,3.7,26,open,-28.738135699999997,31.8931583,"pest control in Richards Bay, KwaZulu-Natal, South Africa",https://www.google.com/maps/place/?q=place_id:ChIJ34GDANcQ-h4RVBe3YPsNG5g&cid=0x1efa10d7008381df:0x981b0dfb60b71754
Tail Waggers,Pet groomer,"79 Mackerel, Meer En See, Richards Bay, 3900",Meer En See,Richards Bay,066 203 3412,no,,4.7,40,open,-28.7764775,32.1163619,"pet shops in Richards Bay, KwaZulu-Natal, South Africa",https://www.google.com/maps/place/?q=place_id:ChIJs8XVl0wj-h4Rl6eQDc0gyV0&cid=0x1efa234c97d5c5b3:0x5dc920cd0d90a797
Petshop Science Boardwalk Richards bay,Pet store,"Shop U15, Boardwalk Inkwazi Shopping Centre, Mark Strasse, Richards Bay Central, Richards Bay, 3900",Richards Bay Central,Richards Bay,035 901 9435,yes,https://www.checkers.co.za/merchandised-page/petshop-science-67f6572cf3046029a39f8cb1,4.3,7,open,-28.753069999999997,32.050329999999995,"pet shops in Richards Bay, KwaZulu-Natal, South Africa",https://www.google.com/maps/place/?q=place_id:ChIJJxypP78j-h4RmkJqhSewy2E&cid=0x1efa23bf3fa91c27:0x61cbb027856a429a
Petshop Science Prince Buthelezi Mall,Pet store,"Prince Buthelezi Mall, R102, Grantham Highway, Empangeni, 3920",Grantham Highway,Empangeni,035 796 8630,yes,https://www.checkers.co.za/merchandised-page/petshop-science-67f6572cf3046029a39f8cb1,,,open,-28.761937,31.910783,"pet shops in Richards Bay, KwaZulu-Natal, South Africa",https://www.google.com/maps/place/?q=place_id:ChIJbfd2Pz0X-h4RMxS2sKd7vCs&cid=0x1efa173d3f76f76d:0x2bbc7ba7b0b61433
Reef River Reptile,Pet store,"JBV building, 75 Dollar Dr, Alton, Richards Bay, 3900",Alton,Richards Bay,060 480 5750,no,,4.8,30,open,-28.759725699999997,32.041094099999995,"pet shops in Richards Bay, KwaZulu-Natal, South Africa",https://www.google.com/maps/place/?q=place_id:ChIJL-GaV5E_-h4RD0fTwFeIXBc&cid=0x1efa3f91579ae12f:0x175c8857c0d3470f
Richards Bay Pet Shop,Pet store,,,,064 559 3742,yes,https://richardsbaypetshop.com/,5.0,4,open,-34.6283864,27.2516952,"pet shops in Richards Bay, KwaZulu-Natal, South Africa",https://www.google.com/maps/place/Richards+Bay+Pet+Shop/data=!4m7!3m6!1s0x1efa2340d401eb2b:0xccedeb9e4483e87d!8m2!3d-34.6283864!4d27.2516952!16s%2Fg%2F11z83gscpn!19sChIJK-sB1EAj-h4RfeiDRJ7r7cw
The Out Post Pet Shop,Pet store,"6 Mark Strasse Shop 11A Lakeside Mall Corner of Lira Link, Mark Strasse, CBD, Richards Bay, 3900",CBD,Richards Bay,071 249 5394,no,,3.3,6,open,-28.754861899999998,32.052161,"pet shops in Richards Bay, KwaZulu-Natal, South Africa",https://www.google.com/maps/place/?q=place_id:ChIJG-zLlBcj-h4RTU5ZjG3jyUQ&cid=0x1efa231794cbec1b:0x44c9e36d8c594e4d
Tropical Pets Kzn and Fishing Tackle Pty Ltd,Pet store,,,,069 631 7353,no,,3.3,18,open,-30.2689999,26.1920324,"pet shops in Richards Bay, KwaZulu-Natal, South Africa",https://www.google.com/maps/place/Tropical+Pets+Kzn+and+Fishing+Tackle+Pty+Ltd/data=!4m7!3m6!1s0x1efa235e1cc7924f:0xdc74da7722805385!8m2!3d-30.2689999!4d26.1920324!16s%2Fg%2F11qnhc9fpy!19sChIJT5LHHF4j-h4RhVOAInfadNw
Umfula Aquatics,Pet store,"Richards Bay Central, Richards Bay, 3900",Richards Bay Central,Richards Bay,064 559 3742,no,,,,open,-28.750175499999997,32.0553349,"pet shops in Richards Bay, KwaZulu-Natal, South Africa",https://www.google.com/maps/place/?q=place_id:ChIJKZqxESwj-h4RnjvY8Cz5thA&cid=0x1efa232c11b19a29:0x10b6f92cf0d83b9e
Crazy Pets Richards Bay,Pet supply store,"Shop 7, Town Square Cnr Bullion Boulevard &, Krugerrand Grv, Richards Bay, 3900",Richards Bay Central,Richards Bay,035 789 1875,yes,https://crazypets.co.za/,4.4,189,open,-28.746639599999998,32.0514103,"pet shops in Richards Bay, KwaZulu-Natal, South Africa",https://www.google.com/maps/place/?q=place_id:ChIJ06KS6isj-h4REBE3lv5OuV0&cid=0x1efa232bea92a2d3:0x5db94efe96371110
Petzone Empangeni (Central Park),Pet supply store,"Central Park Centre Cnr Frank Bull & Old Main Road, Empangeni, 3920",Fairview,Empangeni,010 005 5745,yes,https://www.petzone.co.za/,3.5,8,open,-28.754307599999997,31.8966602,"pet shops in Richards Bay, KwaZulu-Natal, South Africa",https://www.google.com/maps/place/?q=place_id:ChIJKbtR6zAR-h4R2nOvwj1Y7bU&cid=0x1efa1130eb51bb29:0xb5ed583dc2af73da
Petzone Marlin Mall,Pet supply store,"Marlin Mall, Meer En See, Richards Bay, 3901",Meer En See,Richards Bay,031 003 7305,yes,https://www.petzone.co.za/,4.5,6,open,-28.783318899999998,32.101407,"pet shops in Richards Bay, KwaZulu-Natal, South Africa",https://www.google.com/maps/place/?q=place_id:ChIJo0paDi8l-h4Rta29v_g9C_k&cid=0x1efa252f0e5a4aa3:0xf90b3df8bfbdadb5
Clicks Pharmacy Richards Bay,Pharmacy,"Bullion Blvd, Richards Bay Central, Richards Bay, 3900",,,035 789 7228,yes,https://clicks.co.za/,3.5,37,open,-28.7554815,32.0488839,"pest control in Richards Bay, KwaZulu-Natal, South Africa",https://www.google.com/maps/place/Clicks+Pharmacy+Richards+Bay/data=!4m7!3m6!1s0x1efa232528888d83:0x1016816966d57870!8m2!3d-28.7554815!4d32.0488839!16s%2Fg%2F11b5yqys7m!19sChIJg42IKCUj-h4RcHjVZmmBFhA
Clicks The Bay NC,Pharmacy,"Netcare The Bay Hospital, Krugerrand Grv, Richards Bay Central, Richards Bay, 3900",,,035 780 6149,yes,https://clicks.co.za/,5.0,3,open,-28.7501998,32.0530597,"pest control in Richards Bay, KwaZulu-Natal, South Africa",https://www.google.com/maps/place/Clicks+The+Bay+NC/data=!4m7!3m6!1s0x1efa233b90e9b353:0x33f28bc7b2b7b4e0!8m2!3d-28.7501998!4d32.0530597!16s%2Fg%2F11dxd3vzqw!19sChIJU7PpkDsj-h4R4LS3sseL8jM
Kit's Photos CC,Photo lab,"43 Boardwalk Ctr, Krugerrand Rd, Arboretum, Richards Bay, 3900",,,083 232 6578,no,,2.5,2,open,-28.75206,32.05053,"photographers in Richards Bay, KwaZulu-Natal, South Africa",https://www.google.com/maps/place/Kit%27s+Photos+CC/data=!4m7!3m6!1s0x1efa233ca5285e23:0x3890a50666dfcd36!8m2!3d-28.75206!4d32.05053!16s%2Fg%2F1pzxq30kn!19sChIJI14opTwj-h4RNs3fZgalkDg
Kit's Photo,Photo shop,"Shop U06/7,, The Boardwalk Shopping Centre,, Richards Bay Central, Richards Bay, 3900",,,035 789 7461,yes,http://www.kitsphoto.co.za/,2.5,32,open,-28.7554832,32.0487384,"printers in Richards Bay, KwaZulu-Natal, South Africa",https://www.google.com/maps/place/Kit%27s+Photo/data=!4m7!3m6!1s0x1efa2322c42ef9a7:0xb9e4c5cc2be325af!8m2!3d-28.7554832!4d32.0487384!16s%2Fg%2F11g6_72hq6!19sChIJp_kuxCIj-h4RryXjK8zF5Lk
Abigail Smith Photography Newborn Maternity Family,Photographer,"20 Anthony Cres, Fairview, Empangeni, 3880",Fairview,Empangeni,083 626 9262,yes,http://www.abigailsmithphotography.co.za/,5,70,open,-28.7522107,31.8992649,"photographers in Richards Bay, KwaZulu-Natal, South Africa",https://www.google.com/maps/place/?q=place_id:ChIJ-VxvAssQ-h4RqplFMiRmb5E&cid=0x1efa10cb026f5cf9:0x916f6624324599aa
BayClix Photographic Studio & Framing,Photographer,"Tasselberry Road, Richards Bay, 3900",,,035 789 9453,no,,,,open,-28.753899,32.054457,"photographers in Richards Bay, KwaZulu-Natal, South Africa",https://www.google.com/maps/place/BayClix+Photographic+Studio+%26+Framing/data=!4m7!3m6!1s0x1efa233dc4f503e1:0xf1d017fbd0a7acc6!8m2!3d-28.753899!4d32.054457!16s%2Fg%2F1hf2p9f32!19sChIJ4QP1xD0j-h4Rxqyn0PsX0PE
CASW ART GALLERY,Photographer,,,,073 671 7094,no,,5.0,13,open,-34.6283864,27.2516952,"photographers in Richards Bay, KwaZulu-Natal, South Africa",https://www.google.com/maps/place/CASW+ART+GALLERY/data=!4m7!3m6!1s0x225c5178cde0f305:0xda820f9df71ca89d!8m2!3d-34.6283864!4d27.2516952!16s%2Fg%2F11ssqf2285!19sChIJBfPgzXhRXCIRnagc950Pgto
Elysian Photography,Photographer,"6 Badenhorst St, Panorama, Empangeni, 3880",Panorama,Empangeni,081 489 6443,yes,http://www.elysianphotography.co.za/,5,87,open,-28.751465,31.884303,"photographers in Richards Bay, KwaZulu-Natal, South Africa",https://www.google.com/maps/place/?q=place_id:ChIJWcH8rI4R-h4RoOABvj-QV3w&cid=0x1efa118eacfcc159:0x7c57903fbe01e0a0
Just Shoot Me In Studio,Photographer,"13 Wagtail Walk, Birdswood, Richards Bay, 3900",Birdswood,Richards Bay,073 242 7364,no,,,,open,-28.7425119,32.0740239,"photographers in Richards Bay, KwaZulu-Natal, South Africa",https://www.google.com/maps/place/?q=place_id:ChIJoxsFI0Ij-h4Rd41zVmupS6c&cid=0x1efa234223051ba3:0xa74ba96b56738d77
KZN MEDIA GROUP (PTY) LTD,Photographer,,,,076 553 8911,yes,https://kznmediagroup.mypixieset.com/,5.0,19,open,-29.734708,25.2308744,"photographers in Richards Bay, KwaZulu-Natal, South Africa",https://www.google.com/maps/place/KZN+MEDIA+GROUP+%28PTY%29+LTD/data=!4m7!3m6!1s0xb9a785d9903e44f:0x3e0ae862f44a3ea4!8m2!3d-29.734708!4d25.2308744!16s%2Fg%2F11z5_gkt3_!19sChIJT-QDmV14mgsRpD5K9GLoCj4
Latash Photography (Pty) Ltd,Photographer,"28 Bontebokboog, Wild En Weide, Richards Bay, 3900",Wild En Weide,Richards Bay,071 915 4145,yes,http://www.latashphotography.co.za/,3.9,15,open,-28.734324299999997,32.044523999999996,"photographers in Richards Bay, KwaZulu-Natal, South Africa",https://www.google.com/maps/place/?q=place_id:ChIJM4KyMhEj-h4RAkyL7kA3t1o&cid=0x1efa231132b28233:0x5ab73740ee8b4c02
Nixography Photography,Photographer,"4 Gardenia Grove, Arboretum, Richards Bay, 3900",Arboretum,Richards Bay,079 912 5498,yes,https://www.facebook.com/518096061701529/photos/p.1315427775301683/1315427775301683/,4.9,15,open,-28.753821,32.067037,"photographers in Richards Bay, KwaZulu-Natal, South Africa",https://www.google.com/maps/place/?q=place_id:ChIJhzoEKoIj-h4RyJq5M0vLtJM&cid=0x1efa23822a043a87:0x93b4cb4b33b99ac8
Pauline Hibbert Photography,Photographer,"16 Naboomnek, Arboretum, Richards Bay, 3900",,,072 012 6989,no,,,,open,-28.765452,32.0758124,"photographers in Richards Bay, KwaZulu-Natal, South Africa",https://www.google.com/maps/place/Pauline+Hibbert+Photography/data=!4m7!3m6!1s0x1efa23367618478f:0xa76a451094301acf!8m2!3d-28.765452!4d32.0758124!16s%2Fg%2F11f7sy7fcv!19sChIJj0cYdjYj-h4RzxowlBBFaqc
Photo Phactory,Photographer,,,,065 832 8977,no,,5.0,3,open,-34.6283864,27.2516952,"photographers in Richards Bay, KwaZulu-Natal, South Africa",https://www.google.com/maps/place/Photo+Phactory/data=!4m7!3m6!1s0x1efa3d1889727563:0x41983000d2a647b4!8m2!3d-34.6283864!4d27.2516952!16s%2Fg%2F11f9vyj28b!19sChIJY3VyiRg9-h4RtEem0gAwmEE
SG PHOTOGRAPHY,Photographer,"Metica Moon, Richards Bay Central, Richards Bay, 3900",,,073 668 5049,no,,,,open,-28.7531255,32.0477195,"photographers in Richards Bay, KwaZulu-Natal, South Africa",https://www.google.com/maps/place/SG+PHOTOGRAPHY/data=!4m7!3m6!1s0x1efa23e0fba94ead:0xb769d201357c56af!8m2!3d-28.7531255!4d32.0477195!16s%2Fg%2F11lnp17bcr!19sChIJrU6p--Aj-h4Rr1Z8NQHSabc
SIMON PHOTOPRENUIRSHIP (PTY)LTD,Photographer,"24 Nkoninga Rd, Birdswood, Richards Bay, 3900",Birdswood,Richards Bay,084 333 3634,no,,4.8,15,open,-28.7396015,32.0756414,"photographers in Richards Bay, KwaZulu-Natal, South Africa",https://www.google.com/maps/place/?q=place_id:ChIJebktUHgj-h4Ra95DOCHfx_A&cid=0x1efa2378502db979:0xf0c7df213843de6b
Timaybilde The photographer (STUDIO),Photographer,"PRIVATE BAG X8546 ESIKHAWINI, Richards Bay, 3887",,Richards Bay,065 667 3252,yes,https://files.fm/Eworldpublishers?return-to-catalog=,5,2,open,-28.825618,31.945361799999997,"photographers in Richards Bay, KwaZulu-Natal, South Africa",https://www.google.com/maps/place/?q=place_id:ChIJcaKTrGYZ-h4RS7_NMIq_ky0&cid=0x1efa1966ac93a271:0x2d93bf8a30cdbf4b
Verbal Photography,Photographer,"J1, Iqhina St, Esikhawini H, Richards Bay, 3887",,,078 519 1101,no,,5.0,2,open,-28.8883412,31.8918871,"photographers in Richards Bay, KwaZulu-Natal, South Africa",https://www.google.com/maps/place/Verbal+Photography/data=!4m7!3m6!1s0x1efa1d98da708389:0x3abcf27cbd3fe78!8m2!3d-28.8883412!4d31.8918871!16s%2Fg%2F11j4yxmdm9!19sChIJiYNw2pgd-h4ReP7TyyfPqwM
ki media photography,Photographer,"10 Delonix Dune, Arboretum, Richards Bay, 3900",Arboretum,Richards Bay,082 469 6375,yes,https://www.google.com/search?q=ki+media+photography&stick=H4sIAAAAAAAA_-NgU1I1qDBMTUs0MjY0MjJMMkw1skyyMqgwNzJLNEkySkwyMDZLAwotYhXJzlTITU3JTFQoyMgvyU8vSizIqAQA7sU3rkAAAAA&hl=en-GB&mat=CacHweZrd5wZElcBmzl_pcm7CMsBMHqKzCZxk9SY0fml2yOrMWeCfYGjj-Pz47z0MeZuWqIAymAU6e_hHLXJrsAM44yCDRGo9XBlvLCdh2oc2eGtBVD9UwkDcTuaLgLnb5k&authuser=0&ved=2ahUKEwiv3Mnm5piMAxViV0EAHYCINUsQ-MgIegQILxAe#mpd=editprofile/info/website,,,open,-28.7644099,32.055438099999996,"photographers in Richards Bay, KwaZulu-Natal, South Africa",https://www.google.com/maps/place/?q=place_id:ChIJm-KxIRIj-h4Rm_I2sCpLanI&cid=0x1efa231221b1e29b:0x726a4b2ab036f29b
lizzys photography,Photographer,"Kabeljoukade, Meer En See, Richards Bay, 3901",,,071 285 5333,no,,,,open,-28.7787308,32.1039103,"photographers in Richards Bay, KwaZulu-Natal, South Africa",https://www.google.com/maps/place/lizzys+photography/data=!4m7!3m6!1s0x1efa25a0dfbc82cf:0x2dcbb629270bfaee!8m2!3d-28.7787308!4d32.1039103!16s%2Fg%2F11s84_z45f!19sChIJz4K836Al-h4R7voLJym2yy0
the butterfly photography/videography,Photographer,"Via Davallia, Brackenham, Richards Bay, 3900",Brackenham,Richards Bay,066 591 2867,yes,https://www.facebook.com/share/1D6vTux2sU/?mibextid=wwXIfr,5,1,open,-28.72524,32.041767,"photographers in Richards Bay, KwaZulu-Natal, South Africa",https://www.google.com/maps/place/?q=place_id:ChIJe1ZbAcsj-h4RW-Y81JlZydY&cid=0x1efa23cb015b567b:0xd6c95999d43ce65b
Bathathe Photography,Photography service,"Esikhawini H, Richards Bay, 3887",Esikhawini H,Richards Bay,082 049 6974,no,,4.9,40,open,-28.8582799,31.9221807,"photographers in Richards Bay, KwaZulu-Natal, South Africa",https://www.google.com/maps/place/?q=place_id:ChIJ2VZrG48f-h4ReJ2lldGuD4Y&cid=0x1efa1f8f1b6b56d9:0x860faed195a59d78
CharioStudio,Photography service,"KwaNdaya Reserve, Esikhawini H, Richards Bay, 3887",,,066 071 0109,no,,5.0,1,open,-28.86754,31.9160496,"photographers in Richards Bay, KwaZulu-Natal, South Africa",https://www.google.com/maps/place/CharioStudio/data=!4m7!3m6!1s0x1efa1f69db02f565:0x7258d4168dca28a2!8m2!3d-28.86754!4d31.9160496!16s%2Fg%2F11h6xh_ytr!19sChIJZfUC22kf-h4RoijKjRbUWHI
Charl's Photography by Charlene Jones,Photography service,,,,078 667 6709,yes,https://www.charlsphotos123.weebly.com/,5.0,23,open,-28.7785855,31.98598,"photographers in Richards Bay, KwaZulu-Natal, South Africa",https://www.google.com/maps/place/Charl%27s+Photography+by+Charlene+Jones/data=!4m7!3m6!1s0x48d9359157c63dbb:0xf80d5a9ac770807f!8m2!3d-28.7785855!4d31.98598!16s%2Fg%2F11n3_50cmb!19sChIJuz3GV5E12UgRf4Bwx5paDfg
Ebathenjini photography,Photography service,"Madlankala ward, 12 Madlankala, Richards Bay, 2996",,,079 110 5466,yes,https://ebathenjinientertainmentptyltd.mypixieset.com/,,,open,-28.8421337,31.9448263,"photographers in Richards Bay, KwaZulu-Natal, South Africa",https://www.google.com/maps/place/Ebathenjini+photography/data=!4m7!3m6!1s0x1efa19b8dafe7183:0xf6751318c8fdbea0!8m2!3d-28.8421337!4d31.9448263!16s%2Fg%2F11l6zp9lxn!19sChIJg3H-2rgZ-h4RoL79yBgTdfY
Sanele Photography,Photography service,"thembagumedes304@gmail.com Photography, Esikhawini H, Richards Bay, 3887",,,076 561 7244,no,,,,open,-28.8675889,31.9160348,"photographers in Richards Bay, KwaZulu-Natal, South Africa",https://www.google.com/maps/place/Sanele+Photography/data=!4m7!3m6!1s0x1efa1f5c04f8c5d1:0x255c31a13b8ff3e1!8m2!3d-28.8675889!4d31.9160348!16s%2Fg%2F11vk2t56tj!19sChIJ0cX4BFwf-h4R4fOPO6ExXCU
Shutter-fly Photography By Lielie van Zyl,Photography service,"Ricardia Street, Arboretum, Richards Bay, 3900",Arboretum,Richards Bay,067 872 2433,no,,5,3,open,-28.7608881,32.0638462,"photographers in Richards Bay, KwaZulu-Natal, South Africa",https://www.google.com/maps/place/?q=place_id:ChIJWe5xz60j-h4R0TAL1mZlHLQ&cid=0x1efa23adcf71ee59:0xb41c6566d60b30d1
CJH Photography,Photography studio,"16 Snapper Bend, Meer En See, Richards Bay, 3901",Meer En See,Richards Bay,078 626 2722,yes,http://candacejhphotography.co.za/,5,24,open,-28.769328899999998,32.1202123,"photographers in Richards Bay, KwaZulu-Natal, South Africa",https://www.google.com/maps/place/?q=place_id:ChIJQ9BLIYwl-h4Rud0V4bdtQlw&cid=0x1efa258c214bd043:0x5c426db7e115ddb9
Sharkflack Photography,Photography studio,"Mzingazi, Richards Bay, 3900",,,,yes,http://unsplash.com/@sharkflvck_photography,5.0,3,temporarily closed,-28.7594223,32.1322307,"photographers in Richards Bay, KwaZulu-Natal, South Africa",https://www.google.com/maps/place/Sharkflack+Photography/data=!4m7!3m6!1s0x1efa25f37bdb33fb:0x6911fccb588e5c70!8m2!3d-28.7594223!4d32.1322307!16s%2Fg%2F11q3cxrcvp!19sChIJ-zPbe_Ml-h4RcFyOWMv8EWk
"Sthenjwa Visuals ""Pty Ltd""",Photography studio,"H2, H, 2755 Mncaka Street, Esikhawini H, Richards Bay, 3887",Esikhawini H,Richards Bay,066 207 7657,yes,http://sthenjwaphotography.com/,5,13,open,-28.8705839,31.921066099999997,"photographers in Richards Bay, KwaZulu-Natal, South Africa",https://www.google.com/maps/place/?q=place_id:ChIJwTuYUp0f-h4RabHGqCs-rZE&cid=0x1efa1f9d52983bc1:0x91ad3e2ba8c6b169
BodyLine The Studio of Fluid Motion,Physical fitness program,"11 Challenor Ridge, Meer En See, Richards Bay, 3901",Meer En See,Richards Bay,082 780 5343,yes,http://www.bodylinethestudio.co.za/,4.7,18,open,-28.793563,32.098403,"gyms and fitness centres in Richards Bay, KwaZulu-Natal, South Africa",https://www.google.com/maps/place/?q=place_id:ChIJXdb-onIk-h4RYZwKPFz66LE&cid=0x1efa2472a2fed65d:0xb1e8fa5c3c0a9c61
Emdonini Gym,Physical fitness program,"10 Maxwell St, Empangeni Central, Empangeni, 3880",Empangeni Central,Empangeni,035 772 5516,no,,4.4,66,open,-28.7385272,31.8944123,"gyms and fitness centres in Richards Bay, KwaZulu-Natal, South Africa",https://www.google.com/maps/place/?q=place_id:ChIJPUDnktYQ-h4RcmfxirWyiyA&cid=0x1efa10d692e7403d:0x208bb2b58af16772
Kerri Scully Physiotherapy,Physical therapist,"2 Krugerrand Grv, Centrel, Richards Bay, 3900",Centrel,Richards Bay,064 905 8689,yes,https://www.scullyphysio.co.za/,4.4,9,open,-28.749557799999998,32.053340399999996,"physiotherapists in Richards Bay, KwaZulu-Natal, South Africa",https://www.google.com/maps/place/?q=place_id:ChIJm9g1clCt3oMRvZR4XWxIhkI&cid=0x83dead507235d89b:0x4286486c5d7894bd
Kresan Naidoo Physiotherapy INC,Physical therapist,"CNR of 1 kruggerand road &, Lira Link, CBD, Richards Bay, 3900",CBD,Richards Bay,072 224 4070,no,,5,2,open,-28.750671999999998,32.0539869,"physiotherapists in Richards Bay, KwaZulu-Natal, South Africa",https://www.google.com/maps/place/?q=place_id:ChIJA9jnWh9H9x4RGH4DnyusECI&cid=0x1ef7471f5ae7d803:0x2210ac2b9f037e18
MP Physiotherapy,Physical therapist,"48 Biyela St, Empangeni Central, Empangeni, 3880",Empangeni Central,Empangeni,076 577 2242,no,,5,3,open,-28.737122099999997,31.893096999999997,"physiotherapists in Richards Bay, KwaZulu-Natal, South Africa",https://www.google.com/maps/place/?q=place_id:ChIJR4B4ezpRzB0RRTTSkpVWKRc&cid=0x1dcc513a7b788047:0x1729569592d23445
Marie Roodt Physiotherapist,Physical therapist,"Medicross, Meer En See, Richards Bay, 3901",Meer En See,Richards Bay,035 753 3671,no,,5,3,open,-28.7821525,32.1022348,"physiotherapists in Richards Bay, KwaZulu-Natal, South Africa",https://www.google.com/maps/place/?q=place_id:ChIJQTShlTsj-h4RXNEWTD5XIMM&cid=0x1efa233b95a13441:0xc320573e4c16d15c
Samantha Harding Physiotherapy,Physical therapist,"5 Addison St, Empangeni Central, Empangeni, 3880",Empangeni Central,Empangeni,035 772 1044,yes,http://www.empangeniphysio.co.za/,5,18,open,-28.7372722,31.894823,"physiotherapists in Richards Bay, KwaZulu-Natal, South Africa",https://www.google.com/maps/place/?q=place_id:ChIJ1aQyYdYQ-h4RnMWlPbKnGE8&cid=0x1efa10d66132a4d5:0x4f18a7b23da5c59c
KPSMC PHYSIOTHERAPY - RICHARDS BAY,Physical therapy clinic,"3 Lira Link, Richards Bay Central, Richards Bay, 3900",Richards Bay Central,Richards Bay,031 303 3874,yes,https://www.kpmed.co.za/,5,5,open,-28.7495136,32.0538143,"physiotherapists in Richards Bay, KwaZulu-Natal, South Africa",https://www.google.com/maps/place/?q=place_id:ChIJl6KtjTMj-h4RFpquBjFAGrQ&cid=0x1efa23338dada297:0xb41a403106ae9a16
Dr Lindisa Mbuli,Physician assistant,"6 Krugerrand Grv, Richards Bay Central, Richards Bay, 3900",Richards Bay Central,Richards Bay,087 149 1798,yes,https://medicalads.net/,2.3,3,open,-28.750175499999997,32.0553349,"doctors general practitioners in Richards Bay, KwaZulu-Natal, South Africa",https://www.google.com/maps/place/?q=place_id:ChIJOR1yuEoj-h4Ry2C4p4xIE2U&cid=0x1efa234ab8721d39:0x6513488ca7b860cb
Dr M Mabusela Practice -Specialist Physician,Physician assistant,"Ste 6, Pinnaccle Point Building, 9 Lira Link, Richards Bay Central, Richards Bay, 3900",Richards Bay Central,Richards Bay,035 940 3324,yes,https://medicalads.net/job/dr-m-mabusela-practice/,2.3,3,open,-28.7504237,32.0547152,"doctors general practitioners in Richards Bay, KwaZulu-Natal, South Africa",https://www.google.com/maps/place/?q=place_id:ChIJw30vUb4j-h4Rx-Tf4ggJWAI&cid=0x1efa23be512f7dc3:0x2580908e2dfe4c7
Serendipity Framing Studio,Picture frame shop,"126 Dollar Dr, Richards Bay Central, Richards Bay, 3900",,,035 789 0554,no,,4.5,153,open,-28.752265,32.045456,"painters in Richards Bay, KwaZulu-Natal, South Africa",https://www.google.com/maps/place/Serendipity+Framing+Studio/data=!4m7!3m6!1s0x1efa23247e77996d:0x1c323c511ef8c204!8m2!3d-28.752265!4d32.045456!16s%2Fg%2F1pzxy0k17!19sChIJbZl3fiQj-h4RBML4HlE8Mhw
King Pie Boardwalk,Pie shop,"Shop U012, Boardwalk Ctr, Richards Bay Central, Richards Bay, 3900",Richards Bay Central,Richards Bay,066 125 4794,yes,http://www.kingpie.co.za/,4.5,18,open,-28.7556513,32.0486941,"bakery in Richards Bay, KwaZulu-Natal, South Africa",https://www.google.com/maps/place/?q=place_id:ChIJI14opTwj-h4RoQ1OrhPTb4c&cid=0x1efa233ca5285e23:0x876fd313ae4e0da1
Pie City Checkers Centre Richards Bay,Pie shop,"Shop 6, Checkers Centre, Bullion Blvd, Richards Bay Central, Richards Bay, 3900",,,011 452 4885,yes,https://piecity.co.za/?utm_source=google_maps&utm_medium=website_link&utm_campaign=SP&utm_content=SP,5.0,1,open,-28.7512367,32.0487976,"bakery in Richards Bay, KwaZulu-Natal, South Africa",https://www.google.com/maps/place/Pie+City+Checkers+Centre+Richards+Bay/data=!4m7!3m6!1s0x1efa2333ec30e64b:0x8ea4ae038981a6ce!8m2!3d-28.7512367!4d32.0487976!16s%2Fg%2F11bzvzcmqb!19sChIJS-Yw7DMj-h4RzqaBiQOupI4
Debonairs Pizza Boardwalk,Pizza restaurant,"Shop L85, Boardwalk Inkwazi Shopping Centre, 11 Penny Ln, Richards Bay Central, Richards Bay, 3900",Richards Bay Central,Richards Bay,035 789 8109,yes,https://locations.debonairspizza.co.za/restaurants-BoardwalkInkwaziShoppingCentre-DebonairsPizzaRichardsBayBoardwalk?utm_source=google_maps&utm_medium=website_button&utm_campaign=SP&utm_content=SP,4.8,1066,open,-28.752078899999997,32.0513353,"takeaways in Richards Bay, KwaZulu-Natal, South Africa",https://www.google.com/maps/place/?q=place_id:ChIJh8B4MCQj-h4RX1puJ0nlwTU&cid=0x1efa23243078c087:0x35c1e549276e5a5f
Debonairs Pizza Meer En See,Pizza restaurant,"Shop 7, Marlin Mall, LAC, Meer En See, Richards Bay, 3901",,,035 753 1620,yes,https://locations.debonairspizza.co.za/restaurants-MarlinMall-DebonairsPizzaMeerensee?utm_source=google_maps&utm_medium=website_button&utm_campaign=SP&utm_content=SP,4.9,1158,open,-28.7833491,32.1016166,"takeaways in Richards Bay, KwaZulu-Natal, South Africa",https://www.google.com/maps/place/Debonairs+Pizza+Meer+En+See/data=!4m7!3m6!1s0x1efa246b68b91719:0x1be05ab46a055c8e!8m2!3d-28.7833491!4d32.1016166!16s%2Fg%2F11bz_34t53!19sChIJGRe5aGsk-h4RjlwFarRa4Bs
Debonairs Pizza Richards Bay Central,Pizza restaurant,"Shop 2, Shell Richards Bay Cental, Bullion Blvd, Richards Bay Central, Richards Bay, 3900",Richards Bay Central,Richards Bay,035 789 0272,yes,https://locations.debonairspizza.co.za/restaurants-ShellRichardsBayCental-DebonairsPizzaJunction14RichardsBay?utm_source=google_maps&utm_medium=website_button&utm_campaign=SP&utm_content=SP,4.9,945,open,-28.751271799999998,32.0473804,"takeaways in Richards Bay, KwaZulu-Natal, South Africa",https://www.google.com/maps/place/?q=place_id:ChIJpVnGjSQj-h4RhbM3jB5skQw&cid=0x1efa23248dc659a5:0xc916c1e8c37b385
Panarottis Richards Bay,Pizza restaurant,"Boardwalk Inkwazi Shopping Centre, Krugerrand Grv, Richards Bay Central, Richards Bay, 3900",Richards Bay Central,Richards Bay,035 789 7367,yes,https://www.panarottis.com/za/restaurants/kwazulu-natal/panarottis-richards-bay/?utm_source=google_maps&utm_medium=website_button&utm_campaign=SP&utm_content=SP,4.2,522,open,-28.752977299999998,32.0504817,"takeaways in Richards Bay, KwaZulu-Natal, South Africa",https://www.google.com/maps/place/?q=place_id:ChIJFznOeDsj-h4RZurhAcVyt74&cid=0x1efa233b78ce3917:0xbeb772c501e1ea66
Pizza Perfect Richards Bay,Pizza takeaway,"Shop 12, Meerensee Mall, Anglers Rod, Meer En See, Richards Bay, 3901",Meer En See,Richards Bay,035 464 1126,yes,https://pizzaperfect.co.za/?utm_source=google_maps&utm_medium=website_button&utm_campaign=SP&utm_content=SP,4,176,open,-28.781953599999998,32.1000343,"takeaways in Richards Bay, KwaZulu-Natal, South Africa",https://www.google.com/maps/place/?q=place_id:ChIJfYiGlEcl-h4Rby9O5n0FQSo&cid=0x1efa25479486887d:0x2a41057de64e2f6f
Zoma Logistics,Plant and machinery hire,"9 Copper Corner, Alton, Richards Bay, 3900",,,035 001 0248,yes,https://zoma.co.za/,4.2,5,open,-28.7557391,32.0286276,"transport and logistics companies in Richards Bay, KwaZulu-Natal, South Africa",https://www.google.com/maps/place/Zoma+Logistics/data=!4m7!3m6!1s0x1ef7152bc595793d:0x8a41b3724ddafb98!8m2!3d-28.7557391!4d32.0286276!16s%2Fg%2F11r9fbj3rd!19sChIJPXmVxSsV9x4RmPvaTXKzQYo
Plant a Tree Nursery,Plant nursery,"near Pick & Pay, Hancock Avenue, Mack Rd, Empangeni, 3880",,,079 935 4551,yes,http://www.prolinks.co.za/,4.2,13,open,-28.7378612,31.8890368,"landscaping and garden services in Richards Bay, KwaZulu-Natal, South Africa",https://www.google.com/maps/place/Plant+a+Tree+Nursery/data=!4m7!3m6!1s0x1efa10d6a6761d81:0x230cc9a60b14c632!8m2!3d-28.7378612!4d31.8890368!16s%2Fg%2F11cn18fld2!19sChIJgR12ptYQ-h4RMsYUC6bJDCM
Zabo Projects,Plant nursery,"6 Bluebuck St, Panorama, Empangeni, 3880",,,076 512 4138,no,,5.0,1,open,-28.7565851,31.8862478,"landscaping and garden services in Richards Bay, KwaZulu-Natal, South Africa",https://www.google.com/maps/place/Zabo+Projects/data=!4m7!3m6!1s0x1efa1199295442f7:0xe05a952c1c350eb6!8m2!3d-28.7565851!4d31.8862478!16s%2Fg%2F11jpkv_z67!19sChIJ90JUKZkR-h4Rtg41HCyVWuA
Little Angels baby and todler Centre,Playgroup,"7 Oak St, Grantham Park, Empangeni, 3880",,,072 314 9204,no,,,,open,-28.7646346,31.896586,"creche and daycare in Richards Bay, KwaZulu-Natal, South Africa",https://www.google.com/maps/place/Little+Angels+baby+and+todler+Centre/data=!4m7!3m6!1s0x1efa10b2220859f9:0xad32c22a6b219941!8m2!3d-28.7646346!4d31.896586!16s%2Fg%2F11gdtqjj3z!19sChIJ-VkIIrIQ-h4RQZkhayrCMq0
"Austria Plumbing And Electrical, Empangeni",Plumber,"7 Chrome Cres, Kuleka, Empangeni, 3880",,,035 787 2015,yes,http://www.austriakzn.co.za/,3.9,10,open,-28.7761137,31.8973468,"plumbers in Richards Bay, KwaZulu-Natal, South Africa","https://www.google.com/maps/place/Austria+Plumbing+And+Electrical,+Empangeni/data=!4m7!3m6!1s0x1efa10a791772991:0x5c623b425cff2606!8m2!3d-28.7761137!4d31.8973468!16s%2Fg%2F1vb_r782!19sChIJkSl3kacQ-h4RBib_XEI7Ylw"
Boss Plumbers (PTY) Ltd,Plumber,"5 Dageraad St, Meer En See, Richards Bay, 3901",,,082 464 8920,no,,3.3,4,open,-28.7888333,32.0952882,"plumbers in Richards Bay, KwaZulu-Natal, South Africa",https://www.google.com/maps/place/Boss+Plumbers+%28PTY%29+Ltd/data=!4m7!3m6!1s0x1efa22dae502498d:0x9a705c8790d0760b!8m2!3d-28.7888333!4d32.0952882!16s%2Fg%2F113hqbr49!19sChIJjUkC5doi-h4RC3bQkIdccJo
Drain Surgeon The,Plumber,"Arboretum, Richards Bay, 3900",,,012 443 5022,yes,http://www.drainsurgeon.co.za/,2.8,4,open,-28.7608881,32.0638462,"plumbers in Richards Bay, KwaZulu-Natal, South Africa",https://www.google.com/maps/place/Drain+Surgeon+The/data=!4m7!3m6!1s0x1efa236daaaaaaab:0x5483d873799d9223!8m2!3d-28.7608881!4d32.0638462!16s%2Fg%2F11b6d6l0w1!19sChIJq6qqqm0j-h4RI5KdeXPYg1Q
EMPANGENI PLUMBERS,Plumber,"Unit 21, Stepping Stones, 13 Kitefish, Meer En See, Richards Bay, 3900",,,082 902 4021,no,,3.0,2,open,-28.7868483,32.100949,"plumbers in Richards Bay, KwaZulu-Natal, South Africa",https://www.google.com/maps/place/EMPANGENI+PLUMBERS/data=!4m7!3m6!1s0x1efa25f372f142f5:0xf90760b04caac3d4!8m2!3d-28.7868483!4d32.100949!16s%2Fg%2F11p0625zz2!19sChIJ9ULxcvMl-h4R1MOqTLBgB_k
East Coast Plumbing,Plumber,"12 Knorhaanbaai, Meer En See, Richards Bay, 3901",,,083 227 2888,yes,http://www.ecplumb.co.za/,4.1,13,open,-28.780807,32.105563,"plumbers in Richards Bay, KwaZulu-Natal, South Africa",https://www.google.com/maps/place/East+Coast+Plumbing/data=!4m7!3m6!1s0x1efa244155555555:0x5808a6dc3e2a0c25!8m2!3d-28.780807!4d32.105563!16s%2Fg%2F11b6dg7wb7!19sChIJVVVVVUEk-h4RJQwqPtymCFg
Handyfix Holdings,Plumber,,,,076 080 5272,yes,https://handyfixholdings.co.za/,5.0,6,open,-28.7970849,31.872496,"handyman services in Richards Bay, KwaZulu-Natal, South Africa",https://www.google.com/maps/place/Handyfix+Holdings/data=!4m7!3m6!1s0xa29e94fc718c76f5:0x2c4ff10372dd9f89!8m2!3d-28.7970849!4d31.872496!16s%2Fg%2F11z9f68nr7!19sChIJ9XaMcfyUnqIRiZ_dcgPxTyw
Inyala Plumbers,Plumber,"6 Nyala Burry St, Arboretum, Richards Bay, 3900",,,035 789 5286,no,,5.0,1,open,-28.7608881,32.0638462,"plumbers in Richards Bay, KwaZulu-Natal, South Africa",https://www.google.com/maps/place/Inyala+Plumbers/data=!4m7!3m6!1s0x1efa236daaaaaaab:0xe648d17ba0ec9eaa!8m2!3d-28.7608881!4d32.0638462!16s%2Fg%2F11b6d22j69!19sChIJq6qqqm0j-h4Rqp7soHvRSOY
JiL Plumbing and Building,Plumber,"73 Main Rd, Fairview, Empangeni, 3880",,,082 953 2622,no,,5.0,4,open,-28.74998,31.89643,"plumbers in Richards Bay, KwaZulu-Natal, South Africa",https://www.google.com/maps/place/JiL+Plumbing+and+Building/data=!4m7!3m6!1s0x1efa10cc01562571:0x544ba9d0144ed4af!8m2!3d-28.74998!4d31.89643!16s%2Fg%2F1tgft0dc!19sChIJcSVWAcwQ-h4Rr9ROFNCpS1Q
K L C Plumbing Services,Plumber,"Ceramic Curve, Wild En Weide, Richards Bay, 3900",,,035 753 3554,no,,,,open,-28.73538,32.0444699,"plumbers in Richards Bay, KwaZulu-Natal, South Africa",https://www.google.com/maps/place/K+L+C+Plumbing+Services/data=!4m7!3m6!1s0x1efa3cd37b226381:0xb580f640c8fa6e8f!8m2!3d-28.73538!4d32.0444699!16s%2Fg%2F11b6dp05dc!19sChIJgWMie9M8-h4Rj276yED2gLU
Pipeline Plumbers,Plumber,"66 Dollar Dr, Richards Bay Central, Richards Bay, 3900",,,035 789 8521,no,,,,open,-28.75905,32.042223,"plumbers in Richards Bay, KwaZulu-Natal, South Africa",https://www.google.com/maps/place/Pipeline+Plumbers/data=!4m7!3m6!1s0x1efa231f617b322f:0x85b3493f5a3fe9c9!8m2!3d-28.75905!4d32.042223!16s%2Fg%2F1pzxpby0s!19sChIJLzJ7YR8j-h4Ryek_Wj9Js4U
Plumbing Doctor Richards Bay,Plumber,"18 Rooibos Ridge, Arboretum, Richards Bay, 3900",,,035 789 7012,no,,5.0,1,open,-28.76333,32.06182,"plumbers in Richards Bay, KwaZulu-Natal, South Africa",https://www.google.com/maps/place/Plumbing+Doctor+Richards+Bay/data=!4m7!3m6!1s0xe969c7db011d87f:0x656d2b1119d6675b!8m2!3d-28.76333!4d32.06182!16s%2Fg%2F11x22rwbx4!19sChIJf9gRsH2clg4RW2fWGRErbWU
Rad Plumbing Richards Bay,Plumber,"Unit 5, 46 Ceramic Curve, Meed Place, Alton, Richards Bay, 3900",,,082 729 6310,yes,https://www.radplumbing.co.za/richards-bay/,5.0,1,open,-28.7459259,32.0355763,"plumbers in Richards Bay, KwaZulu-Natal, South Africa",https://www.google.com/maps/place/Rad+Plumbing+Richards+Bay/data=!4m7!3m6!1s0x1efa2312423786f9:0x465842150c9022cd!8m2!3d-28.7459259!4d32.0355763!16s%2Fg%2F11w8nb0k14!19sChIJ-YY3QhIj-h4RzSKQDBVCWEY
Richards Bay Plumbing Pros,Plumber,,,,060 327 3640,no,,5.0,1,open,-28.7785855,31.992421,"plumbers in Richards Bay, KwaZulu-Natal, South Africa",https://www.google.com/maps/place/Richards+Bay+Plumbing+Pros/data=!4m7!3m6!1s0x2b2b7b32a460b807:0xb5777fdd98fbf698!8m2!3d-28.7785855!4d31.992421!16s%2Fg%2F11zf52cpxp!19sChIJB7hgpDJ7KysRmPb7mN1_d7U
The Drain Corporation,Plumber,"4A Bulbul Bend, Birdswood, Richards Bay, 3900",,,084 911 2513,no,,1.0,3,open,-28.7377869,32.0775937,"plumbers in Richards Bay, KwaZulu-Natal, South Africa",https://www.google.com/maps/place/The+Drain+Corporation/data=!4m7!3m6!1s0x1efa2350b61e189f:0xa71a73f04aa79395!8m2!3d-28.7377869!4d32.0775937!16s%2Fg%2F11h7s3x2tk!19sChIJnxgetlAj-h4RlZOnSvBzGqc
Tolexplumbers,Plumber,,,,078 648 2155,no,,,,open,-34.6283864,27.2516952,"plumbers in Richards Bay, KwaZulu-Natal, South Africa",https://www.google.com/maps/place/Tolexplumbers/data=!4m7!3m6!1s0x21d928666e182e93:0xafc061ba34a55e9b!8m2!3d-34.6283864!4d27.2516952!16s%2Fg%2F11xlntm0tb!19sChIJky4YbmYo2SERm16lNLphwK8
XP Plumbers (Pty) Ltd,Plumber,,,,061 581 7608,no,,4.6,9,open,-28.7785855,31.98598,"plumbers in Richards Bay, KwaZulu-Natal, South Africa",https://www.google.com/maps/place/XP+Plumbers+%28Pty%29+Ltd/data=!4m7!3m6!1s0x1ef7aa6225bc1ba7:0x4186abf6cd4e4660!8m2!3d-28.7785855!4d31.98598!16s%2Fg%2F11c4jvx3tz!19sChIJpxu8JWKq9x4RYEZOzfarhkE
Amamvelase Amahle Plumbing,Plumbing supply store,"A 9 Khanyisa Road Ngwelezane, township, Empangeni, 3880",,,079 012 0205,no,,,,open,-28.7680839,31.8616648,"plumbers in Richards Bay, KwaZulu-Natal, South Africa",https://www.google.com/maps/place/Amamvelase+Amahle+Plumbing/data=!4m7!3m6!1s0x1efa112240ef3e0b:0x3113a0370cd1a29e!8m2!3d-28.7680839!4d31.8616648!16s%2Fg%2F11ltcs_lfr!19sChIJCz7vQCIR-h4RnqLRDDegEzE
Aqua Tap,Plumbing supply store,"3900, 148 Dollar Dr, Richards Bay Central, Richards Bay, 3900",,,035 789 1800,yes,http://www.aqua-tap.co.za/,4.3,63,open,-28.751668,32.04621,"plumbers in Richards Bay, KwaZulu-Natal, South Africa",https://www.google.com/maps/place/Aqua+Tap/data=!4m7!3m6!1s0x1efa232465c3fe99:0xa91c5001cd871dd2!8m2!3d-28.751668!4d32.04621!16s%2Fg%2F1pzy1ng4n!19sChIJmf7DZSQj-h4R0h2HzQFQHKk
Aqua-Tap Plumbing Supplies,Plumbing supply store,"1 Steel Way, Kuleka, Empangeni, 3880",,,035 787 1800,yes,http://www.aqua-tap.co.za/,4.4,28,open,-28.7776432,31.8983481,"plumbers in Richards Bay, KwaZulu-Natal, South Africa",https://www.google.com/maps/place/Aqua-Tap+Plumbing+Supplies/data=!4m7!3m6!1s0x1efa1a00d7d90183:0xa34a4b79a646950!8m2!3d-28.7776432!4d31.8983481!16s%2Fg%2F1pzs5k0ym!19sChIJgwHZ1wAa-h4RUGlkmrekNAo
MSV Plumbing,Plumbing supply store,"61 Gemini Dr, Richem, Empangeni, 3880",,,081 248 7553,no,,,,open,-28.7660575,31.8878008,"plumbers in Richards Bay, KwaZulu-Natal, South Africa",https://www.google.com/maps/place/MSV+Plumbing/data=!4m7!3m6!1s0x1efa11fb3aa823e5:0x90aebeb4747f5d45!8m2!3d-28.7660575!4d31.8878008!16s%2Fg%2F11z692rc_7!19sChIJ5SOoOvsR-h4RRV1_dLS-rpA
Plumblink Empangeni,Plumbing supply store,"11 Ngwelezane Rd, Kuleka, Empangeni, 3880",,,087 107 2105,yes,https://www.plumblink.co.za/,3.0,2,open,-28.7772878,31.8961898,"plumbers in Richards Bay, KwaZulu-Natal, South Africa",https://www.google.com/maps/place/Plumblink+Empangeni/data=!4m7!3m6!1s0x1efa1be5ce4806e9:0xef2c857a8ce3d021!8m2!3d-28.7772878!4d31.8961898!16s%2Fg%2F11xfh8y45x!19sChIJ6QZIzuUb-h4RIdDjjHqFLO8
Plumblink Richards Bay,Plumbing supply store,"Unit 3 & 4, AVKN Complex, 41 Dollar Dr, Richards Bay Central, Richards Bay, 3900",,,087 310 8446,yes,https://www.plumblink.co.za/,4.4,29,open,-28.7579614,32.0439513,"plumbers in Richards Bay, KwaZulu-Natal, South Africa",https://www.google.com/maps/place/Plumblink+Richards+Bay/data=!4m7!3m6!1s0x1efa2322010aeb45:0xfb52cbe9cf3f4043!8m2!3d-28.7579614!4d32.0439513!16s%2Fg%2F11bxddqnq9!19sChIJResKASIj-h4RQ0A_z-nLUvs
DNA Pools - Swimming pool services,Pool cleaning service,"Mews, 15 Krewelkring, Meer En See, Richards Bay, 3901",Meer En See,Richards Bay,060 528 0449,yes,https://www.facebook.com/DNAP00LS/,5,3,open,-28.7852629,32.0999808,"pool cleaning services in Richards Bay, KwaZulu-Natal, South Africa",https://www.google.com/maps/place/?q=place_id:ChIJgXrtmFcj-h4ROXadB35geCs&cid=0x1efa235798ed7a81:0x2b78607e079d7639
Pool Specialists,Pool cleaning service,"34 Grunter Gully, Meer En See, Richards Bay, 3900",Meer En See,Richards Bay,082 957 7701,no,,5,4,open,-28.781105,32.097557,"pool cleaning services in Richards Bay, KwaZulu-Natal, South Africa",https://www.google.com/maps/place/?q=place_id:ChIJd-G6MlEl-h4R2gz71oLudDo&cid=0x1efa255132bae177:0x3a74ee82d6fb0cda
Umhlathuze Pool Cleaners,Pool cleaning service,"66 Via Cassiandra, Arboretum, Richards Bay, 3900",Arboretum,Richards Bay,076 293 7400,no,,,,open,-28.7635395,32.051072399999995,"pool cleaning services in Richards Bay, KwaZulu-Natal, South Africa",https://www.google.com/maps/place/?q=place_id:ChIJVYLWkhAj-h4RMyq3PfZ8IfM&cid=0x1efa231092d68255:0xf3217cf63db72a33
GQUAMANI PORTRAITS,Portrait studio,"25 Elephant Walk, Wild En Weide, Richards Bay, 3900",,,035 789 2577,no,,,,open,-28.7376967,32.0479428,"photographers in Richards Bay, KwaZulu-Natal, South Africa",https://www.google.com/maps/place/GQUAMANI+PORTRAITS/data=!4m7!3m6!1s0x1efa232d3e6bffff:0x4d209d68a5e7a8ad!8m2!3d-28.7376967!4d32.0479428!16s%2Fg%2F11q36hvdch!19sChIJ__9rPi0j-h4RrajnpWidIE0
CLEVER KIDS,Preschool,"24 Witstinkhout, Arboretum, Richards Bay, 3900",Arboretum,Richards Bay,066 548 2473,no,,5,1,open,-28.753260899999997,32.0603737,"creche and daycare in Richards Bay, KwaZulu-Natal, South Africa",https://www.google.com/maps/place/?q=place_id:ChIJ__8z8D8j-h4Rk5lPUh5KH84&cid=0x1efa233ff033ffff:0xce1f4a1e524f9993
Edukidz Learning Center Empangeni,Preschool,"7 Conrad Ave, Kildare, Empangeni, 3880",,,076 302 5770,no,,5.0,9,open,-28.7590817,31.890285,"creche and daycare in Richards Bay, KwaZulu-Natal, South Africa",https://www.google.com/maps/place/Edukidz+Learning+Center+Empangeni/data=!4m7!3m6!1s0x1efa10b8287646e3:0x1bb26274d3dae277!8m2!3d-28.7590817!4d31.890285!16s%2Fg%2F11f3wrkxzb!19sChIJ40Z2KLgQ-h4Rd-La03Rishs
Elkana Early Childhood Development Centre,Preschool,"28 Boekenhout, Arboretum, Richards Bay, 3900",,,082 386 9649,no,,,,open,-28.7469437,32.0622689,"creche and daycare in Richards Bay, KwaZulu-Natal, South Africa",https://www.google.com/maps/place/Elkana+Early+Childhood+Development+Centre/data=!4m7!3m6!1s0x1efa23a0104812b5:0xeb4d04632a71a52a!8m2!3d-28.7469437!4d32.0622689!16s%2Fg%2F11xcqk4f2j!19sChIJtRJIEKAj-h4RKqVxKmMETes
Emmanuel Pre - School & Creche,Preschool,"17 Button Fern, Brackenham, Richards Bay, 3900",Brackenham,Richards Bay,035 798 1919,no,,4.7,3,open,-28.727209,32.0393384,"creche and daycare in Richards Bay, KwaZulu-Natal, South Africa",https://www.google.com/maps/place/?q=place_id:ChIJLaGJE9g8-h4RKsxrIu0MNRQ&cid=0x1efa3cd81389a12d:0x14350ced226bcc2a
Kepeza Creche,Preschool,"Nzalabantu Ward 5 KwaMbonambi, Richards Bay, 3900",,,071 403 1504,no,,,,open,-28.7086459,32.1746272,"creche and daycare in Richards Bay, KwaZulu-Natal, South Africa",https://www.google.com/maps/place/Kepeza+Creche/data=!4m7!3m6!1s0x1efa257562b69a7b:0x9d7a17554eb4d6f2!8m2!3d-28.7086459!4d32.1746272!16s%2Fg%2F11nqxn8lqk!19sChIJe5q2YnUl-h4R8ta0TlUXep0
LITTLE RASCALS PRE-SCHOOL,Preschool,"13 Lira Link, Richards Bay Central, Richards Bay, 3900",Richards Bay Central,Richards Bay,035 001 0416,yes,http://www.little-rascals.co.za/,4.3,13,open,-28.751455999999997,32.054480999999996,"creche and daycare in Richards Bay, KwaZulu-Natal, South Africa",https://www.google.com/maps/place/?q=place_id:ChIJ4f2iiDQj-h4RGcAxlMUBrxY&cid=0x1efa233488a2fde1:0x16af01c59431c019
"LITTLE RASCALS PRESCHOOL MEERENSEE, RICHARDS BAY PRE SCHOOL",Preschool,"14 Grunter Gully, Meer En See, Richards Bay, 3901",,,035 753 1400,no,,5.0,2,open,-28.783889,32.0981049,"creche and daycare in Richards Bay, KwaZulu-Natal, South Africa","https://www.google.com/maps/place/LITTLE+RASCALS+PRESCHOOL+MEERENSEE,+RICHARDS+BAY+PRE+SCHOOL/data=!4m7!3m6!1s0x1efa246d1d64f42b:0x761c6844055a489a!8m2!3d-28.783889!4d32.0981049!16s%2Fg%2F11hd1pt49t!19sChIJK_RkHW0k-h4RmkhaBURoHHY"
Little Musketeers,Preschool,"13 Jaqueta, Meer En See, Richards Bay, 3901",Meer En See,Richards Bay,083 359 6129,yes,https://websitelmrb.wixsite.com/lmrb,4,4,open,-28.783924499999998,32.0962715,"creche and daycare in Richards Bay, KwaZulu-Natal, South Africa",https://www.google.com/maps/place/?q=place_id:ChIJ131VwHsl-h4Rxd7jEGsO1_k&cid=0x1efa257bc0557dd7:0xf9d70e6b10e3dec5
Meerensee Preschool and Aftercare,Preschool,"40 Grunter Gully, Meer En See, Richards Bay, 3900",Meer En See,Richards Bay,076 024 2406,yes,https://meerenseepreschoolandaftercare.co.za/,,,open,-28.780479999999997,32.097480499999996,"creche and daycare in Richards Bay, KwaZulu-Natal, South Africa",https://www.google.com/maps/place/?q=place_id:ChIJo5RH0oYl-h4RCG3egjRFOf0&cid=0x1efa2586d24794a3:0xfd39453482de6d08
Pda Preschool & Creché,Preschool,"20 Jakkalsdraai, Wild En Weide, Richards Bay, 3900",,,,no,,,,open,-28.732806,32.0571228,"creche and daycare in Richards Bay, KwaZulu-Natal, South Africa",https://www.google.com/maps/place/Pda+Preschool+%26+Crech%C3%A9/data=!4m7!3m6!1s0x1efa3ccb3dfcde47:0x2c4b196f536ec010!8m2!3d-28.732806!4d32.0571228!16s%2Fg%2F11p73l98h3!19sChIJR978Pcs8-h4REMBuU28ZSyw
Royal Scholars,Preschool,"Knorhaanbaai, Meer En See, Richards Bay, 3900",Meer En See,Richards Bay,062 184 9604,no,,5,2,open,-28.7811886,32.1106402,"creche and daycare in Richards Bay, KwaZulu-Natal, South Africa",https://www.google.com/maps/place/?q=place_id:ChIJzYZzC9Yl-h4RWxvdWT-yHrk&cid=0x1efa25d60b7386cd:0xb91eb23f59dd1b5b
Wonderkids Pre-School & Day Care Centre,Preschool,"3 Arterial Rd, Arboretum, Richards Bay, 3900",Arboretum,Richards Bay,035 797 3264,no,,4.4,5,open,-28.753148999999997,32.057278,"creche and daycare in Richards Bay, KwaZulu-Natal, South Africa",https://www.google.com/maps/place/?q=place_id:ChIJdwlLRD4j-h4RvxLpgGZ57mg&cid=0x1efa233e444b0977:0x68ee796680e912bf
Brakenham Pre-Primary School,Primary school,"1 Dicksonia Dr, Brackenham, Richards Bay, 3900",,,035 798 1678,no,,,,open,-28.7240987,32.0424383,"creche and daycare in Richards Bay, KwaZulu-Natal, South Africa",https://www.google.com/maps/place/Brakenham+Pre-Primary+School/data=!4m7!3m6!1s0x1efa3cd9131e775f:0x75b472e3b5d1e6d1!8m2!3d-28.7240987!4d32.0424383!16s%2Fg%2F1pzvnz58z!19sChIJX3ceE9k8-h4R0ebRteNytHU
035 Print Shop,Print shop,"Unit No.12 H, Ithala Mini Properties, 1075 Ihlokohloko Street, Esikhawini H, Richards Bay, 3887",,,035 628 0430,yes,http://www.035designsprint.co.za/,4.8,17,open,-28.8665348,31.9088572,"printers in Richards Bay, KwaZulu-Natal, South Africa",https://www.google.com/maps/place/035+Print+Shop/data=!4m7!3m6!1s0x1efa1fe136eca9cd:0x89895eaf0ef16bdc!8m2!3d-28.8665348!4d31.9088572!16s%2Fg%2F11h0zfxvxn!19sChIJzansNuEf-h4R3GvxDq9eiYk
3@1 Richards Bay,Print shop,"Shop L93, Boardwalk inkwazi mall, Richards Bay Central, Richards Bay, 3900",,,063 927 7280,yes,http://3at1richardsbay.co.za/,4.1,23,open,-28.7540118,32.0497563,"printers in Richards Bay, KwaZulu-Natal, South Africa",https://www.google.com/maps/place/3@1+Richards+Bay/data=!4m7!3m6!1s0x1efa23cdb14bc079:0x38e7981cd352762c!8m2!3d-28.7540118!4d32.0497563!16s%2Fg%2F11tr_ftn8n!19sChIJecBLsc0j-h4RLHZS0xyY5zg
Bitecents,Print shop,"97 Acorus Anchor, Aquadene, Richards Bay, 3900",,,074 415 1750,yes,https://www.bitecents.co.za/,4.8,19,open,-28.7127007,32.0372866,"printers in Richards Bay, KwaZulu-Natal, South Africa",https://www.google.com/maps/place/Bitecents/data=!4m7!3m6!1s0x83a57d8e09ef2f37:0x91926984d9f8887!8m2!3d-28.7127007!4d32.0372866!16s%2Fg%2F11vl9x1mrj!19sChIJNy_vCY59pYMRh4ifTZgmGQk
Calefra Services,Print shop,"20 Ceramic Curve, Alton, Richards Bay, 3900",,,035 751 2365,yes,http://calefra.co.za/,4.8,6,open,-28.7519599,32.0323691,"printers in Richards Bay, KwaZulu-Natal, South Africa",https://www.google.com/maps/place/Calefra+Services/data=!4m7!3m6!1s0x1efa3cd37b226381:0x20c3b59077793b13!8m2!3d-28.7519599!4d32.0323691!16s%2Fg%2F11b6dsfl6s!19sChIJgWMie9M8-h4REzt5d5C1wyA
DFT PRINTING - RICHARDS BAY,Print shop,"Coral Shower, Veld En Vlei, Richards Bay, 3900",,,,no,,,,open,-28.7433619,32.0635053,"printers in Richards Bay, KwaZulu-Natal, South Africa",https://www.google.com/maps/place/DFT+PRINTING+-+RICHARDS+BAY/data=!4m7!3m6!1s0x1efa23d31a5def91:0x53933c381ad29477!8m2!3d-28.7433619!4d32.0635053!16s%2Fg%2F11x13n_hm9!19sChIJke9dGtMj-h4Rd5TSGjg8k1M
Econo Cartridge Richards Bay,Print shop,"Unit 3, 106 Bullion Blvd, Richards Bay Central, Richards Bay, 3900",,,072 784 1097,yes,http://www.econocartridge.co.za/,4.9,34,open,-28.7563232,32.0448376,"printers in Richards Bay, KwaZulu-Natal, South Africa",https://www.google.com/maps/place/Econo+Cartridge+Richards+Bay/data=!4m7!3m6!1s0x1efa23618e3d89f9:0x2f31f9de28ac355b!8m2!3d-28.7563232!4d32.0448376!16s%2Fg%2F11hys8jbsv!19sChIJ-Yk9jmEj-h4RWzWsKN75MS8
Emprint,Print shop,"3 Brass St, Kuleka, Empangeni, 3880",,,035 787 1130,yes,http://www.emprint.co.za/,4.4,54,open,-28.7758522,31.8919124,"printers in Richards Bay, KwaZulu-Natal, South Africa",https://www.google.com/maps/place/Emprint/data=!4m7!3m6!1s0x1efa10a843d977f1:0x647a31a8f59c0be9!8m2!3d-28.7758522!4d31.8919124!16s%2Fg%2F1tj93v0x!19sChIJ8XfZQ6gQ-h4R6Quc9agxemQ
LYNETTES P C P,Print shop,"CBD sharing offices with KENTEC, 87 Bullion Blvd, Richards Bay Central, Richards Bay, 3900",,,083 395 9509,no,,5.0,2,open,-28.7546528,32.0456452,"printers in Richards Bay, KwaZulu-Natal, South Africa",https://www.google.com/maps/place/LYNETTES+P+C+P/data=!4m7!3m6!1s0x1efa233c5a70896f:0x7138043cbde6becc!8m2!3d-28.7546528!4d32.0456452!16s%2Fg%2F11bzvwrbf3!19sChIJb4lwWjwj-h4RzL7mvTwEOHE
Rafiki's Creation station,Print shop,,,,061 490 0181,no,,5.0,1,open,-34.6283864,27.2516952,"printers in Richards Bay, KwaZulu-Natal, South Africa",https://www.google.com/maps/place/Rafiki%27s+Creation+station/data=!4m7!3m6!1s0xa24408f653d87eb1:0x8d237b5550ebd5d6!8m2!3d-34.6283864!4d27.2516952!16s%2Fg%2F11nr2505rh!19sChIJsX7YU_YIRKIR1tXrUFV7I40
Tinganling Pre Primary School,Private educational institution,"74 Krewelkring, Meer En See, Richards Bay, 3901",,,072 456 1282,yes,https://tingalingschools.com/PrePrimary,,,open,-28.783266,32.099989,"creche and daycare in Richards Bay, KwaZulu-Natal, South Africa",https://www.google.com/maps/place/Tinganling+Pre+Primary+School/data=!4m7!3m6!1s0x8bc01059d4ddc921:0x373de99a5a4f58a9!8m2!3d-28.783266!4d32.099989!16s%2Fg%2F11zj0f5xfj!19sChIJIcnd1FkQwIsRqVhPWprpPTc
Handymanstan,Property maintenance,,,,083 462 5004,yes,https://www.handymanstans.co.za/,,,open,-28.7785855,31.992421,"handyman services in Richards Bay, KwaZulu-Natal, South Africa",https://www.google.com/maps/place/Handymanstan/data=!4m7!3m6!1s0xa10989f4a6475b2d:0xaad9260f7f292e37!8m2!3d-28.7785855!4d31.992421!16s%2Fg%2F11vwrz5j9p!19sChIJLVtHpvSJCaERNy4pfw8m2ao
Properfix Maintenance,Property maintenance,,,,071 972 0906,yes,https://www.properfix.co.za/,5.0,3,open,-28.7785855,31.98598,"handyman services in Richards Bay, KwaZulu-Natal, South Africa",https://www.google.com/maps/place/Properfix+Maintenance/data=!4m7!3m6!1s0x228d26b308d9a279:0x743e799318ab1575!8m2!3d-28.7785855!4d31.98598!16s%2Fg%2F11zb3__w55!19sChIJeaLZCLMmjSIRdRWrGJN5PnQ
uMhlathuze General Services,Property maintenance,,,,074 677 7819,no,,5.0,4,open,-28.742708,31.992421,"handyman services in Richards Bay, KwaZulu-Natal, South Africa",https://www.google.com/maps/place/uMhlathuze+General+Services/data=!4m7!3m6!1s0x4e84a40ec8522521:0x756932942c0c495a!8m2!3d-28.742708!4d31.992421!16s%2Fg%2F11nvc_zbhj!19sChIJISVSyA6khE4RWkkMLJQyaXU
Property Citi,Property management company,"25 Bullion Blvd, Richards Bay Central, Richards Bay, 3900",,,035 789 1023,no,,,,open,-28.745445,32.0499514,"estate agents in Richards Bay, KwaZulu-Natal, South Africa",https://www.google.com/maps/place/Property+Citi/data=!4m7!3m6!1s0x1efa239d2622d10b:0xc625c4b0cbf019f6!8m2!3d-28.745445!4d32.0499514!16s%2Fg%2F11fl0xtvx8!19sChIJC9EiJp0j-h4R9hnwy7DEJcY
Boardwalk Estates,Real estate agency,"Partridge Place, 22 Lira Link, Richards Bay, 3900",Richards Bay Central,Richards Bay,035 004 0400,yes,http://boardwalkestates.co.za/,1.6,25,open,-28.7529796,32.0535591,"estate agents in Richards Bay, KwaZulu-Natal, South Africa",https://www.google.com/maps/place/?q=place_id:ChIJqSx9MyIj-h4RKmfOWDWYJ78&cid=0x1efa2322337d2ca9:0xbf27983558ce672a
Bonanza Estates (Eiendomme),Real estate agency,"18 Anglers Rod, Meer En See, Richards Bay, 3901",,,035 753 4181,no,,4.0,3,open,-28.7856021,32.0931364,"estate agents in Richards Bay, KwaZulu-Natal, South Africa",https://www.google.com/maps/place/Bonanza+Estates+%28Eiendomme%29/data=!4m7!3m6!1s0x1efa24729f71e619:0x61b52b19e3641d36!8m2!3d-28.7856021!4d32.0931364!16s%2Fg%2F1pzs0pp0g!19sChIJGeZxn3Ik-h4RNh1k4xkrtWE
Cam Golding Properties,Real estate agency,"Richards Bay Central, Empangeni, 3880",,,,no,,,,open,-28.753141,32.053241,"estate agents in Richards Bay, KwaZulu-Natal, South Africa",https://www.google.com/maps/place/Cam+Golding+Properties/data=!4m7!3m6!1s0x1efa2388c26aad45:0x4f45fc1ab7e40d9e!8m2!3d-28.753141!4d32.053241!16s%2Fg%2F11fvkm2fjv!19sChIJRa1qwogj-h4Rng3ktxr8RU8
Evolate Properties Richards Bay,Real estate agency,"66 Honey Suckle, Veld En Vlei, Richards Bay, 3900",,,065 105 4875,no,,3.0,1,open,-28.7392064,32.0679826,"estate agents in Richards Bay, KwaZulu-Natal, South Africa",https://www.google.com/maps/place/Evolate+Properties+Richards+Bay/data=!4m7!3m6!1s0x1efa23ac0e27b34f:0x4ac3351c63646146!8m2!3d-28.7392064!4d32.0679826!16s%2Fg%2F11xvq3blqz!19sChIJT7MnDqwj-h4RRmFkYxw1w0o
FROLINE ESTATES,Real estate agency,"11 Ouhoutoord, Arboretum, Richards Bay, 3900",,,035 789 4126,no,,4.5,2,open,-28.7630578,32.0692519,"estate agents in Richards Bay, KwaZulu-Natal, South Africa",https://www.google.com/maps/place/FROLINE+ESTATES/data=!4m7!3m6!1s0x1efa2371cbf26fa7:0xaa6d704fe87685a3!8m2!3d-28.7630578!4d32.0692519!16s%2Fg%2F11dxhbdsqr!19sChIJp2_yy3Ej-h4Ro4V26E9wbao
Fosprops,Real estate agency,"2 Krugerrand Grv, Richards Bay Central, Richards Bay, 3900",Richards Bay Central,Richards Bay,035 789 8583,yes,http://www.fosprops.co.za/,3.1,17,open,-28.750768599999997,32.0499649,"estate agents in Richards Bay, KwaZulu-Natal, South Africa",https://www.google.com/maps/place/?q=place_id:ChIJeTbKLzsj-h4RDDqdk5FQYNI&cid=0x1efa233b2fca3679:0xd2605091939d3a0c
Homezone Real Estates,Real estate agency,"15 Lira Link, Arboretum, Richards Bay, 3900",,,035 789 0541,no,,,,open,-28.75182,32.05438,"estate agents in Richards Bay, KwaZulu-Natal, South Africa",https://www.google.com/maps/place/Homezone+Real+Estates/data=!4m7!3m6!1s0x1efa233c3dbe78f3:0xbaa2181a9649282f!8m2!3d-28.75182!4d32.05438!16s%2Fg%2F1pzr1wk2y!19sChIJ83i-PTwj-h4RLyhJlhoYoro
Leapfrog Property Group Zululand,Real estate agency,"13 Grunter Gully, Meer En See, Richards Bay, 3901",Meer En See,Richards Bay,035 243 0023,yes,https://www.leapfrog.co.za/results/branch/801045/,5,16,open,-28.7835514,32.0973311,"estate agents in Richards Bay, KwaZulu-Natal, South Africa",https://www.google.com/maps/place/?q=place_id:ChIJhUbARDwj-h4RyiHqCdZbOS0&cid=0x1efa233c44c04685:0x2d395bd609ea21ca
Lew Geffen Sotheby's Int. Realty Richards Bay,Real estate agency,"24 Lira Link Unit 7B Promenade Building, Richards Bay, 3900",Richards Bay Central,Richards Bay,035 789 1265,yes,https://www.sothebysrealty.co.za/results/residential/for-sale/richards-bay/all/,5,9,open,-28.752722,32.052977999999996,"estate agents in Richards Bay, KwaZulu-Natal, South Africa",https://www.google.com/maps/place/?q=place_id:ChIJ7VW97XUj-h4Rmb5nFMZ1GqA&cid=0x1efa2375edbd55ed:0xa01a75c61467be99
Moor Property Group,Real estate agency,"1040, Postnet Suite 140, P/Bag X, 110 Dollar Dr, Richards Bay Central, Richards Bay, 3900",,,035 789 1424,yes,http://www.moorgroup.mobi/,1.0,1,open,-28.755263,32.044015,"estate agents in Richards Bay, KwaZulu-Natal, South Africa",https://www.google.com/maps/place/Moor+Property+Group/data=!4m7!3m6!1s0x1efa10b504c772bd:0x4f0bd4d6f58c8118!8m2!3d-28.755263!4d32.044015!16s%2Fg%2F11btlw5jwp!19sChIJvXLHBLUQ-h4RGIGM9dbUC08
Oakwood Properties North Coast,Real estate agency,"Unit 22, Calypso Centre, 10 Lira Link, Richards Bay Central, Richards Bay, 3900",Richards Bay Central,Richards Bay,078 416 6202,yes,https://www.oakwoodprop.co.za/,5,1,open,-28.7510206,32.0537225,"estate agents in Richards Bay, KwaZulu-Natal, South Africa",https://www.google.com/maps/place/?q=place_id:ChIJmxm87z4j-h4Rkn-Okr4Kfd0&cid=0x1efa233eefbc199b:0xdd7d0abe928e7f92
RGI Properties KZN,Real estate agency,"suite 3, 21 Lira Link Road, Partridge Place, Richards Bay Central, Richards Bay, 3900",Richards Bay Central,Richards Bay,078 984 2057,no,,5,15,open,-28.7523487,32.0537503,"estate agents in Richards Bay, KwaZulu-Natal, South Africa",https://www.google.com/maps/place/?q=place_id:ChIJQQPWPfskCoERTOohQaT3pL8&cid=0x810a24fb3dd60341:0xbfa4f7a44121ea4c
Richlen Property Services,Real estate agency,"Unit 3, McGra Park, 3 Brass Link, Alton, Richards Bay",Alton,Richards Bay,035 751 1972,yes,http://richlenproperty.co.za/,4.3,4,open,-28.750272,32.029578,"estate agents in Richards Bay, KwaZulu-Natal, South Africa",https://www.google.com/maps/place/?q=place_id:ChIJl5T9XtAi-h4R3-SRLPnE94Q&cid=0x1efa22d05efd9497:0x84f7c4f92c91e4df
SG Realtors,Real estate agency,"14 Geelhoutkruin, Arboretum, Richards Bay, 3900",Arboretum,Richards Bay,035 001 0297,yes,http://www.sgrealtors.co.za/,5,5,open,-28.7503927,32.0672886,"estate agents in Richards Bay, KwaZulu-Natal, South Africa",https://www.google.com/maps/place/?q=place_id:ChIJQ4fRPUYj-h4RGGIqa_kR1P4&cid=0x1efa23463dd18743:0xfed411f96b2a6218
SOUKOP PROPERTY GROUP RICHARDSBAY,Real estate agency,"09 Hippo Hill, Wild En Weide, Richards Bay, 3900",Wild En Weide,Richards Bay,032 307 0236,yes,https://www.facebook.com/soukoppropertiesrichardsbay,5,1,open,-28.7308667,32.053091699999996,"estate agents in Richards Bay, KwaZulu-Natal, South Africa",https://www.google.com/maps/place/?q=place_id:ChIJYX5UJ74j-h4RFjnniMrZb_A&cid=0x1efa23be27547e61:0xf06fd9ca88e73916
Seeff Richards Bay,Real estate agency,"Lira Link Rd, Unit 2 Montego Park, Richards Bay Central, Richards Bay, 3900",Richards Bay Central,Richards Bay,035 789 0490,yes,https://richardsbay.seeff.com/,4,143,open,-28.751895899999997,32.054290699999996,"estate agents in Richards Bay, KwaZulu-Natal, South Africa",https://www.google.com/maps/place/?q=place_id:ChIJfepYSTwj-h4R9X50uVcwsy0&cid=0x1efa233c4958ea7d:0x2db33057b9747ef5
SenzyMproperties,Real estate agency,"Meerense, Tuzi gazi, Waterfront, 153 Pioneer Rd, Richards Bay, 3900",,,076 233 1955,yes,http://www.senzymproperties.co.za/,5.0,1,open,-28.7529349,32.0538255,"estate agents in Richards Bay, KwaZulu-Natal, South Africa",https://www.google.com/maps/place/SenzyMproperties/data=!4m7!3m6!1s0x1efa23b30a790b23:0x8da5b90000790d2a!8m2!3d-28.7529349!4d32.0538255!16s%2Fg%2F11kj6pd3k4!19sChIJIwt5CrMj-h4RKg15AAC5pY0
Shelly Olivier Rental Property Richards Bay Seeff,Real estate agency,"Suite 2, Arboretum, Richards Bay, 3900",,,060 476 1867,yes,https://www.seeff.com/,,,open,-28.7529861,32.0538009,"estate agents in Richards Bay, KwaZulu-Natal, South Africa",https://www.google.com/maps/place/Shelly+Olivier+Rental+Property+Richards+Bay+Seeff/data=!4m7!3m6!1s0x1efa2304d6b65e7f:0x73ea97119f092b2b!8m2!3d-28.7529861!4d32.0538009!16s%2Fg%2F11h3_csxkm!19sChIJf1621gQj-h4RKysJnxGX6nM
Smit & Govender Realtors,Real estate agency,"14 Geelhoutkruin, Arboretum, Richards Bay, 3900",Arboretum,Richards Bay,035 001 0297,yes,https://m.sgrealtors.co.za/,4.5,12,open,-28.7503733,32.0672989,"estate agents in Richards Bay, KwaZulu-Natal, South Africa",https://www.google.com/maps/place/?q=place_id:ChIJKxcfCkcj-h4RsZHBsSZZX0Y&cid=0x1efa23470a1f172b:0x465f5926b1c191b1
Trudy van der Vlies,Real estate agency,"2 Apiesdoring, Arboretum, Richards Bay, 3900",,,082 875 5838,no,,,,open,-28.754138,32.058574,"estate agents in Richards Bay, KwaZulu-Natal, South Africa",https://www.google.com/maps/place/Trudy+van+der+Vlies/data=!4m7!3m6!1s0x1efa236c621e1dfd:0x2fa49d6eb102db89!8m2!3d-28.754138!4d32.058574!16s%2Fg%2F11hzpnm2g6!19sChIJ_R0eYmwj-h4RidsCsW6dpC8
Turner Estates,Real estate agency,,,,060 851 8454,yes,https://www.turnerestates.co.za/,4.9,21,open,-29.31064,31.538054,"estate agents in Richards Bay, KwaZulu-Natal, South Africa",https://www.google.com/maps/place/Turner+Estates/data=!4m7!3m6!1s0xae06d45dce2a9601:0x5d538c5289ff3b74!8m2!3d-29.31064!4d31.538054!16s%2Fg%2F11y091mhhv!19sChIJAZYqzl3UBq4RdDv_iVKMU10
Tyson Properties Richards Bay,Real estate agency,"Promenade Building, 24 Lira Link, Richards Bay, 3900",Richards Bay Central,Richards Bay,035 789 1173,yes,http://www.tysonprop.co.za/,4.5,49,open,-28.752872,32.0531468,"estate agents in Richards Bay, KwaZulu-Natal, South Africa",https://www.google.com/maps/place/?q=place_id:ChIJb4lwWjwj-h4Rbl2Ns6_TOok&cid=0x1efa233c5a70896f:0x893ad3afb38d5d6e
U Bet Properties,Real estate agency,"29 Enkeldoringdraai, Arboretum, Richards Bay, 3900",,,083 660 8688,no,,5.0,2,open,-28.7466989,32.0672818,"estate agents in Richards Bay, KwaZulu-Natal, South Africa",https://www.google.com/maps/place/U+Bet+Properties/data=!4m7!3m6!1s0x1efa23440564fc75:0x6597d254f568035f!8m2!3d-28.7466989!4d32.0672818!16s%2Fg%2F11b6dggw5r!19sChIJdfxkBUQj-h4RXwNo9VTSl2U
eXp Realty,Real estate agency,"1 Swordfish, Meer En See, Richards Bay, 3901",Meer En See,Richards Bay,084 245 5904,yes,http://theacalitzproperties.co.za/,5,6,open,-28.7722327,32.1234124,"estate agents in Richards Bay, KwaZulu-Natal, South Africa",https://www.google.com/maps/place/?q=place_id:ChIJVVVVVUEk-h4RXZFHzza6tyY&cid=0x1efa244155555555:0x26b7ba36cf47915d
Dormehl Phalane Property Group Zululand,Real estate agent,"110 Dollar Dr, CBD, Richards Bay, 3900",CBD,Richards Bay,035 789 1424,yes,http://www.dpgprop.co.za/,5,18,open,-28.7552669,32.0439912,"estate agents in Richards Bay, KwaZulu-Natal, South Africa",https://www.google.com/maps/place/?q=place_id:ChIJB8msvtoQ-h4RSRNMM82J4cc&cid=0x1efa10dabeacc907:0xc7e189cd334c1349
Just Property Legends - Zululand,Real estate agent,"2 Cod Cove, Meer En See, Richards Bay, 3900",Meer En See,Richards Bay,035 940 0444,yes,https://www.just.property/offices/legends-zululand/124/?utm_source=google_maps&utm_medium=website_button&utm_campaign=SP&utm_content=SP,4.9,340,open,-28.785268,32.0946164,"estate agents in Richards Bay, KwaZulu-Natal, South Africa",https://www.google.com/maps/place/?q=place_id:ChIJu1xxTDwj-h4REGO5w2sbhkI&cid=0x1efa233c4c715cbb:0x42861b6bc3b96310
"REMAX Marine Property Sales, Rentals Body Corporate Management",Real estate agent,"2 Apiesdoring, Arboretum, Richards Bay, 3900",Arboretum,Richards Bay,035 789 4171,yes,http://www.remax-marine.co.za/,3.4,61,open,-28.75413,32.058574,"estate agents in Richards Bay, KwaZulu-Natal, South Africa",https://www.google.com/maps/place/?q=place_id:ChIJkTBe0T8j-h4RDPCSBaAMklA&cid=0x1efa233fd15e3091:0x50920ca00592f00c
Rene Bekker Properties,Real estate agent,"41 Bream Hill, Meer En See, Richards Bay, 3901",Meer En See,Richards Bay,083 254 5540,yes,http://www.renebekker.co.za/,4.9,76,open,-28.782079,32.092759199999996,"estate agents in Richards Bay, KwaZulu-Natal, South Africa",https://www.google.com/maps/place/?q=place_id:ChIJW-_R0-oj-h4RXqFKuU49Xjo&cid=0x1efa23ead3d1ef5b:0x3a5e3d4eb94aa15e
Harcourts Zululand,Real estate consultant,"24 Lira Link, Richards Bay Central, Richards Bay, 3900",Richards Bay Central,Richards Bay,035 789 0055,yes,https://www.harcourts.co.za/contact/harcourts-zululand/1399/,4.8,25,open,-28.7528783,32.053137299999996,"estate agents in Richards Bay, KwaZulu-Natal, South Africa",https://www.google.com/maps/place/?q=place_id:ChIJb4lwWjwj-h4RZIpAtakjncI&cid=0x1efa233c5a70896f:0xc29d23a9b5408a64
Pam Golding Properties Richards Bay,Real estate consultant,"Suite 21A, Calypso Center, Lira Link, Richards Bay Central, Richards Bay, 3900",Richards Bay Central,Richards Bay,035 789 0800,yes,http://www.pamgolding.co.za/,3.2,16,open,-28.750999699999998,32.0527373,"estate agents in Richards Bay, KwaZulu-Natal, South Africa",https://www.google.com/maps/place/?q=place_id:ChIJAdSWajMX-h4RFJg_NE2eMNI&cid=0x1efa17336a96d401:0xd2309e4d343f9814
CV & Sons Properties (Pty) Ltd,Real estate developer,"73 Dollar Dr, Richards Bay Central, Richards Bay, 3900",Richards Bay Central,Richards Bay,084 505 0678,yes,https://quinten922.wixsite.com/cvandsonsproperties,2.3,3,open,-28.760135899999998,32.0410053,"estate agents in Richards Bay, KwaZulu-Natal, South Africa",https://www.google.com/maps/place/?q=place_id:ChIJH6M-3VwC-h4RK97Su1FiN_M&cid=0x1efa025cdd3ea31f:0xf3376251bbd2de2b
Power Property Developments (Pty) Ltd,Real estate developer,"2 Apiesdoring, Arboretum, Richards Bay, 3900",,,072 338 1911,no,,5.0,1,open,-28.7540908,32.0584648,"estate agents in Richards Bay, KwaZulu-Natal, South Africa",https://www.google.com/maps/place/Power+Property+Developments+%28Pty%29+Ltd/data=!4m7!3m6!1s0x1efa23d592d8897f:0x19a129acf9399b3!8m2!3d-28.7540908!4d32.0584648!16s%2Fg%2F11rhv_5v5v!19sChIJf4nYktUj-h4Rs5mTz5oSmgE
FOSPROPS Commercial & Industrial Properties,Real estate rental agency,"36 Dollar Dr, Richards Bay Central, Richards Bay, 3900",,,035 789 8583,yes,http://www.fosprops.co.za/,,,open,-28.75719,32.043579,"estate agents in Richards Bay, KwaZulu-Natal, South Africa",https://www.google.com/maps/place/FOSPROPS+Commercial+%26+Industrial+Properties/data=!4m7!3m6!1s0x1efa232ea2d64ba7:0xd87eac4cf7ed96d1!8m2!3d-28.75719!4d32.043579!16s%2Fg%2F11ptsb75rk!19sChIJp0vWoi4j-h4R0Zbt90ysftg
J.S REPAIRS ALL APLIANCE AND FRIDGE REPAIR,Refrigerator repair service,"2 Raas Blaarlaagte, Arboretum, Richards Bay, 3900",,,073 050 1225,no,,4.2,102,open,-28.7635616,32.0638237,"air conditioning installation in Richards Bay, KwaZulu-Natal, South Africa",https://www.google.com/maps/place/J.S+REPAIRS+ALL+APLIANCE+AND+FRIDGE+REPAIR/data=!4m7!3m6!1s0x1efa23c9b53241bf:0xc331034739f1b807!8m2!3d-28.7635616!4d32.0638237!16s%2Fg%2F11lt2s5zqr!19sChIJv0Eytckj-h4RB7jxOUcDMcM
Zululand Refrigeration,Refrigerator repair service,"9 Ngwelezane Rd, Kuleka, Empangeni, 3910",Kuleka,Empangeni,035 787 1330,yes,http://zr.co.za/,4.5,45,open,-28.777312199999997,31.896387999999998,"air conditioning installation in Richards Bay, KwaZulu-Natal, South Africa",https://www.google.com/maps/place/?q=place_id:ChIJJeswsgAa-h4RkZoTP8F7Knc&cid=0x1efa1a00b230eb25:0x772a7bc13f139a91
Radiance Healing - Reiki Acudetox Laughter Therapy,Reiki therapist,"8 White Eye Way, Birdswood, Richards Bay, 3875",Birdswood,Richards Bay,084 672 4207,yes,https://www.radiancehealing.co.za/,5,13,open,-28.7418935,32.0752248,"massage therapists in Richards Bay, KwaZulu-Natal, South Africa",https://www.google.com/maps/place/?q=place_id:ChIJm-_nCm8j-h4RSfROe5V26eI&cid=0x1efa236f0ae7ef9b:0xe2e976957b4ef449
NRB One Stop Shop (Pty) LTD,Repair service,"88 Alumina Allee St, Alton, Richards Bay, 3900",Alton,Richards Bay,035 797 3118,yes,http://nrbonestop.co.za/,4.5,11,open,-28.751141099999998,32.0304916,"panel beaters in Richards Bay, KwaZulu-Natal, South Africa",https://www.google.com/maps/place/?q=place_id:ChIJQ_ORr-oi-h4R38bfhb0crmE&cid=0x1efa22eaaf91f343:0x61ae1cbd85dfc6df
0-Three-5 Shisanyama & Carwash,Restaurant,"11960 Mzingazi, Meer En See, Richards Bay, 3901",,,081 551 9548,no,,4.0,55,open,-28.7615885,32.1350876,"car wash in Richards Bay, KwaZulu-Natal, South Africa",https://www.google.com/maps/place/0-Three-5+Shisanyama+%26+Carwash/data=!4m7!3m6!1s0x1efa254fdbf242a3:0xa33eef1e9bd9a48f!8m2!3d-28.7615885!4d32.1350876!16s%2Fg%2F11n0blnkh_!19sChIJo0Ly208l-h4Rj6TZmx7vPqM
Bean Tree Cafe,Restaurant,"29 Bullion Blvd, Richards Bay Central, Richards Bay, 3900",,,,no,,3.9,15,open,-28.746001,32.0497769,"restaurants in Richards Bay, KwaZulu-Natal, South Africa",https://www.google.com/maps/place/Bean+Tree+Cafe/data=!4m7!3m6!1s0x1efa233aa21e3bf9:0x463bfe7a90bb18bb!8m2!3d-28.746001!4d32.0497769!16s%2Fg%2F11c0xsgq7l!19sChIJ-Tseojoj-h4Ruxi7kHr-O0Y
Blantire Royal Palace,Restaurant,"129 Dollar Dr, Richards Bay Central, Richards Bay, 3900",Richards Bay Central,Richards Bay,035 760 1302,no,,4.6,7,open,-28.751739099999998,32.0449275,"restaurants in Richards Bay, KwaZulu-Natal, South Africa",https://www.google.com/maps/place/?q=place_id:ChIJcaF0KS4j-h4ROBzNMcxINMI&cid=0x1efa232e2974a171:0xc23448cc31cd1c38
Dros,Restaurant,"Richards Bay, 3900",,Richards Bay,035 788 0493,yes,http://www.dros.co.za/,3.9,1623,open,-28.793851999999998,32.0783268,"takeaways in Richards Bay, KwaZulu-Natal, South Africa",https://www.google.com/maps/place/?q=place_id:ChIJ025o-UAj-h4RdVg-hHNqOfE&cid=0x1efa2340f9686ed3:0xf1396a73843e5875
Gather Culture & Coffee,Restaurant,"Cnr Krewelkring &, King Fish Creek, Meer En See, Richards Bay, 3901",,,082 457 1325,no,,4.7,189,open,-28.7812697,32.099843,"restaurants in Richards Bay, KwaZulu-Natal, South Africa",https://www.google.com/maps/place/Gather+Culture+%26+Coffee/data=!4m7!3m6!1s0x1efa254e3f0358a3:0xabcb4220624e2ff1!8m2!3d-28.7812697!4d32.099843!16s%2Fg%2F11k6mcj2wp!19sChIJo1gDP04l-h4R8S9OYiBCy6s
KWA-MALUME AFRICAN FOOD,Restaurant,"11 Metica Moon, Mark Strasse, Richards Bay Central, Richards Bay, 3900",,,072 220 1335,no,,4.0,21,open,-28.753497,32.049074,"catering services in Richards Bay, KwaZulu-Natal, South Africa",https://www.google.com/maps/place/KWA-MALUME+AFRICAN+FOOD/data=!4m7!3m6!1s0x1efa2394163d7dd7:0x881705b7c7accc78!8m2!3d-28.753497!4d32.049074!16s%2Fg%2F11gy88htqt!19sChIJ1309FpQj-h4ReMysx7cFF4g
Lakeside Curries,Restaurant,"Richards Bay Central, Richards Bay, 3900",,,068 427 5923,no,,3.7,3,open,-28.7531764,32.043969,"takeaways in Richards Bay, KwaZulu-Natal, South Africa",https://www.google.com/maps/place/Lakeside+Curries/data=!4m7!3m6!1s0x1efa2355b4de748d:0x49eb5bbcc20c6e65!8m2!3d-28.7531764!4d32.043969!16s%2Fg%2F11swmkmmwd!19sChIJjXTetFUj-h4RZW4Mwrxb60k
Lion's Den Restaurant,Restaurant,"140 Dollar Dr, Richards Bay Central, Richards Bay, 3900",,,,no,,2.5,4,open,-28.75115,32.04481,"restaurants in Richards Bay, KwaZulu-Natal, South Africa",https://www.google.com/maps/place/Lion%27s+Den+Restaurant/data=!4m7!3m6!1s0x1efa23243ae3307b:0x11d93454831759e1!8m2!3d-28.75115!4d32.04481!16s%2Fg%2F1tq4hmbn!19sChIJezDjOiQj-h4R4VkXg1Q02RE
Mac's Fish & Chips Meerensee,Restaurant,"48 Anglers Rod, Meer En See, Richards Bay, 3901",,,035 753 1553,yes,http://www.macsfishandchips.net/,4.3,145,open,-28.7819794,32.1003107,"takeaways in Richards Bay, KwaZulu-Natal, South Africa",https://www.google.com/maps/place/Mac%27s+Fish+%26+Chips+Meerensee/data=!4m7!3m6!1s0x1efa246c7996abad:0x1de00465853e1605!8m2!3d-28.7819794!4d32.1003107!16s%2Fg%2F11c1vrg2sc!19sChIJrauWeWwk-h4RBRY-hWUE4B0
Mainly Coffee Mobile Coffee Boutique,Restaurant,"22 Batterybank, Alton, Richards Bay, 3900",,,066 475 5718,no,,5.0,1,open,-28.7501308,32.0223,"restaurants in Richards Bay, KwaZulu-Natal, South Africa",https://www.google.com/maps/place/Mainly+Coffee+Mobile+Coffee+Boutique/data=!4m7!3m6!1s0x1efa2321884c74cb:0xa73651176ae8a50!8m2!3d-28.7501308!4d32.0223!16s%2Fg%2F11c73c1x82!19sChIJy3RMiCEj-h4RUIqudhFlcwo
Meat Junction,Restaurant,"49 Bullion Blvd, Richards Bay Central, Richards Bay, 3900",,,035 789 6832,yes,https://www.africanadvice.com/1296087/Restaurants/Kwazulu_Natal/Meat_Junction/,2.6,5,open,-28.7485933,32.0489943,"butcheries in Richards Bay, KwaZulu-Natal, South Africa",https://www.google.com/maps/place/Meat+Junction/data=!4m7!3m6!1s0x1efa23252fe29d59:0x386e65b106bcbb4d!8m2!3d-28.7485933!4d32.0489943!16s%2Fg%2F1pzw7_vs6!19sChIJWZ3iLyUj-h4RTbu8BrFlbjg
Mugg & Bean Boardwalk Inkwazi,Restaurant,"Shop L83, Boardwalk Inkwazi Shopping Centre, Premium Promenade, Richards Bay Central, Richards Bay, 3900",,,035 789 3999,yes,https://locations.muggandbean.co.za/restaurants-BoardwalkInkwaziShoppingCentre-MuggBeanRichardsBayBoardwalk/?utm_source=google_maps&utm_medium=website_button&utm_campaign=SP&utm_content=SP,4.0,426,open,-28.7521674,32.0515189,"takeaways in Richards Bay, KwaZulu-Natal, South Africa",https://www.google.com/maps/place/Mugg+%26+Bean+Boardwalk+Inkwazi/data=!4m7!3m6!1s0x1efa233b341d3bb7:0x7d65cf1bfd2c61a9!8m2!3d-28.7521674!4d32.0515189!16s%2Fg%2F1pzqzcgxd!19sChIJtzsdNDsj-h4RqWEs_RvPZX0
Nongalo butchery & shisanyama,Restaurant,"Mandlazini, Richards Bay, 3900",,,,no,,4.7,22,open,-28.7428553,32.0985637,"butcheries in Richards Bay, KwaZulu-Natal, South Africa",https://www.google.com/maps/place/Nongalo+butchery+%26+shisanyama/data=!4m7!3m6!1s0x1efa25e3c8c5a93d:0xffcc4197f0ffc9c4!8m2!3d-28.7428553!4d32.0985637!16s%2Fg%2F11k2kt20_q!19sChIJPanFyOMl-h4RxMn_8JdBzP8
Sindu Restaurant,Restaurant,"Walk Building, Pioneer Rd, Richards Bay, 3900",,,068 731 1935,no,,4.1,139,open,-28.7938399,32.0788943,"takeaways in Richards Bay, KwaZulu-Natal, South Africa",https://www.google.com/maps/place/Sindu+Restaurant/data=!4m7!3m6!1s0x1efa230009dc4565:0x7285bb0e9917f617!8m2!3d-28.7938399!4d32.0788943!16s%2Fg%2F11y2k_1_ls!19sChIJZUXcCQAj-h4RF_YXmQ67hXI
The Bay View Restaurant,Restaurant,"22 Davidson Ln, Meer En See, Richards Bay, 3901",,,076 051 6401,yes,https://www.thebayviewhotel.co.za/,3.0,7,open,-28.7946696,32.0958462,"restaurants in Richards Bay, KwaZulu-Natal, South Africa",https://www.google.com/maps/place/The+Bay+View+Restaurant/data=!4m7!3m6!1s0x1efa25e22a61a653:0x374b6d658ae2315b!8m2!3d-28.7946696!4d32.0958462!16s%2Fg%2F11y5hdn8h3!19sChIJU6ZhKuIl-h4RWzHiimVtSzc
The Foodman,Restaurant,"Shop4, 10 Peseta Parade, Richards Bay Central, Richards Bay, 3900",Richards Bay Central,Richards Bay,064 643 3971,no,,5,5,open,-28.7469696,32.0479631,"takeaways in Richards Bay, KwaZulu-Natal, South Africa",https://www.google.com/maps/place/?q=place_id:ChIJg87rlbIX-h4RYCgZ8bwDdrI&cid=0x1efa17b295ebce83:0xb27603bcf1192860
The Magic Pot,Restaurant,"ZCBF, Richards Bay Central, Richards Bay, 3900",Richards Bay Central,Richards Bay,072 098 4257,no,,4.9,49,open,-28.7564827,32.034046599999996,"takeaways in Richards Bay, KwaZulu-Natal, South Africa",https://www.google.com/maps/place/?q=place_id:ChIJLaZRaXAj-h4RJqIqnS3OWKU&cid=0x1efa23706951a62d:0xa558ce2d9d2aa226
The Reeds Restaurant,Restaurant,"Hibberd Dr &, Krewelkring Drive, Meer En See, Richards Bay, 3901",Meer En See,Richards Bay,073 545 1984,yes,http://www.imvubulodge.com/,4.3,191,open,-28.791729399999998,32.1013841,"restaurants in Richards Bay, KwaZulu-Natal, South Africa",https://www.google.com/maps/place/?q=place_id:ChIJ15INfREk-h4RaZbrDWTcNag&cid=0x1efa24117d0d92d7:0xa835dc640deb9669
The Ridge Restaurant,Restaurant,"22 Davidson Ln, Meer En See, Richards Bay, 3901",,,076 051 6401,no,,4.1,233,open,-28.7951545,32.0961143,"takeaways in Richards Bay, KwaZulu-Natal, South Africa",https://www.google.com/maps/place/The+Ridge+Restaurant/data=!4m7!3m6!1s0x1efa25005b918919:0x4073152cd6649408!8m2!3d-28.7951545!4d32.0961143!16s%2Fg%2F11j3s8c2tx!19sChIJGYmRWwAl-h4RCJRk1iwVc0A
Waterfront lounge,Restaurant,"1 Pioneer Rd, Harbour, Richards Bay, 3901",,,,no,,4.1,87,open,-28.7930992,32.0778451,"restaurants in Richards Bay, KwaZulu-Natal, South Africa",https://www.google.com/maps/place/Waterfront+lounge/data=!4m7!3m6!1s0x1efa235fd270a759:0xfc863e1f0811b428!8m2!3d-28.7930992!4d32.0778451!16s%2Fg%2F11j1jgspkc!19sChIJWadw0l8j-h4RKLQRCB8-hvw
Zula Beach Richards Bay,Restaurant,"Anchors Cast Building, 2 Bridgetown Rd, Tuzigazi, Richards Bay, 3900",Tuzigazi,Richards Bay,035 788 0041,no,,3.9,277,open,-28.7940996,32.081239499999995,"restaurants in Richards Bay, KwaZulu-Natal, South Africa",https://www.google.com/maps/place/?q=place_id:ChIJ3yFQ6mEj-h4RD3LFUCMydDo&cid=0x1efa2361ea5021df:0x3a74322350c5720f
eGawozi Shisanyama & Car Wash,Restaurant,Richards Bay,,,,no,,4.0,71,open,-28.7469849,32.0889934,"car wash in Richards Bay, KwaZulu-Natal, South Africa",https://www.google.com/maps/place/eGawozi+Shisanyama+%26+Car+Wash/data=!4m7!3m6!1s0x1efa249f519f71df:0xd98dfc601d00ced3!8m2!3d-28.7469849!4d32.0889934!16s%2Fg%2F11gfncjgrq!19sChIJ33GfUZ8k-h4R084AHWD8jdk
Bethu Plant Hire,Road construction company,"No.9, ED Village, 3900 E Central Arterial, Esikhawini H, Richards Bay, 3887",,,078 497 6373,no,,,,open,-28.746461,32.059063,"paving contractors in Richards Bay, KwaZulu-Natal, South Africa",https://www.google.com/maps/place/Bethu+Plant+Hire/data=!4m7!3m6!1s0x1efa23385857e341:0x6f25f0cc6b70b2d5!8m2!3d-28.746461!4d32.059063!16s%2Fg%2F11ppc9nfr5!19sChIJQeNXWDgj-h4R1bJwa8zwJW8
Zululand Gutters and Roofing,Rolled metal products supplier,"9 Neil Armstrong Dr, Kildare, Empangeni, 3880",Kildare,Empangeni,083 560 1651,yes,https://www.zululandgutters.co.za/,5,2,open,-28.7648366,31.8937705,"roofing contractors in Richards Bay, KwaZulu-Natal, South Africa",https://www.google.com/maps/place/?q=place_id:ChIJyXR-w-IR-h4RS69yM0alhcQ&cid=0x1efa11e2c37e74c9:0xc485a5463372af4b
Quality Thatch,Roofing contractor,"Ohmzone, Alton, Richards Bay, 3900",Alton,Richards Bay,084 500 8342,no,,1,2,open,-28.769418299999998,32.008474299999996,"roofing contractors in Richards Bay, KwaZulu-Natal, South Africa",https://www.google.com/maps/place/?q=place_id:ChIJoyX7aZYi-h4RjCMbRpT9yM0&cid=0x1efa229669fb25a3:0xcdc8fd94461b238c
Rollo Roofing (Pty) Ltd,Roofing contractor,"Unit 10B Platina Park 02 Platina Drive Kuleka Empangeni Rail, 3910",Kuleka,Empangeni,071 100 5426,yes,http://www.rolloroofing.co.za/,5,2,open,-28.7741677,31.892723699999998,"roofing contractors in Richards Bay, KwaZulu-Natal, South Africa",https://www.google.com/maps/place/?q=place_id:ChIJ97mjNwYR-h4Rpd9cxpWRfO4&cid=0x1efa110637a3b9f7:0xee7c9195c65cdfa5
ZZ Engineering & Roofing Solutions,Roofing contractor,"18 Kabelring, Alton, Richards Bay, 3900",,,035 797 3021,no,,4.0,37,open,-28.7663367,32.0067551,"building contractors in Richards Bay, KwaZulu-Natal, South Africa",https://www.google.com/maps/place/ZZ+Engineering+%26+Roofing+Solutions/data=!4m7!3m6!1s0x1efa22bcab4698a3:0x3111794f4169ad90!8m2!3d-28.7663367!4d32.0067551!16s%2Fg%2F1pzr7rsnr!19sChIJo5hGq7wi-h4RkK1pQU95ETE
Richards Bay Trusses,Roofing supply store,"31A Kabelkring, Alton, Richards Bay, 3900",Alton,Richards Bay,035 797 3573,no,,4.5,2,open,-28.7639069,32.004157299999996,"roofing contractors in Richards Bay, KwaZulu-Natal, South Africa",https://www.google.com/maps/place/?q=place_id:ChIJo5hGq7wi-h4RQqhkhVISdAA&cid=0x1efa22bcab4698a3:0x7412528564a842
ZZ Roofing,Roofing supply store,"Richards Bay Central, Richards Bay, 3900",Richards Bay Central,Richards Bay,035 880 0277,yes,http://www.zzroofing.co.za/,5,1,open,-28.7541083,32.052243499999996,"roofing contractors in Richards Bay, KwaZulu-Natal, South Africa",https://www.google.com/maps/place/?q=place_id:ChIJA3UTOgAj-h4Rbdpyw14th0g&cid=0x1efa23003a137503:0x48872d5ec372da6d
Zululand Safety Welding & Equipment,Safety equipment supplier,"Unit 5, 3 Brass Link, Alton, Richards Bay, 3990",Alton,Richards Bay,035 940 3578,yes,https://www.zululandwse.com/,5,1,open,-28.7491204,32.0306261,"welding services in Richards Bay, KwaZulu-Natal, South Africa",https://www.google.com/maps/place/?q=place_id:ChIJ36OTCzAj-h4RgWFzeJIq2mw&cid=0x1efa23300b93a3df:0x6cda2a9278736181
Action Blast CC,Sandblasting service,"1 Ohmzone, Alton, Richards Bay, 3900",,,082 328 9575,no,,4.8,9,open,-28.7699384,32.0096053,"painters in Richards Bay, KwaZulu-Natal, South Africa",https://www.google.com/maps/place/Action+Blast+CC/data=!4m7!3m6!1s0x1efa22967e3f9197:0x28a69f742d4d1738!8m2!3d-28.7699384!4d32.0096053!16s%2Fg%2F1pzq5_vy7!19sChIJl5E_fpYi-h4ROBdNLXSfpig
Hydro Tech Blasting & Spray Painting (PTY) LTD,Sandblasting service,,,,078 597 3160,no,,4.9,13,open,-34.6283864,27.2516952,"painters in Richards Bay, KwaZulu-Natal, South Africa",https://www.google.com/maps/place/Hydro+Tech+Blasting+%26+Spray+Painting+%28PTY%29+LTD/data=!4m7!3m6!1s0x1efa23efde727207:0x6583a662a0acf89!8m2!3d-34.6283864!4d27.2516952!16s%2Fg%2F11ffkytlgj!19sChIJB3Jy3u8j-h4Ric8KKmY6WAY
Kumza Scaffolding & General Maintenance Services,Scaffolding rental service,"13 Witstinkhout, Arboretum, Richards Bay, 3900",,,083 677 7086,no,,5.0,1,open,-28.753852,32.061138,"paving contractors in Richards Bay, KwaZulu-Natal, South Africa",https://www.google.com/maps/place/Kumza+Scaffolding+%26+General+Maintenance+Services/data=!4m7!3m6!1s0x1efa234000277c2f:0x93f6d65cd044a4a6!8m2!3d-28.753852!4d32.061138!16s%2Fg%2F1pzr2k1rq!19sChIJL3wnAEAj-h4RpqRE0FzW9pM
PJ Projects,Scaffolding service,"4 Emaljedraai, Alton, Richards Bay, 3900",,,035 751 1004,yes,http://pjprojectsrb.co.za/,4.3,6,open,-28.7389053,32.0351111,"building contractors in Richards Bay, KwaZulu-Natal, South Africa",https://www.google.com/maps/place/PJ+Projects/data=!4m7!3m6!1s0x1efa22d4c9314055:0xbee71b3e55c2e2fc!8m2!3d-28.7389053!4d32.0351111!16s%2Fg%2F11b6d3j0f9!19sChIJVUAxydQi-h4R_OLCVT4b574
Little junior centre,School center,"grounds gate 4, ZCBF, Alton, Richards Bay, 3900",Alton,Richards Bay,082 876 2699,no,,5,1,open,-28.755623,32.0344969,"creche and daycare in Richards Bay, KwaZulu-Natal, South Africa",https://www.google.com/maps/place/?q=place_id:ChIJPc7bSQQj-h4RF7Gy6FijRM4&cid=0x1efa230449dbce3d:0xce44a358e8b2b117
BNT SCREEN PRINTERS,Screen printer,"18 Bramble Terrace, Brackenham, Richards Bay, 3900",,,035 798 1428,no,,4.0,2,open,-28.72698,32.0413,"printers in Richards Bay, KwaZulu-Natal, South Africa",https://www.google.com/maps/place/BNT+SCREEN+PRINTERS/data=!4m7!3m6!1s0x1efa3de33741d0f9:0xe520570db5715321!8m2!3d-28.72698!4d32.0413!16s%2Fg%2F11rsbvgd4b!19sChIJ-dBBN-M9-h4RIVNxtQ1XIOU
Fishaways Boardwalk,Seafood restaurant,"Shop L83, Boardwalk Inkwazi Shopping Centre, Premium Promenade, Richards Bay Central, Richards Bay, 3900",Richards Bay Central,Richards Bay,035 789 3140,yes,https://locations.fishaways.co.za/restaurants-BoardwalkInkwaziShoppingCentre-FishawaysRichardsBayBoardwalk?utm_source=google_maps&utm_medium=website_button&utm_campaign=SP&utm_content=SP,3.7,29,open,-28.751981899999997,32.0510264,"takeaways in Richards Bay, KwaZulu-Natal, South Africa",https://www.google.com/maps/place/?q=place_id:ChIJtzsdNDsj-h4RcQW09A1kSak&cid=0x1efa233b341d3bb7:0xa949640df4b40571
John Dory's Richards Bay Boardwalk,Seafood restaurant,"Shop U17 & U18, Boardwalk Inkwazi Shopping Centre, Bullion Blvd, Richards Bay Central, Richards Bay, 3900",Richards Bay Central,Richards Bay,035 789 4348,yes,https://www.johndorys.com/za/restaurants/kwazulu-natal/john-dorys-richards-bay-boardwalk?utm_source=google_maps&utm_medium=website_button&utm_campaign=SP&utm_content=SP,3.9,878,open,-28.7551611,32.0485939,"restaurants in Richards Bay, KwaZulu-Natal, South Africa",https://www.google.com/maps/place/?q=place_id:ChIJg77ybTsj-h4R3nHjnb2j7jk&cid=0x1efa233b6df2be83:0x39eea3bd9de371de
Cash Converters Richards Bay,Second hand store,"Shop 2, 18 Lira Link, Richards Bay Central, Richards Bay, 3900",,,035 789 3165,yes,http://www.cashconverters.co.za/,4.8,353,open,-28.7520559,32.0526575,"furniture stores in Richards Bay, KwaZulu-Natal, South Africa",https://www.google.com/maps/place/Cash+Converters+Richards+Bay/data=!4m7!3m6!1s0x1efa233c7173f9c5:0x7a425706572931f0!8m2!3d-28.7520559!4d32.0526575!16s%2Fg%2F1v86h2vd!19sChIJxflzcTwj-h4R8DEpVwZXQno
AK JT Protection,Security guard service,"23 Bullion Blvd, Richards Bay Central, Richards Bay, 3900",,,067 947 7152,no,,5.0,2,open,-28.7537429,32.0463333,"security companies in Richards Bay, KwaZulu-Natal, South Africa",https://www.google.com/maps/place/AK+JT+Protection/data=!4m7!3m6!1s0x1efa2321bc20babd:0xb77c1719082cd0c2!8m2!3d-28.7537429!4d32.0463333!16s%2Fg%2F11r3ztw0lw!19sChIJvbogvCEj-h4RwtAsCBkXfLc
F B I Security,Security guard service,"6, 46 Ceramic Curve, Alton, Richards Bay, 3900",,,035 789 0056,yes,https://www.facebook.com/FBI-Security-Richards-Bay-255026751200768/,4.0,15,open,-28.7461361,32.0355308,"security companies in Richards Bay, KwaZulu-Natal, South Africa",https://www.google.com/maps/place/F+B+I+Security/data=!4m7!3m6!1s0x1efa232ff004cf67:0x89d6470298ba8f66!8m2!3d-28.7461361!4d32.0355308!16s%2Fg%2F1pzstpzwz!19sChIJZ88E8C8j-h4RZo-6mAJH1ok
Ingqapheli Security,Security guard service,"3 Chloorkring St, Alton, Richards Bay",,,035 797 5200,yes,https://www.ingqapheli.co.za/,5.0,2,open,-28.75616,32.02695,"security companies in Richards Bay, KwaZulu-Natal, South Africa",https://www.google.com/maps/place/Ingqapheli+Security/data=!4m7!3m6!1s0x1efa22db34ce2c05:0xe570f930d2efeea4!8m2!3d-28.75616!4d32.02695!16s%2Fg%2F1v27g3pj!19sChIJBSzONNsi-h4RpO7v0jD5cOU
Ingqapheli Security CC,Security guard service,"81 Ceramic Curve, Alton, Richards Bay, 3900",,,035 751 2177,yes,http://www.ingqapheli.co.za/,,,open,-28.7364902,32.0388994,"security companies in Richards Bay, KwaZulu-Natal, South Africa",https://www.google.com/maps/place/Ingqapheli+Security+CC/data=!4m7!3m6!1s0x1efa3cd37b226381:0x3fe824ad63cdcf99!8m2!3d-28.7364902!4d32.0388994!16s%2Fg%2F11b6d7rm03!19sChIJgWMie9M8-h4Rmc_NY60k6D8
Njongamanisi Services (Pty) Ltd,Security guard service,"56 Kiepersolkolk, Arboretum, Richards Bay, 3900",,,079 681 1948,yes,http://www.njongamanisi.co.za/,5.0,1,open,-28.7597897,32.0702842,"security companies in Richards Bay, KwaZulu-Natal, South Africa",https://www.google.com/maps/place/Njongamanisi+Services+%28Pty%29+Ltd/data=!4m7!3m6!1s0x54815e15a83ae49:0x9d991c692cc75dee!8m2!3d-28.7597897!4d32.0702842!16s%2Fg%2F11xf_20k9j!19sChIJSa6DWuEVSAUR7l3HLGkcmZ0
REHO SECURITY,Security guard service,"Meed Park, Unit 5, 46 Ceramic Curve, Alton, Richards Bay",,,061 404 9351,yes,http://rehosecurity.co.za/,3.3,7,open,-28.7461361,32.0355308,"security companies in Richards Bay, KwaZulu-Natal, South Africa",https://www.google.com/maps/place/REHO+SECURITY/data=!4m7!3m6!1s0x1efa22d6603c6465:0x74f10aa053ddb8c!8m2!3d-28.7461361!4d32.0355308!16s%2Fg%2F11hyt9h4z_!19sChIJZWQ8YNYi-h4RjNs9BaoQTwc
Servest Group,Security guard service,"38 Dollar Dr, Richards Bay Central, Richards Bay, 3900",,,035 789 2728,yes,http://www.servest.co.za/,5.0,1,open,-28.757457,32.043455,"security companies in Richards Bay, KwaZulu-Natal, South Africa",https://www.google.com/maps/place/Servest+Group/data=!4m7!3m6!1s0x1efa2321f3b5c501:0x2c55d53bf86eda04!8m2!3d-28.757457!4d32.043455!16s%2Fg%2F1tgv9dvx!19sChIJAcW18yEj-h4RBNpu-DvVVSw
Sphiwo Protection and Security Services,Security guard service,"2360Mzingwenya street, Esikhawini H, Empangeni, 3887",,,082 406 4161,no,,1.0,1,open,-28.86754,31.9160496,"security companies in Richards Bay, KwaZulu-Natal, South Africa",https://www.google.com/maps/place/Sphiwo+Protection+and+Security+Services/data=!4m7!3m6!1s0x1efa1f3f5c55b4bd:0xa7e619a3c934df7c!8m2!3d-28.86754!4d31.9160496!16s%2Fg%2F11tfrm0sys!19sChIJvbRVXD8f-h4RfN80yaMZ5qc
Yebo Force Security VIP,Security guard service,"Office No 2, Gazi Centre, Waterfront, Richards Bay, 3900",,,032 586 0095,no,,5.0,1,open,-28.7501755,32.0553349,"security companies in Richards Bay, KwaZulu-Natal, South Africa",https://www.google.com/maps/place/Yebo+Force+Security+VIP/data=!4m7!3m6!1s0x1efa233bffffffff:0xab38836f56700da9!8m2!3d-28.7501755!4d32.0553349!16s%2Fg%2F11h94zz251!19sChIJ_____zsj-h4RqQ1wVm-DOKs
ADT Richard's Bay,Security service,"9 Challenor Ridge, Meer En See, Richards Bay, 3901",,,035 789 3438,yes,https://www.adt.co.za/contact-us/branch/richards-bay/,2.9,51,open,-28.79383,32.098259,"security companies in Richards Bay, KwaZulu-Natal, South Africa",https://www.google.com/maps/place/ADT+Richard%27s+Bay/data=!4m7!3m6!1s0x1efa232187f856ff:0xf0ea374e1ed98732!8m2!3d-28.79383!4d32.098259!16s%2Fg%2F1hdz8fzrp!19sChIJ_1b4hyEj-h4RMofZHk436vA
Amabhokobhoko security company,Security service,"Jan Smith, Richards Bay, 3909",,,077 464 7332,no,,,,open,-28.7807276,32.0382856,"security companies in Richards Bay, KwaZulu-Natal, South Africa",https://www.google.com/maps/place/Amabhokobhoko+security+company/data=!4m7!3m6!1s0x1efa23219b74c397:0x28a75cf5213c28b4!8m2!3d-28.7807276!4d32.0382856!16s%2Fg%2F11r9yd3_d3!19sChIJl8N0myEj-h4RtCg8IfVcpyg
BIDVEST PROTEA COIN GROUP,Security service,"37 Dollar Dr, Richards Bay Central, Richards Bay, 3900",Richards Bay Central,Richards Bay,035 789 8600,no,,4.4,11,open,-28.757458,32.044264,"security companies in Richards Bay, KwaZulu-Natal, South Africa",https://www.google.com/maps/place/?q=place_id:ChIJZZRlHCIj-h4RZbqqDiWyG-A&cid=0x1efa23221c659465:0xe01bb2250eaaba65
Baywolf Security,Security service,"Basement Office, Marlin Mall, 56 Anglers Rod, Meer En See, Richards Bay, 3901",,,087 107 1549,yes,https://www.baywolf.co.za/,4.1,9,open,-28.7834864,32.1018096,"security companies in Richards Bay, KwaZulu-Natal, South Africa",https://www.google.com/maps/place/Baywolf+Security/data=!4m7!3m6!1s0x1efa252d870cdce5:0x975541eb47d38df8!8m2!3d-28.7834864!4d32.1018096!16s%2Fg%2F11x1ld8hrv!19sChIJ5dwMhy0l-h4R-I3TR-tBVZc
Chubb Fire and Security,Security service,"2 Dollar Dr, Richards Bay Central, Richards Bay, 3900",,,086 103 5911,yes,http://www.chubb.co.za/,2.6,8,open,-28.7531858,32.0455808,"security companies in Richards Bay, KwaZulu-Natal, South Africa",https://www.google.com/maps/place/Chubb+Fire+and+Security/data=!4m7!3m6!1s0x1efa23238b82e585:0xd9ed8a21ce615256!8m2!3d-28.7531858!4d32.0455808!16s%2Fg%2F1pzwgcgxq!19sChIJheWCiyMj-h4RVlJhziGK7dk
Coastal Security,Security service,"1 Kurper Kurwe, Meer En See, Richards Bay, 3900",,,035 753 1010,yes,https://sites.google.com/view/coastal-sec/home,5.0,6,open,-28.7778048,32.1009125,"security companies in Richards Bay, KwaZulu-Natal, South Africa",https://www.google.com/maps/place/Coastal+Security/data=!4m7!3m6!1s0x1efa25c92888c32f:0x17011125afff4f75!8m2!3d-28.7778048!4d32.1009125!16s%2Fg%2F11nbkvfgyd!19sChIJL8OIKMkl-h4RdU__ryURARc
Elite Tactical,Security service,"10 Dollar Dr, Richards Bay Central, Richards Bay, 3900",,,087 092 8385,yes,https://elite-tactical.co.za/,5.0,9,open,-28.7540388,32.0451851,"security companies in Richards Bay, KwaZulu-Natal, South Africa",https://www.google.com/maps/place/Elite+Tactical/data=!4m7!3m6!1s0x1efa234185a04bd7:0x81148edec9b1b10e!8m2!3d-28.7540388!4d32.0451851!16s%2Fg%2F11zylv66gv!19sChIJ10ughUEj-h4RDrGxyd6OFIE
INFINITE SECURITY SOLUTIONS,Security service,"34 Weaver Wing, Birdswood, Richards Bay, 3900",,,064 008 3935,no,,4.8,6,open,-28.740944,32.0786399,"security companies in Richards Bay, KwaZulu-Natal, South Africa",https://www.google.com/maps/place/INFINITE+SECURITY+SOLUTIONS/data=!4m7!3m6!1s0x1efa235984e7c97d:0x801c05c349ca2b1d!8m2!3d-28.740944!4d32.0786399!16s%2Fg%2F11my6lymf7!19sChIJfcnnhFkj-h4RHSvKScMFHIA
Luyanda Security cc,Security service,"No.18 Sakhisizwe ZCBF Community Park Guldengracth, Alton, Richards Bay, 3900",,,035 940 1203,yes,https://luyandasecurity.co.za/,,,open,-28.7506092,32.0240758,"security companies in Richards Bay, KwaZulu-Natal, South Africa",https://www.google.com/maps/place/Luyanda+Security+cc/data=!4m7!3m6!1s0x1efa2319eae51479:0xd80acdafa947e2db!8m2!3d-28.7506092!4d32.0240758!16s%2Fg%2F11wxphfybv!19sChIJeRTl6hkj-h4R2-JHqa_NCtg
MAKHEDA SECURITY,Security service,"10 Rooibosrand, Arboretum, Richards Bay, 3900",,,035 789 3945,yes,https://www.thinklocal.co.za/biz/makheda-business-projects-security-richards-bay,4.1,9,open,-28.764744,32.061655,"security companies in Richards Bay, KwaZulu-Natal, South Africa",https://www.google.com/maps/place/MAKHEDA+SECURITY/data=!4m7!3m6!1s0x1efa2372afe898fb:0x93c9a90db30d6d35!8m2!3d-28.764744!4d32.061655!16s%2Fg%2F11dxh9rwpn!19sChIJ-5jor3Ij-h4RNW0Nsw2pyZM
Makadebona VIP Protection Services,Security service,"Unit 1-9 Sakhisizwe Building 01 South Arterial, ZCBF, Alton, Richards Bay, 3900",,,035 797 3067,no,,5.0,1,open,-28.755623,32.0344969,"security companies in Richards Bay, KwaZulu-Natal, South Africa",https://www.google.com/maps/place/Makadebona+VIP+Protection+Services/data=!4m7!3m6!1s0x1efa231e6819103b:0xd356ab445888cc3c!8m2!3d-28.755623!4d32.0344969!16s%2Fg%2F11jzth2jy9!19sChIJOxAZaB4j-h4RPMyIWESrVtM
Nite Owl Security,Security service,"1st Floor, Msimbithi House, Norman Tedder Lane, 3 Turnbull St, Fairview, Empangeni, 3880",Fairview,Empangeni,086 177 2211,yes,http://www.niteowl.net.za/,4,33,open,-28.7410313,31.894783099999998,"security companies in Richards Bay, KwaZulu-Natal, South Africa",https://www.google.com/maps/place/?q=place_id:ChIJUZ8lYZ0R-h4Rk_E-MolU8LQ&cid=0x1efa119d61259f51:0xb4f05489323ef193
Security-4-U,Security service,"UVS Dover Farm, Union St, Empangeni, 3880",,,087 284 6093,yes,http://www.securitygroup.co.za/,4.6,26,open,-28.7224739,31.9088999,"security companies in Richards Bay, KwaZulu-Natal, South Africa",https://www.google.com/maps/place/Security-4-U/data=!4m7!3m6!1s0x1efa10d6a6761d81:0xac794d7e4a04ca2c!8m2!3d-28.7224739!4d31.9088999!16s%2Fg%2F11b6c_r_n7!19sChIJgR12ptYQ-h4RLMoESn5Neaw
Servest Richards Bay,Security service,"Unit 1 Barossa Park, 4 Ceramic Curve, Alton, Richards Bay, 3900",,,035 751 1514,yes,https://www.servest.co.za/,5.0,3,open,-28.7544149,32.0287986,"security companies in Richards Bay, KwaZulu-Natal, South Africa",https://www.google.com/maps/place/Servest+Richards+Bay/data=!4m7!3m6!1s0x1efa2316b7be8f47:0x30a7d769cabd4ede!8m2!3d-28.7544149!4d32.0287986!16s%2Fg%2F11pw0skx75!19sChIJR4--txYj-h4R3k69ymnXpzA
Stholokuhle Security Training,Security service,"11 Brass Link, Alton next to Shell Garage opposite Reclamation, Richards Bay, 3900",,,084 608 0802,no,,3.7,3,open,-28.7676712,32.03687,"security companies in Richards Bay, KwaZulu-Natal, South Africa",https://www.google.com/maps/place/Stholokuhle+Security+Training/data=!4m7!3m6!1s0x1efa2358a22db9df:0x10760e9a55798956!8m2!3d-28.7676712!4d32.03687!16s%2Fg%2F11sz3zwzh6!19sChIJ37ktolgj-h4RVol5VZoOdhA
TRANSPOFY STOKVEL GROUP,Security service,"58 Dollar Dr, Richards Bay Central, Richards Bay, 3900",,,011 038 2168,no,,3.5,2,open,-28.760212,32.042147,"security companies in Richards Bay, KwaZulu-Natal, South Africa",https://www.google.com/maps/place/TRANSPOFY+STOKVEL+GROUP/data=!4m7!3m6!1s0x1efa231f134556bd:0x94f4e3fea40a975a!8m2!3d-28.760212!4d32.042147!16s%2Fg%2F11fls3xmry!19sChIJvVZFEx8j-h4RWpcKpP7j9JQ
"Trellidor Security Gates, Shutters and Screens",Security service,"3 Kolgans Dans, Birdswood, Richards Bay, 3900",,,035 789 0325,yes,https://franchises.trellidor.co.za/richards-bay/?utm_source=gmb&utm_medium=organic&utm_campaign=franchise,4.9,16,open,-28.7371523,32.0887598,"security companies in Richards Bay, KwaZulu-Natal, South Africa","https://www.google.com/maps/place/Trellidor+Security+Gates,+Shutters+and+Screens/data=!4m7!3m6!1s0x1efa2330169710ab:0xcbfc256a901117f6!8m2!3d-28.7371523!4d32.0887598!16s%2Fg%2F11b7d_1bd7!19sChIJqxCXFjAj-h4R9hcRkGol_Ms"
World Class Security Services,Security service,"8 Sakhisizwe Building Alton, Richards Bay, 3900",,,078 978 5472,no,,,,open,-28.7557637,32.0347188,"security companies in Richards Bay, KwaZulu-Natal, South Africa",https://www.google.com/maps/place/World+Class+Security+Services/data=!4m7!3m6!1s0x1efa2398b0e3a63f:0xa5e07ce5cdcac159!8m2!3d-28.7557637!4d32.0347188!16s%2Fg%2F11m_h23jj7!19sChIJP6bjsJgj-h4RWcHKzeV84KU
Xpanda Richards Bay,Security service,"Unit 6, Bermart Park 1, 96 Alumina Allee St, Alton, Richards Bay, 3900",,,035 789 3634,yes,http://www.xpanda.co.za/,4.0,7,open,-28.7487181,32.0324021,"security companies in Richards Bay, KwaZulu-Natal, South Africa",https://www.google.com/maps/place/Xpanda+Richards+Bay/data=!4m7!3m6!1s0x1efa229592592ced:0x2f6add8f2c821ed5!8m2!3d-28.7487181!4d32.0324021!16s%2Fg%2F1pzs3y6jj!19sChIJ7SxZkpUi-h4R1R6CLI_dai8
Bay Alarms,Security system supplier,"80 Gold Fern St, Brackenham, Richards Bay, 3900",,,035 798 1513,yes,https://www.brabys.com/za/kwazulu-natal/richards-bay/brackenham/alarms/bay-alarms,4.1,9,open,-28.7157162,32.0424722,"security companies in Richards Bay, KwaZulu-Natal, South Africa",https://www.google.com/maps/place/Bay+Alarms/data=!4m7!3m6!1s0x1efa3ce0ea954cf3:0x71e6a26b4fe39edd!8m2!3d-28.7157162!4d32.0424722!16s%2Fg%2F1pzvh4g11!19sChIJ80yV6uA8-h4R3Z7jT2ui5nE
Futronicservices,Security system supplier,"Via Cassiandra, Arboretum, Richards Bay, 3900",,,035 789 0131,no,,2.3,3,open,-28.760914,32.0527323,"security companies in Richards Bay, KwaZulu-Natal, South Africa",https://www.google.com/maps/place/Futronicservices/data=!4m7!3m6!1s0x1efa2316c65c4bb9:0x2e968cc79c27774c!8m2!3d-28.760914!4d32.0527323!16s%2Fg%2F1tl_1gd0!19sChIJuUtcxhYj-h4RTHcnnMeMli4
IDS,Security system supplier,"Unit 2, Magcra Park, 3 Brass Link, Alton, Richards Bay, 3900",,,087 159 8055,yes,http://www.idsprotect.co.za/,5.0,3,open,-28.750272,32.029578,"security companies in Richards Bay, KwaZulu-Natal, South Africa",https://www.google.com/maps/place/IDS/data=!4m7!3m6!1s0x1efa2366a2321d7f:0xda0433f1e80307ae!8m2!3d-28.750272!4d32.029578!16s%2Fg%2F11p4bjxdd_!19sChIJfx0yomYj-h4RrgcD6PEzBNo
NDS Security Solutions Richards Bay,Security system supplier,"Unit D2, Peg Centre, Lira Link, Richards Bay Central, Richards Bay, 3900",,,035 285 0114,yes,https://www.ndssecuritysolutions.co.za/,4.8,52,open,-28.7524069,32.0529957,"security companies in Richards Bay, KwaZulu-Natal, South Africa",https://www.google.com/maps/place/NDS+Security+Solutions+Richards+Bay/data=!4m7!3m6!1s0x1efa23d2a3b548a5:0x671ac87fb2d45d41!8m2!3d-28.7524069!4d32.0529957!16s%2Fg%2F11n63l3l_8!19sChIJpUi1o9Ij-h4RQV3Usn_IGmc
Security Hyperstore Richards Bay,Security system supplier,"11 Penny Lane Shop u016, Boardwalk Inkwazi Shopping Centre, 2 Kruger Rand Road, Richards Bay, 3900",,,035 789 1040,yes,http://www.securityhyperstore.co.za/,4.8,42,open,-28.7549879,32.0489714,"security companies in Richards Bay, KwaZulu-Natal, South Africa",https://www.google.com/maps/place/Security+Hyperstore+Richards+Bay/data=!4m7!3m6!1s0x1efa2334f19b0225:0x67d33b275dc08eef!8m2!3d-28.7549879!4d32.0489714!16s%2Fg%2F11jz0_kyqh!19sChIJJQKb8TQj-h4R747AXSc702c
THE SECURITY MECCA RICHARDS BAY,Security system supplier,"Shop 1, Hotline Centre, 41 Bullion Blvd, CBD, Richards Bay, 3900",,,035 789 4157,yes,https://www.secmecrb.co.za/,4.4,92,open,-28.74762,32.04895,"security companies in Richards Bay, KwaZulu-Natal, South Africa",https://www.google.com/maps/place/THE+SECURITY+MECCA+RICHARDS+BAY/data=!4m7!3m6!1s0x1efa232526690be5:0x3ff059ddc1145040!8m2!3d-28.74762!4d32.04895!16s%2Fg%2F11bzvw9k0s!19sChIJ5QtpJiUj-h4RQFAUwd1Z8D8
DaaiPlek Guest house,Self-catering accommodation,"61 Via Verbena, Veld En Vlei, Richards Bay, 3900",,,076 585 7170,yes,https://www.daaiplekguesthouse.co.za/,4.4,108,open,-28.7344049,32.0607243,"guest houses in Richards Bay, KwaZulu-Natal, South Africa",https://www.google.com/maps/place/DaaiPlek+Guest+house/data=!4m7!3m6!1s0x1efa23355e2079a3:0xb5ae354d59aabc24!8m2!3d-28.7344049!4d32.0607243!16s%2Fg%2F1pzwkxb5x!19sChIJo3kgXjUj-h4RJLyqWU01rrU
Sodladla Guest House,Self-catering accommodation,"N 0. 13618B Sodladla Guest House Madlanzini, Richards Bay, 3990",Richards Bay - New,Richards Bay,083 293 7514,no,,4.3,12,open,-28.7346874,32.122823499999996,"guest houses in Richards Bay, KwaZulu-Natal, South Africa",https://www.google.com/maps/place/?q=place_id:ChIJ4WxMfRgl-h4RP6ifEg-Xn-I&cid=0x1efa25187d4c6ce1:0xe29f970f129fa83f
Xaba Guest Lodge,Self-catering accommodation,"Current Area, Mzingazi, Main Road, Richards Bay, 3900",Richards Bay - New,Richards Bay,071 102 7782,no,,3.9,124,open,-28.7575932,32.1336751,"guest houses in Richards Bay, KwaZulu-Natal, South Africa",https://www.google.com/maps/place/?q=place_id:ChIJs5OcVq8l-h4RixHvzk3dtz8&cid=0x1efa25af569c93b3:0x3fb7dd4dceef118b
Minilitha Lodge,Serviced accommodation,"Nkoninga Rd, Mandlazini, Richards Bay, 3900",Mandlazini,Richards Bay,063 761 3198,yes,http://www.minilithalodge.co.za/,4.1,172,open,-28.738421,32.097327,"guest houses in Richards Bay, KwaZulu-Natal, South Africa",https://www.google.com/maps/place/?q=place_id:ChIJn1JjcLsk-h4RddOUNmYNYsQ&cid=0x1efa24bb7063529f:0xc4620d663694d375
Thetha Guest House,Serviced accommodation,"Ward 14, Mzingazi area, Richards Bay Central, Richards Bay, 3900",,,,no,,3.0,1,open,-28.7501755,32.0553349,"guest houses in Richards Bay, KwaZulu-Natal, South Africa",https://www.google.com/maps/place/Thetha+Guest+House/data=!4m7!3m6!1s0x1efa23c716c0157d:0xed2e9498483fe28c!8m2!3d-28.7501755!4d32.0553349!16s%2Fg%2F11mzg_f8k0!19sChIJfRXAFscj-h4RjOI_SJiULu0
A & M Logistics PTY Ltd,Shipping service,"Suite 3, Marine Services Park, Newark Rd, Port of, Richards Bay, 3900",,,035 797 9229,yes,http://www.amlogistics.co.za/,4.6,8,open,-28.7844785,32.0530902,"transport and logistics companies in Richards Bay, KwaZulu-Natal, South Africa",https://www.google.com/maps/place/A+%26+M+Logistics+PTY+Ltd/data=!4m7!3m6!1s0x1efa23a2c8363ccf:0x1fefffe6e3a1563!8m2!3d-28.7844785!4d32.0530902!16s%2Fg%2F1pzsc1hx9!19sChIJzzw2yKIj-h4RYxU6bv7__gE
Bay Shipping,Shipping service,"Marine Services Park, Newark Rd, Port of, Richards Bay, 3900",,,035 797 9133,yes,https://bayshipping.co.za/,4.7,3,open,-28.7843297,32.053179,"transport and logistics companies in Richards Bay, KwaZulu-Natal, South Africa",https://www.google.com/maps/place/Bay+Shipping/data=!4m7!3m6!1s0x1efa230787769f95:0x5017ae8faa5377d8!8m2!3d-28.7843297!4d32.053179!16s%2Fg%2F11hy9sqr3g!19sChIJlZ92hwcj-h4R2HdTqo-uF1A
GAC South Africa - Richards Bay Office,Shipping service,"Unit F03 Mzingazi Office Park Mzingazi Golf Estate, Meer En See, Richards Bay, 3901",,,035 753 1544,yes,http://www.gac.com/SouthAfrica,4.0,3,open,-28.7734094,32.1008257,"transport and logistics companies in Richards Bay, KwaZulu-Natal, South Africa",https://www.google.com/maps/place/GAC+South+Africa+-+Richards+Bay+Office/data=!4m7!3m6!1s0x1efa25b4a6a648b7:0xe4c3ecfa51d699d3!8m2!3d-28.7734094!4d32.1008257!16s%2Fg%2F1pzs9sx6v!19sChIJt0imprQl-h4R05nWUfrsw-Q
Grindrod Seamunye,Shipping service,"32 Alugang St, Alton, Richards Bay, 3900",,,035 797 3885,yes,http://www.grindrod.com/,4.1,43,open,-28.7581653,32.0104939,"transport and logistics companies in Richards Bay, KwaZulu-Natal, South Africa",https://www.google.com/maps/place/Grindrod+Seamunye/data=!4m7!3m6!1s0x1efa22b9f6beba7b:0xbf565e8caafd6c49!8m2!3d-28.7581653!4d32.0104939!16s%2Fg%2F1pzt3v1py!19sChIJe7q-9rki-h4RSWz9qoxeVr8
Grindrod Terminals Richards Bay,Shipping service,"5 Titanium Tide, Alton, Richards Bay, 3900",,,035 797 9092,yes,http://www.grindrod.com/,4.0,48,open,-28.7759274,32.029537,"transport and logistics companies in Richards Bay, KwaZulu-Natal, South Africa",https://www.google.com/maps/place/Grindrod+Terminals+Richards+Bay/data=!4m7!3m6!1s0x1efa22fa58e556b7:0x465cb1629af3f38c!8m2!3d-28.7759274!4d32.029537!16s%2Fg%2F11c5svbtl7!19sChIJt1blWPoi-h4RjPPzmmKxXEY
Inchcape Shipping Services,Shipping service,"Shop 4A, Pioneer Rd, Richards Bay, 3900",,,035 788 0330,yes,http://www.iss-shipping.com/,5.0,1,open,-28.792961,32.079029,"transport and logistics companies in Richards Bay, KwaZulu-Natal, South Africa",https://www.google.com/maps/place/Inchcape+Shipping+Services/data=!4m7!3m6!1s0x1efa23f48eecffc3:0x2fbb2b4aaffe624a!8m2!3d-28.792961!4d32.079029!16s%2Fg%2F1pzpvvhxc!19sChIJw__sjvQj-h4RSmL-r0oruy8
KwaGijima Express Service,Shipping service,"11 Rupee Rif, Richards Bay Central, Richards Bay, 3900",,,087 057 4757,yes,http://www.kwagijima.co.za/,4.0,2,open,-28.7468774,32.0485238,"transport and logistics companies in Richards Bay, KwaZulu-Natal, South Africa",https://www.google.com/maps/place/KwaGijima+Express+Service/data=!4m7!3m6!1s0x1efa23255f2e93f1:0x17280b4be29a37ba!8m2!3d-28.7468774!4d32.0485238!16s%2Fg%2F1pzvws4m0!19sChIJ8ZMuXyUj-h4Rujea4ksLKBc
World Wide Shipping Agency Pty (Ltd).,Shipping service,"1 Grunter Gully, Meer En See, Richards Bay, 3901",,,035 788 0014,yes,http://wwsa.co.za/,5.0,1,open,-28.7853131,32.099193,"transport and logistics companies in Richards Bay, KwaZulu-Natal, South Africa",https://www.google.com/maps/place/World+Wide+Shipping+Agency+Pty+%28Ltd%29./data=!4m7!3m6!1s0x1efa244155555555:0x81e447c0703fe7f6!8m2!3d-28.7853131!4d32.099193!16s%2Fg%2F11n221bzm2!19sChIJVVVVVUEk-h4R9uc_cMBH5IE
Multiserv Boardwalk,Shoe repair shop,"Entrance 3, Boardwalk Inkwazi, Krugerrand Grv, Richards Bay Central, Richards Bay, 3900",,,074 225 1850,yes,https://multiserv.co.za/,5.0,2,open,-28.7552063,32.0482422,"cleaning services in Richards Bay, KwaZulu-Natal, South Africa",https://www.google.com/maps/place/Multiserv+Boardwalk/data=!4m7!3m6!1s0x1efa23be110b2195:0x65d8ab60b6ce70c6!8m2!3d-28.7552063!4d32.0482422!16s%2Fg%2F11vjxbychs!19sChIJlSELEb4j-h4RxnDOtmCr2GU
Boardwalk Inkwazi Shopping Centre,Shopping mall,"11 Penny Ln, Richards Bay Central, Richards Bay, 3900",Richards Bay Central,Richards Bay,035 789 7251,yes,https://www.boardwalkinkwazi.co.za/,4.2,9605,open,-28.7551648,32.048215299999995,"pet shops in Richards Bay, KwaZulu-Natal, South Africa",https://www.google.com/maps/place/?q=place_id:ChIJA0zqmjsj-h4R07ScEunr1v4&cid=0x1efa233b9aea4c03:0xfed6ebe9129cb4d3
HOUSE HYPER,Shopping mall,"9 Krugerrand Grv, Richards Bay Central, Richards Bay, 3900",Richards Bay Central,Richards Bay,035 789 1050,no,,3.9,813,open,-28.7496062,32.051719,"furniture stores in Richards Bay, KwaZulu-Natal, South Africa",https://www.google.com/maps/place/?q=place_id:ChIJYTbKLzsj-h4RCDEYsJCqMA4&cid=0x1efa233b2fca3661:0xe30aa90b0183108
Jwayelani Biyela,Shopping mall,"Biyela St, Empangeni Central, Empangeni, 3880",,,035 880 0072,yes,https://www.jwayelani.co.za/,4.1,46,open,-28.7446021,31.8864412,"butcheries in Richards Bay, KwaZulu-Natal, South Africa",https://www.google.com/maps/place/Jwayelani+Biyela/data=!4m7!3m6!1s0x1efa10dba2d0b15b:0xd02c0d29c19e9cbd!8m2!3d-28.7446021!4d31.8864412!16s%2Fg%2F11sbwlzrlv!19sChIJW7HQotsQ-h4RvZyewSkNLNA
J.R. Signs,Sign shop,"5 Peseta Parade, Richards Bay Central, Richards Bay, 3900",,,035 789 5909,no,,4.4,14,open,-28.74722,32.04704,"printers in Richards Bay, KwaZulu-Natal, South Africa",https://www.google.com/maps/place/J.R.+Signs/data=!4m7!3m6!1s0x1efa23257c79511f:0x1b22634ba561b5cc!8m2!3d-28.74722!4d32.04704!16s%2Fg%2F1hc76gdyj!19sChIJH1F5fCUj-h4RzLVhpUtjIhs
Just 4U Designs,Sign shop,"18 Geelhoutkruin, Richards Bay Central, Richards Bay, 3900",,,087 138 4016,no,,5.0,4,open,-28.7502509,32.067763,"printers in Richards Bay, KwaZulu-Natal, South Africa",https://www.google.com/maps/place/Just+4U+Designs/data=!4m7!3m6!1s0x1efa23423971b223:0x30684d2dfc55374a!8m2!3d-28.7502509!4d32.067763!16s%2Fg%2F11xfpx2yq!19sChIJI7JxOUIj-h4RSjdV_C1NaDA
SIGNFORCE,Sign shop,"Unit 10 & 11, Bermart Business Park, 27 Ceramic Curve, Alton, Richards Bay, 3900",,,035 789 7230,no,,3.7,16,open,-28.7488564,32.0331126,"printers in Richards Bay, KwaZulu-Natal, South Africa",https://www.google.com/maps/place/SIGNFORCE/data=!4m7!3m6!1s0x1efa2323c9eaf2e3:0xf686650303b02483!8m2!3d-28.7488564!4d32.0331126!16s%2Fg%2F11bzwlqxns!19sChIJ4_LqySMj-h4RgySwAwNlhvY
Shana Signs,Sign shop,"Unit 10, Bermart Park, 96, 1 Alumina Allee St, Alton, Richards Bay, 3900",,,035 789 8297,yes,https://www.shanasigns.co.za/,4.2,45,open,-28.7487181,32.0324021,"printers in Richards Bay, KwaZulu-Natal, South Africa",https://www.google.com/maps/place/Shana+Signs/data=!4m7!3m6!1s0x1efa2323ecf129e5:0x5cbd4974660f881d!8m2!3d-28.7487181!4d32.0324021!16s%2Fg%2F1thszk8m!19sChIJ5Snx7CMj-h4RHYgPZnRJvVw
Signergy Signs (PTY) Ltd.,Sign shop,"Unit 6, 86 Ceramic Curve, Alton, Richards Bay, 3900",,,083 620 3205,yes,http://www.signergysigns.co.za/,4.7,3,open,-28.732879,32.0376053,"printers in Richards Bay, KwaZulu-Natal, South Africa",https://www.google.com/maps/place/Signergy+Signs+%28PTY%29+Ltd./data=!4m7!3m6!1s0x1efa113f6046e263:0xeea79c0edfacd08d!8m2!3d-28.732879!4d32.0376053!16s%2Fg%2F11n__jy5wz!19sChIJY-JGYD8R-h4RjdCs3w6cp-4
Ros Stilla Skin Institute,Skin care clinic,"Shop 7.2 Phase 2 Town Square Mall, Richards Bay, 3900",,,068 328 9768,no,,4.4,5,open,-28.7488891,32.0514961,"hair salons in Richards Bay, KwaZulu-Natal, South Africa",https://www.google.com/maps/place/Ros+Stilla+Skin+Institute/data=!4m7!3m6!1s0x1efa234f88affeed:0x5d2cd0b84a8efa42!8m2!3d-28.7488891!4d32.0514961!16s%2Fg%2F11rx30w8c4!19sChIJ7f6viE8j-h4RQvqOSrjQLF0
Top Grade Abattoir,Slaughterhouse,"6 1st St, Kuleka, Empangeni, 3880",,,035 940 0279,no,,4.3,6,open,-28.775519,31.902776,"butcheries in Richards Bay, KwaZulu-Natal, South Africa",https://www.google.com/maps/place/Top+Grade+Abattoir/data=!4m7!3m6!1s0x1efa19ffef21d1c9:0xa9140ce75cb5d1e5!8m2!3d-28.775519!4d31.902776!16s%2Fg%2F1pzpxb069!19sChIJydEh7_8Z-h4R5dG1XOcMFKk
Amidel KZN,Software company,"15 Club Road 2nd Floor, Mzingazi Golf Estate, Meer En See, Richards Bay, 3901",Meer En See,Richards Bay,010 824 3204,yes,http://www.amidel.co.za/,5,17,open,-28.772658,32.1015016,"IT support services in Richards Bay, KwaZulu-Natal, South Africa",https://www.google.com/maps/place/?q=place_id:ChIJozZ6NEEl-h4RIO4huI_W9LQ&cid=0x1efa2541347a36a3:0xb4f4d68fb821ee20
CCGS Systems (Pty) Ltd,Software company,"110 Dollar Dr, Richards Bay Central, Richards Bay, 3900",,,035 789 1268,no,,4.3,12,open,-28.7552011,32.0439331,"IT support services in Richards Bay, KwaZulu-Natal, South Africa",https://www.google.com/maps/place/CCGS+Systems+%28Pty%29+Ltd/data=!4m7!3m6!1s0x1efa2323d7cdfa0f:0x28d857871920033!8m2!3d-28.7552011!4d32.0439331!16s%2Fg%2F1pzq04zq3!19sChIJD_rN1yMj-h4RMwCScXiFjQI
KZN I.T Solutions,Software company,"9 Tassel-Berry, Dolphin Park, Richards Bay, 3900",Dolphin Park,Richards Bay,068 975 3117,no,,,,open,-28.754985899999998,32.0571209,"IT support services in Richards Bay, KwaZulu-Natal, South Africa",https://www.google.com/maps/place/?q=place_id:ChIJaYOyID4j-h4RgZXqRc6j9fc&cid=0x1efa233e20b28369:0xf7f5a3ce45ea9581
GPC SOIL LABORATORY,Soil testing service,"Isakhisizwe Building, 10 ZCBF, Richards Bay Central, Richards Bay, 3887",,,063 634 3366,yes,https://sites.google.com/view/%20geotechnical-laboratoryy,5.0,1,open,-28.755623,32.0344969,"landscaping and garden services in Richards Bay, KwaZulu-Natal, South Africa",https://www.google.com/maps/place/GPC+SOIL+LABORATORY/data=!4m7!3m6!1s0x1efa23704a6f0b6f:0xcfe4b7b722a43d8c!8m2!3d-28.755623!4d32.0344969!16s%2Fg%2F11t5yvp2p4!19sChIJbwtvSnAj-h4RjD2kIre35M8
Graaff & Kie Renewable Energy,Solar Energy Company,"109 Dollar Drive, Alton, Richards Bay, 3900",,,071 608 8886,no,,5,8,open,-28.754776999999997,32.04363,"solar installers in Richards Bay, KwaZulu-Natal, South Africa",https://www.google.com/maps/place/?q=place_id:&cid=0x1efa23d6b8eb0d4b:0xdbeec6e47512ccf5
EPIC Solar,Solar energy company,"Unit 16, Fourways Industrial Park, 86 Ceramic Curve, Alton, Richards Bay, 3900",Alton,Richards Bay,062 893 0592,yes,http://www.epicsolar.co.za/,5,9,open,-28.733143,32.037607,"solar installers in Richards Bay, KwaZulu-Natal, South Africa",https://www.google.com/maps/place/?q=place_id:ChIJL28HA7cl-h4Rl71EHwWr1hw&cid=0x1efa25b703076f2f:0x1cd6ab051f44bd97
EasySolar,Solar energy company,"123 Dollar Dr, Alton, Richards Bay, 3900",Alton,Richards Bay,035 789 1886,yes,http://www.easysolar.co.za/,3.2,6,open,-28.752907999999998,32.04432,"solar installers in Richards Bay, KwaZulu-Natal, South Africa",https://www.google.com/maps/place/?q=place_id:ChIJv7eDaaUNlR4R9MgML3Vvij4&cid=0x1e950da56983b7bf:0x3e8a6f752f0cc8f4
EcoFrost Solar Solutions,Solar energy company,"Shady Seringa, Arboretum, Richards Bay, 3900",Arboretum,Richards Bay,071 295 6332,yes,https://www.ecofrost.co.za/,5,22,open,-28.7648613,32.062176799999996,"solar installers in Richards Bay, KwaZulu-Natal, South Africa",https://www.google.com/maps/place/?q=place_id:ChIJ1_Jt0-gj-h4RjHnlm03--xs&cid=0x1efa23e8d36df2d7:0x1bfbfe4d9be5798c
Solana Energy,Solar energy company,"9 W Central Arterial, Richards Bay, 3900",,Richards Bay,035 760 1098,yes,https://solanaenergy.co.za/,2.7,7,open,-28.7781535,32.0300523,"solar installers in Richards Bay, KwaZulu-Natal, South Africa",https://www.google.com/maps/place/?q=place_id:ChIJq6pa2pILlR4Rm_H37mgaaCI&cid=0x1e950b92da5aaaab:0x22681a68eef7f19b
Solar Electrical & Plumbing,Solar energy company,"4 Nickel St, Kuleka, Empangeni, 3880",,,083 228 1704,yes,http://www.andresolarelectrical.co.za/,4.9,22,open,-28.7747588,31.8931797,"plumbers in Richards Bay, KwaZulu-Natal, South Africa",https://www.google.com/maps/place/Solar+Electrical+%26+Plumbing/data=!4m7!3m6!1s0x1efa116d24414853:0xf8cc444239d38ce5!8m2!3d-28.7747588!4d31.8931797!16s%2Fg%2F11kk7yx5t2!19sChIJU0hBJG0R-h4R5YzTOUJEzPg
Khalima Energy Solutions,Solar energy equipment supplier,"52 Dollar Dr, Richards Bay Central, Richards Bay, 3900",Richards Bay Central,Richards Bay,035 760 1522,yes,http://www.khalima.co.za/,,,open,-28.759449,32.042514,"solar installers in Richards Bay, KwaZulu-Natal, South Africa",https://www.google.com/maps/place/?q=place_id:ChIJkbMFaB8j-h4Rllyh8mSKQks&cid=0x1efa231f6805b391:0x4b428a64f2a15c96
African Essence Spa,Spa,"Shop 21A 5 Ways Mall Corner of and Rex Henderson, Paul Ave, Empangeni, 3880",Fairview,Empangeni,066 136 0943,yes,http://www.africanessencespa.co.za/,4.7,107,open,-28.7578189,31.901438499999998,"massage therapists in Richards Bay, KwaZulu-Natal, South Africa",https://www.google.com/maps/place/?q=place_id:ChIJsyD1xm0k-h4RlbjagjNEFLo&cid=0x1efa246dc6f520b3:0xba14443382dab895
LE ZURI SPA,Spa,"Hibberd Dr, Meer En See, Richards Bay, 3901",Meer En See,Richards Bay,035 753 1111,no,,3.4,38,open,-28.7909698,32.0936691,"day spas in Richards Bay, KwaZulu-Natal, South Africa",https://www.google.com/maps/place/?q=place_id:ChIJU2kUpw0k-h4R9c4QqpRQ_j8&cid=0x1efa240da7146953:0x3ffe5094aa10cef5
La Chrizella Spa,Spa,"62 Mackerel, Meer En See, Richards Bay, 3901",,,082 837 0576,yes,http://www.lachrizellaspa.co.za/,4.8,133,open,-28.777227,32.114385,"hairdressers in Richards Bay, KwaZulu-Natal, South Africa",https://www.google.com/maps/place/La+Chrizella+Spa/data=!4m7!3m6!1s0x1efa25ac1c51d36f:0x9764604068a6f284!8m2!3d-28.777227!4d32.114385!16s%2Fg%2F11j_8m6gbk!19sChIJb9NRHKwl-h4RhPKmaEBgZJc
Lamessa IV drip & Wellness Spa,Spa,"At Imvubu Lodge, Meer En See, Richards Bay, 3900",,,079 319 1039,no,,4.9,35,open,-28.790754,32.100934,"hairdressers in Richards Bay, KwaZulu-Natal, South Africa",https://www.google.com/maps/place/Lamessa+IV+drip+%26+Wellness+Spa/data=!4m7!3m6!1s0x1efa25ebdc2fd48f:0x556dd9b5610ae84e!8m2!3d-28.790754!4d32.100934!16s%2Fg%2F11y4lpwl2k!19sChIJj9Qv3Osl-h4RTugKYbXZbVU
Mowana Boutique Spa,Spa,"Davidson &, Launder Ln, Meer En See, Richards Bay, 3901",Meer En See,Richards Bay,035 753 1350,yes,http://www.mowanaboutiquespa.co.za/,4.6,5,open,-28.793379299999998,32.0967821,"day spas in Richards Bay, KwaZulu-Natal, South Africa",https://www.google.com/maps/place/?q=place_id:ChIJF8l-g8gl-h4RQTJnyx1JCTM&cid=0x1efa25c8837ec917:0x3309491dcb673241
Resting and Healing Spa,Spa,"54 Anglers Rod, Meer En See, Richards Bay, 3901",Meer En See,Richards Bay,062 155 9155,no,,5,7,open,-28.781884599999998,32.1018184,"day spas in Richards Bay, KwaZulu-Natal, South Africa",https://www.google.com/maps/place/?q=place_id:ChIJjZGnnaEl-h4RRQiKoq-InZw&cid=0x1efa25a19da7918d:0x9c9d88afa28a0845
Archways,Special education school,"74 Krewelkring, Meer En See, Richards Bay, 3900",,,076 016 3999,yes,https://www.facebook.com/archwayscentre,,,open,-28.7832661,32.0999892,"creche and daycare in Richards Bay, KwaZulu-Natal, South Africa",https://www.google.com/maps/place/Archways/data=!4m7!3m6!1s0x1efa235bf5543fdb:0xc6f32d98f9726bd0!8m2!3d-28.7832661!4d32.0999892!16s%2Fg%2F11g69wf4y0!19sChIJ2z9U9Vsj-h4R0Gty-Zgt88Y
Archways Centre,Special education school,"6 Kabeljoukade, Meer En See, Richards Bay, 3900",,,076 016 3999,yes,https://www.facebook.com/archwayscentre,,,open,-28.777109,32.104895,"creche and daycare in Richards Bay, KwaZulu-Natal, South Africa",https://www.google.com/maps/place/Archways+Centre/data=!4m7!3m6!1s0x1efa2469b8d3425f:0x7a82ce36722f3559!8m2!3d-28.777109!4d32.104895!16s%2Fg%2F11hbt07k03!19sChIJX0LTuGkk-h4RWTUvcjbOgno
Fiducia Contstruction,Steel construction company,"Unit 10, 25 Ceramic Curve, Alton, Richards Bay, 3900",,,082 801 0454,no,,4.7,3,open,-28.7486828,32.0324641,"building contractors in Richards Bay, KwaZulu-Natal, South Africa",https://www.google.com/maps/place/Fiducia+Contstruction/data=!4m7!3m6!1s0x1efa23a5bad8372b:0xf7ed1ef236445d9a!8m2!3d-28.7486828!4d32.0324641!16s%2Fg%2F11f646bst2!19sChIJKzfYuqUj-h4Rml1ENvIe7fc
North Coast Steel C C,Steel distributor,"44 Ceramic Curve, Alton, Richards Bay, 3900",,,035 751 1391,yes,http://www.nothcoaststeel.co.za/,4.6,40,open,-28.7466455,32.0350448,"welding services in Richards Bay, KwaZulu-Natal, South Africa",https://www.google.com/maps/place/North+Coast+Steel+C+C/data=!4m7!3m6!1s0x1efa3cd37b226381:0xcaa82d97711bb69e!8m2!3d-28.7466455!4d32.0350448!16s%2Fg%2F1tdhw6f0!19sChIJgWMie9M8-h4RnrYbcZctqMo
Steel And Pipes For Africa Richards Bay,Steel distributor,"26 Bauxite Bay, Alton, Richards Bay, 3900",Alton,Richards Bay,035 797 4282,yes,https://steelandpipeskzn.co.za/,4.3,6,open,-28.7508941,32.018411,"welding services in Richards Bay, KwaZulu-Natal, South Africa",https://www.google.com/maps/place/?q=place_id:ChIJy5ZrjWIj-h4Ru4uMLOB2YmE&cid=0x1efa23628d6b96cb:0x616276e02c8c8bbb
All Steel Productions,Steel fabricator,"31 Alumina Allee St, Alton, Richards Bay, 3900",Alton,Richards Bay,087 822 2361,yes,https://www.aspkzn.co.za/,5,1,open,-28.765629999999998,32.01696,"welding services in Richards Bay, KwaZulu-Natal, South Africa",https://www.google.com/maps/place/?q=place_id:ChIJQXEdsvcj-h4RDGdr_A2boEw&cid=0x1efa23f7b21d7141:0x4ca09b0dfc6b670c
WS Profiling,Steel fabricator,"58 Ceramic Curve, Alton, Richards Bay",Alton,Richards Bay,082 801 2314,yes,http://www.wsprofiling.co.za/,5,1,open,-28.7426343,32.0373224,"welding services in Richards Bay, KwaZulu-Natal, South Africa",https://www.google.com/maps/place/?q=place_id:ChIJxStCJoMj-h4R2ZPG4nZtpxY&cid=0x1efa238326422bc5:0x16a76d76e2c693d9
Allied Glass And Micro Industries Cc,Store,"46 Tanner Rd, Mpangele, Empangeni, 3880",Mpangele,Empangeni,035 787 0397,no,,3.6,8,open,-28.770955999999998,31.9046135,"aluminium and glass in Richards Bay, KwaZulu-Natal, South Africa",https://www.google.com/maps/place/?q=place_id:ChIJq-0GWFQX-h4R7IoXQbIWgCY&cid=0x1efa17545806edab:0x268016b241178aec
LAZAIR EMPANGENI CC,Store,"7 Chrome Cres, Kuleka, Empangeni, 3880",,,035 787 0479,yes,http://lazairemp.co.za/,5.0,2,open,-28.7760908,31.8973414,"air conditioning installation in Richards Bay, KwaZulu-Natal, South Africa",https://www.google.com/maps/place/LAZAIR+EMPANGENI+CC/data=!4m7!3m6!1s0x1efa10aa0854c431:0x5060e939d651bb5f!8m2!3d-28.7760908!4d31.8973414!16s%2Fg%2F11hcjzwgyb!19sChIJMcRUCKoQ-h4RX7tR1jnpYFA
Nokedi hair extensions,Store,"19 shrimp tail. Meerensee. 3901, Meer En See, Richards Bay, 3900",,,083 384 4974,yes,http://nokedihairextensions.com/,2.0,2,open,-28.7656481,32.1146001,"hair salons in Richards Bay, KwaZulu-Natal, South Africa",https://www.google.com/maps/place/Nokedi+hair+extensions/data=!4m7!3m6!1s0x1efa2300f5ad977f:0xd847e539cdbe473d!8m2!3d-28.7656481!4d32.1146001!16s%2Fg%2F11sbhdhf4_!19sChIJf5et9QAj-h4RPUe-zTnlR9g
SNS ELECTRICAL,Store,"11 Rupee Rif, Richards Bay Central, Richards Bay, 3900",,,035 065 0984,yes,https://www.brabys.com/za/kwazulu-natal/richards-bay/cbd/electrical-supplies/s-n-s-electrical,4.3,7,open,-28.7468774,32.0485238,"electricians in Richards Bay, KwaZulu-Natal, South Africa",https://www.google.com/maps/place/SNS+ELECTRICAL/data=!4m7!3m6!1s0x1efa23255f2e93f1:0xdda5754fe949948!8m2!3d-28.7468774!4d32.0485238!16s%2Fg%2F11b8tfmdgc!19sChIJ8ZMuXyUj-h4RSJmU_lRX2g0
BASO INVESTMENTS (PTY) LTD,Structural engineer,"Unit 4, 31 Alumina Park, Alton, Richards Bay, 3900",,,081 344 8465,yes,http://www.basoinvestments.co.za/,,,open,-28.76563,32.01696,"welding services in Richards Bay, KwaZulu-Natal, South Africa",https://www.google.com/maps/place/BASO+INVESTMENTS+%28PTY%29+LTD/data=!4m7!3m6!1s0x1efa2371f8983a0d:0x4de004b4547a0664!8m2!3d-28.76563!4d32.01696!16s%2Fg%2F11myg5vf95!19sChIJDTqY-HEj-h4RZAZ6VLQE4E0
Genmac (Pty) Ltd,Structural engineer,"53 Ceramic Curve, Alton, Richards Bay, 3900",,,035 751 1182,yes,http://genmac.co.za/project_portfolio.php,4.5,14,open,-28.7435397,32.0358909,"building contractors in Richards Bay, KwaZulu-Natal, South Africa",https://www.google.com/maps/place/Genmac+%28Pty%29+Ltd/data=!4m7!3m6!1s0x1efa3cd37b226381:0x5270dc0619b97475!8m2!3d-28.7435397!4d32.0358909!16s%2Fg%2F11b6df_75h!19sChIJgWMie9M8-h4RdXS5GQbccFI
Checkers Boardwalk Richards Bay,Supermarket,"Shop No 5, Board Walk Inkwazi, Richards Bay, 3900",,,035 901 9420,yes,https://www.checkers.co.za/store-directory-and-leaflets,4.2,702,open,-28.7550937,32.048707,"butcheries in Richards Bay, KwaZulu-Natal, South Africa",https://www.google.com/maps/place/Checkers+Boardwalk+Richards+Bay/data=!4m7!3m6!1s0x1efa233b7100f7fd:0xadca49e9da1c3625!8m2!3d-28.7550937!4d32.048707!16s%2Fg%2F1hc3d22r7!19sChIJ_fcAcTsj-h4RJTYc2ulJyq0
SUPERSPAR Lakeside,Supermarket,"6 Mark Strasse, Richards Bay Central, Richards Bay, 3875",,,035 789 6826,yes,https://www.spar.co.za/Home/Store-View/SUPERSPAR-Lakeside-KwaZulu-Natal,3.9,757,open,-28.7549559,32.0492937,"butcheries in Richards Bay, KwaZulu-Natal, South Africa",https://www.google.com/maps/place/SUPERSPAR+Lakeside/data=!4m7!3m6!1s0x1efa225555555555:0xeabe949e1c80265e!8m2!3d-28.7549559!4d32.0492937!16s%2Fg%2F11b5y_1kyv!19sChIJVVVVVVUi-h4RXiaAHJ6Uvuo
SUPERSPAR Town Square,Supermarket,"34 Bullion Blvd, Richards Bay Central, Richards Bay, 3600",,,035 789 1210,yes,https://www.spar.co.za/Home/Store-View/SUPERSPAR-Town-Square-KwaZulu-Natal,4.1,1611,open,-28.7464847,32.0510635,"butcheries in Richards Bay, KwaZulu-Natal, South Africa",https://www.google.com/maps/place/SUPERSPAR+Town+Square/data=!4m7!3m6!1s0x1efa233abcd8a191:0xa7a5e1f95521bc19!8m2!3d-28.7464847!4d32.0510635!16s%2Fg%2F11bzsg1lsq!19sChIJkaHYvDoj-h4RGbwhVfnhpac
I AND J THAI TAKE AWAY,Sushi takeaway,"Bullion Blvd, Richards Bay Central, Richards Bay, 3900",,,082 893 2030,no,,5.0,4,open,-28.7492369,32.0514427,"takeaways in Richards Bay, KwaZulu-Natal, South Africa",https://www.google.com/maps/place/I+AND+J+THAI+TAKE+AWAY/data=!4m7!3m6!1s0x1efa23aa12647633:0x2ef5d7031b46c942!8m2!3d-28.7492369!4d32.0514427!16s%2Fg%2F11wxt2jxhn!19sChIJM3ZkEqoj-h4RQslGGwPX9S4
Bay Pools,Swimming pool contractor,"13 Kabeljoukade, Meer En See, Richards Bay, 3901",Meer En See,Richards Bay,078 060 5208,yes,http://www.bayguniting.co.za/,4.1,9,open,-28.779630899999997,32.1026403,"pool cleaning services in Richards Bay, KwaZulu-Natal, South Africa",https://www.google.com/maps/place/?q=place_id:ChIJrWpB2Wsk-h4R76dLt6YGdcs&cid=0x1efa246bd9416aad:0xcb7506a6b74ba7ef
JSS Bay Service Group,Swimming pool contractor,"16 Elephant Walk, Wild En Weide, Richards Bay, 3900",,,,no,,4.0,1,open,-28.7368964,32.0489482,"pool cleaning services in Richards Bay, KwaZulu-Natal, South Africa",https://www.google.com/maps/place/JSS+Bay+Service+Group/data=!4m7!3m6!1s0x1efa237d33b53ffd:0xec84d0c779b34167!8m2!3d-28.7368964!4d32.0489482!16s%2Fg%2F11z7nmmhg5!19sChIJ_T-1M30j-h4RZ0GzecfQhOw
Aqua Care KZN,Swimming pool repair service,"9 Witstinkhout, Arboretum, Richards Bay, 3900",Arboretum,Richards Bay,035 772 5416,yes,https://matrixpools.co.za/,4.1,28,open,-28.7539272,32.0615817,"pool cleaning services in Richards Bay, KwaZulu-Natal, South Africa",https://www.google.com/maps/place/?q=place_id:ChIJL_9Ee8kQ-h4RGipO-2CgdTk&cid=0x1efa10c97b44ff2f:0x3975a060fb4e2a1a
Bay Landscaping and pool,Swimming pool repair service,"45 Angelersrod rod, Meer En See, Richards Bay, 3901",Meer En See,Richards Bay,071 903 4964,no,,1,1,open,-28.783003899999997,32.099024799999995,"pool cleaning services in Richards Bay, KwaZulu-Natal, South Africa",https://www.google.com/maps/place/?q=place_id:ChIJbQbY0Zwl-h4RZciwZ5iQzrY&cid=0x1efa259cd1d8066d:0xb6ce909867b0c865
Slimline Pool Centre,Swimming pool repair service,"Bullion Blvd, South, Richards Bay, 3900",South,Richards Bay,035 789 3456,yes,http://www.slimlinepools.com/,4.2,53,open,-28.756858599999997,32.0443995,"pool cleaning services in Richards Bay, KwaZulu-Natal, South Africa",https://www.google.com/maps/place/?q=place_id:ChIJp3tDIyIj-h4R8uBGCcB8qvY&cid=0x1efa232223437ba7:0xf6aa7cc00946e0f2
Slimline Pool Centre - Pool Xpert,Swimming pool repair service,"Chamber House, 38 Union St, Empangeni Central, Empangeni, 3880",Empangeni Central,Empangeni,035 772 7286,yes,http://www.slimlinepools.co.za/contact-us/,3.6,14,open,-28.7395593,31.895058,"pool cleaning services in Richards Bay, KwaZulu-Natal, South Africa",https://www.google.com/maps/place/?q=place_id:ChIJDZ_pudYQ-h4RwiNiaA48KI0&cid=0x1efa10d6b9e99f0d:0x8d283c0e686223c2
Hlehle's Kitchen,Takeout restaurant,"Sybas, Arboretum, Richards Bay, 3900",,,082 885 7082,no,,4.5,2,open,-28.7554932,32.0552049,"takeaways in Richards Bay, KwaZulu-Natal, South Africa",https://www.google.com/maps/place/Hlehle%27s+Kitchen/data=!4m7!3m6!1s0x1efa23635ccf00a5:0x13080041f43a8e33!8m2!3d-28.7554932!4d32.0552049!16s%2Fg%2F11pz09nsp7!19sChIJpQDPXGMj-h4RM4469EEACBM
Shisanyama,Takeout restaurant,"Shop 29 Taxi City, Bullion Blvrd, CBD, Richards Bay, 3900",,,035 789 5744,no,,4.0,26,open,-28.746422,32.049972,"takeaways in Richards Bay, KwaZulu-Natal, South Africa",https://www.google.com/maps/place/Shisanyama/data=!4m7!3m6!1s0x1efa233aaa1ad32b:0x836d5f500f803bc0!8m2!3d-28.746422!4d32.049972!16s%2Fg%2F1pzrvhw9p!19sChIJK9Maqjoj-h4RwDuAD1BfbYM
South African Revenue Service - Richards Bay,Tax collector's office,"4 Metica Moon, Richards Bay Central, Richards Bay, 3900",,,080 000 7277,yes,http://www.sars.gov.za/,2.9,29,open,-28.7533083,32.0488799,"accountants in Richards Bay, KwaZulu-Natal, South Africa",https://www.google.com/maps/place/South+African+Revenue+Service+-+Richards+Bay/data=!4m7!3m6!1s0x1efa232340c00d99:0x220b69cf222833ec!8m2!3d-28.7533083!4d32.0488799!16s%2Fg%2F11cjj6pm34!19sChIJmQ3AQCMj-h4R7DMoIs9pCyI
AKR Financial Services,Tax preparation service,"15, Executive Offices, 9 Maxwell St, Empangeni Central, Empangeni, 3880",,,035 907 2232,yes,http://akrfinancial.co.za/,5.0,1,open,-28.741746,31.8913199,"bookkeepers in Richards Bay, KwaZulu-Natal, South Africa",https://www.google.com/maps/place/AKR+Financial+Services/data=!4m7!3m6!1s0x1efa10d0b0f74193:0x18169147bb409a5a!8m2!3d-28.741746!4d31.8913199!16s%2Fg%2F11f64799xg!19sChIJk0H3sNAQ-h4RWppAu0eRFhg
Nat-Africa Construction & Manufacturing PTY Ltd,Temp agency,"17 Brass Link, Alton, Richards Bay",,,035 751 2295,yes,http://nat-africa.co.za/,4.9,7,open,-28.7523289,32.0263021,"building contractors in Richards Bay, KwaZulu-Natal, South Africa",https://www.google.com/maps/place/Nat-Africa+Construction+%26+Manufacturing+PTY+Ltd/data=!4m7!3m6!1s0x1efa22cff98ce9eb:0x2975f46fafe2af40!8m2!3d-28.7523289!4d32.0263021!16s%2Fg%2F11s8_fn615!19sChIJ6-mM-c8i-h4RQK_ir2_0dSk
Khrua Thai Food & Sushi,Thai restaurant,"Gazi, Richards Bay",,,076 110 0527,no,,4.5,371,open,-28.7932669,32.0797043,"takeaways in Richards Bay, KwaZulu-Natal, South Africa",https://www.google.com/maps/place/Khrua+Thai+Food+%26+Sushi/data=!4m7!3m6!1s0x1efa246c7067771b:0xcc2034e950cac069!8m2!3d-28.7932669!4d32.0797043!16s%2Fg%2F11b6swkr6r!19sChIJG3dncGwk-h4RacDKUOk0IMw
CTM Empangeni,Tile store,"Mpala St, Mpangele, Empangeni, 3880",Mpangele,Empangeni,035 772 5250,yes,https://www.ctm.co.za/,4.7,626,open,-28.765978699999998,31.908928399999997,"tiling contractors in Richards Bay, KwaZulu-Natal, South Africa",https://www.google.com/maps/place/?q=place_id:ChIJDxShlVMX-h4RtUeCm3yXxmk&cid=0x1efa175395a1140f:0x69c6977c9b8247b5
Kwality Tiles,Tile store,"14 Tanner Rd, Mpangele, Empangeni, 3880",,,,no,,5.0,1,open,-28.7656239,31.9069451,"tiling contractors in Richards Bay, KwaZulu-Natal, South Africa",https://www.google.com/maps/place/Kwality+Tiles/data=!4m7!3m6!1s0x1efa17522cfa1cef:0x342d82523df28249!8m2!3d-28.7656239!4d31.9069451!16s%2Fg%2F11jx4pp6kk!19sChIJ7xz6LFIX-h4RSYLyPVKCLTQ
Tile Warehouse,Tile store,"10 Ngwelezane Rd, Empangeni Rail, Empangeni, 3880",,,067 025 3416,no,,5.0,4,open,-28.7774324,31.8948375,"tiling contractors in Richards Bay, KwaZulu-Natal, South Africa",https://www.google.com/maps/place/Tile+Warehouse/data=!4m7!3m6!1s0x1efa1be2ca45f93d:0x468cf2863e84a3de!8m2!3d-28.7774324!4d31.8948375!16s%2Fg%2F11txs5cyf7!19sChIJPflFyuIb-h4R3qOEPobyjEY
TopT Empangeni,Tile store,"3 Ngwelezane Rd, Kuleka, Empangeni, 3880",Kuleka,Empangeni,035 787 0097,yes,http://www.topt.co.za/,4.7,247,open,-28.7776982,31.897348599999997,"tiling contractors in Richards Bay, KwaZulu-Natal, South Africa",https://www.google.com/maps/place/?q=place_id:ChIJeT1VYwca-h4RJg5G86rhwIU&cid=0x1efa1a0763553d79:0x85c0e1aaf3460e26
Jundu Tyre Fixer,Tire repair shop,"77 Alumina Allee St, Alton, Richards Bay, 3900",,,071 420 5958,no,,,,open,-28.7598325,32.0229878,"tyre shops in Richards Bay, KwaZulu-Natal, South Africa",https://www.google.com/maps/place/Jundu+Tyre+Fixer/data=!4m7!3m6!1s0x1efa23c8da7fcb81:0x10bfd9ae9b133b2c!8m2!3d-28.7598325!4d32.0229878!16s%2Fg%2F11vzbjtj2m!19sChIJgct_2sgj-h4RLDsTm67ZvxA
Tyre Trax Richards Bay,Tire repair shop,"122 Alumina Allee St, Alton, Richards Bay, 3900",,,035 065 0976,no,,,,open,-28.7389461,32.0373311,"tyre shops in Richards Bay, KwaZulu-Natal, South Africa",https://www.google.com/maps/place/Tyre+Trax+Richards+Bay/data=!4m7!3m6!1s0x1efa3d5fc21404f9:0x3b1a90a358bc0af!8m2!3d-28.7389461!4d32.0373311!16s%2Fg%2F11q7fty_jl!19sChIJ-QQUwl89-h4Rr8CLNQqpsQM
Amalande Tyres Richards Bay,Tire service,"18 Bauxite Bay, Alton, Richards Bay, 3900",Alton,Richards Bay,082 535 9461,yes,https://www.amalandetyres.com/,5,3,open,-28.7520965,32.0210686,"tyre shops in Richards Bay, KwaZulu-Natal, South Africa",https://www.google.com/maps/place/?q=place_id:ChIJ1X8h8dMj-h4R5DprvBCF_50&cid=0x1efa23d3f1217fd5:0x9dff8510bc6b3ae4
*TYRE BOYZ*,Tire shop,"54 Rex Henderson Rd, Empangeni Central, Empangeni, 3880",,,035 772 2841,no,,4.8,49,open,-28.7460665,31.8896158,"tyre shops in Richards Bay, KwaZulu-Natal, South Africa",https://www.google.com/maps/place/*TYRE+BOYZ*/data=!4m7!3m6!1s0x1efa117c3313d7f5:0x5040873049417098!8m2!3d-28.7460665!4d31.8896158!16s%2Fg%2F11fjz7txly!19sChIJ9dcTM3wR-h4RmHBBSTCHQFA
Africa Tyres Richardsbay,Tire shop,"10 Bauxite Bay, Alton, Richards Bay, 3900",Alton,Richards Bay,072 621 7786,no,,4.6,7,open,-28.7529357,32.023209099999995,"tyre shops in Richards Bay, KwaZulu-Natal, South Africa",https://www.google.com/maps/place/?q=place_id:ChIJyThqZAAj-h4R9yOYKpnH1Fo&cid=0x1efa2300646a38c9:0x5ad4c7992a9823f7
Align 360 Sales and Services Pty Ltd,Tire shop,"135B Alumina Allee St, Alton, Richards Bay, 3900",Alton,Richards Bay,081 526 5446,yes,https://align360.wixsite.com/website,3.8,4,open,-28.740153,32.0357388,"tyre shops in Richards Bay, KwaZulu-Natal, South Africa",https://www.google.com/maps/place/?q=place_id:ChIJ5SfWCVQj-h4RD1qkKHKZlKw&cid=0x1efa235409d627e5:0xac94997228a45a0f
Amantungwa Tyre Services,Tire shop,"Alumina Allee St, Alton, Richards Bay, 3900",Alton,Richards Bay,078 019 1960,yes,https://amantungwatyreservices.co.za/,,,open,-28.7602068,32.023027,"tyre shops in Richards Bay, KwaZulu-Natal, South Africa",https://www.google.com/maps/place/?q=place_id:ChIJM59StuAj-h4R93MYgddPPzk&cid=0x1efa23e0b6529f33:0x393f4fd7811873f7
BestDrive Bluff Tyres Richards Bay,Tire shop,"28 Dollar Dr, Richards Bay Central, Richards Bay, 3900",Richards Bay Central,Richards Bay,035 789 5003,yes,https://www.bestdrive.co.za/fitment-centre/bestdrive-bluff-tyres-richards-bay,3,2,open,-28.756047199999998,32.0441577,"tyre shops in Richards Bay, KwaZulu-Natal, South Africa",https://www.google.com/maps/place/?q=place_id:ChIJ_wQDbYwj-h4RX37P52FGdvY&cid=0x1efa238c6d0304ff:0xf6764661e7cf7e5f
BestDrive Empangeni,Tire shop,"28 Tanner Rd, Mpangele, Empangeni, 3880",,,035 772 1784,yes,https://www.bestdrive.co.za/fitment-centre/kwazulu-natal/empangeni/bestdrive-empangeni,4.3,24,open,-28.7671584,31.9061478,"tyre shops in Richards Bay, KwaZulu-Natal, South Africa",https://www.google.com/maps/place/BestDrive+Empangeni/data=!4m7!3m6!1s0x1efa1753bf5f9d7b:0x1dcfcb30e740c167!8m2!3d-28.7671584!4d31.9061478!16s%2Fg%2F11bzyx1x00!19sChIJe51fv1MX-h4RZ8FA5zDLzx0
Dunlop Express Perfect Tyres - Empangeni,Tire shop,"15 Ngwelezane Rd, Kuleka, Empangeni, 3880",,,064 515 5819,yes,http://www.dunloptyres.co.za/,4.2,9,open,-28.7769051,31.8955267,"tyre shops in Richards Bay, KwaZulu-Natal, South Africa",https://www.google.com/maps/place/Dunlop+Express+Perfect+Tyres+-+Empangeni/data=!4m7!3m6!1s0x1efa1a07631c9797:0x3309ae91fbf43b28!8m2!3d-28.7769051!4d31.8955267!16s%2Fg%2F11kmnjgg6s!19sChIJl5ccYwca-h4RKDv0-5GuCTM
Dunlop Zone,Tire shop,"4 Mangaan Baan, Alton, Richards Bay, 3900",Alton,Richards Bay,035 797 4143,no,,,,open,-28.7640352,32.0068002,"tyre shops in Richards Bay, KwaZulu-Natal, South Africa",https://www.google.com/maps/place/?q=place_id:ChIJIXXIi7wi-h4RmGU-63ndk1U&cid=0x1efa22bc8bc87521:0x5593dd79eb3e6598
Dunlop Zone Empangeni,Tire shop,"Cnr Tanner Rd &, Blesbok St, Empangeni, 3380",Mpangele,Empangeni,035 772 2889,yes,https://www.dunloptyres.co.za/,4.9,1557,open,-28.7641857,31.908357,"tyre shops in Richards Bay, KwaZulu-Natal, South Africa",https://www.google.com/maps/place/?q=place_id:ChIJ9w3WYZYE9x4RpbATZUQQkHI&cid=0x1ef7049661d60df7:0x729010446513b0a5
Dunlop Zone Mr Tyre & Exhaust,Tire shop,"45 Bullion Blvd, Richards Bay Central, Richards Bay, 3900",Richards Bay Central,Richards Bay,035 789 2123,yes,https://www.dunloptyres.co.za/,4,112,open,-28.748254199999998,32.048838599999996,"tyre shops in Richards Bay, KwaZulu-Natal, South Africa",https://www.google.com/maps/place/?q=place_id:ChIJ4ya6RyUj-h4RPwSzI1OpQ6M&cid=0x1efa232547ba26e3:0xa343a95323b3043f
Fit&Go Bluff Tyres,Tire shop,"28 Dollar Dr, Richards Bay Central, Richards Bay, 3900",Richards Bay Central,Richards Bay,035 789 5003,yes,http://www.blufftyres.co.za/,3.6,136,open,-28.7560148,32.044143399999996,"tyre shops in Richards Bay, KwaZulu-Natal, South Africa",https://www.google.com/maps/place/?q=place_id:ChIJN9FqYXYj-h4Roz95FbZH1tc&cid=0x1efa2376616ad137:0xd7d647b615793fa3
Hi-Q Tyres & Autocare Empangeni,Tire shop,"1 4th St, Kuleka, Empangeni, 3880",Kuleka,Empangeni,035 787 0428,yes,https://hiq.co.za/store-locator/kwazulu-natal/hi-q-empangeni,5,1807,open,-28.77872,31.900119999999998,"tyre shops in Richards Bay, KwaZulu-Natal, South Africa",https://www.google.com/maps/place/?q=place_id:ChIJMd-ytwEa-h4RR7ikaHBAL-g&cid=0x1efa1a01b7b2df31:0xe82f407068a4b847
KAL TIRE,Tire shop,"108 Alumina Allee St, Alton, Richards Bay, 3900",Alton,Richards Bay,035 751 1167,yes,https://www.brabys.com/za/kwazulu-natal/richards-bay/alton/tyre-dealers/kal-tire,5,5,open,-28.744288599999997,32.034697099999995,"tyre shops in Richards Bay, KwaZulu-Natal, South Africa",https://www.google.com/maps/place/?q=place_id:ChIJYd2hMNQi-h4RF-0Nfsn8eIY&cid=0x1efa22d430a1dd61:0x8678fcc97e0ded17
Richards Bay Tyres,Tire shop,"80 Alumina Allee St, Alton, Richards Bay, 3900",Alton,Richards Bay,035 797 4598,yes,https://www.richardsbaytyres.co.za/,4.3,68,open,-28.757058899999997,32.0257989,"tyre shops in Richards Bay, KwaZulu-Natal, South Africa",https://www.google.com/maps/place/?q=place_id:ChIJUWOt6sQi-h4RusYLE3OBRtU&cid=0x1efa22c4eaad6351:0xd5468173130bc6ba
Roadmaster Otr (Pty) Ltd,Tire shop,"100 Alumina Allee St, Richards Bay Central, Richards Bay, 3900",Richards Bay Central,Richards Bay,035 751 2236,yes,https://roadmastertyreservices.co.za/,4.7,101,open,-28.7470474,32.0331115,"tyre shops in Richards Bay, KwaZulu-Natal, South Africa",https://www.google.com/maps/place/?q=place_id:ChIJyTFSqNoi-h4RbfuF29f9XBc&cid=0x1efa22daa85231c9:0x175cfdd7db85fb6d
SESFIKILE TYRES & EXHAUSTS,Tire shop,"Lood Ave, Kuleka, Empangeni, 3880",,,035 787 0269,no,,5.0,5,open,-28.7751094,31.8983033,"tyre shops in Richards Bay, KwaZulu-Natal, South Africa",https://www.google.com/maps/place/SESFIKILE+TYRES+%26+EXHAUSTS/data=!4m7!3m6!1s0x1efa10aa65718fa1:0x6b95d0570b252f87!8m2!3d-28.7751094!4d31.8983033!16s%2Fg%2F11x2pg9g9b!19sChIJoY9xZaoQ-h4Rhy8lC1fQlWs
SUPA TECH TYRES & EXHAUST,Tire shop,"4 Ngwelezane Rd, Mpangele, Empangeni, 3910",,,035 787 2425,no,,4.3,10,open,-28.7782897,31.8969282,"tyre shops in Richards Bay, KwaZulu-Natal, South Africa",https://www.google.com/maps/place/SUPA+TECH+TYRES+%26+EXHAUST/data=!4m7!3m6!1s0x1efa1bbaf3906bbb:0x804b03432082dfce!8m2!3d-28.7782897!4d31.8969282!16s%2Fg%2F11gpnjxt6y!19sChIJu2uQ87ob-h4Rzt-CIEMDS4A
Supa Quick Tyre Experts Empangeni,Tire shop,"33 Knutzen St, Mpangele, Empangeni, 3880",,,076 473 4574,yes,http://www.supaquick.co.za/,4.2,59,open,-28.767808,31.905113,"tyre shops in Richards Bay, KwaZulu-Natal, South Africa",https://www.google.com/maps/place/Supa+Quick+Tyre+Experts+Empangeni/data=!4m7!3m6!1s0x1efa17538c598355:0xe6da5454aec018ee!8m2!3d-28.767808!4d31.905113!16s%2Fg%2F1q2w81fcp!19sChIJVYNZjFMX-h4R7hjArlRU2uY
Supa Quick Tyre Experts Richards Bay,Tire shop,"Unit 1, 39 Dollar Dr, Richards Bay Central, Richards Bay, 3900",Richards Bay Central,Richards Bay,035 789 0563,yes,https://www.supaquick.com/richards-bay,4.7,637,open,-28.757741,32.0441022,"tyre shops in Richards Bay, KwaZulu-Natal, South Africa",https://www.google.com/maps/place/?q=place_id:ChIJt6XMKyIj-h4REZ6sbBgRuzY&cid=0x1efa23222bcca5b7:0x36bb11186cac9e11
Super Tyres Empangeni,Tire shop,"7 Knutzen St, Kuleka, Empangeni, 3880",Kuleka,Empangeni,035 787 0990,yes,https://supertyres.co.za/stores/tyres-empangeni/?utm_source=google_maps&utm_medium=website_button&utm_campaign=SP&utm_content=SP,4.9,1348,open,-28.775184,31.9013097,"tyre shops in Richards Bay, KwaZulu-Natal, South Africa",https://www.google.com/maps/place/?q=place_id:ChIJa-VqrqoQ-h4R6pwqNrC4aGI&cid=0x1efa10aaae6ae56b:0x6268b8b0362a9cea
Super Tyres Richards Bay,Tire shop,"155 Dollar Dr, Richards Bay Central, Richards Bay, 3900",Richards Bay Central,Richards Bay,035 789 6444,yes,https://supertyres.co.za/stores/tyres-richards-bay/?utm_source=google_maps&utm_medium=website_button&utm_campaign=SP&utm_content=SP,4.9,2084,open,-28.752606999999998,32.046589,"tyre shops in Richards Bay, KwaZulu-Natal, South Africa",https://www.google.com/maps/place/?q=place_id:ChIJmwPYgCMj-h4Rg_aIhpPmyDc&cid=0x1efa232380d8039b:0x37c8e6938688f683
Tiger Wheel & Tyre Empangeni,Tire shop,"25 Maxwell St, Empangeni Central, Empangeni, 3880",,,010 510 5185,yes,https://stores.twt.co.za/details/empangeni,4.4,186,open,-28.7415104,31.8921148,"tyre shops in Richards Bay, KwaZulu-Natal, South Africa",https://www.google.com/maps/place/Tiger+Wheel+%26+Tyre+Empangeni/data=!4m7!3m6!1s0x1efa10d734d5c843:0xec0b8ebb2ec9833c!8m2!3d-28.7415104!4d31.8921148!16s%2Fg%2F1w6ws4v7!19sChIJQ8jVNNcQ-h4RPIPJLruOC-w
Tiger Wheel & Tyre Richards Bay,Tire shop,"Bullion Blvd, Richards Bay Central, Richards Bay, 3900",Richards Bay Central,Richards Bay,010 510 5200,yes,https://stores.twt.co.za/details/richards-bay,4.2,336,open,-28.7470756,32.0492852,"tyre shops in Richards Bay, KwaZulu-Natal, South Africa",https://www.google.com/maps/place/?q=place_id:ChIJJ30tXyUj-h4RjaOudc3_W8M&cid=0x1efa23255f2d7d27:0xc35bffcd75aea38d
Tufftrac OTR,Tire shop,"Kraft Link, Alton, Richards Bay, 3900",Alton,Richards Bay,035 797 3055,no,,5,3,open,-28.768373699999998,32.0116791,"tyre shops in Richards Bay, KwaZulu-Natal, South Africa",https://www.google.com/maps/place/?q=place_id:ChIJtaLPhrgj-h4RwJid5LYcpPM&cid=0x1efa23b886cfa2b5:0xf3a41cb6e49d98c0
Tyremart Richards Bay,Tire shop,"22 Bullion Blvd, Richards Bay Central, Richards Bay, 3900",Richards Bay Central,Richards Bay,035 789 1725,yes,https://www.tyremart.co.za/richards-bay/?utm_source=google_maps&utm_medium=website_button&utm_campaign=tyremart&utm_content=SP,4.4,106,open,-28.7451112,32.0503802,"tyre shops in Richards Bay, KwaZulu-Natal, South Africa",https://www.google.com/maps/place/?q=place_id:ChIJVxW4WK8j-h4Rtk9wuVlUZ2M&cid=0x1efa23af58b81557:0x63675459b9704fb6
uShaka Eng - Tyre Division,Tire shop,"27 Ceramic Curve, Alton, Richards Bay, 3900",,,035 751 1155,no,,,,open,-28.7488609,32.0331904,"tyre shops in Richards Bay, KwaZulu-Natal, South Africa",https://www.google.com/maps/place/uShaka+Eng+-+Tyre+Division/data=!4m7!3m6!1s0x1efa22d72e0c7cbd:0x8328c61d0beabead!8m2!3d-28.7488609!4d32.0331904!16s%2Fg%2F1pztw_c8q!19sChIJvXwMLtci-h4Rrb7qCx3GKIM
Bay Power Tool Repairs,Tool repair shop,"C.B.D, 126 Dollar Drive Richard'sbay, Richards Bay, 3900",,,035 789 7000,yes,http://www.baypowertools.co.za/,4.6,63,open,-28.7521572,32.0453262,"welding services in Richards Bay, KwaZulu-Natal, South Africa",https://www.google.com/maps/place/Bay+Power+Tool+Repairs/data=!4m7!3m6!1s0x1efa23256fea1ac1:0x7d3a53d8c0035bc4!8m2!3d-28.7521572!4d32.0453262!16s%2Fg%2F1pzvypyhp!19sChIJwRrqbyUj-h4RxFsDwNhTOn0
Drakewoods Richards Bay,Tool store,"11 Brass Link, Alton, Richards Bay, 3880",,,035 787 1577,yes,http://drakewoods.com/,,,open,-28.7521204,32.0277617,"welding services in Richards Bay, KwaZulu-Natal, South Africa",https://www.google.com/maps/place/Drakewoods+Richards+Bay/data=!4m7!3m6!1s0x1efa239c93e9e8d1:0x131cb77b957b42af!8m2!3d-28.7521204!4d32.0277617!16s%2Fg%2F11j927w857!19sChIJ0ejpk5wj-h4Rr0J7lXu3HBM
035 Towing,Towing service,"Dube Village, Esikhawini H, Richards Bay, 3887",,,,no,,,,open,-28.8558358,31.927807,"towing services in Richards Bay, KwaZulu-Natal, South Africa",https://www.google.com/maps/place/035+Towing/data=!4m7!3m6!1s0x1efa1f2d880b78f9:0xadd09a9783ecb74a!8m2!3d-28.8558358!4d31.927807!16s%2Fg%2F11vym0xt4m!19sChIJ-XgLiC0f-h4RSrfsg5ea0K0
Allways Towing Natal,Towing service,"70 Saligna Crescent, KwaMbonambi, 3915",,KwaMbonambi,082 891 6975,no,,4.9,21,open,-28.601264699999998,32.089423499999995,"towing services in Richards Bay, KwaZulu-Natal, South Africa",https://www.google.com/maps/place/?q=place_id:ChIJ_____yo5-h4RumF6Z9aVGqA&cid=0x1efa392affffffff:0xa01a95d6677a61ba
Auto Service Towing,Towing service,"Platina Dr, Kuleka, Empangeni, 3880",Kuleka,Empangeni,065 506 0433,no,,5,12,open,-28.7743862,31.8930886,"towing services in Richards Bay, KwaZulu-Natal, South Africa",https://www.google.com/maps/place/?q=place_id:ChIJXW8fNAAR-h4RMH3ZJ9a_cvE&cid=0x1efa1100341f6f5d:0xf172bfd627d97d30
BTR TOWING AND RECOVERY,Towing service,,,,073 536 6850,no,,4.3,8,open,-34.6283864,27.2516952,"towing services in Richards Bay, KwaZulu-Natal, South Africa",https://www.google.com/maps/place/BTR+TOWING+AND+RECOVERY/data=!4m7!3m6!1s0x1efa3d1606760101:0x985557a0cef67fb2!8m2!3d-34.6283864!4d27.2516952!16s%2Fg%2F11hdnvjvc4!19sChIJAQF2BhY9-h4Rsn_2zqBXVZg
Bay Towing & Recovery,Towing service,"17 Peseta Parade, Richards Bay Central, Richards Bay, 3900",Richards Bay Central,Richards Bay,083 423 3671,no,,5,1,open,-28.74562,32.047799999999995,"towing services in Richards Bay, KwaZulu-Natal, South Africa",https://www.google.com/maps/place/?q=place_id:ChIJT1HyvS8j-h4Rj4GQ2EPgeaI&cid=0x1efa232fbdf2514f:0xa279e043d890818f
CHLOANNA TOWING SERVICE'S,Towing service,"4 Ceramic Curve, Alton, Richards Bay, 3900",Alton,Richards Bay,081 581 6622,no,,5,1,open,-28.754526199999997,32.0288275,"towing services in Richards Bay, KwaZulu-Natal, South Africa",https://www.google.com/maps/place/?q=place_id:ChIJFxG34X8j-h4RRnBqypIglNE&cid=0x1efa237fe1b71117:0xd1942092ca6a7046
CK TOWING (Richards Bay),Towing service,"66 Dollar Dr, Alton, Richards Bay, 3900",Alton,Richards Bay,076 422 3356,yes,http://cktowing.co.za/,5,1,open,-28.7590474,32.0422374,"towing services in Richards Bay, KwaZulu-Natal, South Africa",https://www.google.com/maps/place/?q=place_id:ChIJmeq8LNkj-h4Rzg63tilKN_M&cid=0x1efa23d92cbcea99:0xf3374a29b6b70ece
Goadfather Breakdown,Towing service,"6 Ngwelezane Rd, Kuleka, Empangeni, 3880",Kuleka,Empangeni,073 078 9698,no,,4.8,5,open,-28.7780484,31.895801,"towing services in Richards Bay, KwaZulu-Natal, South Africa",https://www.google.com/maps/place/?q=place_id:ChIJy47-jbcb-h4RaC51W8Gyy14&cid=0x1efa1bb78dfe8ecb:0x5ecbb2c15b752e68
KEITH'S TOWING SERVICE,Towing service,"46 Dollar Dr, Richards Bay Central, Richards Bay, 3900",Richards Bay Central,Richards Bay,082 515 8862,no,,4.7,15,open,-28.758461999999998,32.043078,"towing services in Richards Bay, KwaZulu-Natal, South Africa",https://www.google.com/maps/place/?q=place_id:ChIJOUVV4iEj-h4R6SvlXJJHw9o&cid=0x1efa2321e2554539:0xdac347925ce52be9
KEITHS TOWING SERVICES,Towing service,"31 Alumina Allee St, Alton, Richards Bay",Alton,Richards Bay,082 515 8862,yes,https://www.brabys.com/za/kwazulu-natal/richards-bay/alton-north/towing-service/keiths-towing-services-pty-ltd,4.2,58,open,-28.7656536,32.017208,"towing services in Richards Bay, KwaZulu-Natal, South Africa",https://www.google.com/maps/place/?q=place_id:ChIJZbQnoOoi-h4RbmXxibq6hqY&cid=0x1efa22eaa027b465:0xa686baba89f1656e
Lee's Breakdown,Towing service,"32 Copper Dr, Kuleka, Empangeni, 3910",Kuleka,Empangeni,035 787 0031,yes,https://www.callupcontact.com/b/business/Lees_Breakdown_And_Salvage/88063,4.3,19,open,-28.776159999999997,31.894589999999997,"towing services in Richards Bay, KwaZulu-Natal, South Africa",https://www.google.com/maps/place/?q=place_id:ChIJkW_HwqkQ-h4RpJ98oTZ2zcs&cid=0x1efa10a9c2c76f91:0xcbcd7636a17c9fa4
Mthothongo,Towing service,"Community Park, 30 Buscom, ZCBF, Alton, Richards Bay, 3900",Alton,Richards Bay,073 983 2057,no,,5,1,open,-28.7564952,32.034866799999996,"towing services in Richards Bay, KwaZulu-Natal, South Africa",https://www.google.com/maps/place/?q=place_id:ChIJj51VFJIl-h4RW-1OKSxS6xE&cid=0x1efa259214559d8f:0x11eb522c294eed5b
On call towing,Towing service,"kingfisher park, 16 Ceramic Curve, Alton, Richards Bay, 3900",Alton,Richards Bay,065 876 9128,no,,4.8,9,open,-28.753044,32.0320277,"towing services in Richards Bay, KwaZulu-Natal, South Africa",https://www.google.com/maps/place/?q=place_id:ChIJ3cHLQlMj-h4R5sScYVAi_sk&cid=0x1efa235342cbc1dd:0xc9fe2250619cc4e6
Perry's Breakdown Service,Towing service,"7 Copper Dr, Kuleka, Empangeni, 3880",Kuleka,Empangeni,083 255 5001,no,,4.4,26,open,-28.775022999999997,31.896521,"towing services in Richards Bay, KwaZulu-Natal, South Africa",https://www.google.com/maps/place/?q=place_id:ChIJuydz-KgQ-h4RtcqMPAM1lvE&cid=0x1efa10a8f87327bb:0xf19635033c8ccab5
R B Towing,Towing service,"57 Ceramic Curve, Alton, Richards Bay, 3900",Alton,Richards Bay,073 617 0323,no,,5,3,open,-28.74222,32.036136,"towing services in Richards Bay, KwaZulu-Natal, South Africa",https://www.google.com/maps/place/?q=place_id:ChIJ2-4BqNUi-h4RzELVn_X7LMg&cid=0x1efa22d5a801eedb:0xc82cfbf59fd542cc
Robotic Towing,Towing service,"A33 Nkanyezi St, Kwa Dlangezwa, Empangeni, 3886",Kwa Dlangezwa,Empangeni,074 748 9045,no,,5,10,open,-28.8550029,31.8365773,"towing services in Richards Bay, KwaZulu-Natal, South Africa",https://www.google.com/maps/place/?q=place_id:ChIJg5_Rbukb-h4R-V8dn3lGPTQ&cid=0x1efa1be96ed19f83:0x343d46799f1d5ff9
Tow-In Services,Towing service,"29 Bronze St, Kuleka, Empangeni, 3880",Kuleka,Empangeni,035 787 3173,no,,4.4,16,open,-28.77619,31.88853,"towing services in Richards Bay, KwaZulu-Natal, South Africa",https://www.google.com/maps/place/?q=place_id:ChIJDxVhsacQ-h4RakMEqT3xVzU&cid=0x1efa10a7b161150f:0x3557f13da904436a
Khetho Engineering and Trailers,Trailer manufacturer,"16 Ouhoutoord, Arboretum, Richards Bay, 3880",,,087 822 1342,yes,https://www.khethoeeng.co.za/,3.7,3,open,-28.7640229,32.0691884,"welding services in Richards Bay, KwaZulu-Natal, South Africa",https://www.google.com/maps/place/Khetho+Engineering+and+Trailers/data=!4m7!3m6!1s0x1efa11e845724d79:0x4d7c2435fb478675!8m2!3d-28.7640229!4d32.0691884!16s%2Fg%2F11ww0mglhm!19sChIJeU1yRegR-h4RdYZH-zUkfE0
Caminamix Services (Pty) Ltd,Transportation service,"14 4th St, Empangeni Rail, Empangeni, 3880",,,035 787 1384,yes,http://caminamix.com/,4.4,18,open,-28.7800844,31.9036106,"paving contractors in Richards Bay, KwaZulu-Natal, South Africa",https://www.google.com/maps/place/Caminamix+Services+%28Pty%29+Ltd/data=!4m7!3m6!1s0x1efa19f8ca9bbcd5:0x10ebc7a0dc8427f2!8m2!3d-28.7800844!4d31.9036106!16s%2Fg%2F11kmc830qn!19sChIJ1bybyvgZ-h4R8ieE3KDH6xA
Crossmoor Transport & Plant,Transportation service,"15 Emalje Turn, Alton, Richards Bay",,,035 751 2302,no,,3.9,10,open,-28.73658,32.03601,"transport and logistics companies in Richards Bay, KwaZulu-Natal, South Africa",https://www.google.com/maps/place/Crossmoor+Transport+%26+Plant/data=!4m7!3m6!1s0x1efa3d2a50fa54cd:0xa0c2a678c641436d!8m2!3d-28.73658!4d32.03601!16s%2Fg%2F11by_pc1wj!19sChIJzVT6UCo9-h4RbUNBxnimwqA
Kempston Logistics Richards Bay,Transportation service,"19 Ceramic Curve, Alton, Richards Bay",,,035 751 1159,yes,https://kempston.co.za/logistics/logistics-richards-bay/,4.8,5,open,-28.7505457,32.0320804,"transport and logistics companies in Richards Bay, KwaZulu-Natal, South Africa",https://www.google.com/maps/place/Kempston+Logistics+Richards+Bay/data=!4m7!3m6!1s0x1efa22d0a5979251:0xf21cac743bea47c4!8m2!3d-28.7505457!4d32.0320804!16s%2Fg%2F1ptw409cy!19sChIJUZKXpdAi-h4RxEfqO3SsHPI
Lovemore Bros Richards Bay,Transportation service,"Turn into RBIDZ Technohub entrance, Medway Road, Richards Bay",,,035 007 0070,yes,http://lovemore.co.za/,4.4,20,open,-28.7792263,32.0619087,"transport and logistics companies in Richards Bay, KwaZulu-Natal, South Africa",https://www.google.com/maps/place/Lovemore+Bros+Richards+Bay/data=!4m7!3m6!1s0x1efa239f590a5375:0x2fb25af7f1003089!8m2!3d-28.7792263!4d32.0619087!16s%2Fg%2F11bw4zjky6!19sChIJdVMKWZ8j-h4RiTAA8fdasi8
N R B Logistics,Transportation service,"32 Carbonode Cell, Alton, Richards Bay, 3900",,,035 797 4775,yes,http://www.nrblogistics.co.za/index.php/contact-us,4.3,33,open,-28.7534904,32.0163726,"transport and logistics companies in Richards Bay, KwaZulu-Natal, South Africa",https://www.google.com/maps/place/N+R+B+Logistics/data=!4m7!3m6!1s0x1efa22c83856f375:0x67b3d1baf18938e1!8m2!3d-28.7534904!4d32.0163726!16s%2Fg%2F1tfgrp5p!19sChIJdfNWOMgi-h4R4TiJ8brRs2c
Ni Da Richards Bay,Transportation service,"2 Chalk Line, Alton, Richards Bay",,,082 907 4175,yes,http://www.nida.co.za/,4.3,10,open,-28.7522055,32.0301569,"transport and logistics companies in Richards Bay, KwaZulu-Natal, South Africa",https://www.google.com/maps/place/Ni+Da+Richards+Bay/data=!4m7!3m6!1s0x1efa22da7b5b4879:0x97f64626bb6cf082!8m2!3d-28.7522055!4d32.0301569!16s%2Fg%2F11c5j75m9t!19sChIJeUhbe9oi-h4RgvBsuyZG9pc
Safiri Logistics PTY,Transportation service,"35 Bauxite Bay, Alton, Richards Bay",,,035 940 4850,no,,5.0,1,open,-28.751202,32.015737,"transport and logistics companies in Richards Bay, KwaZulu-Natal, South Africa",https://www.google.com/maps/place/Safiri+Logistics+PTY/data=!4m7!3m6!1s0x1efa238a850928f5:0x5a350364e9846297!8m2!3d-28.751202!4d32.015737!16s%2Fg%2F11r3z5my4y!19sChIJ9SgJhYoj-h4Rl2KE6WQDNVo
Triton Express (Pty) Ltd,Transportation service,"Unit 5, Dolphin Park, 72 Ceramic Curve, Alton, Richards Bay, 3900",,,035 751 2055,yes,http://www.tritonexpress.co.za/,2.8,6,open,-28.7393798,32.0392553,"transport and logistics companies in Richards Bay, KwaZulu-Natal, South Africa",https://www.google.com/maps/place/Triton+Express+%28Pty%29+Ltd/data=!4m7!3m6!1s0x1efa23eaa929bfbd:0xfbc29e80d1f49f90!8m2!3d-28.7393798!4d32.0392553!16s%2Fg%2F1pzr6wrvn!19sChIJvb8pqeoj-h4RkJ_00YCewvs
Wandile's Transportation,Transportation service,"Mzingazi Village, 12077, Meerensee, Richards Bay, 3900",,,076 338 3394,no,,5.0,2,open,-28.7526325,32.0502237,"transport and logistics companies in Richards Bay, KwaZulu-Natal, South Africa",https://www.google.com/maps/place/Wandile%27s+Transportation/data=!4m7!3m6!1s0x1efa23cf87b147d1:0xb014e05f70410a96!8m2!3d-28.7526325!4d32.0502237!16s%2Fg%2F11z76y2ws4!19sChIJ0Uexh88j-h4RlgpBcF_gFLA
Tree Felling,Tree service,"11 Sable Rd, Nyala Park, Empangeni, 3880",Nyala Park,Empangeni,035 772 2126,no,,5,2,open,-28.7565173,31.9049652,"landscaping and garden services in Richards Bay, KwaZulu-Natal, South Africa",https://www.google.com/maps/place/?q=place_id:ChIJT_70pUsX-h4RrvMpamjMKkk&cid=0x1efa174ba5f4fe4f:0x492acc686a29f3ae
Treeline construction pty ltd,Tree service,"Anglers rod Meerense, Richards Bay, 3901",,Richards Bay,,yes,http://search.treelineconstruction26.workers.dev/,4.6,26,open,-28.753251499999998,32.1365682,"landscaping and garden services in Richards Bay, KwaZulu-Natal, South Africa",https://www.google.com/maps/place/?q=place_id:ChIJbVS7dvAl-h4Rj2C4xJe2iLY&cid=0x1efa25f076bb546d:0xb688b697c4b8608f
Coastal clutch and brake,Truck parts supplier,"15 Ceramic Curve, Alton, Richards Bay, 3900",,,035 789 9209,yes,http://coastalclutch.co.za/,3.8,63,open,-28.7515788,32.0311703,"car repair mechanics in Richards Bay, KwaZulu-Natal, South Africa",https://www.google.com/maps/place/Coastal+clutch+and+brake/data=!4m7!3m6!1s0x1efa232569d3f19f:0xbfd5cf74f9748251!8m2!3d-28.7515788!4d32.0311703!16s%2Fg%2F11cmh4gzkg!19sChIJn_HTaSUj-h4RUYJ0-XTP1b8
KempstonTruck Hire Richards Bay,Truck rental agency,"19 Ceramic Curve, Alton, Richards Bay",,,035 751 1490,no,,4.0,11,open,-28.75073,32.031809,"transport and logistics companies in Richards Bay, KwaZulu-Natal, South Africa",https://www.google.com/maps/place/KempstonTruck+Hire+Richards+Bay/data=!4m7!3m6!1s0x1efa22d0a5979251:0x8499d69f1f28c792!8m2!3d-28.75073!4d32.031809!16s%2Fg%2F1ptvrwj21!19sChIJUZKXpdAi-h4RkscoH5_WmYQ
HTS Services & Breakdown Repairs and Washbay,Truck repair shop,"46 Kabelring, Alton, Richards Bay, 3900",Alton,Richards Bay,076 591 3224,no,,4.5,35,open,-28.7624598,32.0052612,"car repair mechanics in Richards Bay, KwaZulu-Natal, South Africa",https://www.google.com/maps/place/?q=place_id:ChIJr3IspTAj-h4Rb0IOz3PwmmQ&cid=0x1efa2330a52c72af:0x649af073cf0e426f
RoadRunner Repair Services,Truck repair shop,"10 Matryshoek, Alton, Richards Bay, 3900",Alton,Richards Bay,076 114 5856,no,,4.6,11,open,-28.7631101,32.0050289,"car repair mechanics in Richards Bay, KwaZulu-Natal, South Africa",https://www.google.com/maps/place/?q=place_id:ChIJYURbBWoj-h4RYBSv1UZ4iC0&cid=0x1efa236a055b4461:0x2d887846d5af1460
M3 Carriers,Trucking company,"25 Bauxite Bay, Alton, Richards Bay",,,087 095 9228,yes,http://www.m3carrierscc.co.za/,4.3,16,open,-28.7523488,32.0183889,"transport and logistics companies in Richards Bay, KwaZulu-Natal, South Africa",https://www.google.com/maps/place/M3+Carriers/data=!4m7!3m6!1s0x1efa22c8560a254d:0x237ccffe668ac084!8m2!3d-28.7523488!4d32.0183889!16s%2Fg%2F11g9py4j99!19sChIJTSUKVsgi-h4RhMCKZv7PfCM
Richards Bay Joinery (PTY) Ltd,Truss manufacturer,"3 Copper Corner, Alton, Richards Bay, 3900",,,035 797 4971,yes,http://fb.me/RichardsBayJoinery,4.2,5,open,-28.754796,32.026975,"building contractors in Richards Bay, KwaZulu-Natal, South Africa",https://www.google.com/maps/place/Richards+Bay+Joinery+%28PTY%29+Ltd/data=!4m7!3m6!1s0x1efa22dad4b97353:0x14d4839d3990a68d!8m2!3d-28.754796!4d32.026975!16s%2Fg%2F1th89dnn!19sChIJU3O51Noi-h4RjaaQOZ2D1BQ
Socool deep cleaners,Upholstery cleaning service,"Via Cassiandra, Arboretum, Richards Bay, 3900",Arboretum,Richards Bay,075 498 5718,no,,,,open,-28.761180399999997,32.0525066,"cleaning services in Richards Bay, KwaZulu-Natal, South Africa",https://www.google.com/maps/place/?q=place_id:ChIJQbvWPzYj-h4Rq4MIS1K5sRQ&cid=0x1efa23363fd6bb41:0x14b1b9524b0883ab
Mobile Upholstery shop,Upholstery shop,"Unit 17, 115 Dollar Dr, Richards Bay Central, Richards Bay, 3900",,,084 630 7814,yes,https://business-website-dev-9ouq.bolt.host/,4.8,4,open,-28.7543162,32.0436214,"furniture stores in Richards Bay, KwaZulu-Natal, South Africa",https://www.google.com/maps/place/Mobile+Upholstery+shop/data=!4m7!3m6!1s0x1efa235cedb3838d:0x608c83352c2490fa!8m2!3d-28.7543162!4d32.0436214!16s%2Fg%2F11z7nl360m!19sChIJjYOz7Vwj-h4R-pAkLDWDjGA
AMPTECH INDUSTRIAL ELECTRICAL SERVICE,Utility contractor,"66 Dollar Dr, CBD, Richards Bay, 3900",,,035 789 3654,no,,,,open,-28.75905,32.042223,"electricians in Richards Bay, KwaZulu-Natal, South Africa",https://www.google.com/maps/place/AMPTECH+INDUSTRIAL+ELECTRICAL+SERVICE/data=!4m7!3m6!1s0x1efa231f617b322f:0x6b7eeb71909a10c5!8m2!3d-28.75905!4d32.042223!16s%2Fg%2F11f4qlv_v5!19sChIJLzJ7YR8j-h4RxRCakHHrfms
Meyer Productions,Video production service,"150 Anglers Rod, Meer En See, Richards Bay, 3901",,,074 131 8233,yes,http://www.meyerproductions.co.za/,4.9,13,open,-28.7820889,32.1025233,"photographers in Richards Bay, KwaZulu-Natal, South Africa",https://www.google.com/maps/place/Meyer+Productions/data=!4m7!3m6!1s0x1efa2472e2114f4d:0xadadd845952282cd!8m2!3d-28.7820889!4d32.1025233!16s%2Fg%2F1tcwzmdf!19sChIJTU8R4nIk-h4RzYIilUXYra0
Aligator Sign Supplies,Vinyl sign shop,"20 Peseta Parade, Richards Bay Central, Richards Bay, 3900",,,035 789 0046,no,,5.0,1,open,-28.7453671,32.0486865,"printers in Richards Bay, KwaZulu-Natal, South Africa",https://www.google.com/maps/place/Aligator+Sign+Supplies/data=!4m7!3m6!1s0x1efa2349726f9025:0xc0551edddf6efb8f!8m2!3d-28.7453671!4d32.0486865!16s%2Fg%2F11wjbkkm0s!19sChIJJZBvckkj-h4Rj_tu390eVcA
ULS Logistics Services[Maz],Warehouse,Richards Bay,,,,no,,2.0,2,open,-28.7499662,31.9944787,"transport and logistics companies in Richards Bay, KwaZulu-Natal, South Africa",https://www.google.com/maps/place/ULS+Logistics+Services%5BMaz%5D/data=!4m7!3m6!1s0x1efa234a0eaac115:0x84fed8f5a7a32751!8m2!3d-28.7499662!4d31.9944787!16s%2Fg%2F11h89fjnrp!19sChIJFcGqDkoj-h4RUSejp_XY_oQ
Reload Logistics,Warehouse store,"37 Carbonode Cell, Alton, Richards Bay",,,,no,,4.1,49,open,-28.7533323,32.0135607,"transport and logistics companies in Richards Bay, KwaZulu-Natal, South Africa",https://www.google.com/maps/place/Reload+Logistics/data=!4m7!3m6!1s0x1efa22b6347faf4d:0xa2ee72edecc1e94e!8m2!3d-28.7533323!4d32.0135607!16s%2Fg%2F11c4nrb5dy!19sChIJTa9_NLYi-h4RTunB7O1y7qI
TNS Cleaning And Solutions,Waste management service,"WARD 3, NHLABANE, Richards Bay Central, Richards Bay, 3900",,,073 859 6579,no,,,,open,-28.7501755,32.0553349,"cleaning services in Richards Bay, KwaZulu-Natal, South Africa",https://www.google.com/maps/place/TNS+Cleaning+And+Solutions/data=!4m7!3m6!1s0x1efa2365d424e76b:0x8be04cc3199a6e11!8m2!3d-28.7501755!4d32.0553349!16s%2Fg%2F11xv7t1ln1!19sChIJa-ck1GUj-h4REW6aGcNM4Is
Evelance,Waterproofing service,"109 Dollar Dr, Cbd, Richards Bay, 3900",,,083 266 1404,yes,https://www.evelance.co.za/,5.0,1,open,-28.7547769,32.0436305,"painters in Richards Bay, KwaZulu-Natal, South Africa",https://www.google.com/maps/place/Evelance/data=!4m7!3m6!1s0x2e076b9e8d1e135d:0xf35b142ea158fddc!8m2!3d-28.7547769!4d32.0436305!16s%2Fg%2F11yztbmnb_!19sChIJXRMejZ5rBy4R3P1YoS4UW_M
SMDA MAINTENANCE & INDUSTRIAL SUPPLIES (PTY) LTD,Waterproofing service,,,,035 772 1465,yes,https://www.smdamaintenance.com/,4.8,32,open,-8.4822185,-14.095509,"handyman services in Richards Bay, KwaZulu-Natal, South Africa",https://www.google.com/maps/place/SMDA+MAINTENANCE+%26+INDUSTRIAL+SUPPLIES+%28PTY%29+LTD/data=!4m7!3m6!1s0x1efa17349bf3ccd3:0x76603fe5042d7b43!8m2!3d-8.4822185!4d-14.095509!16s%2Fg%2F11c1t5yg3t!19sChIJ08zzmzQX-h4RQ3stBOU_YHY
WILCOTE WATERPROOFING ROOFING & PAINTING,Waterproofing service,"69 Dollar Dr, Richards Bay Central, Richards Bay, 3900",,,082 458 0223,no,,1.0,1,open,-28.760578,32.041581,"painters in Richards Bay, KwaZulu-Natal, South Africa",https://www.google.com/maps/place/WILCOTE+WATERPROOFING+ROOFING+%26+PAINTING/data=!4m7!3m6!1s0x1efa231f0c3e5c07:0x575c156696d21677!8m2!3d-28.760578!4d32.041581!16s%2Fg%2F11bzv_2rcl!19sChIJB1w-DB8j-h4RdxbSlmYVXFc
TTECH,Website designer,"AVKN Complex, 41 Dollar Dr, CBD, Richards Bay, 3900",CBD,Richards Bay,087 822 1192,yes,http://www.ttech.co.za/,4.5,10,open,-28.7579507,32.0439246,"IT support services in Richards Bay, KwaZulu-Natal, South Africa",https://www.google.com/maps/place/?q=place_id:ChIJa-H2QtEQ-h4RXUUENFnn3s4&cid=0x1efa10d142f6e16b:0xcedee7593404455d
UMQONDISI Bakery Productions (PTY) ltd,Wedding bakery,"RBM Rd, Mzingazi, Richards Bay, 3900",,,078 650 0788,no,,5.0,1,open,-28.7029711,32.1604678,"bakery in Richards Bay, KwaZulu-Natal, South Africa",https://www.google.com/maps/place/UMQONDISI+Bakery+Productions+%28PTY%29+ltd/data=!4m7!3m6!1s0x1efa3b09417d5637:0x4b31a599d94d5509!8m2!3d-28.7029711!4d32.1604678!16s%2Fg%2F11q3snz_99!19sChIJN1Z9QQk7-h4RCVVN2ZmlMUs
Darkwhite Creative,Wedding photographer,,,,083 992 6487,yes,https://www.darkwhitecreative.com/,5.0,48,open,14.1576412,-104.5392918,"photographers in Richards Bay, KwaZulu-Natal, South Africa",https://www.google.com/maps/place/Darkwhite+Creative/data=!4m7!3m6!1s0x4a3d52c54e16b9a1:0xb3fc7df3410d98a3!8m2!3d14.1576412!4d-104.5392918!16s%2Fg%2F11t88997qq!19sChIJobkWTsVSPUoRo5gNQfN9_LM
ELABASEMBO,Welder,"05 Peseta Parade, Richards Bay Central, Richards Bay, 3900",Richards Bay Central,Richards Bay,035 760 1023,yes,http://www.elabasembo.co.za/,5,1,open,-28.747183099999997,32.0469364,"welding services in Richards Bay, KwaZulu-Natal, South Africa",https://www.google.com/maps/place/?q=place_id:ChIJaZfkRi0j-h4Rwxjd9cpuvD4&cid=0x1efa232d46e49769:0x3ebc6ecaf5dd18c3
Elisha WeldTech,Welder,"68Nkoninga Rd, Richards Bay - New, Richards Bay, 3900",Richards Bay - New,Richards Bay,068 671 5995,no,,5,1,open,-28.7405643,32.0945861,"welding services in Richards Bay, KwaZulu-Natal, South Africa",https://www.google.com/maps/place/?q=place_id:ChIJ_zLTK_El-h4ReYOW7EL-9D4&cid=0x1efa25f12bd332ff:0x3ef4fe42ec968379
NEVILLE'S TRAINING CENTRE,Welder,"27 Ceramic Curve, Alton, Richards Bay, 3900",Alton,Richards Bay,035 751 1069,no,,5,5,open,-28.7488609,32.033190399999995,"welding services in Richards Bay, KwaZulu-Natal, South Africa",https://www.google.com/maps/place/?q=place_id:ChIJvXwMLtci-h4R2Rck0sJdSGU&cid=0x1efa22d72e0c7cbd:0x65485dc2d22417d9
C I Welding Supplies,Welding supply store,"Unit 12, Bermart Park, 27 Ceramic Curve, Alton, Richards Bay, 3900",Alton,Richards Bay,072 584 1901,yes,https://www.ciwsupplies.co.za/,5,6,open,-28.7488609,32.033190399999995,"welding services in Richards Bay, KwaZulu-Natal, South Africa",https://www.google.com/maps/place/?q=place_id:ChIJ6RXm8Qsj-h4Rx2MWEhe7wik&cid=0x1efa230bf1e615e9:0x29c2bb17121663c7
MDC Industrial Trading,Welding supply store,"Unit 29, Alumina Business Park, 113 Alumina Allee St, Alton, Richards Bay, 3900",,,079 861 9287,no,,,,open,-28.74827,32.03111,"welding services in Richards Bay, KwaZulu-Natal, South Africa",https://www.google.com/maps/place/MDC+Industrial+Trading/data=!4m7!3m6!1s0x1efa23ef25419407:0x2c72ba30a8fc1878!8m2!3d-28.74827!4d32.03111!16s%2Fg%2F11m6tx3m0_!19sChIJB5RBJe8j-h4ReBj8qDC6ciw
Monwabisi Holdings (Pty) Ltd,Welding supply store,"ZCBF Community Park, S Central Arterial, Alton, Richards Bay, 3900",,,035 880 0403,yes,http://www.monwabisiholdings.co.za/,5.0,2,open,-28.7562411,32.0347152,"welding services in Richards Bay, KwaZulu-Natal, South Africa",https://www.google.com/maps/place/Monwabisi+Holdings+%28Pty%29+Ltd/data=!4m7!3m6!1s0xac53202fe830c1d1:0x4bd52faa7f4e4aa1!8m2!3d-28.7562411!4d32.0347152!16s%2Fg%2F11xm5tmkbt!19sChIJ0cEw6C8gU6wRoUpOf6ov1Us
Selrod Welding,Welding supply store,"20 Ceramic Curve, Alton, Richards Bay, 3900",,,035 751 2476,no,,,,open,-28.7522094,32.0326167,"welding services in Richards Bay, KwaZulu-Natal, South Africa",https://www.google.com/maps/place/Selrod+Welding/data=!4m7!3m6!1s0x1efa3cd37b226381:0x5c8d665712140fa1!8m2!3d-28.7522094!4d32.0326167!16s%2Fg%2F11b6dfql9n!19sChIJgWMie9M8-h4RoQ8UEldmjVw
SteelCraftSolutions101,Welding supply store,"Nkoninga Rd, Birdswood, Richards Bay, 3900 Birdswood, Richards Bay, 3900 Madlanzini, 3900",,,,no,,,,open,-28.7416817,32.0812284,"welding services in Richards Bay, KwaZulu-Natal, South Africa",https://www.google.com/maps/place/SteelCraftSolutions101/data=!4m7!3m6!1s0x1efa23105614cbd5:0x47ae1c529f6df4ea!8m2!3d-28.7416817!4d32.0812284!16s%2Fg%2F11zjq8b__y!19sChIJ1csUVhAj-h4R6vRtn1Icrkc
Unique Welding - Richard's Bay,Welding supply store,"20 Ceramic Curve, Alton, Richards Bay, 3900",Alton,Richards Bay,035 751 2476,yes,http://www.uniquewelding.co.za/,4.5,6,open,-28.752063699999997,32.0325736,"welding services in Richards Bay, KwaZulu-Natal, South Africa",https://www.google.com/maps/place/?q=place_id:ChIJkdg6HNoi-h4RKfSlr2ET44M&cid=0x1efa22da1c3ad891:0x83e31361afa5f429
Wiac Welding Distributors,Welding supply store,"16 Bauxite Bay, Alton, Richards Bay, 3900",,,035 797 4389,no,,,,open,-28.7523842,32.0215805,"welding services in Richards Bay, KwaZulu-Natal, South Africa",https://www.google.com/maps/place/Wiac+Welding+Distributors/data=!4m7!3m6!1s0x1efa22cf3698801d:0x61d1743259897834!8m2!3d-28.7523842!4d32.0215805!16s%2Fg%2F1pzrb6z26!19sChIJHYCYNs8i-h4RNHiJWTJ00WE
Kinetic Health SA,Wellness center,"3 Lira Link, Arboretum, Richards Bay, 3900",Arboretum,Richards Bay,035 789 6504,yes,https://www.kinetichealth.co.za/,,,open,-28.7494868,32.0537811,"physiotherapists in Richards Bay, KwaZulu-Natal, South Africa",https://www.google.com/maps/place/?q=place_id:ChIJl4lcgiIj-h4RNNcaEH9OPk4&cid=0x1efa2322825c8997:0x4e3e4e7f101ad734
Physical Fixation,Wellness program,"18 Strelitzia, Arboretum, Richards Bay, 3900",,,084 082 5868,yes,https://physicalfixation.co.za/,5.0,1,open,-28.7619888,32.0601518,"gyms and fitness centres in Richards Bay, KwaZulu-Natal, South Africa",https://www.google.com/maps/place/Physical+Fixation/data=!4m7!3m6!1s0x1efa23bd8a5c6a5f:0xf2004e5b1001de9a!8m2!3d-28.7619888!4d32.0601518!16s%2Fg%2F11v4522w2g!19sChIJX2pcir0j-h4Rmt4BEFtOAPI
Metro Chicken Centre Richards Bay,Wholesale food store,"Cnr mark Strasser and, Penny Ln, Richards Bay, 3900",,,031 500 3038,no,,4.3,6,open,-28.753089,32.0483871,"catering services in Richards Bay, KwaZulu-Natal, South Africa",https://www.google.com/maps/place/Metro+Chicken+Centre+Richards+Bay/data=!4m7!3m6!1s0x1efa23dc04aa11fb:0xfcf4a3c5a8663520!8m2!3d-28.753089!4d32.0483871!16s%2Fg%2F11p3bcp7k3!19sChIJ-xGqBNwj-h4RIDVmqMWj9Pw
Nolada 8 PTY LTD,Wholesaler,"112 Alumina Allee St, Alton, Richards Bay, 3900",,,035 751 1306,yes,http://www.nolada8.co.za/,4.5,2,open,-28.7425368,32.035597,"plumbers in Richards Bay, KwaZulu-Natal, South Africa",https://www.google.com/maps/place/Nolada+8+PTY+LTD/data=!4m7!3m6!1s0x1efa22cf0ba56025:0x827c84a762fd6940!8m2!3d-28.7425368!4d32.035597!16s%2Fg%2F11cnwfk79y!19sChIJJWClC88i-h4RQGn9YqeEfII
Marlin's Aluminium,Window supplier,"22 Peseta Parade, Richards Bay Central, Richards Bay, 3900",Richards Bay Central,Richards Bay,083 797 1404,no,,5,1,open,-28.7450896,32.0489314,"aluminium and glass in Richards Bay, KwaZulu-Natal, South Africa",https://www.google.com/maps/place/?q=place_id:ChIJGwhowy8j-h4RzBIhwMYxlUw&cid=0x1efa232fc368081b:0x4c9531c6c02112cc
V & J Glass & Aluminium C C,Window supplier,"123 Dollar Dr, Richards Bay Central, Richards Bay, 3900",Richards Bay Central,Richards Bay,035 789 8069,no,,,,open,-28.752888499999997,32.0445055,"aluminium and glass in Richards Bay, KwaZulu-Natal, South Africa",https://www.google.com/maps/place/?q=place_id:ChIJpzwrASQj-h4RtE86oI9y4dk&cid=0x1efa2324012b3ca7:0xd9e1728fa03a4fb4
Woodies Woodworks,Woodworker,"115 Dollar Dr, Richards Bay Central, Richards Bay, 3900",,,035 789 8419,no,,4.0,1,open,-28.7537557,32.0441629,"carpenters in Richards Bay, KwaZulu-Natal, South Africa",https://www.google.com/maps/place/Woodies+Woodworks/data=!4m7!3m6!1s0x1efa232158504aa3:0x8a5f36a9eb559bb5!8m2!3d-28.7537557!4d32.0441629!16s%2Fg%2F1pzr_k4_c!19sChIJo0pQWCEj-h4RtZtV66k2X4o
Jonsson Workwear Richards Bay,Work clothes store,"17 Cent Cir, Richards Bay Central, Richards Bay, 3900",,,035 789 4000,yes,https://www.jonssonworkwear.com/,4.7,274,open,-28.756219,32.046961,"hardware stores in Richards Bay, KwaZulu-Natal, South Africa",https://www.google.com/maps/place/Jonsson+Workwear+Richards+Bay/data=!4m7!3m6!1s0x1efa233aa36242f1:0xff0c2aaadaecd0eb!8m2!3d-28.756219!4d32.046961!16s%2Fg%2F11dfh3ncs_!19sChIJ8UJiozoj-h4R69Ds2qoqDP8
